paper_id,mix_id,replacement_pct,age_days,strength_mpa,wb_block,graph_derived,age_known,mix_activation,source,sio2,cao,al2o3,fe2o3,mgo,so3,na2o,k2o,loi,amorphous_pct,d10,d50,d90,mean_particle_um,specific_surface,bet_surface,blaine,water_absorption,specific_gravity,bulk_density,wb_ratio,thermal_temp_c,thermal_duration,grind_duration,grind_speed,pozzolanic_reactivity,activation_method,processing_method,mineralogy,material_family,reported_optimum_pct,empirical_optimum_pct,ctrl_strength_mpa,rel_strength,aggregate_replacement_suspect
0,RC,0.0,7.0,47.0,,True,True,,matrix,,,,,,,,,,,,,,,,,,13.1,,1234.0,,,,,,,,crushing,other,fines,,10.0,47.0,1.0,True
0,RC,0.0,28.0,59.3,,True,True,,matrix,,,,,,,,,,,,,,,,,,13.1,,1234.0,,,,,,,,crushing,other,fines,,10.0,59.349999999999994,0.9991575400168492,True
0,RC,0.0,28.0,59.4,,True,True,,matrix,,,,,,,,,,,,,,,,,,13.1,,1234.0,,,,,,,,crushing,other,fines,,10.0,59.349999999999994,1.000842459983151,True
0,RC,0.0,56.0,60.0,,True,True,,matrix,,,,,,,,,,,,,,,,,,13.1,,1234.0,,,,,,,,crushing,other,fines,,10.0,60.0,1.0,True
0,RC,0.0,,59.3,,True,False,,matrix,,,,,,,,,,,,,,,,,,13.1,,1234.0,,,,,,,,crushing,other,fines,,10.0,,,True
0,C10R,10.0,28.0,62.2,,False,True,,matrix,,,,,,,,,,,,,,,,,,13.1,,1234.0,,,,,,,,crushing,other,fines,,10.0,59.349999999999994,1.0480202190395957,True
0,C10R,10.0,,59.0,,False,False,,matrix,,,,,,,,,,,,,,,,,,13.1,,1234.0,,,,,,,,crushing,other,fines,,10.0,,,True
0,C20R,20.0,28.0,58.4,,False,True,,matrix,,,,,,,,,,,,,,,,,,13.1,,1234.0,,,,,,,,crushing,other,fines,,10.0,59.349999999999994,0.9839932603201349,True
0,C20R,20.0,,57.3,,False,False,,matrix,,,,,,,,,,,,,,,,,,13.1,,1234.0,,,,,,,,crushing,other,fines,,10.0,,,True
0,C30R,30.0,7.0,46.0,,True,True,,matrix,,,,,,,,,,,,,,,,,,13.1,,1234.0,,,,,,,,crushing,other,fines,,10.0,47.0,0.9787234042553191,True
0,C30R,30.0,28.0,57.1,,True,True,,matrix,,,,,,,,,,,,,,,,,,13.1,,1234.0,,,,,,,,crushing,other,fines,,10.0,59.349999999999994,0.9620893007582141,True
0,C30R,30.0,28.0,61.3,,True,True,,matrix,,,,,,,,,,,,,,,,,,13.1,,1234.0,,,,,,,,crushing,other,fines,,10.0,59.349999999999994,1.0328559393428813,True
0,C30R,30.0,56.0,61.5,,True,True,,matrix,,,,,,,,,,,,,,,,,,13.1,,1234.0,,,,,,,,crushing,other,fines,,10.0,60.0,1.025,True
0,C30R,30.0,,57.1,,True,False,,matrix,,,,,,,,,,,,,,,,,,13.1,,1234.0,,,,,,,,crushing,other,fines,,10.0,,,True
0,C50R,50.0,28.0,60.8,,False,True,,matrix,,,,,,,,,,,,,,,,,,13.1,,1234.0,,,,,,,,crushing,other,fines,,10.0,59.349999999999994,1.0244313395113733,True
0,C50R,50.0,,58.8,,False,False,,matrix,,,,,,,,,,,,,,,,,,13.1,,1234.0,,,,,,,,crushing,other,fines,,10.0,,,True
0,C100R,100.0,7.0,42.0,,True,True,,matrix,,,,,,,,,,,,,,,,,,13.1,,1234.0,,,,,,,,crushing,other,fines,,10.0,47.0,0.8936170212765957,True
0,C100R,100.0,28.0,54.8,,True,True,,matrix,,,,,,,,,,,,,,,,,,13.1,,1234.0,,,,,,,,crushing,other,fines,,10.0,59.349999999999994,0.9233361415332773,True
0,C100R,100.0,28.0,61.0,,True,True,,matrix,,,,,,,,,,,,,,,,,,13.1,,1234.0,,,,,,,,crushing,other,fines,,10.0,59.349999999999994,1.0278011794439765,True
0,C100R,100.0,56.0,62.0,,True,True,,matrix,,,,,,,,,,,,,,,,,,13.1,,1234.0,,,,,,,,crushing,other,fines,,10.0,60.0,1.0333333333333334,True
0,C100R,100.0,,54.8,,True,False,,matrix,,,,,,,,,,,,,,,,,,13.1,,1234.0,,,,,,,,crushing,other,fines,,10.0,,,True
2,,0.0,3.0,28.82,,True,True,,sheet1,,,,,,,,,,,,,,,,,,,,,0.42,,,,,,,thermal,,fines,5.0,,28.82,1.0,False
2,,37.5,3.0,29.372,,True,True,,sheet1,,,,,,,,,,,,,,,,,,,,,0.42,,,,,,,thermal,,fines,5.0,,28.82,1.0191533657182512,False
2,,37.5,3.0,29.992,,True,True,,sheet1,,,,,,,,,,,,,,,,,,,,,0.42,,,,,,,thermal,,fines,5.0,,28.82,1.0406662040249828,False
2,,37.5,3.0,30.337,,True,True,,sheet1,,,,,,,,,,,,,,,,,,,,,0.42,,,,,,,thermal,,fines,5.0,,28.82,1.0526370575988897,False
2,,37.5,3.0,32.267,,True,True,,sheet1,,,,,,,,,,,,,,,,,,,,,0.42,,,,,,,thermal,,fines,5.0,,28.82,1.1196044413601667,False
2,,37.5,3.0,32.819,,True,True,,sheet1,,,,,,,,,,,,,,,,,,,,,0.42,,,,,,,thermal,,fines,5.0,,28.82,1.138757807078418,False
2,,37.5,3.0,34.336,,True,True,,sheet1,,,,,,,,,,,,,,,,,,,,,0.42,,,,,,,thermal,,fines,5.0,,28.82,1.1913948646773074,False
2,,37.5,3.0,35.715,,True,True,,sheet1,,,,,,,,,,,,,,,,,,,,,0.42,,,,,,,thermal,,fines,5.0,,28.82,1.2392435808466344,False
4,S0,0.0,90.0,32.87,,False,True,Sintering / Calcination,matrix,33.43,32.17,18.7,16.72,,,,,,,,,,52.5,,,,,,,0.5,1337.5,1.0,,,,thermal,,,powder,,,32.87,1.0,False
4,,0.0,,32.87,,False,False,,sheet1,33.43,32.17,18.7,16.72,,,,,,,,,,52.5,,,,,,,0.5,1337.5,1.0,,,,thermal,,,powder,,,,,False
4,S10,10.0,90.0,26.79,,False,True,Sintering / Calcination,matrix,33.43,32.17,18.7,16.72,,,,,,,,,,52.5,,,,,,,0.5,1337.5,1.0,,,,thermal,,,powder,,,32.87,0.8150289017341041,False
4,S30,30.0,90.0,24.75,,False,True,Sintering / Calcination,matrix,33.43,32.17,18.7,16.72,,,,,,,,,,52.5,,,,,,,0.5,1337.5,1.0,,,,thermal,,,powder,,,32.87,0.7529662306054153,False
5,,0.0,2.0,26.6,,False,True,,sheet1,,,,,,,,,,,,8.8,,,,,,,,,0.6699999999999999,,,,,0.0,,crushing,mixed,fines,25.0,0.0,26.6,1.0,False
5,,0.0,7.0,36.8,,False,True,,sheet1,,,,,,,,,,,,8.8,,,,,,,,,0.6699999999999999,,,,,0.0,,crushing,mixed,fines,25.0,0.0,36.8,1.0,False
5,,0.0,28.0,45.8,,False,True,,sheet1,,,,,,,,,,,,8.8,,,,,,,,,0.6699999999999999,,,,,0.0,,crushing,mixed,fines,25.0,0.0,45.8,1.0,False
5,,0.0,90.0,52.0,,False,True,,sheet1,,,,,,,,,,,,8.8,,,,,,,,,0.6699999999999999,,,,,0.0,,crushing,mixed,fines,25.0,0.0,52.0,1.0,False
5,,25.0,2.0,24.8,,False,True,,sheet1,,,,,,,,,,,,8.8,,,,,,,,,0.6699999999999999,,,,,0.0,,crushing,mixed,fines,25.0,0.0,26.6,0.9323308270676691,False
5,,25.0,7.0,32.7,,False,True,,sheet1,,,,,,,,,,,,8.8,,,,,,,,,0.6699999999999999,,,,,0.0,,crushing,mixed,fines,25.0,0.0,36.8,0.8885869565217392,False
5,,25.0,28.0,38.4,,False,True,,sheet1,,,,,,,,,,,,8.8,,,,,,,,,0.6699999999999999,,,,,0.0,,crushing,mixed,fines,25.0,0.0,45.8,0.8384279475982533,False
5,,25.0,90.0,38.7,,False,True,,sheet1,,,,,,,,,,,,8.8,,,,,,,,,0.6699999999999999,,,,,0.0,,crushing,mixed,fines,25.0,0.0,52.0,0.7442307692307693,False
5,,50.0,2.0,10.7,,False,True,,sheet1,,,,,,,,,,,,8.8,,,,,,,,,0.6699999999999999,,,,,0.0,,crushing,mixed,fines,25.0,0.0,26.6,0.4022556390977443,False
5,,50.0,7.0,14.0,,False,True,,sheet1,,,,,,,,,,,,8.8,,,,,,,,,0.6699999999999999,,,,,0.0,,crushing,mixed,fines,25.0,0.0,36.8,0.3804347826086957,False
5,,50.0,28.0,16.4,,False,True,,sheet1,,,,,,,,,,,,8.8,,,,,,,,,0.6699999999999999,,,,,0.0,,crushing,mixed,fines,25.0,0.0,45.8,0.35807860262008734,False
5,,50.0,90.0,17.3,,False,True,,sheet1,,,,,,,,,,,,8.8,,,,,,,,,0.6699999999999999,,,,,0.0,,crushing,mixed,fines,25.0,0.0,52.0,0.33269230769230773,False
5,,75.0,2.0,2.5,,False,True,,sheet1,,,,,,,,,,,,8.8,,,,,,,,,0.6699999999999999,,,,,0.0,,crushing,mixed,fines,25.0,0.0,26.6,0.09398496240601503,False
5,,75.0,7.0,5.7,,False,True,,sheet1,,,,,,,,,,,,8.8,,,,,,,,,0.6699999999999999,,,,,0.0,,crushing,mixed,fines,25.0,0.0,36.8,0.1548913043478261,False
5,,75.0,28.0,4.2,,False,True,,sheet1,,,,,,,,,,,,8.8,,,,,,,,,0.6699999999999999,,,,,0.0,,crushing,mixed,fines,25.0,0.0,45.8,0.09170305676855896,False
5,,75.0,90.0,4.6,,False,True,,sheet1,,,,,,,,,,,,8.8,,,,,,,,,0.6699999999999999,,,,,0.0,,crushing,mixed,fines,25.0,0.0,52.0,0.08846153846153845,False
6,RM-0.6-10,10.0,,51.17,,False,False,,matrix,,,,,,,,,,,,,,,,,,7.54,,2540.0,,,,,,,,crushing,,fines,,,,,True
6,RM-0.5-10,10.0,,66.63,,False,False,,matrix,,,,,,,,,,,,,,,,,,7.54,,2540.0,,,,,,,,crushing,,fines,,,,,True
6,RM-0.6-2.5/5,17.79,,52.08,,False,False,,matrix,,,,,,,,,,,,,,,,,,7.54,,2540.0,,,,,,,,crushing,,fines,,,,,True
6,RM-0.5-2.5/5,17.79,,58.32,,False,False,,matrix,,,,,,,,,,,,,,,,,,7.54,,2540.0,,,,,,,,crushing,,fines,,,,,True
6,RM-0.6-20,20.0,,49.32,,False,False,,matrix,,,,,,,,,,,,,,,,,,7.54,,2540.0,,,,,,,,crushing,,fines,,,,,True
6,RM-0.5-20,20.0,,64.58,,False,False,,matrix,,,,,,,,,,,,,,,,,,7.54,,2540.0,,,,,,,,crushing,,fines,,,,,True
6,RM-0.6-0.63/1.25,20.5,,50.06,,False,False,,matrix,,,,,,,,,,,,,,,,,,7.54,,2540.0,,,,,,,,crushing,,fines,,,,,True
6,RM-0.5-0.63/1.25,20.5,,52.54,,False,False,,matrix,,,,,,,,,,,,,,,,,,7.54,,2540.0,,,,,,,,crushing,,fines,,,,,True
6,RM-0.6-0/0.63,29.31,,44.29,,False,False,,matrix,,,,,,,,,,,,,,,,,,7.54,,2540.0,,,,,,,,crushing,,fines,,,,,True
6,RM-0.5-0/0.63,29.31,,45.55,,False,False,,matrix,,,,,,,,,,,,,,,,,,7.54,,2540.0,,,,,,,,crushing,,fines,,,,,True
6,RM-0.6-30,30.0,,47.37,,False,False,,matrix,,,,,,,,,,,,,,,,,,7.54,,2540.0,,,,,,,,crushing,,fines,,,,,True
6,RM-0.5-30,30.0,,57.23,,False,False,,matrix,,,,,,,,,,,,,,,,,,7.54,,2540.0,,,,,,,,crushing,,fines,,,,,True
6,RM-0.6-1.25/2.5,32.08,,50.85,,False,False,,matrix,,,,,,,,,,,,,,,,,,7.54,,2540.0,,,,,,,,crushing,,fines,,,,,True
6,RM-0.5-1.25/2.5,32.08,,52.22,,False,False,,matrix,,,,,,,,,,,,,,,,,,7.54,,2540.0,,,,,,,,crushing,,fines,,,,,True
6,RM-0.6-50,50.0,,46.92,,False,False,,matrix,,,,,,,,,,,,,,,,,,7.54,,2540.0,,,,,,,,crushing,,fines,,,,,True
6,RM-0.5-50,50.0,,53.84,,False,False,,matrix,,,,,,,,,,,,,,,,,,7.54,,2540.0,,,,,,,,crushing,,fines,,,,,True
6,RM-0.6-100,100.0,,39.14,,False,False,,matrix,,,,,,,,,,,,,,,,,,7.54,,2540.0,,,,,,,,crushing,,fines,,,,,True
6,RM-0.6-S,100.0,,41.96,,False,False,,matrix,,,,,,,,,,,,,,,,,,7.54,,2540.0,,,,,,,,crushing,,fines,,,,,True
6,RM-0.5-100,100.0,,42.09,,False,False,,matrix,,,,,,,,,,,,,,,,,,7.54,,2540.0,,,,,,,,crushing,,fines,,,,,True
6,RM-0.55-S,100.0,,43.01,,False,False,,matrix,,,,,,,,,,,,,,,,,,7.54,,2540.0,,,,,,,,crushing,,fines,,,,,True
6,RM-0.6-D,100.0,,43.76,,False,False,,matrix,,,,,,,,,,,,,,,,,,7.54,,2540.0,,,,,,,,crushing,,fines,,,,,True
6,RM-0.5-S,100.0,,45.22,,False,False,,matrix,,,,,,,,,,,,,,,,,,7.54,,2540.0,,,,,,,,crushing,,fines,,,,,True
6,RM-0.55-D,100.0,,45.34,,False,False,,matrix,,,,,,,,,,,,,,,,,,7.54,,2540.0,,,,,,,,crushing,,fines,,,,,True
6,RM-0.5-D,100.0,,49.84,,False,False,,matrix,,,,,,,,,,,,,,,,,,7.54,,2540.0,,,,,,,,crushing,,fines,,,,,True
7,CEM (ref),0.0,,52.1,,False,False,,matrix,,,,,,,,,,,,12.0,,12.0,412.0,,412.0,,,,0.3576,,,,,,mechanical,milling,,powder,10.0,,,,False
7,at 5% RCP,5.0,,57.3,,False,False,,sheet1,,,,,,,,,,,,12.0,,12.0,412.0,,412.0,,,,0.3576,,,,,,mechanical,milling,,powder,10.0,,,,False
7,at 10% RCP,10.0,,50.2,,False,False,,sheet1,,,,,,,,,,,,12.0,,12.0,412.0,,412.0,,,,0.3576,,,,,,mechanical,milling,,powder,10.0,,,,False
7,at 15% RCP,15.0,,51.8,,False,False,,sheet1,,,,,,,,,,,,12.0,,12.0,412.0,,412.0,,,,0.3576,,,,,,mechanical,milling,,powder,10.0,,,,False
7,at 20% RCP,20.0,,56.9,,False,False,,sheet1,,,,,,,,,,,,12.0,,12.0,412.0,,412.0,,,,0.3576,,,,,,mechanical,milling,,powder,10.0,,,,False
7,at 25% RCP,25.0,,50.1,,False,False,,sheet1,,,,,,,,,,,,12.0,,12.0,412.0,,412.0,,,,0.3576,,,,,,mechanical,milling,,powder,10.0,,,,False
8,at 0%,0.0,,76.6,,False,False,,sheet1,,,,,,,,,,,,,,,,,,,,,0.375,,,,,,mechanical,milling,,powder,25.0,,,,False
8,at 10%,10.0,,50.2,,False,False,,sheet1,,,,,,,,,,,,,,,,,,,,,0.375,,,,,,mechanical,milling,,powder,25.0,,,,False
8,at 20%,20.0,,56.9,,False,False,,sheet1,,,,,,,,,,,,,,,,,,,,,0.375,,,,,,mechanical,milling,,powder,25.0,,,,False
8,at 30%,30.0,,45.7,,False,False,,sheet1,,,,,,,,,,,,,,,,,,,,,0.375,,,,,,mechanical,milling,,powder,25.0,,,,False
8,at 40%,40.0,,38.8,,False,False,,sheet1,,,,,,,,,,,,,,,,,,,,,0.375,,,,,,mechanical,milling,,powder,25.0,,,,False
8,at 50%,50.0,,25.4,,False,False,,sheet1,,,,,,,,,,,,,,,,,,,,,0.375,,,,,,mechanical,milling,,powder,25.0,,,,False
9,,0.0,1.0,8.0,,True,True,,sheet1,,3.5,,,,,,,9.666666666666666,,,,,,,,,,,,0.55,617.5,8.0,,,,thermal,combined,calcite,other,,6.0,23.833333333333332,0.3356643356643357,False
9,OPC,0.0,1.0,28.0,,True,True,,matrix,,3.5,,,,,,,9.666666666666666,,,,,,,,,,,,0.55,617.5,8.0,,,,thermal,combined,calcite,other,,6.0,23.833333333333332,1.1748251748251748,False
9,OPC,0.0,1.0,35.5,,True,True,,matrix,,3.5,,,,,,,9.666666666666666,,,,,,,,,,,,0.55,617.5,8.0,,,,thermal,combined,calcite,other,,6.0,23.833333333333332,1.4895104895104896,False
9,,0.0,7.0,28.0,,True,True,,sheet1,,3.5,,,,,,,9.666666666666666,,,,,,,,,,,,0.55,617.5,8.0,,,,thermal,combined,calcite,other,,6.0,28.0,1.0,False
9,,0.0,28.0,35.5,,True,True,,sheet1,,3.5,,,,,,,9.666666666666666,,,,,,,,,,,,0.55,617.5,8.0,,,,thermal,combined,calcite,other,,6.0,35.5,1.0,False
9,,1.0,1.0,1.0,,True,True,,sheet1,,3.5,,,,,,,9.666666666666666,,,,,,,,,,,,0.55,617.5,8.0,,,,thermal,combined,calcite,other,,6.0,23.833333333333332,0.04195804195804196,False
9,,1.0,1.0,4.0,,True,True,,sheet1,,3.5,,,,,,,9.666666666666666,,,,,,,,,,,,0.55,617.5,8.0,,,,thermal,combined,calcite,other,,6.0,23.833333333333332,0.16783216783216784,False
9,,1.0,7.0,1.5,,True,True,,sheet1,,3.5,,,,,,,9.666666666666666,,,,,,,,,,,,0.55,617.5,8.0,,,,thermal,combined,calcite,other,,6.0,28.0,0.05357142857142857,False
9,,1.0,7.0,4.0,,True,True,,sheet1,,3.5,,,,,,,9.666666666666666,,,,,,,,,,,,0.55,617.5,8.0,,,,thermal,combined,calcite,other,,6.0,28.0,0.14285714285714285,False
9,,1.0,7.0,14.0,,True,True,,sheet1,,3.5,,,,,,,9.666666666666666,,,,,,,,,,,,0.55,617.5,8.0,,,,thermal,combined,calcite,other,,6.0,28.0,0.5,False
9,,1.0,7.0,27.0,,True,True,,sheet1,,3.5,,,,,,,9.666666666666666,,,,,,,,,,,,0.55,617.5,8.0,,,,thermal,combined,calcite,other,,6.0,28.0,0.9642857142857143,False
9,,1.0,28.0,4.5,,True,True,,sheet1,,3.5,,,,,,,9.666666666666666,,,,,,,,,,,,0.55,617.5,8.0,,,,thermal,combined,calcite,other,,6.0,35.5,0.1267605633802817,False
9,,1.0,28.0,21.5,,True,True,,sheet1,,3.5,,,,,,,9.666666666666666,,,,,,,,,,,,0.55,617.5,8.0,,,,thermal,combined,calcite,other,,6.0,35.5,0.6056338028169014,False
9,,1.0,28.0,35.0,,True,True,,sheet1,,3.5,,,,,,,9.666666666666666,,,,,,,,,,,,0.55,617.5,8.0,,,,thermal,combined,calcite,other,,6.0,35.5,0.9859154929577465,False
9,,5.0,1.0,10.0,,True,True,,sheet1,,3.5,,,,,,,9.666666666666666,,,,,,,,,,,,0.55,617.5,8.0,,,,thermal,combined,calcite,other,,6.0,23.833333333333332,0.4195804195804196,False
9,,5.0,7.0,23.0,,True,True,,sheet1,,3.5,,,,,,,9.666666666666666,,,,,,,,,,,,0.55,617.5,8.0,,,,thermal,combined,calcite,other,,6.0,28.0,0.8214285714285714,False
9,,5.0,28.0,5.0,,True,True,,sheet1,,3.5,,,,,,,9.666666666666666,,,,,,,,,,,,0.55,617.5,8.0,,,,thermal,combined,calcite,other,,6.0,35.5,0.14084507042253522,False
9,,5.0,28.0,32.5,,True,True,,sheet1,,3.5,,,,,,,9.666666666666666,,,,,,,,,,,,0.55,617.5,8.0,,,,thermal,combined,calcite,other,,6.0,35.5,0.9154929577464789,False
9,,6.0,1.0,7.0,,True,True,,sheet1,,3.5,,,,,,,9.666666666666666,,,,,,,,,,,,0.55,617.5,8.0,,,,thermal,combined,calcite,other,,6.0,23.833333333333332,0.2937062937062937,False
9,,6.0,7.0,28.0,,True,True,,sheet1,,3.5,,,,,,,9.666666666666666,,,,,,,,,,,,0.55,617.5,8.0,,,,thermal,combined,calcite,other,,6.0,28.0,1.0,False
9,,6.0,28.0,38.0,,True,True,,sheet1,,3.5,,,,,,,9.666666666666666,,,,,,,,,,,,0.55,617.5,8.0,,,,thermal,combined,calcite,other,,6.0,35.5,1.0704225352112675,False
9,#6,70.0,1.0,7.0,,True,True,Thermal,matrix,,3.5,,,,,,,9.666666666666666,,,,,,,,,,,,0.55,617.5,8.0,,,,thermal,combined,calcite,other,,6.0,23.833333333333332,0.2937062937062937,False
9,#6,70.0,1.0,28.0,,True,True,Thermal,matrix,,3.5,,,,,,,9.666666666666666,,,,,,,,,,,,0.55,617.5,8.0,,,,thermal,combined,calcite,other,,6.0,23.833333333333332,1.1748251748251748,False
9,#6,70.0,1.0,38.0,,True,True,Thermal,matrix,,3.5,,,,,,,9.666666666666666,,,,,,,,,,,,0.55,617.5,8.0,,,,thermal,combined,calcite,other,,6.0,23.833333333333332,1.5944055944055946,False
9,#1,100.0,1.0,1.0,,True,True,Thermal,matrix,,3.5,,,,,,,9.666666666666666,,,,,,,,,,,,0.55,617.5,8.0,,,,thermal,combined,calcite,other,,6.0,23.833333333333332,0.04195804195804196,False
9,#4,100.0,1.0,1.5,,True,True,Thermal,matrix,,3.5,,,,,,,9.666666666666666,,,,,,,,,,,,0.55,617.5,8.0,,,,thermal,combined,calcite,other,,6.0,23.833333333333332,0.06293706293706294,False
9,#1,100.0,1.0,4.0,,True,True,Thermal,matrix,,3.5,,,,,,,9.666666666666666,,,,,,,,,,,,0.55,617.5,8.0,,,,thermal,combined,calcite,other,,6.0,23.833333333333332,0.16783216783216784,False
9,#4,100.0,1.0,4.5,,True,True,Thermal,matrix,,3.5,,,,,,,9.666666666666666,,,,,,,,,,,,0.55,617.5,8.0,,,,thermal,combined,calcite,other,,6.0,23.833333333333332,0.18881118881118883,False
9,#1,100.0,1.0,5.0,,True,True,Thermal,matrix,,3.5,,,,,,,9.666666666666666,,,,,,,,,,,,0.55,617.5,8.0,,,,thermal,combined,calcite,other,,6.0,23.833333333333332,0.2097902097902098,False
9,#5,100.0,1.0,10.0,,True,True,Thermal,matrix,,3.5,,,,,,,9.666666666666666,,,,,,,,,,,,0.55,617.5,8.0,,,,thermal,combined,calcite,other,,6.0,23.833333333333332,0.4195804195804196,False
9,#3,100.0,1.0,14.0,,True,True,Thermal,matrix,,3.5,,,,,,,9.666666666666666,,,,,,,,,,,,0.55,617.5,8.0,,,,thermal,combined,calcite,other,,6.0,23.833333333333332,0.5874125874125874,False
9,#3,100.0,1.0,21.5,,True,True,Thermal,matrix,,3.5,,,,,,,9.666666666666666,,,,,,,,,,,,0.55,617.5,8.0,,,,thermal,combined,calcite,other,,6.0,23.833333333333332,0.9020979020979022,False
9,#5,100.0,1.0,23.0,,True,True,Thermal,matrix,,3.5,,,,,,,9.666666666666666,,,,,,,,,,,,0.55,617.5,8.0,,,,thermal,combined,calcite,other,,6.0,23.833333333333332,0.9650349650349651,False
9,#2,100.0,1.0,27.0,,True,True,Thermal,matrix,,3.5,,,,,,,9.666666666666666,,,,,,,,,,,,0.55,617.5,8.0,,,,thermal,combined,calcite,other,,6.0,23.833333333333332,1.132867132867133,False
9,#5,100.0,1.0,32.5,,True,True,Thermal,matrix,,3.5,,,,,,,9.666666666666666,,,,,,,,,,,,0.55,617.5,8.0,,,,thermal,combined,calcite,other,,6.0,23.833333333333332,1.3636363636363638,False
9,#2,100.0,1.0,35.0,,True,True,Thermal,matrix,,3.5,,,,,,,9.666666666666666,,,,,,,,,,,,0.55,617.5,8.0,,,,thermal,combined,calcite,other,,6.0,23.833333333333332,1.4685314685314685,False
10,,0.0,,34.0,0.5,True,False,,sheet1,43.0,15.5,11.5,5.0,2.0,,,,,,,9.06,,6.536666666666666,639.6,,,,,,0.45,,,,,2.0,,combined,,powder,22.5,,,,False
10,,0.0,,48.5,0.4,True,False,,sheet1,43.0,15.5,11.5,5.0,2.0,,,,,,,9.06,,6.536666666666666,639.6,,,,,,0.45,,,,,2.0,,combined,,powder,22.5,,,,False
10,RPC-15%RP+15%FA (w/b 0.5),15.0,,35.5,,True,False,,matrix,43.0,15.5,11.5,5.0,2.0,,,,,,,9.06,,6.536666666666666,639.6,,,,,,0.45,,,,,2.0,,combined,,powder,22.5,,,,False
10,,15.0,,36.0,0.5,True,False,,sheet1,43.0,15.5,11.5,5.0,2.0,,,,,,,9.06,,6.536666666666666,639.6,,,,,,0.45,,,,,2.0,,combined,,powder,22.5,,,,False
10,RPC-15%RP+15%FA (w/b 0.4),15.0,,45.0,,True,False,,matrix,43.0,15.5,11.5,5.0,2.0,,,,,,,9.06,,6.536666666666666,639.6,,,,,,0.45,,,,,2.0,,combined,,powder,22.5,,,,False
10,,15.0,,47.3,0.4,True,False,,sheet1,43.0,15.5,11.5,5.0,2.0,,,,,,,9.06,,6.536666666666666,639.6,,,,,,0.45,,,,,2.0,,combined,,powder,22.5,,,,False
10,,30.0,,33.0,0.5,True,False,,sheet1,43.0,15.5,11.5,5.0,2.0,,,,,,,9.06,,6.536666666666666,639.6,,,,,,0.45,,,,,2.0,,combined,,powder,22.5,,,,False
10,,30.0,,44.8,0.4,True,False,,sheet1,43.0,15.5,11.5,5.0,2.0,,,,,,,9.06,,6.536666666666666,639.6,,,,,,0.45,,,,,2.0,,combined,,powder,22.5,,,,False
10,,45.0,,25.4,0.5,True,False,,sheet1,43.0,15.5,11.5,5.0,2.0,,,,,,,9.06,,6.536666666666666,639.6,,,,,,0.45,,,,,2.0,,combined,,powder,22.5,,,,False
10,,45.0,,38.3,0.4,True,False,,sheet1,43.0,15.5,11.5,5.0,2.0,,,,,,,9.06,,6.536666666666666,639.6,,,,,,0.45,,,,,2.0,,combined,,powder,22.5,,,,False
11,Graph-derived,0.0,28.0,24.0,,True,True,,sheet1,,,,,,,,,31.25,,,250.0,2000.0,,,,,,2.66,,0.5,500.0,43.333333333333336,15.0,,2.0,multiple,combined,mixed,other,25.0,0.0,32.5,0.7384615384615385,False
11,Graph-derived,0.0,28.0,41.0,,True,True,,sheet1,,,,,,,,,31.25,,,250.0,2000.0,,,,,,2.66,,0.5,500.0,43.333333333333336,15.0,,2.0,multiple,combined,mixed,other,25.0,0.0,32.5,1.2615384615384615,False
11,Series 11 (Control),0.0,,41.0,,True,False,,matrix,,,,,,,,,31.25,,,250.0,2000.0,,,,,,2.66,,0.5,500.0,43.333333333333336,15.0,,2.0,multiple,combined,mixed,other,25.0,0.0,,,False
11,Series 12 (Control),25.0,,24.0,,True,False,Mechanical only (No Thermal),matrix,,,,,,,,,31.25,,,250.0,2000.0,,,,,,2.66,,0.5,500.0,43.333333333333336,15.0,,2.0,multiple,combined,mixed,other,25.0,0.0,,,False
11,Series 5,25.0,,29.5,,True,False,Thermal & Mechanical,matrix,,,,,,,,,31.25,,,250.0,2000.0,,,,,,2.66,,0.5,500.0,43.333333333333336,15.0,,2.0,multiple,combined,mixed,other,25.0,0.0,,,False
11,Series 1,25.0,,30.0,,True,False,Thermal & Mechanical,matrix,,,,,,,,,31.25,,,250.0,2000.0,,,,,,2.66,,0.5,500.0,43.333333333333336,15.0,,2.0,multiple,combined,mixed,other,25.0,0.0,,,False
11,Series 2,25.0,,32.0,,True,False,Thermal & Mechanical,matrix,,,,,,,,,31.25,,,250.0,2000.0,,,,,,2.66,,0.5,500.0,43.333333333333336,15.0,,2.0,multiple,combined,mixed,other,25.0,0.0,,,False
11,Series 7,25.0,,34.0,,True,False,Thermal & Mechanical,matrix,,,,,,,,,31.25,,,250.0,2000.0,,,,,,2.66,,0.5,500.0,43.333333333333336,15.0,,2.0,multiple,combined,mixed,other,25.0,0.0,,,False
11,Series 9,25.0,,36.2,,True,False,Thermal & Mechanical,matrix,,,,,,,,,31.25,,,250.0,2000.0,,,,,,2.66,,0.5,500.0,43.333333333333336,15.0,,2.0,multiple,combined,mixed,other,25.0,0.0,,,False
11,Series 8,25.0,,38.0,,True,False,Thermal & Mechanical,matrix,,,,,,,,,31.25,,,250.0,2000.0,,,,,,2.66,,0.5,500.0,43.333333333333336,15.0,,2.0,multiple,combined,mixed,other,25.0,0.0,,,False
11,Series 6,25.0,,41.5,,True,False,Thermal & Mechanical,matrix,,,,,,,,,31.25,,,250.0,2000.0,,,,,,2.66,,0.5,500.0,43.333333333333336,15.0,,2.0,multiple,combined,mixed,other,25.0,0.0,,,False
11,Series 3,25.0,,43.0,,True,False,Thermal & Mechanical,matrix,,,,,,,,,31.25,,,250.0,2000.0,,,,,,2.66,,0.5,500.0,43.333333333333336,15.0,,2.0,multiple,combined,mixed,other,25.0,0.0,,,False
11,Series 4,25.0,,44.0,,True,False,Thermal & Mechanical,matrix,,,,,,,,,31.25,,,250.0,2000.0,,,,,,2.66,,0.5,500.0,43.333333333333336,15.0,,2.0,multiple,combined,mixed,other,25.0,0.0,,,False
12,CTL,0.0,,1.2,,False,False,,matrix,69.75,9.62,6.92,2.6,0.51,0.53,0.67,2.42,6.94,,1.06,5.94,29.39,10.77,,,,,2.62,,0.5,,,,,2.0,,crushing,,cdw,5.0,5.0,,,False
12,CTL,0.0,,1.3,,False,False,,matrix,69.75,9.62,6.92,2.6,0.51,0.53,0.67,2.42,6.94,,1.06,5.94,29.39,10.77,,,,,2.62,,0.5,,,,,2.0,,crushing,,cdw,5.0,5.0,,,False
12,CTL,0.0,,2.9,,False,False,,matrix,69.75,9.62,6.92,2.6,0.51,0.53,0.67,2.42,6.94,,1.06,5.94,29.39,10.77,,,,,2.62,,0.5,,,,,2.0,,crushing,,cdw,5.0,5.0,,,False
12,,5.0,7.0,42.1,,False,True,,sheet1,69.75,9.62,6.92,2.6,0.51,0.53,0.67,2.42,6.94,,1.06,5.94,29.39,10.77,,,,,2.62,,0.5,,,,,2.0,,crushing,,cdw,5.0,5.0,,,False
12,,5.0,28.0,49.4,,False,True,,sheet1,69.75,9.62,6.92,2.6,0.51,0.53,0.67,2.42,6.94,,1.06,5.94,29.39,10.77,,,,,2.62,,0.5,,,,,2.0,,crushing,,cdw,5.0,5.0,,,False
12,,5.0,90.0,55.5,,False,True,,sheet1,69.75,9.62,6.92,2.6,0.51,0.53,0.67,2.42,6.94,,1.06,5.94,29.39,10.77,,,,,2.62,,0.5,,,,,2.0,,crushing,,cdw,5.0,5.0,,,False
12,CDWg5,5.0,,0.8,,False,False,,matrix,69.75,9.62,6.92,2.6,0.51,0.53,0.67,2.42,6.94,,1.06,5.94,29.39,10.77,,,,,2.62,,0.5,,,,,2.0,,crushing,,cdw,5.0,5.0,,,False
12,CDWg5,5.0,,1.8,,False,False,,matrix,69.75,9.62,6.92,2.6,0.51,0.53,0.67,2.42,6.94,,1.06,5.94,29.39,10.77,,,,,2.62,,0.5,,,,,2.0,,crushing,,cdw,5.0,5.0,,,False
12,,10.0,7.0,37.5,,False,True,,sheet1,69.75,9.62,6.92,2.6,0.51,0.53,0.67,2.42,6.94,,1.06,5.94,29.39,10.77,,,,,2.62,,0.5,,,,,2.0,,crushing,,cdw,5.0,5.0,,,False
12,,10.0,28.0,45.7,,False,True,,sheet1,69.75,9.62,6.92,2.6,0.51,0.53,0.67,2.42,6.94,,1.06,5.94,29.39,10.77,,,,,2.62,,0.5,,,,,2.0,,crushing,,cdw,5.0,5.0,,,False
12,,10.0,90.0,54.1,,False,True,,sheet1,69.75,9.62,6.92,2.6,0.51,0.53,0.67,2.42,6.94,,1.06,5.94,29.39,10.77,,,,,2.62,,0.5,,,,,2.0,,crushing,,cdw,5.0,5.0,,,False
12,CDWg10,10.0,,0.8,,False,False,,matrix,69.75,9.62,6.92,2.6,0.51,0.53,0.67,2.42,6.94,,1.06,5.94,29.39,10.77,,,,,2.62,,0.5,,,,,2.0,,crushing,,cdw,5.0,5.0,,,False
12,CDWg10,10.0,,1.7,,False,False,,matrix,69.75,9.62,6.92,2.6,0.51,0.53,0.67,2.42,6.94,,1.06,5.94,29.39,10.77,,,,,2.62,,0.5,,,,,2.0,,crushing,,cdw,5.0,5.0,,,False
13,,0.0,,173.05,,False,False,,sheet1,,,,,,,,,,,,,,,,,,6.24,2.61,,0.18,,,,,,,crushing,,fines,,,,,True
13,,0.0,,177.13,,False,False,,sheet1,,,,,,,,,,,,,,,,,,6.24,2.61,,0.18,,,,,,,crushing,,fines,,,,,True
13,N80R20,20.0,,179.78,,False,False,,matrix,,,,,,,,,,,,,,,,,,6.24,2.61,,0.18,,,,,,,crushing,,fines,,,,,True
13,N60R40,40.0,,184.26,,False,False,,matrix,,,,,,,,,,,,,,,,,,6.24,2.61,,0.18,,,,,,,crushing,,fines,,,,,True
13,N40R60,60.0,,180.32,,False,False,,matrix,,,,,,,,,,,,,,,,,,6.24,2.61,,0.18,,,,,,,crushing,,fines,,,,,True
13,N20R80,80.0,,177.3,,False,False,,matrix,,,,,,,,,,,,,,,,,,6.24,2.61,,0.18,,,,,,,crushing,,fines,,,,,True
13,N0R100,100.0,,173.05,,False,False,,matrix,,,,,,,,,,,,,,,,,,6.24,2.61,,0.18,,,,,,,crushing,,fines,,,,,True
14,Control mix,0.0,28.0,63.7,,True,True,,matrix,46.9,19.3,11.7,5.62,2.17,1.49,0.84,2.3,5.9,,,14.5,,,817.0,,,,2.6,,0.5,,,,,2.0,chemical,combined,,powder,,0.0,63.7,1.0,False
14,RP,30.0,28.0,45.4,,True,True,,matrix,46.9,19.3,11.7,5.62,2.17,1.49,0.84,2.3,5.9,,,14.5,,,817.0,,,,2.6,,0.5,,,,,2.0,chemical,combined,,powder,,0.0,63.7,0.7127158555729983,False
14,FA,30.0,28.0,45.7,,True,True,,matrix,46.9,19.3,11.7,5.62,2.17,1.49,0.84,2.3,5.9,,,14.5,,,817.0,,,,2.6,,0.5,,,,,2.0,chemical,combined,,powder,,0.0,63.7,0.717425431711146,False
15,R0/50,0.0,,28.5,,False,False,,sheet1,46.1,40.0,,,,,,,,,,,,,,,,,,2540.0,0.595,,,,,,,combined,,other,,,,,False
15,NAC,0.0,,42.8,,False,False,,sheet1,46.1,40.0,,,,,,,,,,,,,,,,,,2540.0,0.595,,,,,,,combined,,other,,,,,False
15,R10/50,10.0,,26.9,,False,False,,sheet1,46.1,40.0,,,,,,,,,,,,,,,,,,2540.0,0.595,,,,,,,combined,,other,,,,,False
15,R10/0,10.0,,34.8,,False,False,,sheet1,46.1,40.0,,,,,,,,,,,,,,,,,,2540.0,0.595,,,,,,,combined,,other,,,,,False
15,R25/50,25.0,,18.3,,False,False,,sheet1,46.1,40.0,,,,,,,,,,,,,,,,,,2540.0,0.595,,,,,,,combined,,other,,,,,False
15,R25/0,25.0,,26.5,,False,False,,sheet1,46.1,40.0,,,,,,,,,,,,,,,,,,2540.0,0.595,,,,,,,combined,,other,,,,,False
16,R0/50,0.0,,34.8,,False,False,,sheet1,46.1,40.0,3.8,1.5,0.5,0.4,0.3,1.2,6.2,,,,,,,,,,2.54,,0.595,,,2.0,60.0,,,combined,,other,10.0,,,,False
16,NAC,0.0,,46.6,,False,False,,sheet1,46.1,40.0,3.8,1.5,0.5,0.4,0.3,1.2,6.2,,,,,,,,,,2.54,,0.595,,,2.0,60.0,,,combined,,other,10.0,,,,False
16,R10/50,10.0,,32.8,,False,False,,sheet1,46.1,40.0,3.8,1.5,0.5,0.4,0.3,1.2,6.2,,,,,,,,,,2.54,,0.595,,,2.0,60.0,,,combined,,other,10.0,,,,False
16,N10/0,10.0,,37.8,,False,False,,sheet1,46.1,40.0,3.8,1.5,0.5,0.4,0.3,1.2,6.2,,,,,,,,,,2.54,,0.595,,,2.0,60.0,,,combined,,other,10.0,,,,False
16,R25/50,25.0,,23.3,,False,False,,sheet1,46.1,40.0,3.8,1.5,0.5,0.4,0.3,1.2,6.2,,,,,,,,,,2.54,,0.595,,,2.0,60.0,,,combined,,other,10.0,,,,False
16,N25/0,25.0,,27.7,,False,False,,sheet1,46.1,40.0,3.8,1.5,0.5,0.4,0.3,1.2,6.2,,,,,,,,,,2.54,,0.595,,,2.0,60.0,,,combined,,other,10.0,,,,False
17,MC20,20.0,3.0,22.1,,False,True,,sheet1,,16.04,,,,,,,,,,,,85.0,,,,,,755.3333333333334,0.6288888888888889,650.0,5.0,,,,thermal,combined,other,other,35.0,20.0,,,False
17,MA20,20.0,3.0,33.2,,False,True,,sheet1,,16.04,,,,,,,,,,,,85.0,,,,,,755.3333333333334,0.6288888888888889,650.0,5.0,,,,thermal,combined,other,other,35.0,20.0,,,False
17,MD20,20.0,3.0,46.1,,False,True,,sheet1,,16.04,,,,,,,,,,,,85.0,,,,,,755.3333333333334,0.6288888888888889,650.0,5.0,,,,thermal,combined,other,other,35.0,20.0,,,False
17,MC20,20.0,7.0,32.2,,False,True,,sheet1,,16.04,,,,,,,,,,,,85.0,,,,,,755.3333333333334,0.6288888888888889,650.0,5.0,,,,thermal,combined,other,other,35.0,20.0,,,False
17,MA20,20.0,7.0,48.1,,False,True,,sheet1,,16.04,,,,,,,,,,,,85.0,,,,,,755.3333333333334,0.6288888888888889,650.0,5.0,,,,thermal,combined,other,other,35.0,20.0,,,False
17,MD20,20.0,7.0,61.7,,False,True,,sheet1,,16.04,,,,,,,,,,,,85.0,,,,,,755.3333333333334,0.6288888888888889,650.0,5.0,,,,thermal,combined,other,other,35.0,20.0,,,False
17,MC20,20.0,28.0,45.6,,False,True,,sheet1,,16.04,,,,,,,,,,,,85.0,,,,,,755.3333333333334,0.6288888888888889,650.0,5.0,,,,thermal,combined,other,other,35.0,20.0,,,False
17,MA20,20.0,28.0,59.7,,False,True,,sheet1,,16.04,,,,,,,,,,,,85.0,,,,,,755.3333333333334,0.6288888888888889,650.0,5.0,,,,thermal,combined,other,other,35.0,20.0,,,False
17,MD20,20.0,28.0,74.9,,False,True,,sheet1,,16.04,,,,,,,,,,,,85.0,,,,,,755.3333333333334,0.6288888888888889,650.0,5.0,,,,thermal,combined,other,other,35.0,20.0,,,False
17,MA20,20.0,90.0,71.3,,False,True,,sheet1,,16.04,,,,,,,,,,,,85.0,,,,,,755.3333333333334,0.6288888888888889,650.0,5.0,,,,thermal,combined,other,other,35.0,20.0,,,False
17,MFP400,50.0,3.0,0.6,,False,True,,sheet1,,16.04,,,,,,,,,,,,85.0,,,,,,755.3333333333334,0.6288888888888889,650.0,5.0,,,,thermal,combined,other,other,35.0,20.0,,,False
17,MFP500,50.0,3.0,4.6,,False,True,,sheet1,,16.04,,,,,,,,,,,,85.0,,,,,,755.3333333333334,0.6288888888888889,650.0,5.0,,,,thermal,combined,other,other,35.0,20.0,,,False
17,MFP700,50.0,3.0,4.9,,False,True,,sheet1,,16.04,,,,,,,,,,,,85.0,,,,,,755.3333333333334,0.6288888888888889,650.0,5.0,,,,thermal,combined,other,other,35.0,20.0,,,False
17,MFP900,50.0,3.0,5.1,,False,True,,sheet1,,16.04,,,,,,,,,,,,85.0,,,,,,755.3333333333334,0.6288888888888889,650.0,5.0,,,,thermal,combined,other,other,35.0,20.0,,,False
17,MFP800,50.0,3.0,5.6,,False,True,,sheet1,,16.04,,,,,,,,,,,,85.0,,,,,,755.3333333333334,0.6288888888888889,650.0,5.0,,,,thermal,combined,other,other,35.0,20.0,,,False
17,MFP600,50.0,3.0,15.3,,False,True,,sheet1,,16.04,,,,,,,,,,,,85.0,,,,,,755.3333333333334,0.6288888888888889,650.0,5.0,,,,thermal,combined,other,other,35.0,20.0,,,False
17,MA50,50.0,3.0,18.1,,False,True,,sheet1,,16.04,,,,,,,,,,,,85.0,,,,,,755.3333333333334,0.6288888888888889,650.0,5.0,,,,thermal,combined,other,other,35.0,20.0,,,False
17,MC50,50.0,3.0,23.8,,False,True,,sheet1,,16.04,,,,,,,,,,,,85.0,,,,,,755.3333333333334,0.6288888888888889,650.0,5.0,,,,thermal,combined,other,other,35.0,20.0,,,False
17,MD50,50.0,3.0,35.2,,False,True,,sheet1,,16.04,,,,,,,,,,,,85.0,,,,,,755.3333333333334,0.6288888888888889,650.0,5.0,,,,thermal,combined,other,other,35.0,20.0,,,False
17,MC50,50.0,7.0,29.4,,False,True,,sheet1,,16.04,,,,,,,,,,,,85.0,,,,,,755.3333333333334,0.6288888888888889,650.0,5.0,,,,thermal,combined,other,other,35.0,20.0,,,False
17,MA50,50.0,7.0,33.0,,False,True,,sheet1,,16.04,,,,,,,,,,,,85.0,,,,,,755.3333333333334,0.6288888888888889,650.0,5.0,,,,thermal,combined,other,other,35.0,20.0,,,False
17,MD50,50.0,7.0,49.1,,False,True,,sheet1,,16.04,,,,,,,,,,,,85.0,,,,,,755.3333333333334,0.6288888888888889,650.0,5.0,,,,thermal,combined,other,other,35.0,20.0,,,False
17,MFP400,50.0,28.0,1.2,,False,True,,sheet1,,16.04,,,,,,,,,,,,85.0,,,,,,755.3333333333334,0.6288888888888889,650.0,5.0,,,,thermal,combined,other,other,35.0,20.0,,,False
17,MFP500,50.0,28.0,9.3,,False,True,,sheet1,,16.04,,,,,,,,,,,,85.0,,,,,,755.3333333333334,0.6288888888888889,650.0,5.0,,,,thermal,combined,other,other,35.0,20.0,,,False
17,MFP700,50.0,28.0,15.9,,False,True,,sheet1,,16.04,,,,,,,,,,,,85.0,,,,,,755.3333333333334,0.6288888888888889,650.0,5.0,,,,thermal,combined,other,other,35.0,20.0,,,False
17,MFP600,50.0,28.0,21.6,,False,True,,sheet1,,16.04,,,,,,,,,,,,85.0,,,,,,755.3333333333334,0.6288888888888889,650.0,5.0,,,,thermal,combined,other,other,35.0,20.0,,,False
17,MFP900,50.0,28.0,24.6,,False,True,,sheet1,,16.04,,,,,,,,,,,,85.0,,,,,,755.3333333333334,0.6288888888888889,650.0,5.0,,,,thermal,combined,other,other,35.0,20.0,,,False
17,MFP800,50.0,28.0,26.4,,False,True,,sheet1,,16.04,,,,,,,,,,,,85.0,,,,,,755.3333333333334,0.6288888888888889,650.0,5.0,,,,thermal,combined,other,other,35.0,20.0,,,False
17,MC50,50.0,28.0,39.7,,False,True,,sheet1,,16.04,,,,,,,,,,,,85.0,,,,,,755.3333333333334,0.6288888888888889,650.0,5.0,,,,thermal,combined,other,other,35.0,20.0,,,False
17,MA50,50.0,28.0,47.1,,False,True,,sheet1,,16.04,,,,,,,,,,,,85.0,,,,,,755.3333333333334,0.6288888888888889,650.0,5.0,,,,thermal,combined,other,other,35.0,20.0,,,False
17,MD50,50.0,28.0,66.9,,False,True,,sheet1,,16.04,,,,,,,,,,,,85.0,,,,,,755.3333333333334,0.6288888888888889,650.0,5.0,,,,thermal,combined,other,other,35.0,20.0,,,False
17,MA50,50.0,90.0,56.3,,False,True,,sheet1,,16.04,,,,,,,,,,,,85.0,,,,,,755.3333333333334,0.6288888888888889,650.0,5.0,,,,thermal,combined,other,other,35.0,20.0,,,False
17,MA100,100.0,3.0,3.4,,False,True,,sheet1,,16.04,,,,,,,,,,,,85.0,,,,,,755.3333333333334,0.6288888888888889,650.0,5.0,,,,thermal,combined,other,other,35.0,20.0,,,False
17,MC100,100.0,3.0,16.4,,False,True,,sheet1,,16.04,,,,,,,,,,,,85.0,,,,,,755.3333333333334,0.6288888888888889,650.0,5.0,,,,thermal,combined,other,other,35.0,20.0,,,False
17,MA100,100.0,7.0,6.0,,False,True,,sheet1,,16.04,,,,,,,,,,,,85.0,,,,,,755.3333333333334,0.6288888888888889,650.0,5.0,,,,thermal,combined,other,other,35.0,20.0,,,False
17,MC100,100.0,7.0,21.6,,False,True,,sheet1,,16.04,,,,,,,,,,,,85.0,,,,,,755.3333333333334,0.6288888888888889,650.0,5.0,,,,thermal,combined,other,other,35.0,20.0,,,False
17,MA100,100.0,28.0,23.1,,False,True,,sheet1,,16.04,,,,,,,,,,,,85.0,,,,,,755.3333333333334,0.6288888888888889,650.0,5.0,,,,thermal,combined,other,other,35.0,20.0,,,False
17,MC100,100.0,28.0,27.1,,False,True,,sheet1,,16.04,,,,,,,,,,,,85.0,,,,,,755.3333333333334,0.6288888888888889,650.0,5.0,,,,thermal,combined,other,other,35.0,20.0,,,False
17,MA100,100.0,90.0,30.4,,False,True,,sheet1,,16.04,,,,,,,,,,,,85.0,,,,,,755.3333333333334,0.6288888888888889,650.0,5.0,,,,thermal,combined,other,other,35.0,20.0,,,False
19,,0.0,28.0,40.0,,True,True,,sheet1,20.4375,12.2875,5.925,7.987500000000001,2.6875,1.75,2.1375,1.8375,5.075,,,,,24.18625,,,2500.0,,2.77,2341.428571428572,0.515,,,,,0.0,,other,,other,25.0,0.0,40.0,1.0,False
19,(91d),0.0,91.0,45.5,,True,True,,sheet1,20.4375,12.2875,5.925,7.987500000000001,2.6875,1.75,2.1375,1.8375,5.075,,,,,24.18625,,,2500.0,,2.77,2341.428571428572,0.515,,,,,0.0,,other,,other,25.0,0.0,45.5,1.0,False
19,,15.0,7.0,27.0,,True,True,,sheet1,20.4375,12.2875,5.925,7.987500000000001,2.6875,1.75,2.1375,1.8375,5.075,,,,,24.18625,,,2500.0,,2.77,2341.428571428572,0.515,,,,,0.0,,other,,other,25.0,0.0,,,False
19,,15.0,28.0,31.0,,True,True,,sheet1,20.4375,12.2875,5.925,7.987500000000001,2.6875,1.75,2.1375,1.8375,5.075,,,,,24.18625,,,2500.0,,2.77,2341.428571428572,0.515,,,,,0.0,,other,,other,25.0,0.0,40.0,0.775,False
19,,15.0,28.0,32.0,,True,True,,sheet1,20.4375,12.2875,5.925,7.987500000000001,2.6875,1.75,2.1375,1.8375,5.075,,,,,24.18625,,,2500.0,,2.77,2341.428571428572,0.515,,,,,0.0,,other,,other,25.0,0.0,40.0,0.8,False
19,,15.0,28.0,34.0,,True,True,,sheet1,20.4375,12.2875,5.925,7.987500000000001,2.6875,1.75,2.1375,1.8375,5.075,,,,,24.18625,,,2500.0,,2.77,2341.428571428572,0.515,,,,,0.0,,other,,other,25.0,0.0,40.0,0.85,False
19,,15.0,28.0,34.5,,True,True,,sheet1,20.4375,12.2875,5.925,7.987500000000001,2.6875,1.75,2.1375,1.8375,5.075,,,,,24.18625,,,2500.0,,2.77,2341.428571428572,0.515,,,,,0.0,,other,,other,25.0,0.0,40.0,0.8625,False
19,(91d),15.0,91.0,33.5,,True,True,,sheet1,20.4375,12.2875,5.925,7.987500000000001,2.6875,1.75,2.1375,1.8375,5.075,,,,,24.18625,,,2500.0,,2.77,2341.428571428572,0.515,,,,,0.0,,other,,other,25.0,0.0,45.5,0.7362637362637363,False
19,(91d),15.0,91.0,38.2,,True,True,,sheet1,20.4375,12.2875,5.925,7.987500000000001,2.6875,1.75,2.1375,1.8375,5.075,,,,,24.18625,,,2500.0,,2.77,2341.428571428572,0.515,,,,,0.0,,other,,other,25.0,0.0,45.5,0.8395604395604396,False
19,,25.0,7.0,24.8,,True,True,,sheet1,20.4375,12.2875,5.925,7.987500000000001,2.6875,1.75,2.1375,1.8375,5.075,,,,,24.18625,,,2500.0,,2.77,2341.428571428572,0.515,,,,,0.0,,other,,other,25.0,0.0,,,False
19,,25.0,28.0,25.5,,True,True,,sheet1,20.4375,12.2875,5.925,7.987500000000001,2.6875,1.75,2.1375,1.8375,5.075,,,,,24.18625,,,2500.0,,2.77,2341.428571428572,0.515,,,,,0.0,,other,,other,25.0,0.0,40.0,0.6375,False
19,,25.0,28.0,28.0,,True,True,,sheet1,20.4375,12.2875,5.925,7.987500000000001,2.6875,1.75,2.1375,1.8375,5.075,,,,,24.18625,,,2500.0,,2.77,2341.428571428572,0.515,,,,,0.0,,other,,other,25.0,0.0,40.0,0.7,False
19,,25.0,28.0,29.0,,True,True,,sheet1,20.4375,12.2875,5.925,7.987500000000001,2.6875,1.75,2.1375,1.8375,5.075,,,,,24.18625,,,2500.0,,2.77,2341.428571428572,0.515,,,,,0.0,,other,,other,25.0,0.0,40.0,0.725,False
19,,25.0,28.0,31.5,,True,True,,sheet1,20.4375,12.2875,5.925,7.987500000000001,2.6875,1.75,2.1375,1.8375,5.075,,,,,24.18625,,,2500.0,,2.77,2341.428571428572,0.515,,,,,0.0,,other,,other,25.0,0.0,40.0,0.7875,False
19,(91d),25.0,91.0,32.0,,True,True,,sheet1,20.4375,12.2875,5.925,7.987500000000001,2.6875,1.75,2.1375,1.8375,5.075,,,,,24.18625,,,2500.0,,2.77,2341.428571428572,0.515,,,,,0.0,,other,,other,25.0,0.0,45.5,0.7032967032967034,False
19,(91d),25.0,91.0,36.5,,True,True,,sheet1,20.4375,12.2875,5.925,7.987500000000001,2.6875,1.75,2.1375,1.8375,5.075,,,,,24.18625,,,2500.0,,2.77,2341.428571428572,0.515,,,,,0.0,,other,,other,25.0,0.0,45.5,0.8021978021978022,False
19,,50.0,7.0,10.5,,True,True,,sheet1,20.4375,12.2875,5.925,7.987500000000001,2.6875,1.75,2.1375,1.8375,5.075,,,,,24.18625,,,2500.0,,2.77,2341.428571428572,0.515,,,,,0.0,,other,,other,25.0,0.0,,,False
19,(28d),50.0,28.0,15.8,,True,True,,sheet1,20.4375,12.2875,5.925,7.987500000000001,2.6875,1.75,2.1375,1.8375,5.075,,,,,24.18625,,,2500.0,,2.77,2341.428571428572,0.515,,,,,0.0,,other,,other,25.0,0.0,40.0,0.395,False
19,(91d),50.0,91.0,16.5,,True,True,,sheet1,20.4375,12.2875,5.925,7.987500000000001,2.6875,1.75,2.1375,1.8375,5.075,,,,,24.18625,,,2500.0,,2.77,2341.428571428572,0.515,,,,,0.0,,other,,other,25.0,0.0,45.5,0.3626373626373626,False
21,,0.0,3.0,17.68,,False,True,,sheet1,20.5,56.75,8.42,3.99,3.84,3.49,0.49,1.08,1.04,,,,330.2325,15.42,,,,,,,0.5,540.0,3.0,,,,thermal,combined,,powder,30.0,0.0,37.3125,0.4738358458961474,False
21,,0.0,3.0,29.41,,False,True,,sheet1,20.5,56.75,8.42,3.99,3.84,3.49,0.49,1.08,1.04,,,,330.2325,15.42,,,,,,,0.5,540.0,3.0,,,,thermal,combined,,powder,30.0,0.0,37.3125,0.7882077051926298,False
21,E-0,0.0,3.0,46.82,,False,True,,matrix,20.5,56.75,8.42,3.99,3.84,3.49,0.49,1.08,1.04,,,,330.2325,15.42,,,,,,,0.5,540.0,3.0,,,,thermal,combined,,powder,30.0,0.0,37.3125,1.2548073701842546,False
21,E-0,0.0,3.0,55.34,,False,True,,matrix,20.5,56.75,8.42,3.99,3.84,3.49,0.49,1.08,1.04,,,,330.2325,15.42,,,,,,,0.5,540.0,3.0,,,,thermal,combined,,powder,30.0,0.0,37.3125,1.4831490787269683,False
21,,0.0,7.0,25.16,,False,True,,sheet1,20.5,56.75,8.42,3.99,3.84,3.49,0.49,1.08,1.04,,,,330.2325,15.42,,,,,,,0.5,540.0,3.0,,,,thermal,combined,,powder,30.0,0.0,35.99,0.6990830786329536,False
21,,0.0,7.0,46.82,,False,True,,sheet1,20.5,56.75,8.42,3.99,3.84,3.49,0.49,1.08,1.04,,,,330.2325,15.42,,,,,,,0.5,540.0,3.0,,,,thermal,combined,,powder,30.0,0.0,35.99,1.3009169213670464,False
21,,0.0,28.0,41.91,,False,True,,sheet1,20.5,56.75,8.42,3.99,3.84,3.49,0.49,1.08,1.04,,,,330.2325,15.42,,,,,,,0.5,540.0,3.0,,,,thermal,combined,,powder,30.0,0.0,48.625,0.8619023136246786,False
21,,0.0,28.0,55.34,,False,True,,sheet1,20.5,56.75,8.42,3.99,3.84,3.49,0.49,1.08,1.04,,,,330.2325,15.42,,,,,,,0.5,540.0,3.0,,,,thermal,combined,,powder,30.0,0.0,48.625,1.1380976863753214,False
21,E-2,30.0,3.0,14.34,,False,True,Thermal Treatment: 200 °C,matrix,20.5,56.75,8.42,3.99,3.84,3.49,0.49,1.08,1.04,,,,330.2325,15.42,,,,,,,0.5,540.0,3.0,,,,thermal,combined,,powder,30.0,0.0,37.3125,0.384321608040201,False
21,E-3,30.0,3.0,14.97,,False,True,Thermal Treatment: 400 °C,matrix,20.5,56.75,8.42,3.99,3.84,3.49,0.49,1.08,1.04,,,,330.2325,15.42,,,,,,,0.5,540.0,3.0,,,,thermal,combined,,powder,30.0,0.0,37.3125,0.4012060301507538,False
21,E-4,30.0,3.0,16.68,,False,True,Thermal Treatment: 600 °C,matrix,20.5,56.75,8.42,3.99,3.84,3.49,0.49,1.08,1.04,,,,330.2325,15.42,,,,,,,0.5,540.0,3.0,,,,thermal,combined,,powder,30.0,0.0,37.3125,0.44703517587939695,False
21,E-6,30.0,3.0,17.53,,False,True,Thermal Treatment: 800 °C,matrix,20.5,56.75,8.42,3.99,3.84,3.49,0.49,1.08,1.04,,,,330.2325,15.42,,,,,,,0.5,540.0,3.0,,,,thermal,combined,,powder,30.0,0.0,37.3125,0.46981574539363485,False
21,E-1,30.0,3.0,17.68,,False,True,Thermal Treatment: 0 °C,matrix,20.5,56.75,8.42,3.99,3.84,3.49,0.49,1.08,1.04,,,,330.2325,15.42,,,,,,,0.5,540.0,3.0,,,,thermal,combined,,powder,30.0,0.0,37.3125,0.4738358458961474,False
21,E-4,30.0,3.0,23.16,,False,True,Thermal Treatment: 600 °C,matrix,20.5,56.75,8.42,3.99,3.84,3.49,0.49,1.08,1.04,,,,330.2325,15.42,,,,,,,0.5,540.0,3.0,,,,thermal,combined,,powder,30.0,0.0,37.3125,0.6207035175879397,False
21,E-5,30.0,3.0,23.71,,False,True,Thermal Treatment: 700 °C,matrix,20.5,56.75,8.42,3.99,3.84,3.49,0.49,1.08,1.04,,,,330.2325,15.42,,,,,,,0.5,540.0,3.0,,,,thermal,combined,,powder,30.0,0.0,37.3125,0.6354438860971524,False
21,E-1,30.0,3.0,25.16,,False,True,Thermal Treatment: 0 °C,matrix,20.5,56.75,8.42,3.99,3.84,3.49,0.49,1.08,1.04,,,,330.2325,15.42,,,,,,,0.5,540.0,3.0,,,,thermal,combined,,powder,30.0,0.0,37.3125,0.6743048576214405,False
21,E-2,30.0,3.0,26.2,,False,True,Thermal Treatment: 200 °C,matrix,20.5,56.75,8.42,3.99,3.84,3.49,0.49,1.08,1.04,,,,330.2325,15.42,,,,,,,0.5,540.0,3.0,,,,thermal,combined,,powder,30.0,0.0,37.3125,0.702177554438861,False
21,E-6,30.0,3.0,28.44,,False,True,Thermal Treatment: 800 °C,matrix,20.5,56.75,8.42,3.99,3.84,3.49,0.49,1.08,1.04,,,,330.2325,15.42,,,,,,,0.5,540.0,3.0,,,,thermal,combined,,powder,30.0,0.0,37.3125,0.762211055276382,False
21,E-3,30.0,3.0,29.92,,False,True,Thermal Treatment: 400 °C,matrix,20.5,56.75,8.42,3.99,3.84,3.49,0.49,1.08,1.04,,,,330.2325,15.42,,,,,,,0.5,540.0,3.0,,,,thermal,combined,,powder,30.0,0.0,37.3125,0.8018760469011725,False
21,E-5,30.0,3.0,33.43,,False,True,Thermal Treatment: 700 °C,matrix,20.5,56.75,8.42,3.99,3.84,3.49,0.49,1.08,1.04,,,,330.2325,15.42,,,,,,,0.5,540.0,3.0,,,,thermal,combined,,powder,30.0,0.0,37.3125,0.8959463986599665,False
21,E-6,30.0,3.0,36.98,,False,True,Thermal Treatment: 800 °C,matrix,20.5,56.75,8.42,3.99,3.84,3.49,0.49,1.08,1.04,,,,330.2325,15.42,,,,,,,0.5,540.0,3.0,,,,thermal,combined,,powder,30.0,0.0,37.3125,0.9910887772194305,False
21,E-2,30.0,3.0,38.98,,False,True,Thermal Treatment: 200 °C,matrix,20.5,56.75,8.42,3.99,3.84,3.49,0.49,1.08,1.04,,,,330.2325,15.42,,,,,,,0.5,540.0,3.0,,,,thermal,combined,,powder,30.0,0.0,37.3125,1.0446901172529313,False
21,E-4,30.0,3.0,39.82,,False,True,Thermal Treatment: 600 °C,matrix,20.5,56.75,8.42,3.99,3.84,3.49,0.49,1.08,1.04,,,,330.2325,15.42,,,,,,,0.5,540.0,3.0,,,,thermal,combined,,powder,30.0,0.0,37.3125,1.0672026800670016,False
21,E-1,30.0,3.0,41.91,,False,True,Thermal Treatment: 0 °C,matrix,20.5,56.75,8.42,3.99,3.84,3.49,0.49,1.08,1.04,,,,330.2325,15.42,,,,,,,0.5,540.0,3.0,,,,thermal,combined,,powder,30.0,0.0,37.3125,1.12321608040201,False
21,E-3,30.0,3.0,42.64,,False,True,Thermal Treatment: 400 °C,matrix,20.5,56.75,8.42,3.99,3.84,3.49,0.49,1.08,1.04,,,,330.2325,15.42,,,,,,,0.5,540.0,3.0,,,,thermal,combined,,powder,30.0,0.0,37.3125,1.142780569514238,False
21,E-5,30.0,3.0,47.71,,False,True,Thermal Treatment: 700 °C,matrix,20.5,56.75,8.42,3.99,3.84,3.49,0.49,1.08,1.04,,,,330.2325,15.42,,,,,,,0.5,540.0,3.0,,,,thermal,combined,,powder,30.0,0.0,37.3125,1.2786599664991625,False
22,RCP concrete (w/b=0.61),0.0,,33.5,,False,False,Mechanical Grinding,matrix,50.0,25.0,8.5,5.5,,,,,,,,29.55529411764706,,9.06,527.22,,,,,,0.43625,675.0,45.0,56.333333333333336,,2.0,multiple,combined,other,powder,30.0,,,,False
22,RCP-RBP concrete (w/b=0.50),0.0,,34.8,,False,False,Mechanical Grinding,matrix,50.0,25.0,8.5,5.5,,,,,,,,29.55529411764706,,9.06,527.22,,,,,,0.43625,675.0,45.0,56.333333333333336,,2.0,multiple,combined,other,powder,30.0,,,,False
22,RCP concrete (w/b=0.54),0.0,,38.1,,False,False,Mechanical Grinding,matrix,50.0,25.0,8.5,5.5,,,,,,,,29.55529411764706,,9.06,527.22,,,,,,0.43625,675.0,45.0,56.333333333333336,,2.0,multiple,combined,other,powder,30.0,,,,False
22,RCP-RBP concrete (w/b=0.40),0.0,,48.2,,False,False,Mechanical Grinding,matrix,50.0,25.0,8.5,5.5,,,,,,,,29.55529411764706,,9.06,527.22,,,,,,0.43625,675.0,45.0,56.333333333333336,,2.0,multiple,combined,other,powder,30.0,,,,False
22,RCP concrete (w/b=0.40),0.0,,61.68,,False,False,Mechanical Grinding,matrix,50.0,25.0,8.5,5.5,,,,,,,,29.55529411764706,,9.06,527.22,,,,,,0.43625,675.0,45.0,56.333333333333336,,2.0,multiple,combined,other,powder,30.0,,,,False
22,RCP concrete (w/b=0.35),0.0,,65.96,,False,False,Mechanical Grinding,matrix,50.0,25.0,8.5,5.5,,,,,,,,29.55529411764706,,9.06,527.22,,,,,,0.43625,675.0,45.0,56.333333333333336,,2.0,multiple,combined,other,powder,30.0,,,,False
22,RCP concrete (w/b=0.61),10.0,,33.7,,False,False,Mechanical Grinding,matrix,50.0,25.0,8.5,5.5,,,,,,,,29.55529411764706,,9.06,527.22,,,,,,0.43625,675.0,45.0,56.333333333333336,,2.0,multiple,combined,other,powder,30.0,,,,False
22,RCP concrete (w/b=0.54),10.0,,43.2,,False,False,Mechanical Grinding,matrix,50.0,25.0,8.5,5.5,,,,,,,,29.55529411764706,,9.06,527.22,,,,,,0.43625,675.0,45.0,56.333333333333336,,2.0,multiple,combined,other,powder,30.0,,,,False
22,RCP concrete (w/b=0.40),10.0,,58.32,,False,False,Mechanical Grinding,matrix,50.0,25.0,8.5,5.5,,,,,,,,29.55529411764706,,9.06,527.22,,,,,,0.43625,675.0,45.0,56.333333333333336,,2.0,multiple,combined,other,powder,30.0,,,,False
22,RCP concrete (w/b=0.35),10.0,,60.69,,False,False,Mechanical Grinding,matrix,50.0,25.0,8.5,5.5,,,,,,,,29.55529411764706,,9.06,527.22,,,,,,0.43625,675.0,45.0,56.333333333333336,,2.0,multiple,combined,other,powder,30.0,,,,False
22,RCP-RBP concrete (w/b=0.50),15.0,,36.9,,False,False,Mechanical Grinding,matrix,50.0,25.0,8.5,5.5,,,,,,,,29.55529411764706,,9.06,527.22,,,,,,0.43625,675.0,45.0,56.333333333333336,,2.0,multiple,combined,other,powder,30.0,,,,False
22,RCP-RBP concrete (w/b=0.40),15.0,,47.1,,False,False,Mechanical Grinding,matrix,50.0,25.0,8.5,5.5,,,,,,,,29.55529411764706,,9.06,527.22,,,,,,0.43625,675.0,45.0,56.333333333333336,,2.0,multiple,combined,other,powder,30.0,,,,False
22,RCP concrete (w/b=0.61),20.0,,27.1,,False,False,Mechanical Grinding,matrix,50.0,25.0,8.5,5.5,,,,,,,,29.55529411764706,,9.06,527.22,,,,,,0.43625,675.0,45.0,56.333333333333336,,2.0,multiple,combined,other,powder,30.0,,,,False
22,RCP concrete (w/b=0.54),20.0,,32.6,,False,False,Mechanical Grinding,matrix,50.0,25.0,8.5,5.5,,,,,,,,29.55529411764706,,9.06,527.22,,,,,,0.43625,675.0,45.0,56.333333333333336,,2.0,multiple,combined,other,powder,30.0,,,,False
22,RCP concrete (w/b=0.40),20.0,,49.44,,False,False,Mechanical Grinding,matrix,50.0,25.0,8.5,5.5,,,,,,,,29.55529411764706,,9.06,527.22,,,,,,0.43625,675.0,45.0,56.333333333333336,,2.0,multiple,combined,other,powder,30.0,,,,False
22,RCP concrete (w/b=0.35),20.0,,59.19,,False,False,Mechanical Grinding,matrix,50.0,25.0,8.5,5.5,,,,,,,,29.55529411764706,,9.06,527.22,,,,,,0.43625,675.0,45.0,56.333333333333336,,2.0,multiple,combined,other,powder,30.0,,,,False
22,RCP concrete (w/b=0.61),30.0,,22.0,,False,False,Mechanical Grinding,matrix,50.0,25.0,8.5,5.5,,,,,,,,29.55529411764706,,9.06,527.22,,,,,,0.43625,675.0,45.0,56.333333333333336,,2.0,multiple,combined,other,powder,30.0,,,,False
22,RCP concrete (w/b=0.54),30.0,,31.3,,False,False,Mechanical Grinding,matrix,50.0,25.0,8.5,5.5,,,,,,,,29.55529411764706,,9.06,527.22,,,,,,0.43625,675.0,45.0,56.333333333333336,,2.0,multiple,combined,other,powder,30.0,,,,False
22,RCP-RBP concrete (w/b=0.50),30.0,,34.0,,False,False,Mechanical Grinding,matrix,50.0,25.0,8.5,5.5,,,,,,,,29.55529411764706,,9.06,527.22,,,,,,0.43625,675.0,45.0,56.333333333333336,,2.0,multiple,combined,other,powder,30.0,,,,False
22,RCP concrete (w/b=0.40),30.0,,38.88,,False,False,Mechanical Grinding,matrix,50.0,25.0,8.5,5.5,,,,,,,,29.55529411764706,,9.06,527.22,,,,,,0.43625,675.0,45.0,56.333333333333336,,2.0,multiple,combined,other,powder,30.0,,,,False
22,RCP-RBP concrete (w/b=0.40),30.0,,44.4,,False,False,Mechanical Grinding,matrix,50.0,25.0,8.5,5.5,,,,,,,,29.55529411764706,,9.06,527.22,,,,,,0.43625,675.0,45.0,56.333333333333336,,2.0,multiple,combined,other,powder,30.0,,,,False
22,RCP concrete (w/b=0.35),30.0,,56.18,,False,False,Mechanical Grinding,matrix,50.0,25.0,8.5,5.5,,,,,,,,29.55529411764706,,9.06,527.22,,,,,,0.43625,675.0,45.0,56.333333333333336,,2.0,multiple,combined,other,powder,30.0,,,,False
22,RCP concrete (w/b=0.40),40.0,,38.4,,False,False,Mechanical Grinding,matrix,50.0,25.0,8.5,5.5,,,,,,,,29.55529411764706,,9.06,527.22,,,,,,0.43625,675.0,45.0,56.333333333333336,,2.0,multiple,combined,other,powder,30.0,,,,False
22,RCP concrete (w/b=0.35),40.0,,45.64,,False,False,Mechanical Grinding,matrix,50.0,25.0,8.5,5.5,,,,,,,,29.55529411764706,,9.06,527.22,,,,,,0.43625,675.0,45.0,56.333333333333336,,2.0,multiple,combined,other,powder,30.0,,,,False
22,RCP-RBP concrete (w/b=0.50),45.0,,26.1,,False,False,Mechanical Grinding,matrix,50.0,25.0,8.5,5.5,,,,,,,,29.55529411764706,,9.06,527.22,,,,,,0.43625,675.0,45.0,56.333333333333336,,2.0,multiple,combined,other,powder,30.0,,,,False
22,RCP-RBP concrete (w/b=0.40),45.0,,38.1,,False,False,Mechanical Grinding,matrix,50.0,25.0,8.5,5.5,,,,,,,,29.55529411764706,,9.06,527.22,,,,,,0.43625,675.0,45.0,56.333333333333336,,2.0,multiple,combined,other,powder,30.0,,,,False
23,RA30,30.0,1.0,15.0,,True,True,None (coarse raw material),matrix,36.1,22.5,18.4,3.1500000000000004,1.75,1.35,,,13.8,,7.343500000000001,72.165,444.8,,1750.0,,,,,,0.35,,,120.0,,1.0,mechanical,combined,mixed,aac,,30.0,,,False
23,WA30,30.0,1.0,31.0,,True,True,Mechanical activation via wet-milling,matrix,36.1,22.5,18.4,3.1500000000000004,1.75,1.35,,,13.8,,7.343500000000001,72.165,444.8,,1750.0,,,,,,0.35,,,120.0,,1.0,mechanical,combined,mixed,aac,,30.0,,,False
23,RA30,30.0,3.0,38.5,,True,True,None (coarse raw material),matrix,36.1,22.5,18.4,3.1500000000000004,1.75,1.35,,,13.8,,7.343500000000001,72.165,444.8,,1750.0,,,,,,0.35,,,120.0,,1.0,mechanical,combined,mixed,aac,,30.0,,,False
23,WA30,30.0,3.0,50.5,,True,True,Mechanical activation via wet-milling,matrix,36.1,22.5,18.4,3.1500000000000004,1.75,1.35,,,13.8,,7.343500000000001,72.165,444.8,,1750.0,,,,,,0.35,,,120.0,,1.0,mechanical,combined,mixed,aac,,30.0,,,False
23,RA30,30.0,7.0,46.0,,True,True,None (coarse raw material),matrix,36.1,22.5,18.4,3.1500000000000004,1.75,1.35,,,13.8,,7.343500000000001,72.165,444.8,,1750.0,,,,,,0.35,,,120.0,,1.0,mechanical,combined,mixed,aac,,30.0,,,False
23,WA30,30.0,7.0,54.5,,True,True,Mechanical activation via wet-milling,matrix,36.1,22.5,18.4,3.1500000000000004,1.75,1.35,,,13.8,,7.343500000000001,72.165,444.8,,1750.0,,,,,,0.35,,,120.0,,1.0,mechanical,combined,mixed,aac,,30.0,,,False
23,RA30,30.0,28.0,52.0,,True,True,None (coarse raw material),matrix,36.1,22.5,18.4,3.1500000000000004,1.75,1.35,,,13.8,,7.343500000000001,72.165,444.8,,1750.0,,,,,,0.35,,,120.0,,1.0,mechanical,combined,mixed,aac,,30.0,,,False
23,WA30,30.0,28.0,64.5,,True,True,Mechanical activation via wet-milling,matrix,36.1,22.5,18.4,3.1500000000000004,1.75,1.35,,,13.8,,7.343500000000001,72.165,444.8,,1750.0,,,,,,0.35,,,120.0,,1.0,mechanical,combined,mixed,aac,,30.0,,,False
24,,0.0,3.0,27.0,,True,True,,sheet1,27.8,29.1,6.7,2.73,4.49,1.11,0.56,1.09,,,,,,,467.0,,,,,856.0,0.475,,,,,,,combined,,powder,9.0,0.0,27.0,1.0,False
24,,0.0,7.0,43.2,,True,True,,sheet1,27.8,29.1,6.7,2.73,4.49,1.11,0.56,1.09,,,,,,,467.0,,,,,856.0,0.475,,,,,,,combined,,powder,9.0,0.0,43.2,1.0,False
24,,0.0,28.0,49.3,,False,True,,sheet1,27.8,29.1,6.7,2.73,4.49,1.11,0.56,1.09,,,,,,,467.0,,,,,856.0,0.475,,,,,,,combined,,powder,9.0,0.0,49.3,1.0,False
24,J0 / S0,0.0,,8.5,,False,False,,matrix,27.8,29.1,6.7,2.73,4.49,1.11,0.56,1.09,,,,,,,467.0,,,,,856.0,0.475,,,,,,,combined,,powder,9.0,0.0,,,False
24,J0 / S0,0.0,,49.3,,False,False,,matrix,27.8,29.1,6.7,2.73,4.49,1.11,0.56,1.09,,,,,,,467.0,,,,,856.0,0.475,,,,,,,combined,,powder,9.0,0.0,,,False
24,J1 / S1,10.0,,8.2,,False,False,,matrix,27.8,29.1,6.7,2.73,4.49,1.11,0.56,1.09,,,,,,,467.0,,,,,856.0,0.475,,,,,,,combined,,powder,9.0,0.0,,,False
24,J1 / S1,10.0,,43.6,,False,False,,matrix,27.8,29.1,6.7,2.73,4.49,1.11,0.56,1.09,,,,,,,467.0,,,,,856.0,0.475,,,,,,,combined,,powder,9.0,0.0,,,False
24,,20.0,3.0,20.0,,True,True,,sheet1,27.8,29.1,6.7,2.73,4.49,1.11,0.56,1.09,,,,,,,467.0,,,,,856.0,0.475,,,,,,,combined,,powder,9.0,0.0,27.0,0.7407407407407407,False
24,J2 / S2,20.0,,7.5,,False,False,,matrix,27.8,29.1,6.7,2.73,4.49,1.11,0.56,1.09,,,,,,,467.0,,,,,856.0,0.475,,,,,,,combined,,powder,9.0,0.0,,,False
24,J2 / S2,20.0,,42.6,,False,False,,matrix,27.8,29.1,6.7,2.73,4.49,1.11,0.56,1.09,,,,,,,467.0,,,,,856.0,0.475,,,,,,,combined,,powder,9.0,0.0,,,False
24,J3 / S3,30.0,,7.0,,False,False,,matrix,27.8,29.1,6.7,2.73,4.49,1.11,0.56,1.09,,,,,,,467.0,,,,,856.0,0.475,,,,,,,combined,,powder,9.0,0.0,,,False
24,F21 / FS21,30.0,,7.1,,False,False,,matrix,27.8,29.1,6.7,2.73,4.49,1.11,0.56,1.09,,,,,,,467.0,,,,,856.0,0.475,,,,,,,combined,,powder,9.0,0.0,,,False
24,F22 / FS22,30.0,,7.2,,False,False,,matrix,27.8,29.1,6.7,2.73,4.49,1.11,0.56,1.09,,,,,,,467.0,,,,,856.0,0.475,,,,,,,combined,,powder,9.0,0.0,,,False
24,F11 / FS11,30.0,,8.5,,False,False,,matrix,27.8,29.1,6.7,2.73,4.49,1.11,0.56,1.09,,,,,,,467.0,,,,,856.0,0.475,,,,,,,combined,,powder,9.0,0.0,,,False
24,F12 / FS12,30.0,,9.0,,False,False,,matrix,27.8,29.1,6.7,2.73,4.49,1.11,0.56,1.09,,,,,,,467.0,,,,,856.0,0.475,,,,,,,combined,,powder,9.0,0.0,,,False
24,J3 / S3,30.0,,33.7,,False,False,,matrix,27.8,29.1,6.7,2.73,4.49,1.11,0.56,1.09,,,,,,,467.0,,,,,856.0,0.475,,,,,,,combined,,powder,9.0,0.0,,,False
24,F21 / FS21,30.0,,33.8,,False,False,,matrix,27.8,29.1,6.7,2.73,4.49,1.11,0.56,1.09,,,,,,,467.0,,,,,856.0,0.475,,,,,,,combined,,powder,9.0,0.0,,,False
24,F11 / FS11,30.0,,36.2,,False,False,,matrix,27.8,29.1,6.7,2.73,4.49,1.11,0.56,1.09,,,,,,,467.0,,,,,856.0,0.475,,,,,,,combined,,powder,9.0,0.0,,,False
24,F22 / FS22,30.0,,40.2,,False,False,,matrix,27.8,29.1,6.7,2.73,4.49,1.11,0.56,1.09,,,,,,,467.0,,,,,856.0,0.475,,,,,,,combined,,powder,9.0,0.0,,,False
24,F12 / FS12,30.0,,50.6,,False,False,,matrix,27.8,29.1,6.7,2.73,4.49,1.11,0.56,1.09,,,,,,,467.0,,,,,856.0,0.475,,,,,,,combined,,powder,9.0,0.0,,,False
24,J4 / S4,40.0,,6.5,,False,False,,matrix,27.8,29.1,6.7,2.73,4.49,1.11,0.56,1.09,,,,,,,467.0,,,,,856.0,0.475,,,,,,,combined,,powder,9.0,0.0,,,False
24,J4 / S4,40.0,,27.8,,False,False,,matrix,27.8,29.1,6.7,2.73,4.49,1.11,0.56,1.09,,,,,,,467.0,,,,,856.0,0.475,,,,,,,combined,,powder,9.0,0.0,,,False
26,,0.0,28.0,42.5,,True,True,,sheet1,50.93,18.18,13.55,6.37,2.73,0.92,,3.5,11.32,,,,,,,2687.5,637.75,,,,0.5,,,,,0.0,,milling,,powder,,0.0,42.5,1.0,False
26,,0.0,90.0,50.5,,True,True,,sheet1,50.93,18.18,13.55,6.37,2.73,0.92,,3.5,11.32,,,,,,,2687.5,637.75,,,,0.5,,,,,0.0,,milling,,powder,,0.0,50.5,1.0,False
26,RCP-III,30.0,28.0,28.5,,True,True,,matrix,50.93,18.18,13.55,6.37,2.73,0.92,,3.5,11.32,,,,,,,2687.5,637.75,,,,0.5,,,,,0.0,,milling,,powder,,0.0,42.5,0.6705882352941176,False
26,,30.0,28.0,30.0,,True,True,,sheet1,50.93,18.18,13.55,6.37,2.73,0.92,,3.5,11.32,,,,,,,2687.5,637.75,,,,0.5,,,,,0.0,,milling,,powder,,0.0,42.5,0.7058823529411765,False
26,RCP-I,30.0,28.0,31.0,,True,True,,matrix,50.93,18.18,13.55,6.37,2.73,0.92,,3.5,11.32,,,,,,,2687.5,637.75,,,,0.5,,,,,0.0,,milling,,powder,,0.0,42.5,0.7294117647058823,False
26,RCP-S,30.0,28.0,32.0,,True,True,,matrix,50.93,18.18,13.55,6.37,2.73,0.92,,3.5,11.32,,,,,,,2687.5,637.75,,,,0.5,,,,,0.0,,milling,,powder,,0.0,42.5,0.7529411764705882,False
26,RCP-III,30.0,90.0,36.5,,True,True,,matrix,50.93,18.18,13.55,6.37,2.73,0.92,,3.5,11.32,,,,,,,2687.5,637.75,,,,0.5,,,,,0.0,,milling,,powder,,0.0,50.5,0.7227722772277227,False
26,RCP-II,30.0,90.0,37.0,,True,True,,matrix,50.93,18.18,13.55,6.37,2.73,0.92,,3.5,11.32,,,,,,,2687.5,637.75,,,,0.5,,,,,0.0,,milling,,powder,,0.0,50.5,0.7326732673267327,False
26,RCP-I,30.0,90.0,38.0,,True,True,,matrix,50.93,18.18,13.55,6.37,2.73,0.92,,3.5,11.32,,,,,,,2687.5,637.75,,,,0.5,,,,,0.0,,milling,,powder,,0.0,50.5,0.7524752475247525,False
26,RCP-S,30.0,90.0,39.0,,True,True,,matrix,50.93,18.18,13.55,6.37,2.73,0.92,,3.5,11.32,,,,,,,2687.5,637.75,,,,0.5,,,,,0.0,,milling,,powder,,0.0,50.5,0.7722772277227723,False
27,,0.0,3.0,56.42,,False,True,,sheet1,65.26,4.48,11.05,3.18,1.34,,0.22,1.87,7.21,,,,,61.7744,,,,,,,0.3,,,30.0,,2.0,none,milling,,powder,,0.0,56.42,1.0,False
27,,0.0,7.0,70.92,,False,True,,sheet1,65.26,4.48,11.05,3.18,1.34,,0.22,1.87,7.21,,,,,61.7744,,,,,,,0.3,,,30.0,,2.0,none,milling,,powder,,0.0,70.92,1.0,False
27,,0.0,28.0,104.83,,False,True,,sheet1,65.26,4.48,11.05,3.18,1.34,,0.22,1.87,7.21,,,,,61.7744,,,,,,,0.3,,,30.0,,2.0,none,milling,,powder,,0.0,104.83,1.0,False
27,,20.0,3.0,17.1,,True,True,,sheet1,65.26,4.48,11.05,3.18,1.34,,0.22,1.87,7.21,,,,,61.7744,,,,,,,0.3,,,30.0,,2.0,none,milling,,powder,,0.0,56.42,0.30308401276143215,False
27,,20.0,3.0,23.25,,False,True,,sheet1,65.26,4.48,11.05,3.18,1.34,,0.22,1.87,7.21,,,,,61.7744,,,,,,,0.3,,,30.0,,2.0,none,milling,,powder,,0.0,56.42,0.41208791208791207,False
27,,20.0,7.0,33.76,,True,True,,sheet1,65.26,4.48,11.05,3.18,1.34,,0.22,1.87,7.21,,,,,61.7744,,,,,,,0.3,,,30.0,,2.0,none,milling,,powder,,0.0,70.92,0.47602932882120697,False
27,,20.0,7.0,40.01,,False,True,,sheet1,65.26,4.48,11.05,3.18,1.34,,0.22,1.87,7.21,,,,,61.7744,,,,,,,0.3,,,30.0,,2.0,none,milling,,powder,,0.0,70.92,0.5641567963902989,False
27,,20.0,28.0,54.52,,True,True,,sheet1,65.26,4.48,11.05,3.18,1.34,,0.22,1.87,7.21,,,,,61.7744,,,,,,,0.3,,,30.0,,2.0,none,milling,,powder,,0.0,104.83,0.5200801297338549,False
27,,20.0,28.0,73.46,,False,True,,sheet1,65.26,4.48,11.05,3.18,1.34,,0.22,1.87,7.21,,,,,61.7744,,,,,,,0.3,,,30.0,,2.0,none,milling,,powder,,0.0,104.83,0.7007536010683963,False
28,Bendimerad [111],0.0,,31.4,,False,False,,matrix,56.0,15.442857142857145,8.379999999999999,2.4333333333333336,,0.624,1.32,,13.75,,,,,,6400.0,,,,,,0.52,,,,,0.0,multiple,combined,mixed,fines,,,,,True
28,Kim [102],0.0,,31.5,,False,False,,matrix,56.0,15.442857142857145,8.379999999999999,2.4333333333333336,,0.624,1.32,,13.75,,,,,,6400.0,,,,,,0.52,,,,,0.0,multiple,combined,mixed,fines,,,,,True
28,"Evangelista [114, 115]",0.0,,33.6,,False,False,Slurry Coating,matrix,56.0,15.442857142857145,8.379999999999999,2.4333333333333336,,0.624,1.32,,13.75,,,,,,6400.0,,,,,,0.52,,,,,0.0,multiple,combined,mixed,fines,,,,,True
28,Khoshkenari [103] (AW),0.0,,38.0,,False,False,,matrix,56.0,15.442857142857145,8.379999999999999,2.4333333333333336,,0.624,1.32,,13.75,,,,,,6400.0,,,,,,0.52,,,,,0.0,multiple,combined,mixed,fines,,,,,True
28,Yildirim [108],0.0,,38.28,,False,False,Pre-carbonation,matrix,56.0,15.442857142857145,8.379999999999999,2.4333333333333336,,0.624,1.32,,13.75,,,,,,6400.0,,,,,,0.52,,,,,0.0,multiple,combined,mixed,fines,,,,,True
28,Pereira [35] (Plain),0.0,,40.0,,False,False,,matrix,56.0,15.442857142857145,8.379999999999999,2.4333333333333336,,0.624,1.32,,13.75,,,,,,6400.0,,,,,,0.52,,,,,0.0,multiple,combined,mixed,fines,,,,,True
28,Kumar [113],0.0,,40.72,,False,False,,matrix,56.0,15.442857142857145,8.379999999999999,2.4333333333333336,,0.624,1.32,,13.75,,,,,,6400.0,,,,,,0.52,,,,,0.0,multiple,combined,mixed,fines,,,,,True
28,"Sarhat [33, 34]",0.0,,42.0,,False,False,,matrix,56.0,15.442857142857145,8.379999999999999,2.4333333333333336,,0.624,1.32,,13.75,,,,,,6400.0,,,,,,0.52,,,,,0.0,multiple,combined,mixed,fines,,,,,True
28,Zega [30],0.0,,43.6,,False,False,,matrix,56.0,15.442857142857145,8.379999999999999,2.4333333333333336,,0.624,1.32,,13.75,,,,,,6400.0,,,,,,0.52,,,,,0.0,multiple,combined,mixed,fines,,,,,True
28,Kou [34] (w/c=0.53),0.0,,44.5,,False,False,,matrix,56.0,15.442857142857145,8.379999999999999,2.4333333333333336,,0.624,1.32,,13.75,,,,,,6400.0,,,,,,0.52,,,,,0.0,multiple,combined,mixed,fines,,,,,True
28,Yaprak [100],0.0,,45.0,,False,False,,matrix,56.0,15.442857142857145,8.379999999999999,2.4333333333333336,,0.624,1.32,,13.75,,,,,,6400.0,,,,,,0.52,,,,,0.0,multiple,combined,mixed,fines,,,,,True
28,Khatib [28],0.0,,46.7,,False,False,,matrix,56.0,15.442857142857145,8.379999999999999,2.4333333333333336,,0.624,1.32,,13.75,,,,,,6400.0,,,,,,0.52,,,,,0.0,multiple,combined,mixed,fines,,,,,True
28,Bogas [110] (NC),0.0,,50.2,,False,False,,matrix,56.0,15.442857142857145,8.379999999999999,2.4333333333333336,,0.624,1.32,,13.75,,,,,,6400.0,,,,,,0.52,,,,,0.0,multiple,combined,mixed,fines,,,,,True
28,"Cartuxo [104, 105] (Plain)",0.0,,51.17,,False,False,,matrix,56.0,15.442857142857145,8.379999999999999,2.4333333333333336,,0.624,1.32,,13.75,,,,,,6400.0,,,,,,0.52,,,,,0.0,multiple,combined,mixed,fines,,,,,True
28,Dapena [19],0.0,,52.0,,False,False,,matrix,56.0,15.442857142857145,8.379999999999999,2.4333333333333336,,0.624,1.32,,13.75,,,,,,6400.0,,,,,,0.52,,,,,0.0,multiple,combined,mixed,fines,,,,,True
28,Pereira [35] (+SP1),0.0,,53.7,,False,False,Superplasticizer,matrix,56.0,15.442857142857145,8.379999999999999,2.4333333333333336,,0.624,1.32,,13.75,,,,,,6400.0,,,,,,0.52,,,,,0.0,multiple,combined,mixed,fines,,,,,True
28,Levy [98],0.0,,56.1,,False,False,,matrix,56.0,15.442857142857145,8.379999999999999,2.4333333333333336,,0.624,1.32,,13.75,,,,,,6400.0,,,,,,0.52,,,,,0.0,multiple,combined,mixed,fines,,,,,True
28,"Fan [27, 57] (Single-stage)",0.0,,56.3,,False,False,,matrix,56.0,15.442857142857145,8.379999999999999,2.4333333333333336,,0.624,1.32,,13.75,,,,,,6400.0,,,,,,0.52,,,,,0.0,multiple,combined,mixed,fines,,,,,True
28,"Evangelista [26, 29, 97]",0.0,,59.3,,False,False,,matrix,56.0,15.442857142857145,8.379999999999999,2.4333333333333336,,0.624,1.32,,13.75,,,,,,6400.0,,,,,,0.52,,,,,0.0,multiple,combined,mixed,fines,,,,,True
28,Kou [34] (w/c=0.44),0.0,,64.3,,False,False,,matrix,56.0,15.442857142857145,8.379999999999999,2.4333333333333336,,0.624,1.32,,13.75,,,,,,6400.0,,,,,,0.52,,,,,0.0,multiple,combined,mixed,fines,,,,,True
28,Pereira [35] (+SP2),0.0,,65.4,,False,False,Superplasticizer,matrix,56.0,15.442857142857145,8.379999999999999,2.4333333333333336,,0.624,1.32,,13.75,,,,,,6400.0,,,,,,0.52,,,,,0.0,multiple,combined,mixed,fines,,,,,True
28,"Cartuxo [104, 105] (SP1)",0.0,,66.79,,False,False,Superplasticizer,matrix,56.0,15.442857142857145,8.379999999999999,2.4333333333333336,,0.624,1.32,,13.75,,,,,,6400.0,,,,,,0.52,,,,,0.0,multiple,combined,mixed,fines,,,,,True
28,Bogas [110] (HC+SP+AEA),0.0,,67.9,,False,False,Multi-Admixture,matrix,56.0,15.442857142857145,8.379999999999999,2.4333333333333336,,0.624,1.32,,13.75,,,,,,6400.0,,,,,,0.52,,,,,0.0,multiple,combined,mixed,fines,,,,,True
28,Carro-Lόpez [31],0.0,,80.0,,False,False,,matrix,56.0,15.442857142857145,8.379999999999999,2.4333333333333336,,0.624,1.32,,13.75,,,,,,6400.0,,,,,,0.52,,,,,0.0,multiple,combined,mixed,fines,,,,,True
28,"Cartuxo [104, 105] (SP2)",0.0,,80.64,,False,False,Superplasticizer,matrix,56.0,15.442857142857145,8.379999999999999,2.4333333333333336,,0.624,1.32,,13.75,,,,,,6400.0,,,,,,0.52,,,,,0.0,multiple,combined,mixed,fines,,,,,True
28,Bogas [110] (HC+SP),0.0,,81.0,,False,False,Superplasticizer,matrix,56.0,15.442857142857145,8.379999999999999,2.4333333333333336,,0.624,1.32,,13.75,,,,,,6400.0,,,,,,0.52,,,,,0.0,multiple,combined,mixed,fines,,,,,True
28,Zhang [37],0.0,,122.0,,False,False,Slurry Coating,matrix,56.0,15.442857142857145,8.379999999999999,2.4333333333333336,,0.624,1.32,,13.75,,,,,,6400.0,,,,,,0.52,,,,,0.0,multiple,combined,mixed,fines,,,,,True
29,at 0% replacement,0.0,,51.6,,False,False,,sheet1,,,,,,,,,11.9,,3.5,19.0,65.0,22.0,,,230.0,,,,,,,,,,,crushing,,powder,10.0,,,,False
29,at 10% replacement,10.0,,41.3,,False,False,,sheet1,,,,,,,,,11.9,,3.5,19.0,65.0,22.0,,,230.0,,,,,,,,,,,crushing,,powder,10.0,,,,False
29,at 20% replacement,20.0,,31.7,,False,False,,sheet1,,,,,,,,,11.9,,3.5,19.0,65.0,22.0,,,230.0,,,,,,,,,,,crushing,,powder,10.0,,,,False
29,at 30% replacement,30.0,,22.8,,False,False,,sheet1,,,,,,,,,11.9,,3.5,19.0,65.0,22.0,,,230.0,,,,,,,,,,,crushing,,powder,10.0,,,,False
29,at 40% replacement,40.0,,13.6,,False,False,,sheet1,,,,,,,,,11.9,,3.5,19.0,65.0,22.0,,,230.0,,,,,,,,,,,crushing,,powder,10.0,,,,False
29,at 50% replacement,50.0,,10.0,,False,False,,sheet1,,,,,,,,,11.9,,3.5,19.0,65.0,22.0,,,230.0,,,,,,,,,,,crushing,,powder,10.0,,,,False
30,M-0WCP/M-0WMP/M-0WPP,0.0,,8.62,,False,False,,matrix,,,,,,,,,13.683333333333335,,,25.0,,,,,,,,,0.5,900.0,2.0,,,,thermal,crushing,,powder,,,,,False
30,,0.0,,37.08,,False,False,,sheet1,,,,,,,,,13.683333333333335,,,25.0,,,,,,,,,0.5,900.0,2.0,,,,thermal,crushing,,powder,,,,,False
30,M-30WPP-1200C,30.0,,4.54,,False,False,Thermal Activation,matrix,,,,,,,,,13.683333333333335,,,25.0,,,,,,,,,0.5,900.0,2.0,,,,thermal,crushing,,powder,,,,,False
30,M-30WCP-1200C,30.0,,4.95,,False,False,Thermal Activation,matrix,,,,,,,,,13.683333333333335,,,25.0,,,,,,,,,0.5,900.0,2.0,,,,thermal,crushing,,powder,,,,,False
30,M-30WMP-1200C,30.0,,5.37,,False,False,Thermal Activation,matrix,,,,,,,,,13.683333333333335,,,25.0,,,,,,,,,0.5,900.0,2.0,,,,thermal,crushing,,powder,,,,,False
30,M-30WMP-1000C,30.0,,5.92,,False,False,Thermal Activation,matrix,,,,,,,,,13.683333333333335,,,25.0,,,,,,,,,0.5,900.0,2.0,,,,thermal,crushing,,powder,,,,,False
30,M-30WPP-20C,30.0,,6.44,,False,False,None (Room temperature),matrix,,,,,,,,,13.683333333333335,,,25.0,,,,,,,,,0.5,900.0,2.0,,,,thermal,crushing,,powder,,,,,False
30,M-30WMP-800C,30.0,,6.51,,False,False,Thermal Activation,matrix,,,,,,,,,13.683333333333335,,,25.0,,,,,,,,,0.5,900.0,2.0,,,,thermal,crushing,,powder,,,,,False
30,M-30WMP-20C,30.0,,6.57,,False,False,None (Room temperature),matrix,,,,,,,,,13.683333333333335,,,25.0,,,,,,,,,0.5,900.0,2.0,,,,thermal,crushing,,powder,,,,,False
30,M-30WCP-20C,30.0,,6.68,,False,False,None (Room temperature),matrix,,,,,,,,,13.683333333333335,,,25.0,,,,,,,,,0.5,900.0,2.0,,,,thermal,crushing,,powder,,,,,False
30,M-30WCP-600C,30.0,,6.82,,False,False,Thermal Activation,matrix,,,,,,,,,13.683333333333335,,,25.0,,,,,,,,,0.5,900.0,2.0,,,,thermal,crushing,,powder,,,,,False
30,M-30WMP-600C,30.0,,6.91,,False,False,Thermal Activation,matrix,,,,,,,,,13.683333333333335,,,25.0,,,,,,,,,0.5,900.0,2.0,,,,thermal,crushing,,powder,,,,,False
30,M-30WPP-1000C,30.0,,7.03,,False,False,Thermal Activation,matrix,,,,,,,,,13.683333333333335,,,25.0,,,,,,,,,0.5,900.0,2.0,,,,thermal,crushing,,powder,,,,,False
30,M-30WCP-1000C,30.0,,7.56,,False,False,Thermal Activation,matrix,,,,,,,,,13.683333333333335,,,25.0,,,,,,,,,0.5,900.0,2.0,,,,thermal,crushing,,powder,,,,,False
30,M-30WCP-800C,30.0,,7.73,,False,False,Thermal Activation,matrix,,,,,,,,,13.683333333333335,,,25.0,,,,,,,,,0.5,900.0,2.0,,,,thermal,crushing,,powder,,,,,False
30,,30.0,,20.25,,False,False,,sheet1,,,,,,,,,13.683333333333335,,,25.0,,,,,,,,,0.5,900.0,2.0,,,,thermal,crushing,,powder,,,,,False
30,,30.0,,22.25,,False,False,,sheet1,,,,,,,,,13.683333333333335,,,25.0,,,,,,,,,0.5,900.0,2.0,,,,thermal,crushing,,powder,,,,,False
30,,30.0,,22.63,,False,False,,sheet1,,,,,,,,,13.683333333333335,,,25.0,,,,,,,,,0.5,900.0,2.0,,,,thermal,crushing,,powder,,,,,False
30,,30.0,,23.89,,False,False,,sheet1,,,,,,,,,13.683333333333335,,,25.0,,,,,,,,,0.5,900.0,2.0,,,,thermal,crushing,,powder,,,,,False
30,,30.0,,26.59,,False,False,,sheet1,,,,,,,,,13.683333333333335,,,25.0,,,,,,,,,0.5,900.0,2.0,,,,thermal,crushing,,powder,,,,,False
30,,30.0,,27.1,,False,False,,sheet1,,,,,,,,,13.683333333333335,,,25.0,,,,,,,,,0.5,900.0,2.0,,,,thermal,crushing,,powder,,,,,False
30,,30.0,,27.32,,False,False,,sheet1,,,,,,,,,13.683333333333335,,,25.0,,,,,,,,,0.5,900.0,2.0,,,,thermal,crushing,,powder,,,,,False
30,,30.0,,27.9,,False,False,,sheet1,,,,,,,,,13.683333333333335,,,25.0,,,,,,,,,0.5,900.0,2.0,,,,thermal,crushing,,powder,,,,,False
30,,30.0,,28.76,,False,False,,sheet1,,,,,,,,,13.683333333333335,,,25.0,,,,,,,,,0.5,900.0,2.0,,,,thermal,crushing,,powder,,,,,False
30,,30.0,,28.89,,False,False,,sheet1,,,,,,,,,13.683333333333335,,,25.0,,,,,,,,,0.5,900.0,2.0,,,,thermal,crushing,,powder,,,,,False
30,,30.0,,31.16,,False,False,,sheet1,,,,,,,,,13.683333333333335,,,25.0,,,,,,,,,0.5,900.0,2.0,,,,thermal,crushing,,powder,,,,,False
30,,30.0,,31.55,,False,False,,sheet1,,,,,,,,,13.683333333333335,,,25.0,,,,,,,,,0.5,900.0,2.0,,,,thermal,crushing,,powder,,,,,False
30,,30.0,,31.83,,False,False,,sheet1,,,,,,,,,13.683333333333335,,,25.0,,,,,,,,,0.5,900.0,2.0,,,,thermal,crushing,,powder,,,,,False
30,,30.0,,32.16,,False,False,,sheet1,,,,,,,,,13.683333333333335,,,25.0,,,,,,,,,0.5,900.0,2.0,,,,thermal,crushing,,powder,,,,,False
30,,30.0,,33.4,,False,False,,sheet1,,,,,,,,,13.683333333333335,,,25.0,,,,,,,,,0.5,900.0,2.0,,,,thermal,crushing,,powder,,,,,False
31,,20.0,2.0,20.0,,True,True,,sheet1,,,,,,,,,,,,,,,150.0,,,,,,,,,,,1.0,carbonation,combined,mixed,paste,,40.0,,,False
31,CEM-cRCP_I,40.0,1.0,10.0,,True,True,Wet carbonation / Aqueous mineralization,matrix,,,,,,,,,,,,,,,150.0,,,,,,,,,,,1.0,carbonation,combined,mixed,paste,,40.0,,,False
31,CEM-cRCP_III,40.0,1.0,10.5,,True,True,Wet carbonation / Aqueous mineralization,matrix,,,,,,,,,,,,,,,150.0,,,,,,,,,,,1.0,carbonation,combined,mixed,paste,,40.0,,,False
31,CEM-cRCP_I,40.0,2.0,19.0,,True,True,Wet carbonation / Aqueous mineralization,matrix,,,,,,,,,,,,,,,150.0,,,,,,,,,,,1.0,carbonation,combined,mixed,paste,,40.0,,,False
31,CEM-cRCP_III,40.0,2.0,20.0,,True,True,Wet carbonation / Aqueous mineralization,matrix,,,,,,,,,,,,,,,150.0,,,,,,,,,,,1.0,carbonation,combined,mixed,paste,,40.0,,,False
31,,40.0,7.0,40.0,,True,True,,sheet1,,,,,,,,,,,,,,,150.0,,,,,,,,,,,1.0,carbonation,combined,mixed,paste,,40.0,,,False
31,CEM-cRCP_III,40.0,7.0,42.0,,True,True,Wet carbonation / Aqueous mineralization,matrix,,,,,,,,,,,,,,,150.0,,,,,,,,,,,1.0,carbonation,combined,mixed,paste,,40.0,,,False
31,CEM-cRCP_I,40.0,28.0,48.0,,True,True,Wet carbonation / Aqueous mineralization,matrix,,,,,,,,,,,,,,,150.0,,,,,,,,,,,1.0,carbonation,combined,mixed,paste,,40.0,,,False
31,CEM-cRCP_III,40.0,28.0,51.0,,True,True,Wet carbonation / Aqueous mineralization,matrix,,,,,,,,,,,,,,,150.0,,,,,,,,,,,1.0,carbonation,combined,mixed,paste,,40.0,,,False
31,CEM-cRCP_I,40.0,90.0,50.0,,True,True,Wet carbonation / Aqueous mineralization,matrix,,,,,,,,,,,,,,,150.0,,,,,,,,,,,1.0,carbonation,combined,mixed,paste,,40.0,,,False
31,CEM-cRCP_III,40.0,90.0,55.0,,True,True,Wet carbonation / Aqueous mineralization,matrix,,,,,,,,,,,,,,,150.0,,,,,,,,,,,1.0,carbonation,combined,mixed,paste,,40.0,,,False
32,,0.0,,31.7,,True,False,,sheet1,27.8,29.1,6.7,2.73,4.49,1.11,,,,,,,,42.6,467.0,,,,,856.0,0.45,,,30.0,,2.0,mechanical,combined,mixed,powder,15.0,,,,False
32,J1,10.0,,29.58,,False,False,Mechanical Grinding,matrix,27.8,29.1,6.7,2.73,4.49,1.11,,,,,,,,42.6,467.0,,,,,856.0,0.45,,,30.0,,2.0,mechanical,combined,mixed,powder,15.0,,,,False
32,JF32,15.0,,30.2,,True,False,Mechanical Grinding,matrix,27.8,29.1,6.7,2.73,4.49,1.11,,,,,,,,42.6,467.0,,,,,856.0,0.45,,,30.0,,2.0,mechanical,combined,mixed,powder,15.0,,,,False
32,JF12,15.0,,36.0,,True,False,Mechanical Grinding,matrix,27.8,29.1,6.7,2.73,4.49,1.11,,,,,,,,42.6,467.0,,,,,856.0,0.45,,,30.0,,2.0,mechanical,combined,mixed,powder,15.0,,,,False
32,J2,20.0,,24.0,,True,False,Mechanical Grinding,matrix,27.8,29.1,6.7,2.73,4.49,1.11,,,,,,,,42.6,467.0,,,,,856.0,0.45,,,30.0,,2.0,mechanical,combined,mixed,powder,15.0,,,,False
32,JF22,20.0,,26.8,,True,False,Mechanical Grinding,matrix,27.8,29.1,6.7,2.73,4.49,1.11,,,,,,,,42.6,467.0,,,,,856.0,0.45,,,30.0,,2.0,mechanical,combined,mixed,powder,15.0,,,,False
32,JF31,21.0,,23.5,,True,False,Mechanical Grinding,matrix,27.8,29.1,6.7,2.73,4.49,1.11,,,,,,,,42.6,467.0,,,,,856.0,0.45,,,30.0,,2.0,mechanical,combined,mixed,powder,15.0,,,,False
32,JF11,21.0,,24.2,,True,False,Mechanical Grinding,matrix,27.8,29.1,6.7,2.73,4.49,1.11,,,,,,,,42.6,467.0,,,,,856.0,0.45,,,30.0,,2.0,mechanical,combined,mixed,powder,15.0,,,,False
32,JF21,28.0,,19.5,,True,False,Mechanical Grinding,matrix,27.8,29.1,6.7,2.73,4.49,1.11,,,,,,,,42.6,467.0,,,,,856.0,0.45,,,30.0,,2.0,mechanical,combined,mixed,powder,15.0,,,,False
32,J3,30.0,,22.5,,True,False,Mechanical Grinding,matrix,27.8,29.1,6.7,2.73,4.49,1.11,,,,,,,,42.6,467.0,,,,,856.0,0.45,,,30.0,,2.0,mechanical,combined,mixed,powder,15.0,,,,False
32,J4,40.0,,18.2,,True,False,Mechanical Grinding,matrix,27.8,29.1,6.7,2.73,4.49,1.11,,,,,,,,42.6,467.0,,,,,856.0,0.45,,,30.0,,2.0,mechanical,combined,mixed,powder,15.0,,,,False
32,JF41,60.0,,18.5,,True,False,Mechanical Grinding,matrix,27.8,29.1,6.7,2.73,4.49,1.11,,,,,,,,42.6,467.0,,,,,856.0,0.45,,,30.0,,2.0,mechanical,combined,mixed,powder,15.0,,,,False
32,JF42,60.0,,23.1,,True,False,Mechanical Grinding,matrix,27.8,29.1,6.7,2.73,4.49,1.11,,,,,,,,42.6,467.0,,,,,856.0,0.45,,,30.0,,2.0,mechanical,combined,mixed,powder,15.0,,,,False
35,NAC,0.0,,36.8,,False,False,,matrix,,,,,,,,,,,,,,,,,,,,,0.45,,,,,,,combined,,powder,20.0,,,,False
35,RPC3-10%,10.0,,34.0,,True,False,,matrix,,,,,,,,,,,,,,,,,,,,,0.45,,,,,,,combined,,powder,20.0,,,,False
35,RPC2-10%,10.0,,35.5,,True,False,,matrix,,,,,,,,,,,,,,,,,,,,,0.45,,,,,,,combined,,powder,20.0,,,,False
35,,10.0,,36.0,,True,False,,sheet1,,,,,,,,,,,,,,,,,,,,,0.45,,,,,,,combined,,powder,20.0,,,,False
35,RPC1-10%,10.0,,36.5,,True,False,,matrix,,,,,,,,,,,,,,,,,,,,,0.45,,,,,,,combined,,powder,20.0,,,,False
35,,10.0,,37.0,,True,False,,sheet1,,,,,,,,,,,,,,,,,,,,,0.45,,,,,,,combined,,powder,20.0,,,,False
35,,10.0,,37.6,,True,False,,sheet1,,,,,,,,,,,,,,,,,,,,,0.45,,,,,,,combined,,powder,20.0,,,,False
35,RPC3-20%,20.0,,31.5,,True,False,,matrix,,,,,,,,,,,,,,,,,,,,,0.45,,,,,,,combined,,powder,20.0,,,,False
35,RPC2-20%,20.0,,32.5,,True,False,,matrix,,,,,,,,,,,,,,,,,,,,,0.45,,,,,,,combined,,powder,20.0,,,,False
35,,20.0,,33.0,,True,False,,sheet1,,,,,,,,,,,,,,,,,,,,,0.45,,,,,,,combined,,powder,20.0,,,,False
35,,20.0,,33.5,,True,False,,sheet1,,,,,,,,,,,,,,,,,,,,,0.45,,,,,,,combined,,powder,20.0,,,,False
35,RPC1-20%,20.0,,34.0,,True,False,,matrix,,,,,,,,,,,,,,,,,,,,,0.45,,,,,,,combined,,powder,20.0,,,,False
35,,20.0,,35.3,,True,False,,sheet1,,,,,,,,,,,,,,,,,,,,,0.45,,,,,,,combined,,powder,20.0,,,,False
35,RPC1-30%,30.0,,26.0,,True,False,,matrix,,,,,,,,,,,,,,,,,,,,,0.45,,,,,,,combined,,powder,20.0,,,,False
35,RPC3-30%,30.0,,26.2,,True,False,,matrix,,,,,,,,,,,,,,,,,,,,,0.45,,,,,,,combined,,powder,20.0,,,,False
35,,30.0,,27.2,,True,False,,sheet1,,,,,,,,,,,,,,,,,,,,,0.45,,,,,,,combined,,powder,20.0,,,,False
35,,30.0,,28.5,,True,False,,sheet1,,,,,,,,,,,,,,,,,,,,,0.45,,,,,,,combined,,powder,20.0,,,,False
35,,30.0,,29.3,,True,False,,sheet1,,,,,,,,,,,,,,,,,,,,,0.45,,,,,,,combined,,powder,20.0,,,,False
36,0% RFP (Table 4 / Fig 11),0.0,3.0,21.0,,False,True,,matrix,60.3,17.4,10.4,3.0,3.4,0.7,2.1,,,,,22.7,,22.7,,,,,,,0.5,,,60.0,,1.0,mechanical,combined,mixed,powder,10.0,,33.333333333333336,0.63,False
36,0% RFP (Table 4 / Fig 11),0.0,3.0,35.1,,False,True,,matrix,60.3,17.4,10.4,3.0,3.4,0.7,2.1,,,,,22.7,,22.7,,,,,,,0.5,,,60.0,,1.0,mechanical,combined,mixed,powder,10.0,,33.333333333333336,1.053,False
36,0% RFP (Table 4 / Fig 11),0.0,3.0,43.9,,False,True,,matrix,60.3,17.4,10.4,3.0,3.4,0.7,2.1,,,,,22.7,,22.7,,,,,,,0.5,,,60.0,,1.0,mechanical,combined,mixed,powder,10.0,,33.333333333333336,1.317,False
36,10% RFP (Table 4 / Fig 11),10.0,3.0,24.7,,False,True,Mechanical Activation (Ball milling),matrix,60.3,17.4,10.4,3.0,3.4,0.7,2.1,,,,,22.7,,22.7,,,,,,,0.5,,,60.0,,1.0,mechanical,combined,mixed,powder,10.0,,33.333333333333336,0.7409999999999999,False
36,10% RFP (Table 4 / Fig 11),10.0,3.0,32.8,,False,True,Mechanical Activation (Ball milling),matrix,60.3,17.4,10.4,3.0,3.4,0.7,2.1,,,,,22.7,,22.7,,,,,,,0.5,,,60.0,,1.0,mechanical,combined,mixed,powder,10.0,,33.333333333333336,0.9839999999999999,False
36,10% RFP (Table 4 / Fig 11),10.0,3.0,43.5,,False,True,Mechanical Activation (Ball milling),matrix,60.3,17.4,10.4,3.0,3.4,0.7,2.1,,,,,22.7,,22.7,,,,,,,0.5,,,60.0,,1.0,mechanical,combined,mixed,powder,10.0,,33.333333333333336,1.305,False
36,30% RFP (Table 4 / Fig 11),30.0,3.0,19.1,,False,True,Mechanical Activation (Ball milling),matrix,60.3,17.4,10.4,3.0,3.4,0.7,2.1,,,,,22.7,,22.7,,,,,,,0.5,,,60.0,,1.0,mechanical,combined,mixed,powder,10.0,,33.333333333333336,0.573,False
36,30% RFP (Table 4 / Fig 11),30.0,3.0,24.0,,False,True,Mechanical Activation (Ball milling),matrix,60.3,17.4,10.4,3.0,3.4,0.7,2.1,,,,,22.7,,22.7,,,,,,,0.5,,,60.0,,1.0,mechanical,combined,mixed,powder,10.0,,33.333333333333336,0.72,False
36,30% RFP (Table 4 / Fig 11),30.0,3.0,33.3,,False,True,Mechanical Activation (Ball milling),matrix,60.3,17.4,10.4,3.0,3.4,0.7,2.1,,,,,22.7,,22.7,,,,,,,0.5,,,60.0,,1.0,mechanical,combined,mixed,powder,10.0,,33.333333333333336,0.9989999999999999,False
36,50% RFP (Table 4 / Fig 11),50.0,3.0,11.5,,False,True,Mechanical Activation (Ball milling),matrix,60.3,17.4,10.4,3.0,3.4,0.7,2.1,,,,,22.7,,22.7,,,,,,,0.5,,,60.0,,1.0,mechanical,combined,mixed,powder,10.0,,33.333333333333336,0.345,False
36,50% RFP (Table 4 / Fig 11),50.0,3.0,15.2,,False,True,Mechanical Activation (Ball milling),matrix,60.3,17.4,10.4,3.0,3.4,0.7,2.1,,,,,22.7,,22.7,,,,,,,0.5,,,60.0,,1.0,mechanical,combined,mixed,powder,10.0,,33.333333333333336,0.45599999999999996,False
36,50% RFP (Table 4 / Fig 11),50.0,3.0,20.5,,False,True,Mechanical Activation (Ball milling),matrix,60.3,17.4,10.4,3.0,3.4,0.7,2.1,,,,,22.7,,22.7,,,,,,,0.5,,,60.0,,1.0,mechanical,combined,mixed,powder,10.0,,33.333333333333336,0.615,False
37,7d,0.0,7.0,29.1,,True,True,,sheet1,46.835,22.25,12.66,5.654999999999999,1.665,0.29,,2.14,,,,17.854999999999997,,27.94,,,440.5,,2.59,,,,,20.0,,1.0,mechanical,combined,,powder,15.0,0.0,29.1,1.0,False
37,28d,0.0,28.0,33.6,,True,True,,sheet1,46.835,22.25,12.66,5.654999999999999,1.665,0.29,,2.14,,,,17.854999999999997,,27.94,,,440.5,,2.59,,,,,20.0,,1.0,mechanical,combined,,powder,15.0,0.0,33.6,1.0,False
37,15% (8:2),15.0,7.0,25.7,,True,True,Mechanical activation,matrix,46.835,22.25,12.66,5.654999999999999,1.665,0.29,,2.14,,,,17.854999999999997,,27.94,,,440.5,,2.59,,,,,20.0,,1.0,mechanical,combined,,powder,15.0,0.0,29.1,0.8831615120274914,False
37,15% (6:4),15.0,7.0,27.4,,True,True,Mechanical activation,matrix,46.835,22.25,12.66,5.654999999999999,1.665,0.29,,2.14,,,,17.854999999999997,,27.94,,,440.5,,2.59,,,,,20.0,,1.0,mechanical,combined,,powder,15.0,0.0,29.1,0.9415807560137456,False
37,28d,15.0,28.0,30.5,,True,True,,sheet1,46.835,22.25,12.66,5.654999999999999,1.665,0.29,,2.14,,,,17.854999999999997,,27.94,,,440.5,,2.59,,,,,20.0,,1.0,mechanical,combined,,powder,15.0,0.0,33.6,0.9077380952380952,False
37,28d,15.0,28.0,35.0,,True,True,,sheet1,46.835,22.25,12.66,5.654999999999999,1.665,0.29,,2.14,,,,17.854999999999997,,27.94,,,440.5,,2.59,,,,,20.0,,1.0,mechanical,combined,,powder,15.0,0.0,33.6,1.0416666666666665,False
37,2),15.0,,25.7,,True,False,,sheet1,46.835,22.25,12.66,5.654999999999999,1.665,0.29,,2.14,,,,17.854999999999997,,27.94,,,440.5,,2.59,,,,,20.0,,1.0,mechanical,combined,,powder,15.0,0.0,,,False
37,4),15.0,,27.4,,True,False,,sheet1,46.835,22.25,12.66,5.654999999999999,1.665,0.29,,2.14,,,,17.854999999999997,,27.94,,,440.5,,2.59,,,,,20.0,,1.0,mechanical,combined,,powder,15.0,0.0,,,False
37,30% (8:2),30.0,7.0,20.0,,True,True,Mechanical activation,matrix,46.835,22.25,12.66,5.654999999999999,1.665,0.29,,2.14,,,,17.854999999999997,,27.94,,,440.5,,2.59,,,,,20.0,,1.0,mechanical,combined,,powder,15.0,0.0,29.1,0.6872852233676976,False
37,30% (6:4),30.0,7.0,22.5,,True,True,Mechanical activation,matrix,46.835,22.25,12.66,5.654999999999999,1.665,0.29,,2.14,,,,17.854999999999997,,27.94,,,440.5,,2.59,,,,,20.0,,1.0,mechanical,combined,,powder,15.0,0.0,29.1,0.7731958762886597,False
37,28d,30.0,28.0,27.0,,True,True,,sheet1,46.835,22.25,12.66,5.654999999999999,1.665,0.29,,2.14,,,,17.854999999999997,,27.94,,,440.5,,2.59,,,,,20.0,,1.0,mechanical,combined,,powder,15.0,0.0,33.6,0.8035714285714285,False
37,28d,30.0,28.0,28.2,,True,True,,sheet1,46.835,22.25,12.66,5.654999999999999,1.665,0.29,,2.14,,,,17.854999999999997,,27.94,,,440.5,,2.59,,,,,20.0,,1.0,mechanical,combined,,powder,15.0,0.0,33.6,0.8392857142857142,False
37,2),30.0,,20.0,,True,False,,sheet1,46.835,22.25,12.66,5.654999999999999,1.665,0.29,,2.14,,,,17.854999999999997,,27.94,,,440.5,,2.59,,,,,20.0,,1.0,mechanical,combined,,powder,15.0,0.0,,,False
37,4),30.0,,22.5,,True,False,,sheet1,46.835,22.25,12.66,5.654999999999999,1.665,0.29,,2.14,,,,17.854999999999997,,27.94,,,440.5,,2.59,,,,,20.0,,1.0,mechanical,combined,,powder,15.0,0.0,,,False
37,45% (8:2),45.0,7.0,19.2,,True,True,Mechanical activation,matrix,46.835,22.25,12.66,5.654999999999999,1.665,0.29,,2.14,,,,17.854999999999997,,27.94,,,440.5,,2.59,,,,,20.0,,1.0,mechanical,combined,,powder,15.0,0.0,29.1,0.6597938144329897,False
37,45% (6:4),45.0,7.0,20.3,,True,True,Mechanical activation,matrix,46.835,22.25,12.66,5.654999999999999,1.665,0.29,,2.14,,,,17.854999999999997,,27.94,,,440.5,,2.59,,,,,20.0,,1.0,mechanical,combined,,powder,15.0,0.0,29.1,0.697594501718213,False
37,28d,45.0,28.0,21.2,,True,True,,sheet1,46.835,22.25,12.66,5.654999999999999,1.665,0.29,,2.14,,,,17.854999999999997,,27.94,,,440.5,,2.59,,,,,20.0,,1.0,mechanical,combined,,powder,15.0,0.0,33.6,0.6309523809523809,False
37,28d GRAPH-DERIVED,45.0,28.0,24.2,,True,True,,sheet1,46.835,22.25,12.66,5.654999999999999,1.665,0.29,,2.14,,,,17.854999999999997,,27.94,,,440.5,,2.59,,,,,20.0,,1.0,mechanical,combined,,powder,15.0,0.0,33.6,0.7202380952380952,False
37,2),45.0,,19.2,,True,False,,sheet1,46.835,22.25,12.66,5.654999999999999,1.665,0.29,,2.14,,,,17.854999999999997,,27.94,,,440.5,,2.59,,,,,20.0,,1.0,mechanical,combined,,powder,15.0,0.0,,,False
37,4),45.0,,20.3,,True,False,,sheet1,46.835,22.25,12.66,5.654999999999999,1.665,0.29,,2.14,,,,17.854999999999997,,27.94,,,440.5,,2.59,,,,,20.0,,1.0,mechanical,combined,,powder,15.0,0.0,,,False
38,,0.0,,39.7,,False,False,,sheet1,34.82,24.48,8.52,6.99,3.19,0.21,1.66,0.81,17.89,,,,,,,,,,2.61,,0.6,,,,,,,combined,,powder,57.5,,,,False
38,,15.0,,34.6,,False,False,,sheet1,34.82,24.48,8.52,6.99,3.19,0.21,1.66,0.81,17.89,,,,,,,,,,2.61,,0.6,,,,,,,combined,,powder,57.5,,,,False
38,,30.0,,26.8,,False,False,,sheet1,34.82,24.48,8.52,6.99,3.19,0.21,1.66,0.81,17.89,,,,,,,,,,2.61,,0.6,,,,,,,combined,,powder,57.5,,,,False
38,,40.0,,20.1,,False,False,,sheet1,34.82,24.48,8.52,6.99,3.19,0.21,1.66,0.81,17.89,,,,,,,,,,2.61,,0.6,,,,,,,combined,,powder,57.5,,,,False
38,,60.0,,15.8,,False,False,,sheet1,34.82,24.48,8.52,6.99,3.19,0.21,1.66,0.81,17.89,,,,,,,,,,2.61,,0.6,,,,,,,combined,,powder,57.5,,,,False
38,,75.0,,5.8,,False,False,,sheet1,34.82,24.48,8.52,6.99,3.19,0.21,1.66,0.81,17.89,,,,,,,,,,2.61,,0.6,,,,,,,combined,,powder,57.5,,,,False
38,,100.0,,1.6,,False,False,,sheet1,34.82,24.48,8.52,6.99,3.19,0.21,1.66,0.81,17.89,,,,,,,,,,2.61,,0.6,,,,,,,combined,,powder,57.5,,,,False
39,3d,0.0,3.0,19.97,,False,True,,sheet1,33.4,44.9,8.4,1.0,5.4,,,1.7,,,,5.0,,,,,,,,,0.5,,,,,1.0,chemical,crushing,,fines,12.5,0.0,19.97,1.0,False
39,7d,0.0,7.0,26.64,,False,True,,sheet1,33.4,44.9,8.4,1.0,5.4,,,1.7,,,,5.0,,,,,,,,,0.5,,,,,1.0,chemical,crushing,,fines,12.5,0.0,26.64,1.0,False
39,28d,0.0,28.0,39.17,,False,True,,sheet1,33.4,44.9,8.4,1.0,5.4,,,1.7,,,,5.0,,,,,,,,,0.5,,,,,1.0,chemical,crushing,,fines,12.5,0.0,39.17,1.0,False
39,Control,0.0,,39.17,,False,False,,matrix,33.4,44.9,8.4,1.0,5.4,,,1.7,,,,5.0,,,,,,,,,0.5,,,,,1.0,chemical,crushing,,fines,12.5,0.0,,,False
42,0%,0.0,28.0,1.9,,True,True,,sheet1,57.02,21.32,10.93,3.45,2.54,1.17,,,,,,75.0,,86.4,,,,,,,0.6,,,,,1.0,,other,,powder,30.0,0.0,1.95,0.9743589743589743,False
42,0%,0.0,28.0,2.0,,True,True,,sheet1,57.02,21.32,10.93,3.45,2.54,1.17,,,,,,75.0,,86.4,,,,,,,0.6,,,,,1.0,,other,,powder,30.0,0.0,1.95,1.0256410256410258,False
42,NFC-II,0.0,,1.9,,True,False,,matrix,57.02,21.32,10.93,3.45,2.54,1.17,,,,,,75.0,,86.4,,,,,,,0.6,,,,,1.0,,other,,powder,30.0,0.0,,,False
42,NFC-1,0.0,,2.04,,True,False,,matrix,57.02,21.32,10.93,3.45,2.54,1.17,,,,,,75.0,,86.4,,,,,,,0.6,,,,,1.0,,other,,powder,30.0,0.0,,,False
42,10%,10.0,28.0,1.5,,True,True,,sheet1,57.02,21.32,10.93,3.45,2.54,1.17,,,,,,75.0,,86.4,,,,,,,0.6,,,,,1.0,,other,,powder,30.0,0.0,1.95,0.7692307692307693,False
42,10%,10.0,28.0,1.7,,True,True,,sheet1,57.02,21.32,10.93,3.45,2.54,1.17,,,,,,75.0,,86.4,,,,,,,0.6,,,,,1.0,,other,,powder,30.0,0.0,1.95,0.8717948717948718,False
42,RPFC10-II,10.0,,1.5,,True,False,,matrix,57.02,21.32,10.93,3.45,2.54,1.17,,,,,,75.0,,86.4,,,,,,,0.6,,,,,1.0,,other,,powder,30.0,0.0,,,False
42,RPFC10-1,10.0,,1.67,,True,False,,matrix,57.02,21.32,10.93,3.45,2.54,1.17,,,,,,75.0,,86.4,,,,,,,0.6,,,,,1.0,,other,,powder,30.0,0.0,,,False
42,20%,20.0,28.0,1.3,,True,True,,sheet1,57.02,21.32,10.93,3.45,2.54,1.17,,,,,,75.0,,86.4,,,,,,,0.6,,,,,1.0,,other,,powder,30.0,0.0,1.95,0.6666666666666667,False
42,20%,20.0,28.0,1.5,,True,True,,sheet1,57.02,21.32,10.93,3.45,2.54,1.17,,,,,,75.0,,86.4,,,,,,,0.6,,,,,1.0,,other,,powder,30.0,0.0,1.95,0.7692307692307693,False
42,RPFC20-11,20.0,,1.3,,True,False,,matrix,57.02,21.32,10.93,3.45,2.54,1.17,,,,,,75.0,,86.4,,,,,,,0.6,,,,,1.0,,other,,powder,30.0,0.0,,,False
42,RPFC20-1,20.0,,1.5,,True,False,,matrix,57.02,21.32,10.93,3.45,2.54,1.17,,,,,,75.0,,86.4,,,,,,,0.6,,,,,1.0,,other,,powder,30.0,0.0,,,False
42,30%,30.0,28.0,1.2,,True,True,,sheet1,57.02,21.32,10.93,3.45,2.54,1.17,,,,,,75.0,,86.4,,,,,,,0.6,,,,,1.0,,other,,powder,30.0,0.0,1.95,0.6153846153846154,False
42,30%,30.0,28.0,1.3,,True,True,,sheet1,57.02,21.32,10.93,3.45,2.54,1.17,,,,,,75.0,,86.4,,,,,,,0.6,,,,,1.0,,other,,powder,30.0,0.0,1.95,0.6666666666666667,False
42,RPFC30-II,30.0,,1.2,,True,False,,matrix,57.02,21.32,10.93,3.45,2.54,1.17,,,,,,75.0,,86.4,,,,,,,0.6,,,,,1.0,,other,,powder,30.0,0.0,,,False
42,RPFC30-1,30.0,,1.32,,True,False,,matrix,57.02,21.32,10.93,3.45,2.54,1.17,,,,,,75.0,,86.4,,,,,,,0.6,,,,,1.0,,other,,powder,30.0,0.0,,,False
42,40%,40.0,28.0,0.8,,True,True,,sheet1,57.02,21.32,10.93,3.45,2.54,1.17,,,,,,75.0,,86.4,,,,,,,0.6,,,,,1.0,,other,,powder,30.0,0.0,1.95,0.4102564102564103,False
42,40%,40.0,28.0,0.9,,True,True,,sheet1,57.02,21.32,10.93,3.45,2.54,1.17,,,,,,75.0,,86.4,,,,,,,0.6,,,,,1.0,,other,,powder,30.0,0.0,1.95,0.46153846153846156,False
42,RPFC40-II,40.0,,0.76,,True,False,,matrix,57.02,21.32,10.93,3.45,2.54,1.17,,,,,,75.0,,86.4,,,,,,,0.6,,,,,1.0,,other,,powder,30.0,0.0,,,False
42,RPFC40-1,40.0,,0.88,,True,False,,matrix,57.02,21.32,10.93,3.45,2.54,1.17,,,,,,75.0,,86.4,,,,,,,0.6,,,,,1.0,,other,,powder,30.0,0.0,,,False
43,FRAC,0.0,,2.22,,False,False,,matrix,57.01,21.3,10.93,3.45,1.82,1.17,1.58,2.22,,,,,,,,,,,,,0.45,,,30.0,,,mechanical,combined,,powder,10.0,,,,False
43,FCRAC,0.0,,2.71,,False,False,,matrix,57.01,21.3,10.93,3.45,1.82,1.17,1.58,2.22,,,,,,,,,,,,,0.45,,,30.0,,,mechanical,combined,,powder,10.0,,,,False
43,FFRAC,0.0,,2.83,,False,False,,matrix,57.01,21.3,10.93,3.45,1.82,1.17,1.58,2.22,,,,,,,,,,,,,0.45,,,30.0,,,mechanical,combined,,powder,10.0,,,,False
43,NAC,0.0,,3.63,,False,False,,matrix,57.01,21.3,10.93,3.45,1.82,1.17,1.58,2.22,,,,,,,,,,,,,0.45,,,30.0,,,mechanical,combined,,powder,10.0,,,,False
43,FFRAC,0.0,,57.9,,False,False,,matrix,57.01,21.3,10.93,3.45,1.82,1.17,1.58,2.22,,,,,,,,,,,,,0.45,,,30.0,,,mechanical,combined,,powder,10.0,,,,False
43,for 0% RP control,0.0,,58.3,,False,False,,sheet1,57.01,21.3,10.93,3.45,1.82,1.17,1.58,2.22,,,,,,,,,,,,,0.45,,,30.0,,,mechanical,combined,,powder,10.0,,,,False
43,FCRAC,0.0,,64.6,,False,False,,matrix,57.01,21.3,10.93,3.45,1.82,1.17,1.58,2.22,,,,,,,,,,,,,0.45,,,30.0,,,mechanical,combined,,powder,10.0,,,,False
43,NAC,0.0,,67.6,,False,False,,matrix,57.01,21.3,10.93,3.45,1.82,1.17,1.58,2.22,,,,,,,,,,,,,0.45,,,30.0,,,mechanical,combined,,powder,10.0,,,,False
43,FRAC-10,10.0,,2.19,,False,False,Mechanical activation,matrix,57.01,21.3,10.93,3.45,1.82,1.17,1.58,2.22,,,,,,,,,,,,,0.45,,,30.0,,,mechanical,combined,,powder,10.0,,,,False
43,for 10% RP,10.0,,58.4,,False,False,,sheet1,57.01,21.3,10.93,3.45,1.82,1.17,1.58,2.22,,,,,,,,,,,,,0.45,,,30.0,,,mechanical,combined,,powder,10.0,,,,False
43,FRAC-20,20.0,,2.08,,False,False,Mechanical activation,matrix,57.01,21.3,10.93,3.45,1.82,1.17,1.58,2.22,,,,,,,,,,,,,0.45,,,30.0,,,mechanical,combined,,powder,10.0,,,,False
43,for 20% RP,20.0,,56.9,,False,False,,sheet1,57.01,21.3,10.93,3.45,1.82,1.17,1.58,2.22,,,,,,,,,,,,,0.45,,,30.0,,,mechanical,combined,,powder,10.0,,,,False
43,FRAC-30,30.0,,1.95,,False,False,Mechanical activation,matrix,57.01,21.3,10.93,3.45,1.82,1.17,1.58,2.22,,,,,,,,,,,,,0.45,,,30.0,,,mechanical,combined,,powder,10.0,,,,False
43,for 30% RP,30.0,,52.7,,False,False,,sheet1,57.01,21.3,10.93,3.45,1.82,1.17,1.58,2.22,,,,,,,,,,,,,0.45,,,30.0,,,mechanical,combined,,powder,10.0,,,,False
44,Mref,0.0,7.0,82.0,,True,True,,matrix,17.08,11.39,1.89,0.57,0.53,0.4,,0.22,67.58,,1.78,14.2,44.7,,,,,12.033333333333331,2.33,,0.415,,,,,0.0,,combined,,fines,10.0,10.0,87.33333333333333,0.9389312977099237,False
44,Mref,0.0,7.0,88.0,,True,True,,matrix,17.08,11.39,1.89,0.57,0.53,0.4,,0.22,67.58,,1.78,14.2,44.7,,,,,12.033333333333331,2.33,,0.415,,,,,0.0,,combined,,fines,10.0,10.0,87.33333333333333,1.0076335877862597,False
44,Mref,0.0,7.0,92.0,,True,True,,matrix,17.08,11.39,1.89,0.57,0.53,0.4,,0.22,67.58,,1.78,14.2,44.7,,,,,12.033333333333331,2.33,,0.415,,,,,0.0,,combined,,fines,10.0,10.0,87.33333333333333,1.0534351145038168,False
44,MSF10,10.0,7.0,74.0,,True,True,,sheet1,17.08,11.39,1.89,0.57,0.53,0.4,,0.22,67.58,,1.78,14.2,44.7,,,,,12.033333333333331,2.33,,0.415,,,,,0.0,,combined,,fines,10.0,10.0,87.33333333333333,0.8473282442748092,False
44,MSF 10 / MSF10,10.0,7.0,89.0,,True,True,,matrix,17.08,11.39,1.89,0.57,0.53,0.4,,0.22,67.58,,1.78,14.2,44.7,,,,,12.033333333333331,2.33,,0.415,,,,,0.0,,combined,,fines,10.0,10.0,87.33333333333333,1.0190839694656488,False
44,MSF 10 / MSF10,10.0,7.0,92.0,,True,True,,matrix,17.08,11.39,1.89,0.57,0.53,0.4,,0.22,67.58,,1.78,14.2,44.7,,,,,12.033333333333331,2.33,,0.415,,,,,0.0,,combined,,fines,10.0,10.0,87.33333333333333,1.0534351145038168,False
44,MSF10,10.0,28.0,89.0,,True,True,,sheet1,17.08,11.39,1.89,0.57,0.53,0.4,,0.22,67.58,,1.78,14.2,44.7,,,,,12.033333333333331,2.33,,0.415,,,,,0.0,,combined,,fines,10.0,10.0,,,False
44,MSF10,10.0,56.0,92.0,,True,True,,sheet1,17.08,11.39,1.89,0.57,0.53,0.4,,0.22,67.58,,1.78,14.2,44.7,,,,,12.033333333333331,2.33,,0.415,,,,,0.0,,combined,,fines,10.0,10.0,,,False
44,MSF20,20.0,7.0,54.0,,True,True,,sheet1,17.08,11.39,1.89,0.57,0.53,0.4,,0.22,67.58,,1.78,14.2,44.7,,,,,12.033333333333331,2.33,,0.415,,,,,0.0,,combined,,fines,10.0,10.0,87.33333333333333,0.6183206106870229,False
44,MSF 20 / MSF20,20.0,7.0,71.0,,True,True,,matrix,17.08,11.39,1.89,0.57,0.53,0.4,,0.22,67.58,,1.78,14.2,44.7,,,,,12.033333333333331,2.33,,0.415,,,,,0.0,,combined,,fines,10.0,10.0,87.33333333333333,0.8129770992366413,False
44,MSF 20 / MSF20,20.0,7.0,74.0,,True,True,,matrix,17.08,11.39,1.89,0.57,0.53,0.4,,0.22,67.58,,1.78,14.2,44.7,,,,,12.033333333333331,2.33,,0.415,,,,,0.0,,combined,,fines,10.0,10.0,87.33333333333333,0.8473282442748092,False
44,MSF20,20.0,28.0,71.0,,True,True,,sheet1,17.08,11.39,1.89,0.57,0.53,0.4,,0.22,67.58,,1.78,14.2,44.7,,,,,12.033333333333331,2.33,,0.415,,,,,0.0,,combined,,fines,10.0,10.0,,,False
44,MSF20,20.0,56.0,74.0,,True,True,,sheet1,17.08,11.39,1.89,0.57,0.53,0.4,,0.22,67.58,,1.78,14.2,44.7,,,,,12.033333333333331,2.33,,0.415,,,,,0.0,,combined,,fines,10.0,10.0,,,False
44,MSF30,30.0,7.0,51.0,,True,True,,sheet1,17.08,11.39,1.89,0.57,0.53,0.4,,0.22,67.58,,1.78,14.2,44.7,,,,,12.033333333333331,2.33,,0.415,,,,,0.0,,combined,,fines,10.0,10.0,87.33333333333333,0.583969465648855,False
44,MSF 30 / MSF30,30.0,7.0,59.0,,True,True,,matrix,17.08,11.39,1.89,0.57,0.53,0.4,,0.22,67.58,,1.78,14.2,44.7,,,,,12.033333333333331,2.33,,0.415,,,,,0.0,,combined,,fines,10.0,10.0,87.33333333333333,0.6755725190839695,False
44,MSF 30 / MSF30,30.0,7.0,65.0,,True,True,,matrix,17.08,11.39,1.89,0.57,0.53,0.4,,0.22,67.58,,1.78,14.2,44.7,,,,,12.033333333333331,2.33,,0.415,,,,,0.0,,combined,,fines,10.0,10.0,87.33333333333333,0.7442748091603054,False
44,MSF30,30.0,28.0,59.0,,True,True,,sheet1,17.08,11.39,1.89,0.57,0.53,0.4,,0.22,67.58,,1.78,14.2,44.7,,,,,12.033333333333331,2.33,,0.415,,,,,0.0,,combined,,fines,10.0,10.0,,,False
44,MSF30,30.0,56.0,65.0,,True,True,,sheet1,17.08,11.39,1.89,0.57,0.53,0.4,,0.22,67.58,,1.78,14.2,44.7,,,,,12.033333333333331,2.33,,0.415,,,,,0.0,,combined,,fines,10.0,10.0,,,False
46,RGP0,0.0,,14.56,,False,False,,matrix,,,,,,,,,,,,,,,,,,,,,,,,,,2.0,,combined,,fines,30.0,,,,False
46,RGP0,0.0,,42.3,,False,False,,sheet1,,,,,,,,,,,,,,,,,,,,,,,,,,2.0,,combined,,fines,30.0,,,,False
46,RGP10,10.0,,14.02,,False,False,,matrix,,,,,,,,,,,,,,,,,,,,,,,,,,2.0,,combined,,fines,30.0,,,,False
46,RGP10,10.0,,42.2,,False,False,,sheet1,,,,,,,,,,,,,,,,,,,,,,,,,,2.0,,combined,,fines,30.0,,,,False
46,RGP20,20.0,,12.4,,False,False,,matrix,,,,,,,,,,,,,,,,,,,,,,,,,,2.0,,combined,,fines,30.0,,,,False
46,RGP20,20.0,,36.7,,False,False,,sheet1,,,,,,,,,,,,,,,,,,,,,,,,,,2.0,,combined,,fines,30.0,,,,False
46,PS 300,30.0,,7.64,,False,False,,matrix,,,,,,,,,,,,,,,,,,,,,,,,,,2.0,,combined,,fines,30.0,,,,False
46,Fibre1.25,30.0,,9.09,,False,False,,matrix,,,,,,,,,,,,,,,,,,,,,,,,,,2.0,,combined,,fines,30.0,,,,False
46,PS150,30.0,,9.61,,False,False,,matrix,,,,,,,,,,,,,,,,,,,,,,,,,,2.0,,combined,,fines,30.0,,,,False
46,FibreL6,30.0,,9.9,,False,False,,matrix,,,,,,,,,,,,,,,,,,,,,,,,,,2.0,,combined,,fines,30.0,,,,False
46,FibreL12,30.0,,9.92,,False,False,,matrix,,,,,,,,,,,,,,,,,,,,,,,,,,2.0,,combined,,fines,30.0,,,,False
46,Fibre1.5,30.0,,9.95,,False,False,,matrix,,,,,,,,,,,,,,,,,,,,,,,,,,2.0,,combined,,fines,30.0,,,,False
46,Fibre1.75,30.0,,10.96,,False,False,,matrix,,,,,,,,,,,,,,,,,,,,,,,,,,2.0,,combined,,fines,30.0,,,,False
46,RGP30,30.0,,11.24,,False,False,,matrix,,,,,,,,,,,,,,,,,,,,,,,,,,2.0,,combined,,fines,30.0,,,,False
46,PS 300,30.0,,26.6,,False,False,,matrix,,,,,,,,,,,,,,,,,,,,,,,,,,2.0,,combined,,fines,30.0,,,,False
46,FibreL6,30.0,,28.6,,False,False,,matrix,,,,,,,,,,,,,,,,,,,,,,,,,,2.0,,combined,,fines,30.0,,,,False
46,Fibre1.25,30.0,,29.3,,False,False,,matrix,,,,,,,,,,,,,,,,,,,,,,,,,,2.0,,combined,,fines,30.0,,,,False
46,PS150,30.0,,29.4,,False,False,,matrix,,,,,,,,,,,,,,,,,,,,,,,,,,2.0,,combined,,fines,30.0,,,,False
46,FibreL12,30.0,,31.1,,False,False,,matrix,,,,,,,,,,,,,,,,,,,,,,,,,,2.0,,combined,,fines,30.0,,,,False
46,Fibre1.5,30.0,,31.2,,False,False,,matrix,,,,,,,,,,,,,,,,,,,,,,,,,,2.0,,combined,,fines,30.0,,,,False
46,RGP30,30.0,,32.4,,False,False,,sheet1,,,,,,,,,,,,,,,,,,,,,,,,,,2.0,,combined,,fines,30.0,,,,False
46,Fibre1.75,30.0,,33.4,,False,False,,matrix,,,,,,,,,,,,,,,,,,,,,,,,,,2.0,,combined,,fines,30.0,,,,False
47,,15.0,1.0,9.0,,False,True,,sheet1,48.69,30.94,9.0,4.35,2.73,1.04,0.94,1.81,17.13,,,25.29,,,2339.5,,351.0,,2.5,,0.5,,,,,1.0,,crushing,mixed,powder,15.0,15.0,,,False
47,,15.0,3.0,23.3,,False,True,,sheet1,48.69,30.94,9.0,4.35,2.73,1.04,0.94,1.81,17.13,,,25.29,,,2339.5,,351.0,,2.5,,0.5,,,,,1.0,,crushing,mixed,powder,15.0,15.0,,,False
47,,15.0,7.0,35.5,,False,True,,sheet1,48.69,30.94,9.0,4.35,2.73,1.04,0.94,1.81,17.13,,,25.29,,,2339.5,,351.0,,2.5,,0.5,,,,,1.0,,crushing,mixed,powder,15.0,15.0,,,False
47,,15.0,28.0,48.0,,False,True,,sheet1,48.69,30.94,9.0,4.35,2.73,1.04,0.94,1.81,17.13,,,25.29,,,2339.5,,351.0,,2.5,,0.5,,,,,1.0,,crushing,mixed,powder,15.0,15.0,,,False
47,,15.0,56.0,59.0,,False,True,,sheet1,48.69,30.94,9.0,4.35,2.73,1.04,0.94,1.81,17.13,,,25.29,,,2339.5,,351.0,,2.5,,0.5,,,,,1.0,,crushing,mixed,powder,15.0,15.0,,,False
47,,30.0,3.0,17.7,,False,True,,sheet1,48.69,30.94,9.0,4.35,2.73,1.04,0.94,1.81,17.13,,,25.29,,,2339.5,,351.0,,2.5,,0.5,,,,,1.0,,crushing,mixed,powder,15.0,15.0,,,False
47,,30.0,7.0,27.3,,False,True,,sheet1,48.69,30.94,9.0,4.35,2.73,1.04,0.94,1.81,17.13,,,25.29,,,2339.5,,351.0,,2.5,,0.5,,,,,1.0,,crushing,mixed,powder,15.0,15.0,,,False
47,,30.0,28.0,35.5,,False,True,,sheet1,48.69,30.94,9.0,4.35,2.73,1.04,0.94,1.81,17.13,,,25.29,,,2339.5,,351.0,,2.5,,0.5,,,,,1.0,,crushing,mixed,powder,15.0,15.0,,,False
47,RCP30,30.0,56.0,6.3,,False,True,,sheet1,48.69,30.94,9.0,4.35,2.73,1.04,0.94,1.81,17.13,,,25.29,,,2339.5,,351.0,,2.5,,0.5,,,,,1.0,,crushing,mixed,powder,15.0,15.0,,,False
47,,30.0,56.0,42.7,,False,True,,sheet1,48.69,30.94,9.0,4.35,2.73,1.04,0.94,1.81,17.13,,,25.29,,,2339.5,,351.0,,2.5,,0.5,,,,,1.0,,crushing,mixed,powder,15.0,15.0,,,False
47,,45.0,3.0,9.7,,False,True,,sheet1,48.69,30.94,9.0,4.35,2.73,1.04,0.94,1.81,17.13,,,25.29,,,2339.5,,351.0,,2.5,,0.5,,,,,1.0,,crushing,mixed,powder,15.0,15.0,,,False
47,,45.0,7.0,16.2,,False,True,,sheet1,48.69,30.94,9.0,4.35,2.73,1.04,0.94,1.81,17.13,,,25.29,,,2339.5,,351.0,,2.5,,0.5,,,,,1.0,,crushing,mixed,powder,15.0,15.0,,,False
47,,45.0,28.0,19.8,,False,True,,sheet1,48.69,30.94,9.0,4.35,2.73,1.04,0.94,1.81,17.13,,,25.29,,,2339.5,,351.0,,2.5,,0.5,,,,,1.0,,crushing,mixed,powder,15.0,15.0,,,False
47,RCP45,45.0,56.0,3.5,,False,True,,sheet1,48.69,30.94,9.0,4.35,2.73,1.04,0.94,1.81,17.13,,,25.29,,,2339.5,,351.0,,2.5,,0.5,,,,,1.0,,crushing,mixed,powder,15.0,15.0,,,False
47,,45.0,56.0,34.0,,False,True,,sheet1,48.69,30.94,9.0,4.35,2.73,1.04,0.94,1.81,17.13,,,25.29,,,2339.5,,351.0,,2.5,,0.5,,,,,1.0,,crushing,mixed,powder,15.0,15.0,,,False
48,,0.0,,14.5,0.5,True,False,,sheet1,39.46666666666667,37.59666666666666,9.413333333333332,5.18,1.9,1.9266666666666667,1.1466666666666667,1.2133333333333334,15.366666666666667,,5.23,39.23333333333333,86.63333333333333,,,11818.333333333334,,,2.48,,0.45,,,,,,,combined,calcite,powder,10.0,,,,False
48,RFP10,8.0,,15.2,,True,False,,matrix,39.46666666666667,37.59666666666666,9.413333333333332,5.18,1.9,1.9266666666666667,1.1466666666666667,1.2133333333333334,15.366666666666667,,5.23,39.23333333333333,86.63333333333333,,,11818.333333333334,,,2.48,,0.45,,,,,,,combined,calcite,powder,10.0,,,,False
48,RCP10,8.2,,12.3,,True,False,,matrix,39.46666666666667,37.59666666666666,9.413333333333332,5.18,1.9,1.9266666666666667,1.1466666666666667,1.2133333333333334,15.366666666666667,,5.23,39.23333333333333,86.63333333333333,,,11818.333333333334,,,2.48,,0.45,,,,,,,combined,calcite,powder,10.0,,,,False
48,RMP10,8.2,,12.5,,True,False,,matrix,39.46666666666667,37.59666666666666,9.413333333333332,5.18,1.9,1.9266666666666667,1.1466666666666667,1.2133333333333334,15.366666666666667,,5.23,39.23333333333333,86.63333333333333,,,11818.333333333334,,,2.48,,0.45,,,,,,,combined,calcite,powder,10.0,,,,False
48,,10.0,,12.3,0.5,True,False,,sheet1,39.46666666666667,37.59666666666666,9.413333333333332,5.18,1.9,1.9266666666666667,1.1466666666666667,1.2133333333333334,15.366666666666667,,5.23,39.23333333333333,86.63333333333333,,,11818.333333333334,,,2.48,,0.45,,,,,,,combined,calcite,powder,10.0,,,,False
48,,10.0,,12.5,0.5,True,False,,sheet1,39.46666666666667,37.59666666666666,9.413333333333332,5.18,1.9,1.9266666666666667,1.1466666666666667,1.2133333333333334,15.366666666666667,,5.23,39.23333333333333,86.63333333333333,,,11818.333333333334,,,2.48,,0.45,,,,,,,combined,calcite,powder,10.0,,,,False
48,,10.0,,15.2,0.5,True,False,,sheet1,39.46666666666667,37.59666666666666,9.413333333333332,5.18,1.9,1.9266666666666667,1.1466666666666667,1.2133333333333334,15.366666666666667,,5.23,39.23333333333333,86.63333333333333,,,11818.333333333334,,,2.48,,0.45,,,,,,,combined,calcite,powder,10.0,,,,False
48,RFP20,16.1,,13.1,,True,False,,matrix,39.46666666666667,37.59666666666666,9.413333333333332,5.18,1.9,1.9266666666666667,1.1466666666666667,1.2133333333333334,15.366666666666667,,5.23,39.23333333333333,86.63333333333333,,,11818.333333333334,,,2.48,,0.45,,,,,,,combined,calcite,powder,10.0,,,,False
48,RCP20,16.5,,11.2,,True,False,,matrix,39.46666666666667,37.59666666666666,9.413333333333332,5.18,1.9,1.9266666666666667,1.1466666666666667,1.2133333333333334,15.366666666666667,,5.23,39.23333333333333,86.63333333333333,,,11818.333333333334,,,2.48,,0.45,,,,,,,combined,calcite,powder,10.0,,,,False
48,RMP20,16.5,,11.8,,True,False,,matrix,39.46666666666667,37.59666666666666,9.413333333333332,5.18,1.9,1.9266666666666667,1.1466666666666667,1.2133333333333334,15.366666666666667,,5.23,39.23333333333333,86.63333333333333,,,11818.333333333334,,,2.48,,0.45,,,,,,,combined,calcite,powder,10.0,,,,False
48,,20.0,,11.2,0.5,True,False,,sheet1,39.46666666666667,37.59666666666666,9.413333333333332,5.18,1.9,1.9266666666666667,1.1466666666666667,1.2133333333333334,15.366666666666667,,5.23,39.23333333333333,86.63333333333333,,,11818.333333333334,,,2.48,,0.45,,,,,,,combined,calcite,powder,10.0,,,,False
48,,20.0,,11.8,0.5,True,False,,sheet1,39.46666666666667,37.59666666666666,9.413333333333332,5.18,1.9,1.9266666666666667,1.1466666666666667,1.2133333333333334,15.366666666666667,,5.23,39.23333333333333,86.63333333333333,,,11818.333333333334,,,2.48,,0.45,,,,,,,combined,calcite,powder,10.0,,,,False
48,,20.0,,13.1,0.5,True,False,,sheet1,39.46666666666667,37.59666666666666,9.413333333333332,5.18,1.9,1.9266666666666667,1.1466666666666667,1.2133333333333334,15.366666666666667,,5.23,39.23333333333333,86.63333333333333,,,11818.333333333334,,,2.48,,0.45,,,,,,,combined,calcite,powder,10.0,,,,False
48,RFP30,24.1,,10.2,,True,False,,matrix,39.46666666666667,37.59666666666666,9.413333333333332,5.18,1.9,1.9266666666666667,1.1466666666666667,1.2133333333333334,15.366666666666667,,5.23,39.23333333333333,86.63333333333333,,,11818.333333333334,,,2.48,,0.45,,,,,,,combined,calcite,powder,10.0,,,,False
48,RCP30,24.7,,9.8,,True,False,,matrix,39.46666666666667,37.59666666666666,9.413333333333332,5.18,1.9,1.9266666666666667,1.1466666666666667,1.2133333333333334,15.366666666666667,,5.23,39.23333333333333,86.63333333333333,,,11818.333333333334,,,2.48,,0.45,,,,,,,combined,calcite,powder,10.0,,,,False
48,RMP30,24.7,,10.1,,True,False,,matrix,39.46666666666667,37.59666666666666,9.413333333333332,5.18,1.9,1.9266666666666667,1.1466666666666667,1.2133333333333334,15.366666666666667,,5.23,39.23333333333333,86.63333333333333,,,11818.333333333334,,,2.48,,0.45,,,,,,,combined,calcite,powder,10.0,,,,False
48,,30.0,,9.8,0.5,True,False,,sheet1,39.46666666666667,37.59666666666666,9.413333333333332,5.18,1.9,1.9266666666666667,1.1466666666666667,1.2133333333333334,15.366666666666667,,5.23,39.23333333333333,86.63333333333333,,,11818.333333333334,,,2.48,,0.45,,,,,,,combined,calcite,powder,10.0,,,,False
48,,30.0,,10.1,0.5,True,False,,sheet1,39.46666666666667,37.59666666666666,9.413333333333332,5.18,1.9,1.9266666666666667,1.1466666666666667,1.2133333333333334,15.366666666666667,,5.23,39.23333333333333,86.63333333333333,,,11818.333333333334,,,2.48,,0.45,,,,,,,combined,calcite,powder,10.0,,,,False
48,,30.0,,10.2,0.5,True,False,,sheet1,39.46666666666667,37.59666666666666,9.413333333333332,5.18,1.9,1.9266666666666667,1.1466666666666667,1.2133333333333334,15.366666666666667,,5.23,39.23333333333333,86.63333333333333,,,11818.333333333334,,,2.48,,0.45,,,,,,,combined,calcite,powder,10.0,,,,False
49,Ref,0.0,,54.9,,False,False,,matrix,,,,,,,,,6.412499999999999,,3.5,13.666666666666666,59.0,,234.6,,,,,2478.8888888888887,,,,10.0,600.0,0.0,,combined,,powder,,,,,False
49,R4 - 10%,10.0,,39.0,,False,False,Mechanical Grinding,matrix,,,,,,,,,6.412499999999999,,3.5,13.666666666666666,59.0,,234.6,,,,,2478.8888888888887,,,,10.0,600.0,0.0,,combined,,powder,,,,,False
49,R5 - 10%,10.0,,40.8,,False,False,Mechanical Grinding,matrix,,,,,,,,,6.412499999999999,,3.5,13.666666666666666,59.0,,234.6,,,,,2478.8888888888887,,,,10.0,600.0,0.0,,combined,,powder,,,,,False
49,R2 - 10%,10.0,,43.4,,False,False,Mechanical Grinding,matrix,,,,,,,,,6.412499999999999,,3.5,13.666666666666666,59.0,,234.6,,,,,2478.8888888888887,,,,10.0,600.0,0.0,,combined,,powder,,,,,False
49,R6 - 10%,10.0,,43.7,,False,False,Mechanical Grinding,matrix,,,,,,,,,6.412499999999999,,3.5,13.666666666666666,59.0,,234.6,,,,,2478.8888888888887,,,,10.0,600.0,0.0,,combined,,powder,,,,,False
49,R3 - 10%,10.0,,44.1,,False,False,Mechanical Grinding,matrix,,,,,,,,,6.412499999999999,,3.5,13.666666666666666,59.0,,234.6,,,,,2478.8888888888887,,,,10.0,600.0,0.0,,combined,,powder,,,,,False
49,L - 10%,10.0,,45.1,,False,False,,matrix,,,,,,,,,6.412499999999999,,3.5,13.666666666666666,59.0,,234.6,,,,,2478.8888888888887,,,,10.0,600.0,0.0,,combined,,powder,,,,,False
49,10%,10.0,,47.2,,False,False,,sheet1,,,,,,,,,6.412499999999999,,3.5,13.666666666666666,59.0,,234.6,,,,,2478.8888888888887,,,,10.0,600.0,0.0,,combined,,powder,,,,,False
49,20%,20.0,,32.7,,False,False,,sheet1,,,,,,,,,6.412499999999999,,3.5,13.666666666666666,59.0,,234.6,,,,,2478.8888888888887,,,,10.0,600.0,0.0,,combined,,powder,,,,,False
49,20%,20.0,,34.5,,False,False,,sheet1,,,,,,,,,6.412499999999999,,3.5,13.666666666666666,59.0,,234.6,,,,,2478.8888888888887,,,,10.0,600.0,0.0,,combined,,powder,,,,,False
49,20%,20.0,,36.6,,False,False,,sheet1,,,,,,,,,6.412499999999999,,3.5,13.666666666666666,59.0,,234.6,,,,,2478.8888888888887,,,,10.0,600.0,0.0,,combined,,powder,,,,,False
49,20%,20.0,,38.1,,False,False,,sheet1,,,,,,,,,6.412499999999999,,3.5,13.666666666666666,59.0,,234.6,,,,,2478.8888888888887,,,,10.0,600.0,0.0,,combined,,powder,,,,,False
49,20%,20.0,,38.7,,False,False,,sheet1,,,,,,,,,6.412499999999999,,3.5,13.666666666666666,59.0,,234.6,,,,,2478.8888888888887,,,,10.0,600.0,0.0,,combined,,powder,,,,,False
49,L - 20%,20.0,,40.8,,False,False,,matrix,,,,,,,,,6.412499999999999,,3.5,13.666666666666666,59.0,,234.6,,,,,2478.8888888888887,,,,10.0,600.0,0.0,,combined,,powder,,,,,False
49,20%,20.0,,41.3,,False,False,,sheet1,,,,,,,,,6.412499999999999,,3.5,13.666666666666666,59.0,,234.6,,,,,2478.8888888888887,,,,10.0,600.0,0.0,,combined,,powder,,,,,False
49,30%,30.0,,26.7,,False,False,,sheet1,,,,,,,,,6.412499999999999,,3.5,13.666666666666666,59.0,,234.6,,,,,2478.8888888888887,,,,10.0,600.0,0.0,,combined,,powder,,,,,False
49,30%,30.0,,28.2,,False,False,,sheet1,,,,,,,,,6.412499999999999,,3.5,13.666666666666666,59.0,,234.6,,,,,2478.8888888888887,,,,10.0,600.0,0.0,,combined,,powder,,,,,False
49,30%,30.0,,30.4,,False,False,,sheet1,,,,,,,,,6.412499999999999,,3.5,13.666666666666666,59.0,,234.6,,,,,2478.8888888888887,,,,10.0,600.0,0.0,,combined,,powder,,,,,False
49,30%,30.0,,31.5,,False,False,,sheet1,,,,,,,,,6.412499999999999,,3.5,13.666666666666666,59.0,,234.6,,,,,2478.8888888888887,,,,10.0,600.0,0.0,,combined,,powder,,,,,False
49,L - 30%,30.0,,33.7,,False,False,,matrix,,,,,,,,,6.412499999999999,,3.5,13.666666666666666,59.0,,234.6,,,,,2478.8888888888887,,,,10.0,600.0,0.0,,combined,,powder,,,,,False
49,30%,30.0,,33.9,,False,False,,sheet1,,,,,,,,,6.412499999999999,,3.5,13.666666666666666,59.0,,234.6,,,,,2478.8888888888887,,,,10.0,600.0,0.0,,combined,,powder,,,,,False
49,30%,30.0,,34.2,,False,False,,sheet1,,,,,,,,,6.412499999999999,,3.5,13.666666666666666,59.0,,234.6,,,,,2478.8888888888887,,,,10.0,600.0,0.0,,combined,,powder,,,,,False
49,R4,30.0,,39.0,,False,False,,sheet1,,,,,,,,,6.412499999999999,,3.5,13.666666666666666,59.0,,234.6,,,,,2478.8888888888887,,,,10.0,600.0,0.0,,combined,,powder,,,,,False
49,R5,30.0,,40.8,,False,False,,sheet1,,,,,,,,,6.412499999999999,,3.5,13.666666666666666,59.0,,234.6,,,,,2478.8888888888887,,,,10.0,600.0,0.0,,combined,,powder,,,,,False
49,R2,30.0,,43.4,,False,False,,sheet1,,,,,,,,,6.412499999999999,,3.5,13.666666666666666,59.0,,234.6,,,,,2478.8888888888887,,,,10.0,600.0,0.0,,combined,,powder,,,,,False
49,R6,30.0,,43.7,,False,False,,sheet1,,,,,,,,,6.412499999999999,,3.5,13.666666666666666,59.0,,234.6,,,,,2478.8888888888887,,,,10.0,600.0,0.0,,combined,,powder,,,,,False
49,R3,30.0,,44.1,,False,False,,sheet1,,,,,,,,,6.412499999999999,,3.5,13.666666666666666,59.0,,234.6,,,,,2478.8888888888887,,,,10.0,600.0,0.0,,combined,,powder,,,,,False
50,Reference,0.0,,34.7,,False,False,,matrix,17.44,22.82166666666667,5.178333333333334,5.191666666666667,1.581666666666667,1.663333333333333,,2.4250000000000003,,,,,,,,,,,,2198.333333333333,0.484,,,,,,,combined,,powder,15.0,,,,False
50,RCPM3-10,10.0,,16.2,,False,False,,sheet1,17.44,22.82166666666667,5.178333333333334,5.191666666666667,1.581666666666667,1.663333333333333,,2.4250000000000003,,,,,,,,,,,,2198.333333333333,0.484,,,,,,,combined,,powder,15.0,,,,False
50,RCPM2-10,10.0,,29.5,,False,False,,sheet1,17.44,22.82166666666667,5.178333333333334,5.191666666666667,1.581666666666667,1.663333333333333,,2.4250000000000003,,,,,,,,,,,,2198.333333333333,0.484,,,,,,,combined,,powder,15.0,,,,False
50,,10.0,,32.2,,False,False,,sheet1,17.44,22.82166666666667,5.178333333333334,5.191666666666667,1.581666666666667,1.663333333333333,,2.4250000000000003,,,,,,,,,,,,2198.333333333333,0.484,,,,,,,combined,,powder,15.0,,,,False
50,RCPM3-20,20.0,,15.4,,False,False,,sheet1,17.44,22.82166666666667,5.178333333333334,5.191666666666667,1.581666666666667,1.663333333333333,,2.4250000000000003,,,,,,,,,,,,2198.333333333333,0.484,,,,,,,combined,,powder,15.0,,,,False
50,RCPM2-20,20.0,,24.8,,False,False,,sheet1,17.44,22.82166666666667,5.178333333333334,5.191666666666667,1.581666666666667,1.663333333333333,,2.4250000000000003,,,,,,,,,,,,2198.333333333333,0.484,,,,,,,combined,,powder,15.0,,,,False
50,RCPM1-20,20.0,,29.5,,False,False,,sheet1,17.44,22.82166666666667,5.178333333333334,5.191666666666667,1.581666666666667,1.663333333333333,,2.4250000000000003,,,,,,,,,,,,2198.333333333333,0.484,,,,,,,combined,,powder,15.0,,,,False
50,RCPM3-30,30.0,,10.9,,False,False,,sheet1,17.44,22.82166666666667,5.178333333333334,5.191666666666667,1.581666666666667,1.663333333333333,,2.4250000000000003,,,,,,,,,,,,2198.333333333333,0.484,,,,,,,combined,,powder,15.0,,,,False
50,RCPM2-30,30.0,,22.4,,False,False,,sheet1,17.44,22.82166666666667,5.178333333333334,5.191666666666667,1.581666666666667,1.663333333333333,,2.4250000000000003,,,,,,,,,,,,2198.333333333333,0.484,,,,,,,combined,,powder,15.0,,,,False
50,RCPM1-30,30.0,,22.8,,False,False,,sheet1,17.44,22.82166666666667,5.178333333333334,5.191666666666667,1.581666666666667,1.663333333333333,,2.4250000000000003,,,,,,,,,,,,2198.333333333333,0.484,,,,,,,combined,,powder,15.0,,,,False
51,Cement,0.0,1.0,12.0,,False,True,,matrix,29.25,42.54,6.865,6.365,1.12,1.22,0.2,4.404999999999999,16.42,37.1,3.089,13.08,44.589,,,7760.0,,10.55,,,0.45,,,,,1.0,,combined,mixed,powder,,,12.0,1.0,False
51,C/RCPI10,10.0,1.0,7.88,,False,True,,matrix,29.25,42.54,6.865,6.365,1.12,1.22,0.2,4.404999999999999,16.42,37.1,3.089,13.08,44.589,,,7760.0,,10.55,,,0.45,,,,,1.0,,combined,mixed,powder,,,12.0,0.6566666666666666,False
51,C/RCPII10,10.0,1.0,10.98,,False,True,,matrix,29.25,42.54,6.865,6.365,1.12,1.22,0.2,4.404999999999999,16.42,37.1,3.089,13.08,44.589,,,7760.0,,10.55,,,0.45,,,,,1.0,,combined,mixed,powder,,,12.0,0.915,False
51,C/RCPI10,10.0,,7.88,,False,False,,sheet1,29.25,42.54,6.865,6.365,1.12,1.22,0.2,4.404999999999999,16.42,37.1,3.089,13.08,44.589,,,7760.0,,10.55,,,0.45,,,,,1.0,,combined,mixed,powder,,,,,False
51,C/RCPII10,10.0,,10.98,,False,False,,sheet1,29.25,42.54,6.865,6.365,1.12,1.22,0.2,4.404999999999999,16.42,37.1,3.089,13.08,44.589,,,7760.0,,10.55,,,0.45,,,,,1.0,,combined,mixed,powder,,,,,False
51,C/RCPI20,20.0,1.0,6.84,,False,True,,matrix,29.25,42.54,6.865,6.365,1.12,1.22,0.2,4.404999999999999,16.42,37.1,3.089,13.08,44.589,,,7760.0,,10.55,,,0.45,,,,,1.0,,combined,mixed,powder,,,12.0,0.57,False
51,C/RCPII20,20.0,1.0,7.81,,False,True,,matrix,29.25,42.54,6.865,6.365,1.12,1.22,0.2,4.404999999999999,16.42,37.1,3.089,13.08,44.589,,,7760.0,,10.55,,,0.45,,,,,1.0,,combined,mixed,powder,,,12.0,0.6508333333333333,False
51,C/RCPI20,20.0,,6.84,,False,False,,sheet1,29.25,42.54,6.865,6.365,1.12,1.22,0.2,4.404999999999999,16.42,37.1,3.089,13.08,44.589,,,7760.0,,10.55,,,0.45,,,,,1.0,,combined,mixed,powder,,,,,False
51,C/RCPII20,20.0,,7.81,,False,False,,sheet1,29.25,42.54,6.865,6.365,1.12,1.22,0.2,4.404999999999999,16.42,37.1,3.089,13.08,44.589,,,7760.0,,10.55,,,0.45,,,,,1.0,,combined,mixed,powder,,,,,False
51,C/RCPI30,30.0,1.0,5.92,,False,True,,matrix,29.25,42.54,6.865,6.365,1.12,1.22,0.2,4.404999999999999,16.42,37.1,3.089,13.08,44.589,,,7760.0,,10.55,,,0.45,,,,,1.0,,combined,mixed,powder,,,12.0,0.49333333333333335,False
51,C/RCPII30,30.0,1.0,5.94,,False,True,,matrix,29.25,42.54,6.865,6.365,1.12,1.22,0.2,4.404999999999999,16.42,37.1,3.089,13.08,44.589,,,7760.0,,10.55,,,0.45,,,,,1.0,,combined,mixed,powder,,,12.0,0.49500000000000005,False
51,C/RCPI30,30.0,,5.92,,False,False,,sheet1,29.25,42.54,6.865,6.365,1.12,1.22,0.2,4.404999999999999,16.42,37.1,3.089,13.08,44.589,,,7760.0,,10.55,,,0.45,,,,,1.0,,combined,mixed,powder,,,,,False
51,C/RCPII30,30.0,,5.94,,False,False,,sheet1,29.25,42.54,6.865,6.365,1.12,1.22,0.2,4.404999999999999,16.42,37.1,3.089,13.08,44.589,,,7760.0,,10.55,,,0.45,,,,,1.0,,combined,mixed,powder,,,,,False
52,RAC,0.0,7.0,36.8,,True,True,,matrix,48.82,27.08,11.76,3.5,3.04,0.71,1.62,2.59,0.88,,,,,15.16,,,,,,,0.35,,,,,2.0,,milling,quartz,powder,11.0,0.0,36.8,1.0,False
52,RAC,0.0,28.0,43.2,,True,True,,matrix,48.82,27.08,11.76,3.5,3.04,0.71,1.62,2.59,0.88,,,,,15.16,,,,,,,0.35,,,,,2.0,,milling,quartz,powder,11.0,0.0,43.2,1.0,False
52,RAC,0.0,56.0,48.3,,True,True,,matrix,48.82,27.08,11.76,3.5,3.04,0.71,1.62,2.59,0.88,,,,,15.16,,,,,,,0.35,,,,,2.0,,milling,quartz,powder,11.0,0.0,48.3,1.0,False
52,RPAC1,5.5,7.0,33.6,,True,True,,matrix,48.82,27.08,11.76,3.5,3.04,0.71,1.62,2.59,0.88,,,,,15.16,,,,,,,0.35,,,,,2.0,,milling,quartz,powder,11.0,0.0,36.8,0.9130434782608696,False
52,FPAC1,5.5,7.0,35.8,,True,True,Mechanical (Ball milling adhesion),matrix,48.82,27.08,11.76,3.5,3.04,0.71,1.62,2.59,0.88,,,,,15.16,,,,,,,0.35,,,,,2.0,,milling,quartz,powder,11.0,0.0,36.8,0.9728260869565217,False
52,RPAC1,5.5,28.0,42.2,,True,True,,matrix,48.82,27.08,11.76,3.5,3.04,0.71,1.62,2.59,0.88,,,,,15.16,,,,,,,0.35,,,,,2.0,,milling,quartz,powder,11.0,0.0,43.2,0.9768518518518519,False
52,FPAC1,5.5,28.0,43.1,,True,True,Mechanical (Ball milling adhesion),matrix,48.82,27.08,11.76,3.5,3.04,0.71,1.62,2.59,0.88,,,,,15.16,,,,,,,0.35,,,,,2.0,,milling,quartz,powder,11.0,0.0,43.2,0.9976851851851851,False
52,RPAC1,5.5,56.0,47.7,,True,True,,matrix,48.82,27.08,11.76,3.5,3.04,0.71,1.62,2.59,0.88,,,,,15.16,,,,,,,0.35,,,,,2.0,,milling,quartz,powder,11.0,0.0,48.3,0.9875776397515529,False
52,FPAC1,5.5,56.0,49.6,,True,True,Mechanical (Ball milling adhesion),matrix,48.82,27.08,11.76,3.5,3.04,0.71,1.62,2.59,0.88,,,,,15.16,,,,,,,0.35,,,,,2.0,,milling,quartz,powder,11.0,0.0,48.3,1.0269151138716357,False
52,RPAC2,11.0,7.0,31.8,,True,True,,matrix,48.82,27.08,11.76,3.5,3.04,0.71,1.62,2.59,0.88,,,,,15.16,,,,,,,0.35,,,,,2.0,,milling,quartz,powder,11.0,0.0,36.8,0.8641304347826088,False
52,RPAC2,11.0,28.0,38.0,,True,True,,matrix,48.82,27.08,11.76,3.5,3.04,0.71,1.62,2.59,0.88,,,,,15.16,,,,,,,0.35,,,,,2.0,,milling,quartz,powder,11.0,0.0,43.2,0.8796296296296295,False
52,,11.0,28.0,44.75,,False,True,,sheet1,48.82,27.08,11.76,3.5,3.04,0.71,1.62,2.59,0.88,,,,,15.16,,,,,,,0.35,,,,,2.0,,milling,quartz,powder,11.0,0.0,43.2,1.0358796296296295,False
52,RPAC2,11.0,56.0,44.6,,True,True,,matrix,48.82,27.08,11.76,3.5,3.04,0.71,1.62,2.59,0.88,,,,,15.16,,,,,,,0.35,,,,,2.0,,milling,quartz,powder,11.0,0.0,48.3,0.9233954451345756,False
52,,11.0,56.0,51.85,,False,True,,sheet1,48.82,27.08,11.76,3.5,3.04,0.71,1.62,2.59,0.88,,,,,15.16,,,,,,,0.35,,,,,2.0,,milling,quartz,powder,11.0,0.0,48.3,1.0734989648033126,False
52,RPAC3,16.5,7.0,27.5,,True,True,,matrix,48.82,27.08,11.76,3.5,3.04,0.71,1.62,2.59,0.88,,,,,15.16,,,,,,,0.35,,,,,2.0,,milling,quartz,powder,11.0,0.0,36.8,0.7472826086956522,False
52,FPAC3,16.5,7.0,31.4,,True,True,Mechanical (Ball milling adhesion),matrix,48.82,27.08,11.76,3.5,3.04,0.71,1.62,2.59,0.88,,,,,15.16,,,,,,,0.35,,,,,2.0,,milling,quartz,powder,11.0,0.0,36.8,0.8532608695652174,False
52,RPAC3,16.5,28.0,36.6,,True,True,,matrix,48.82,27.08,11.76,3.5,3.04,0.71,1.62,2.59,0.88,,,,,15.16,,,,,,,0.35,,,,,2.0,,milling,quartz,powder,11.0,0.0,43.2,0.8472222222222222,False
52,FPAC3,16.5,28.0,42.1,,True,True,Mechanical (Ball milling adhesion),matrix,48.82,27.08,11.76,3.5,3.04,0.71,1.62,2.59,0.88,,,,,15.16,,,,,,,0.35,,,,,2.0,,milling,quartz,powder,11.0,0.0,43.2,0.974537037037037,False
52,RPAC3,16.5,56.0,41.9,,True,True,,matrix,48.82,27.08,11.76,3.5,3.04,0.71,1.62,2.59,0.88,,,,,15.16,,,,,,,0.35,,,,,2.0,,milling,quartz,powder,11.0,0.0,48.3,0.8674948240165632,False
52,FPAC3,16.5,56.0,48.8,,True,True,Mechanical (Ball milling adhesion),matrix,48.82,27.08,11.76,3.5,3.04,0.71,1.62,2.59,0.88,,,,,15.16,,,,,,,0.35,,,,,2.0,,milling,quartz,powder,11.0,0.0,48.3,1.010351966873706,False
52,RPAC4,22.0,7.0,23.6,,True,True,,matrix,48.82,27.08,11.76,3.5,3.04,0.71,1.62,2.59,0.88,,,,,15.16,,,,,,,0.35,,,,,2.0,,milling,quartz,powder,11.0,0.0,36.8,0.641304347826087,False
52,FPAC4,22.0,7.0,28.6,,True,True,Mechanical (Ball milling adhesion),matrix,48.82,27.08,11.76,3.5,3.04,0.71,1.62,2.59,0.88,,,,,15.16,,,,,,,0.35,,,,,2.0,,milling,quartz,powder,11.0,0.0,36.8,0.7771739130434784,False
52,RPAC4,22.0,28.0,31.0,,True,True,,matrix,48.82,27.08,11.76,3.5,3.04,0.71,1.62,2.59,0.88,,,,,15.16,,,,,,,0.35,,,,,2.0,,milling,quartz,powder,11.0,0.0,43.2,0.7175925925925926,False
52,FPAC4,22.0,28.0,35.1,,True,True,Mechanical (Ball milling adhesion),matrix,48.82,27.08,11.76,3.5,3.04,0.71,1.62,2.59,0.88,,,,,15.16,,,,,,,0.35,,,,,2.0,,milling,quartz,powder,11.0,0.0,43.2,0.8125,False
52,RPAC4,22.0,56.0,37.3,,True,True,,matrix,48.82,27.08,11.76,3.5,3.04,0.71,1.62,2.59,0.88,,,,,15.16,,,,,,,0.35,,,,,2.0,,milling,quartz,powder,11.0,0.0,48.3,0.7722567287784678,False
52,FPAC4,22.0,56.0,42.1,,True,True,Mechanical (Ball milling adhesion),matrix,48.82,27.08,11.76,3.5,3.04,0.71,1.62,2.59,0.88,,,,,15.16,,,,,,,0.35,,,,,2.0,,milling,quartz,powder,11.0,0.0,48.3,0.8716356107660457,False
53,C-Control,0.0,,43.5,,True,False,,matrix,,,,,,,,,,,,,,,,,,,,,0.5,700.0,2.0,30.0,,1.0,multiple,combined,quartz,powder,10.0,,,,False
53,C-10ARP-600C,10.0,,42.0,,True,False,Heat-Mechanical,matrix,,,,,,,,,,,,,,,,,,,,,0.5,700.0,2.0,30.0,,1.0,multiple,combined,quartz,powder,10.0,,,,False
53,C-10ARP-800C,10.0,,44.0,,True,False,Heat-Mechanical,matrix,,,,,,,,,,,,,,,,,,,,,0.5,700.0,2.0,30.0,,1.0,multiple,combined,quartz,powder,10.0,,,,False
53,C-20ARP-600C,20.0,,38.5,,True,False,Heat-Mechanical,matrix,,,,,,,,,,,,,,,,,,,,,0.5,700.0,2.0,30.0,,1.0,multiple,combined,quartz,powder,10.0,,,,False
53,C-20ARP-800C,20.0,,40.5,,True,False,Heat-Mechanical,matrix,,,,,,,,,,,,,,,,,,,,,0.5,700.0,2.0,30.0,,1.0,multiple,combined,quartz,powder,10.0,,,,False
53,C-30ARP-600C,30.0,,32.5,,True,False,Heat-Mechanical,matrix,,,,,,,,,,,,,,,,,,,,,0.5,700.0,2.0,30.0,,1.0,multiple,combined,quartz,powder,10.0,,,,False
53,C-30ARP-800C,30.0,,34.5,,True,False,Heat-Mechanical,matrix,,,,,,,,,,,,,,,,,,,,,0.5,700.0,2.0,30.0,,1.0,multiple,combined,quartz,powder,10.0,,,,False
54,Blended Cement Paste (w/b 0.55),30.0,,43.0,,True,False,Enforced / Wet / Dry Carbonation,matrix,,,,,,,,,,15.75,,,,12.0,30000.0,,,7.666666666666667,,,0.4166666666666667,100.0,,,,2.0,carbonation,combined,calcite,fines,30.0,,,,False
54,Blended Cement Paste (w/b 0.40),30.0,,50.0,,True,False,Enforced / Wet / Dry Carbonation,matrix,,,,,,,,,,15.75,,,,12.0,30000.0,,,7.666666666666667,,,0.4166666666666667,100.0,,,,2.0,carbonation,combined,calcite,fines,30.0,,,,False
54,Blended Cement Paste (w/b 0.30),30.0,,61.0,,True,False,Enforced / Wet / Dry Carbonation,matrix,,,,,,,,,,15.75,,,,12.0,30000.0,,,7.666666666666667,,,0.4166666666666667,100.0,,,,2.0,carbonation,combined,calcite,fines,30.0,,,,False
55,CP,0.0,1.0,17.94,,False,True,,matrix,34.32,36.76,8.94,5.22,,2.7,,1.76,8.47,,1.72,14.42,60.67,,,,,,2.68,,0.4,,,30.0,300.0,1.0,mechanical,combined,,powder,20.0,10.0,41.305,0.4343299842634064,False
55,CP,0.0,1.0,42.29,,False,True,,matrix,34.32,36.76,8.94,5.22,,2.7,,1.76,8.47,,1.72,14.42,60.67,,,,,,2.68,,0.4,,,30.0,300.0,1.0,mechanical,combined,,powder,20.0,10.0,41.305,1.0238469918896018,False
55,CP,0.0,1.0,47.53,,False,True,,matrix,34.32,36.76,8.94,5.22,,2.7,,1.76,8.47,,1.72,14.42,60.67,,,,,,2.68,,0.4,,,30.0,300.0,1.0,mechanical,combined,,powder,20.0,10.0,41.305,1.150708146713473,False
55,CP,0.0,1.0,57.46,,False,True,,matrix,34.32,36.76,8.94,5.22,,2.7,,1.76,8.47,,1.72,14.42,60.67,,,,,,2.68,,0.4,,,30.0,300.0,1.0,mechanical,combined,,powder,20.0,10.0,41.305,1.391114877133519,False
55,C10,10.0,1.0,13.55,,False,True,,sheet1,34.32,36.76,8.94,5.22,,2.7,,1.76,8.47,,1.72,14.42,60.67,,,,,,2.68,,0.4,,,30.0,300.0,1.0,mechanical,combined,,powder,20.0,10.0,41.305,0.3280474518823387,False
55,C10,10.0,1.0,40.0,,False,True,Mechanical activation (ball mill grinding),matrix,34.32,36.76,8.94,5.22,,2.7,,1.76,8.47,,1.72,14.42,60.67,,,,,,2.68,,0.4,,,30.0,300.0,1.0,mechanical,combined,,powder,20.0,10.0,41.305,0.968405762014284,False
55,C10,10.0,1.0,45.78,,False,True,Mechanical activation (ball mill grinding),matrix,34.32,36.76,8.94,5.22,,2.7,,1.76,8.47,,1.72,14.42,60.67,,,,,,2.68,,0.4,,,30.0,300.0,1.0,mechanical,combined,,powder,20.0,10.0,41.305,1.108340394625348,False
55,C10,10.0,1.0,55.13,,False,True,Mechanical activation (ball mill grinding),matrix,34.32,36.76,8.94,5.22,,2.7,,1.76,8.47,,1.72,14.42,60.67,,,,,,2.68,,0.4,,,30.0,300.0,1.0,mechanical,combined,,powder,20.0,10.0,41.305,1.334705241496187,False
55,C10,10.0,7.0,40.0,,False,True,,sheet1,34.32,36.76,8.94,5.22,,2.7,,1.76,8.47,,1.72,14.42,60.67,,,,,,2.68,,0.4,,,30.0,300.0,1.0,mechanical,combined,,powder,20.0,10.0,,,False
55,C10,10.0,28.0,45.78,,False,True,,sheet1,34.32,36.76,8.94,5.22,,2.7,,1.76,8.47,,1.72,14.42,60.67,,,,,,2.68,,0.4,,,30.0,300.0,1.0,mechanical,combined,,powder,20.0,10.0,,,False
55,C10,10.0,120.0,55.13,,False,True,,sheet1,34.32,36.76,8.94,5.22,,2.7,,1.76,8.47,,1.72,14.42,60.67,,,,,,2.68,,0.4,,,30.0,300.0,1.0,mechanical,combined,,powder,20.0,10.0,,,False
55,C20,20.0,1.0,11.86,,False,True,,sheet1,34.32,36.76,8.94,5.22,,2.7,,1.76,8.47,,1.72,14.42,60.67,,,,,,2.68,,0.4,,,30.0,300.0,1.0,mechanical,combined,,powder,20.0,10.0,41.305,0.2871323084372352,False
55,C20,20.0,1.0,32.94,,False,True,Mechanical activation (ball mill grinding),matrix,34.32,36.76,8.94,5.22,,2.7,,1.76,8.47,,1.72,14.42,60.67,,,,,,2.68,,0.4,,,30.0,300.0,1.0,mechanical,combined,,powder,20.0,10.0,41.305,0.7974821450187628,False
55,C20,20.0,1.0,42.38,,False,True,Mechanical activation (ball mill grinding),matrix,34.32,36.76,8.94,5.22,,2.7,,1.76,8.47,,1.72,14.42,60.67,,,,,,2.68,,0.4,,,30.0,300.0,1.0,mechanical,combined,,powder,20.0,10.0,41.305,1.026025904854134,False
55,C20,20.0,1.0,50.93,,False,True,Mechanical activation (ball mill grinding),matrix,34.32,36.76,8.94,5.22,,2.7,,1.76,8.47,,1.72,14.42,60.67,,,,,,2.68,,0.4,,,30.0,300.0,1.0,mechanical,combined,,powder,20.0,10.0,41.305,1.233022636484687,False
55,C20,20.0,7.0,32.94,,False,True,,sheet1,34.32,36.76,8.94,5.22,,2.7,,1.76,8.47,,1.72,14.42,60.67,,,,,,2.68,,0.4,,,30.0,300.0,1.0,mechanical,combined,,powder,20.0,10.0,,,False
55,C20,20.0,28.0,42.38,,False,True,,sheet1,34.32,36.76,8.94,5.22,,2.7,,1.76,8.47,,1.72,14.42,60.67,,,,,,2.68,,0.4,,,30.0,300.0,1.0,mechanical,combined,,powder,20.0,10.0,,,False
55,C20,20.0,120.0,50.93,,False,True,,sheet1,34.32,36.76,8.94,5.22,,2.7,,1.76,8.47,,1.72,14.42,60.67,,,,,,2.68,,0.4,,,30.0,300.0,1.0,mechanical,combined,,powder,20.0,10.0,,,False
55,C30,30.0,1.0,10.23,,False,True,,sheet1,34.32,36.76,8.94,5.22,,2.7,,1.76,8.47,,1.72,14.42,60.67,,,,,,2.68,,0.4,,,30.0,300.0,1.0,mechanical,combined,,powder,20.0,10.0,41.305,0.24766977363515313,False
55,C30,30.0,1.0,27.84,,False,True,Mechanical activation (ball mill grinding),matrix,34.32,36.76,8.94,5.22,,2.7,,1.76,8.47,,1.72,14.42,60.67,,,,,,2.68,,0.4,,,30.0,300.0,1.0,mechanical,combined,,powder,20.0,10.0,41.305,0.6740104103619416,False
55,C30,30.0,1.0,35.38,,False,True,Mechanical activation (ball mill grinding),matrix,34.32,36.76,8.94,5.22,,2.7,,1.76,8.47,,1.72,14.42,60.67,,,,,,2.68,,0.4,,,30.0,300.0,1.0,mechanical,combined,,powder,20.0,10.0,41.305,0.8565548965016343,False
55,C30,30.0,1.0,39.48,,False,True,Mechanical activation (ball mill grinding),matrix,34.32,36.76,8.94,5.22,,2.7,,1.76,8.47,,1.72,14.42,60.67,,,,,,2.68,,0.4,,,30.0,300.0,1.0,mechanical,combined,,powder,20.0,10.0,41.305,0.9558164871080982,False
55,C30,30.0,7.0,27.84,,False,True,,sheet1,34.32,36.76,8.94,5.22,,2.7,,1.76,8.47,,1.72,14.42,60.67,,,,,,2.68,,0.4,,,30.0,300.0,1.0,mechanical,combined,,powder,20.0,10.0,,,False
55,C30,30.0,28.0,35.38,,False,True,,sheet1,34.32,36.76,8.94,5.22,,2.7,,1.76,8.47,,1.72,14.42,60.67,,,,,,2.68,,0.4,,,30.0,300.0,1.0,mechanical,combined,,powder,20.0,10.0,,,False
55,C30,30.0,120.0,39.48,,False,True,,sheet1,34.32,36.76,8.94,5.22,,2.7,,1.76,8.47,,1.72,14.42,60.67,,,,,,2.68,,0.4,,,30.0,300.0,1.0,mechanical,combined,,powder,20.0,10.0,,,False
56,,0.0,28.0,46.7,,False,True,,sheet1,23.15,10.5,6.3,7.266666666666666,2.733333333333333,1.8333333333333333,2.0500000000000003,1.9666666666666668,5.716666666666666,,,9.265,,15.777142857142858,,,2833.333333333333,,2.524,,0.48,,,2.833333333333333,500.0,1.0,mechanical,combined,,powder,8.5,0.0,46.7,1.0,False
56,,0.0,91.0,50.4,,False,True,,sheet1,23.15,10.5,6.3,7.266666666666666,2.733333333333333,1.8333333333333333,2.0500000000000003,1.9666666666666668,5.716666666666666,,,9.265,,15.777142857142858,,,2833.333333333333,,2.524,,0.48,,,2.833333333333333,500.0,1.0,mechanical,combined,,powder,8.5,0.0,50.4,1.0,False
56,,7.0,28.0,30.36,,False,True,,sheet1,23.15,10.5,6.3,7.266666666666666,2.733333333333333,1.8333333333333333,2.0500000000000003,1.9666666666666668,5.716666666666666,,,9.265,,15.777142857142858,,,2833.333333333333,,2.524,,0.48,,,2.833333333333333,500.0,1.0,mechanical,combined,,powder,8.5,0.0,46.7,0.6501070663811562,False
56,7% (0.5h),7.0,28.0,38.26,0.5,False,True,,sheet1,23.15,10.5,6.3,7.266666666666666,2.733333333333333,1.8333333333333333,2.0500000000000003,1.9666666666666668,5.716666666666666,,,9.265,,15.777142857142858,,,2833.333333333333,,2.524,,0.48,,,2.833333333333333,500.0,1.0,mechanical,combined,,powder,8.5,0.0,46.7,0.8192719486081369,False
56,7% (2h),7.0,28.0,38.78,,False,True,,sheet1,23.15,10.5,6.3,7.266666666666666,2.733333333333333,1.8333333333333333,2.0500000000000003,1.9666666666666668,5.716666666666666,,,9.265,,15.777142857142858,,,2833.333333333333,,2.524,,0.48,,,2.833333333333333,500.0,1.0,mechanical,combined,,powder,8.5,0.0,46.7,0.830406852248394,False
56,7% (6h),7.0,28.0,43.95,,False,True,,sheet1,23.15,10.5,6.3,7.266666666666666,2.733333333333333,1.8333333333333333,2.0500000000000003,1.9666666666666668,5.716666666666666,,,9.265,,15.777142857142858,,,2833.333333333333,,2.524,,0.48,,,2.833333333333333,500.0,1.0,mechanical,combined,,powder,8.5,0.0,46.7,0.9411134903640257,False
56,,7.0,91.0,31.04,,False,True,,sheet1,23.15,10.5,6.3,7.266666666666666,2.733333333333333,1.8333333333333333,2.0500000000000003,1.9666666666666668,5.716666666666666,,,9.265,,15.777142857142858,,,2833.333333333333,,2.524,,0.48,,,2.833333333333333,500.0,1.0,mechanical,combined,,powder,8.5,0.0,50.4,0.6158730158730159,False
56,7% (0.5h),7.0,91.0,41.66,0.5,False,True,,sheet1,23.15,10.5,6.3,7.266666666666666,2.733333333333333,1.8333333333333333,2.0500000000000003,1.9666666666666668,5.716666666666666,,,9.265,,15.777142857142858,,,2833.333333333333,,2.524,,0.48,,,2.833333333333333,500.0,1.0,mechanical,combined,,powder,8.5,0.0,50.4,0.8265873015873015,False
56,7% (2h),7.0,91.0,42.35,,False,True,,sheet1,23.15,10.5,6.3,7.266666666666666,2.733333333333333,1.8333333333333333,2.0500000000000003,1.9666666666666668,5.716666666666666,,,9.265,,15.777142857142858,,,2833.333333333333,,2.524,,0.48,,,2.833333333333333,500.0,1.0,mechanical,combined,,powder,8.5,0.0,50.4,0.8402777777777778,False
56,7% (6h),7.0,91.0,48.88,,False,True,,sheet1,23.15,10.5,6.3,7.266666666666666,2.733333333333333,1.8333333333333333,2.0500000000000003,1.9666666666666668,5.716666666666666,,,9.265,,15.777142857142858,,,2833.333333333333,,2.524,,0.48,,,2.833333333333333,500.0,1.0,mechanical,combined,,powder,8.5,0.0,50.4,0.96984126984127,False
56,15% (6h),15.0,28.0,33.49,,False,True,,sheet1,23.15,10.5,6.3,7.266666666666666,2.733333333333333,1.8333333333333333,2.0500000000000003,1.9666666666666668,5.716666666666666,,,9.265,,15.777142857142858,,,2833.333333333333,,2.524,,0.48,,,2.833333333333333,500.0,1.0,mechanical,combined,,powder,8.5,0.0,46.7,0.7171306209850107,False
56,,15.0,28.0,34.23,,False,True,,sheet1,23.15,10.5,6.3,7.266666666666666,2.733333333333333,1.8333333333333333,2.0500000000000003,1.9666666666666668,5.716666666666666,,,9.265,,15.777142857142858,,,2833.333333333333,,2.524,,0.48,,,2.833333333333333,500.0,1.0,mechanical,combined,,powder,8.5,0.0,46.7,0.7329764453961455,False
56,15% (0.5h),15.0,28.0,36.35,0.5,False,True,,sheet1,23.15,10.5,6.3,7.266666666666666,2.733333333333333,1.8333333333333333,2.0500000000000003,1.9666666666666668,5.716666666666666,,,9.265,,15.777142857142858,,,2833.333333333333,,2.524,,0.48,,,2.833333333333333,500.0,1.0,mechanical,combined,,powder,8.5,0.0,46.7,0.778372591006424,False
56,15% (2h),15.0,28.0,39.33,,False,True,,sheet1,23.15,10.5,6.3,7.266666666666666,2.733333333333333,1.8333333333333333,2.0500000000000003,1.9666666666666668,5.716666666666666,,,9.265,,15.777142857142858,,,2833.333333333333,,2.524,,0.48,,,2.833333333333333,500.0,1.0,mechanical,combined,,powder,8.5,0.0,46.7,0.8421841541755888,False
56,15% (0.5h),15.0,91.0,33.4,0.5,False,True,,sheet1,23.15,10.5,6.3,7.266666666666666,2.733333333333333,1.8333333333333333,2.0500000000000003,1.9666666666666668,5.716666666666666,,,9.265,,15.777142857142858,,,2833.333333333333,,2.524,,0.48,,,2.833333333333333,500.0,1.0,mechanical,combined,,powder,8.5,0.0,50.4,0.6626984126984127,False
56,,15.0,91.0,33.42,,False,True,,sheet1,23.15,10.5,6.3,7.266666666666666,2.733333333333333,1.8333333333333333,2.0500000000000003,1.9666666666666668,5.716666666666666,,,9.265,,15.777142857142858,,,2833.333333333333,,2.524,,0.48,,,2.833333333333333,500.0,1.0,mechanical,combined,,powder,8.5,0.0,50.4,0.6630952380952382,False
56,15% (6h),15.0,91.0,38.5,,False,True,,sheet1,23.15,10.5,6.3,7.266666666666666,2.733333333333333,1.8333333333333333,2.0500000000000003,1.9666666666666668,5.716666666666666,,,9.265,,15.777142857142858,,,2833.333333333333,,2.524,,0.48,,,2.833333333333333,500.0,1.0,mechanical,combined,,powder,8.5,0.0,50.4,0.763888888888889,False
56,15% (2h),15.0,91.0,46.93,,False,True,,sheet1,23.15,10.5,6.3,7.266666666666666,2.733333333333333,1.8333333333333333,2.0500000000000003,1.9666666666666668,5.716666666666666,,,9.265,,15.777142857142858,,,2833.333333333333,,2.524,,0.48,,,2.833333333333333,500.0,1.0,mechanical,combined,,powder,8.5,0.0,50.4,0.9311507936507937,False
56,25% (6h),25.0,28.0,24.14,,False,True,,sheet1,23.15,10.5,6.3,7.266666666666666,2.733333333333333,1.8333333333333333,2.0500000000000003,1.9666666666666668,5.716666666666666,,,9.265,,15.777142857142858,,,2833.333333333333,,2.524,,0.48,,,2.833333333333333,500.0,1.0,mechanical,combined,,powder,8.5,0.0,46.7,0.5169164882226981,False
56,25% (2h),25.0,28.0,27.06,,False,True,,sheet1,23.15,10.5,6.3,7.266666666666666,2.733333333333333,1.8333333333333333,2.0500000000000003,1.9666666666666668,5.716666666666666,,,9.265,,15.777142857142858,,,2833.333333333333,,2.524,,0.48,,,2.833333333333333,500.0,1.0,mechanical,combined,,powder,8.5,0.0,46.7,0.5794432548179871,False
56,25% (0.5h),25.0,28.0,27.6,0.5,False,True,,sheet1,23.15,10.5,6.3,7.266666666666666,2.733333333333333,1.8333333333333333,2.0500000000000003,1.9666666666666668,5.716666666666666,,,9.265,,15.777142857142858,,,2833.333333333333,,2.524,,0.48,,,2.833333333333333,500.0,1.0,mechanical,combined,,powder,8.5,0.0,46.7,0.5910064239828694,False
56,,25.0,28.0,29.03,,False,True,,sheet1,23.15,10.5,6.3,7.266666666666666,2.733333333333333,1.8333333333333333,2.0500000000000003,1.9666666666666668,5.716666666666666,,,9.265,,15.777142857142858,,,2833.333333333333,,2.524,,0.48,,,2.833333333333333,500.0,1.0,mechanical,combined,,powder,8.5,0.0,46.7,0.621627408993576,False
56,25% (6h),25.0,91.0,29.9,,False,True,,sheet1,23.15,10.5,6.3,7.266666666666666,2.733333333333333,1.8333333333333333,2.0500000000000003,1.9666666666666668,5.716666666666666,,,9.265,,15.777142857142858,,,2833.333333333333,,2.524,,0.48,,,2.833333333333333,500.0,1.0,mechanical,combined,,powder,8.5,0.0,50.4,0.5932539682539683,False
56,25% (0.5h),25.0,91.0,30.69,0.5,False,True,,sheet1,23.15,10.5,6.3,7.266666666666666,2.733333333333333,1.8333333333333333,2.0500000000000003,1.9666666666666668,5.716666666666666,,,9.265,,15.777142857142858,,,2833.333333333333,,2.524,,0.48,,,2.833333333333333,500.0,1.0,mechanical,combined,,powder,8.5,0.0,50.4,0.6089285714285715,False
56,,25.0,91.0,32.04,,False,True,,sheet1,23.15,10.5,6.3,7.266666666666666,2.733333333333333,1.8333333333333333,2.0500000000000003,1.9666666666666668,5.716666666666666,,,9.265,,15.777142857142858,,,2833.333333333333,,2.524,,0.48,,,2.833333333333333,500.0,1.0,mechanical,combined,,powder,8.5,0.0,50.4,0.6357142857142857,False
56,25% (2h),25.0,91.0,33.76,,False,True,,sheet1,23.15,10.5,6.3,7.266666666666666,2.733333333333333,1.8333333333333333,2.0500000000000003,1.9666666666666668,5.716666666666666,,,9.265,,15.777142857142858,,,2833.333333333333,,2.524,,0.48,,,2.833333333333333,500.0,1.0,mechanical,combined,,powder,8.5,0.0,50.4,0.6698412698412698,False
58,REF,0.0,7.0,50.87,,False,True,,matrix,38.32,24.096666666666668,7.8066666666666675,5.153333333333333,1.37,1.5433333333333337,0.3733333333333333,1.9,18.33333333333333,,,175.0,210.55555555555557,,,,,,2.488333333333333,,0.4666666666666666,450.0,2.0,,,1.0,thermal,combined,mixed,fines,20.0,0.0,50.87,1.0,False
58,REF,0.0,28.0,60.22,,False,True,,matrix,38.32,24.096666666666668,7.8066666666666675,5.153333333333333,1.37,1.5433333333333337,0.3733333333333333,1.9,18.33333333333333,,,175.0,210.55555555555557,,,,,,2.488333333333333,,0.4666666666666666,450.0,2.0,,,1.0,thermal,combined,mixed,fines,20.0,0.0,82.61,0.7289674373562522,False
58,50.19,0.0,28.0,105.0,,False,True,,sheet1,38.32,24.096666666666668,7.8066666666666675,5.153333333333333,1.37,1.5433333333333337,0.3733333333333333,1.9,18.33333333333333,,,175.0,210.55555555555557,,,,,,2.488333333333333,,0.4666666666666666,450.0,2.0,,,1.0,thermal,combined,mixed,fines,20.0,0.0,82.61,1.2710325626437478,False
58,REF,0.0,90.0,65.94,,False,True,,matrix,38.32,24.096666666666668,7.8066666666666675,5.153333333333333,1.37,1.5433333333333337,0.3733333333333333,1.9,18.33333333333333,,,175.0,210.55555555555557,,,,,,2.488333333333333,,0.4666666666666666,450.0,2.0,,,1.0,thermal,combined,mixed,fines,20.0,0.0,85.47,0.7714987714987714,False
58,55.84,0.0,90.0,105.0,,False,True,,sheet1,38.32,24.096666666666668,7.8066666666666675,5.153333333333333,1.37,1.5433333333333337,0.3733333333333333,1.9,18.33333333333333,,,175.0,210.55555555555557,,,,,,2.488333333333333,,0.4666666666666666,450.0,2.0,,,1.0,thermal,combined,mixed,fines,20.0,0.0,85.47,1.2285012285012284,False
58,WM105,20.0,7.0,37.93,,False,True,Thermal (Drying),matrix,38.32,24.096666666666668,7.8066666666666675,5.153333333333333,1.37,1.5433333333333337,0.3733333333333333,1.9,18.33333333333333,,,175.0,210.55555555555557,,,,,,2.488333333333333,,0.4666666666666666,450.0,2.0,,,1.0,thermal,combined,mixed,fines,20.0,0.0,50.87,0.7456261057597798,False
58,MSN,20.0,7.0,37.98,,False,True,,matrix,38.32,24.096666666666668,7.8066666666666675,5.153333333333333,1.37,1.5433333333333337,0.3733333333333333,1.9,18.33333333333333,,,175.0,210.55555555555557,,,,,,2.488333333333333,,0.4666666666666666,450.0,2.0,,,1.0,thermal,combined,mixed,fines,20.0,0.0,50.87,0.7466090033418518,False
58,WMN,20.0,7.0,38.11,,False,True,,matrix,38.32,24.096666666666668,7.8066666666666675,5.153333333333333,1.37,1.5433333333333337,0.3733333333333333,1.9,18.33333333333333,,,175.0,210.55555555555557,,,,,,2.488333333333333,,0.4666666666666666,450.0,2.0,,,1.0,thermal,combined,mixed,fines,20.0,0.0,50.87,0.7491645370552389,False
58,CS105,20.0,7.0,38.98,,False,True,Thermal (Drying),matrix,38.32,24.096666666666668,7.8066666666666675,5.153333333333333,1.37,1.5433333333333337,0.3733333333333333,1.9,18.33333333333333,,,175.0,210.55555555555557,,,,,,2.488333333333333,,0.4666666666666666,450.0,2.0,,,1.0,thermal,combined,mixed,fines,20.0,0.0,50.87,0.7662669549832907,False
58,MS400,20.0,7.0,39.02,,False,True,Thermal Calcination,matrix,38.32,24.096666666666668,7.8066666666666675,5.153333333333333,1.37,1.5433333333333337,0.3733333333333333,1.9,18.33333333333333,,,175.0,210.55555555555557,,,,,,2.488333333333333,,0.4666666666666666,450.0,2.0,,,1.0,thermal,combined,mixed,fines,20.0,0.0,50.87,0.7670532730489484,False
58,MS105,20.0,7.0,39.15,,False,True,Thermal (Drying),matrix,38.32,24.096666666666668,7.8066666666666675,5.153333333333333,1.37,1.5433333333333337,0.3733333333333333,1.9,18.33333333333333,,,175.0,210.55555555555557,,,,,,2.488333333333333,,0.4666666666666666,450.0,2.0,,,1.0,thermal,combined,mixed,fines,20.0,0.0,50.87,0.7696088067623353,False
58,CSN,20.0,7.0,39.2,,False,True,,matrix,38.32,24.096666666666668,7.8066666666666675,5.153333333333333,1.37,1.5433333333333337,0.3733333333333333,1.9,18.33333333333333,,,175.0,210.55555555555557,,,,,,2.488333333333333,,0.4666666666666666,450.0,2.0,,,1.0,thermal,combined,mixed,fines,20.0,0.0,50.87,0.7705917043444074,False
58,CS400,20.0,7.0,39.36,,False,True,Thermal Calcination,matrix,38.32,24.096666666666668,7.8066666666666675,5.153333333333333,1.37,1.5433333333333337,0.3733333333333333,1.9,18.33333333333333,,,175.0,210.55555555555557,,,,,,2.488333333333333,,0.4666666666666666,450.0,2.0,,,1.0,thermal,combined,mixed,fines,20.0,0.0,50.87,0.7737369766070376,False
58,WM400,20.0,7.0,39.74,,False,True,Thermal Calcination,matrix,38.32,24.096666666666668,7.8066666666666675,5.153333333333333,1.37,1.5433333333333337,0.3733333333333333,1.9,18.33333333333333,,,175.0,210.55555555555557,,,,,,2.488333333333333,,0.4666666666666666,450.0,2.0,,,1.0,thermal,combined,mixed,fines,20.0,0.0,50.87,0.7812069982307844,False
58,MS500,20.0,7.0,41.01,,False,True,Thermal Calcination,matrix,38.32,24.096666666666668,7.8066666666666675,5.153333333333333,1.37,1.5433333333333337,0.3733333333333333,1.9,18.33333333333333,,,175.0,210.55555555555557,,,,,,2.488333333333333,,0.4666666666666666,450.0,2.0,,,1.0,thermal,combined,mixed,fines,20.0,0.0,50.87,0.8061725968154119,False
58,WM500,20.0,7.0,41.08,,False,True,Thermal Calcination,matrix,38.32,24.096666666666668,7.8066666666666675,5.153333333333333,1.37,1.5433333333333337,0.3733333333333333,1.9,18.33333333333333,,,175.0,210.55555555555557,,,,,,2.488333333333333,,0.4666666666666666,450.0,2.0,,,1.0,thermal,combined,mixed,fines,20.0,0.0,50.87,0.8075486534303126,False
58,CS500,20.0,7.0,41.65,,False,True,Thermal Calcination,matrix,38.32,24.096666666666668,7.8066666666666675,5.153333333333333,1.37,1.5433333333333337,0.3733333333333333,1.9,18.33333333333333,,,175.0,210.55555555555557,,,,,,2.488333333333333,,0.4666666666666666,450.0,2.0,,,1.0,thermal,combined,mixed,fines,20.0,0.0,50.87,0.8187536858659328,False
58,MSN,20.0,28.0,46.25,,False,True,,matrix,38.32,24.096666666666668,7.8066666666666675,5.153333333333333,1.37,1.5433333333333337,0.3733333333333333,1.9,18.33333333333333,,,175.0,210.55555555555557,,,,,,2.488333333333333,,0.4666666666666666,450.0,2.0,,,1.0,thermal,combined,mixed,fines,20.0,0.0,82.61,0.559859581164508,False
58,WMN,20.0,28.0,47.12,,False,True,,matrix,38.32,24.096666666666668,7.8066666666666675,5.153333333333333,1.37,1.5433333333333337,0.3733333333333333,1.9,18.33333333333333,,,175.0,210.55555555555557,,,,,,2.488333333333333,,0.4666666666666666,450.0,2.0,,,1.0,thermal,combined,mixed,fines,20.0,0.0,82.61,0.5703909938264132,False
58,CSN,20.0,28.0,47.23,,False,True,,matrix,38.32,24.096666666666668,7.8066666666666675,5.153333333333333,1.37,1.5433333333333337,0.3733333333333333,1.9,18.33333333333333,,,175.0,210.55555555555557,,,,,,2.488333333333333,,0.4666666666666666,450.0,2.0,,,1.0,thermal,combined,mixed,fines,20.0,0.0,82.61,0.5717225517491829,False
58,WM105,20.0,28.0,47.79,,False,True,Thermal (Drying),matrix,38.32,24.096666666666668,7.8066666666666675,5.153333333333333,1.37,1.5433333333333337,0.3733333333333333,1.9,18.33333333333333,,,175.0,210.55555555555557,,,,,,2.488333333333333,,0.4666666666666666,450.0,2.0,,,1.0,thermal,combined,mixed,fines,20.0,0.0,82.61,0.5785013920832829,False
58,MS105,20.0,28.0,49.56,,False,True,Thermal (Drying),matrix,38.32,24.096666666666668,7.8066666666666675,5.153333333333333,1.37,1.5433333333333337,0.3733333333333333,1.9,18.33333333333333,,,175.0,210.55555555555557,,,,,,2.488333333333333,,0.4666666666666666,450.0,2.0,,,1.0,thermal,combined,mixed,fines,20.0,0.0,82.61,0.599927369567849,False
58,WM400,20.0,28.0,50.12,,False,True,Thermal Calcination,matrix,38.32,24.096666666666668,7.8066666666666675,5.153333333333333,1.37,1.5433333333333337,0.3733333333333333,1.9,18.33333333333333,,,175.0,210.55555555555557,,,,,,2.488333333333333,,0.4666666666666666,450.0,2.0,,,1.0,thermal,combined,mixed,fines,20.0,0.0,82.61,0.6067062099019489,False
58,CS105,20.0,28.0,50.19,,False,True,Thermal (Drying),matrix,38.32,24.096666666666668,7.8066666666666675,5.153333333333333,1.37,1.5433333333333337,0.3733333333333333,1.9,18.33333333333333,,,175.0,210.55555555555557,,,,,,2.488333333333333,,0.4666666666666666,450.0,2.0,,,1.0,thermal,combined,mixed,fines,20.0,0.0,82.61,0.6075535649437114,False
58,MS400,20.0,28.0,51.06,,False,True,Thermal Calcination,matrix,38.32,24.096666666666668,7.8066666666666675,5.153333333333333,1.37,1.5433333333333337,0.3733333333333333,1.9,18.33333333333333,,,175.0,210.55555555555557,,,,,,2.488333333333333,,0.4666666666666666,450.0,2.0,,,1.0,thermal,combined,mixed,fines,20.0,0.0,82.61,0.6180849776056168,False
58,CS400,20.0,28.0,51.19,,False,True,Thermal Calcination,matrix,38.32,24.096666666666668,7.8066666666666675,5.153333333333333,1.37,1.5433333333333337,0.3733333333333333,1.9,18.33333333333333,,,175.0,210.55555555555557,,,,,,2.488333333333333,,0.4666666666666666,450.0,2.0,,,1.0,thermal,combined,mixed,fines,20.0,0.0,82.61,0.6196586369688899,False
58,WM500,20.0,28.0,51.38,,False,True,Thermal Calcination,matrix,38.32,24.096666666666668,7.8066666666666675,5.153333333333333,1.37,1.5433333333333337,0.3733333333333333,1.9,18.33333333333333,,,175.0,210.55555555555557,,,,,,2.488333333333333,,0.4666666666666666,450.0,2.0,,,1.0,thermal,combined,mixed,fines,20.0,0.0,82.61,0.6219586006536739,False
58,MS500,20.0,28.0,52.28,,False,True,Thermal Calcination,matrix,38.32,24.096666666666668,7.8066666666666675,5.153333333333333,1.37,1.5433333333333337,0.3733333333333333,1.9,18.33333333333333,,,175.0,210.55555555555557,,,,,,2.488333333333333,,0.4666666666666666,450.0,2.0,,,1.0,thermal,combined,mixed,fines,20.0,0.0,82.61,0.6328531654763346,False
58,CS500,20.0,28.0,53.45,,False,True,Thermal Calcination,matrix,38.32,24.096666666666668,7.8066666666666675,5.153333333333333,1.37,1.5433333333333337,0.3733333333333333,1.9,18.33333333333333,,,175.0,210.55555555555557,,,,,,2.488333333333333,,0.4666666666666666,450.0,2.0,,,1.0,thermal,combined,mixed,fines,20.0,0.0,82.61,0.6470160997457935,False
58,MSN,20.0,90.0,51.33,,False,True,,matrix,38.32,24.096666666666668,7.8066666666666675,5.153333333333333,1.37,1.5433333333333337,0.3733333333333333,1.9,18.33333333333333,,,175.0,210.55555555555557,,,,,,2.488333333333333,,0.4666666666666666,450.0,2.0,,,1.0,thermal,combined,mixed,fines,20.0,0.0,85.47,0.6005616005616006,False
58,WMN,20.0,90.0,52.63,,False,True,,matrix,38.32,24.096666666666668,7.8066666666666675,5.153333333333333,1.37,1.5433333333333337,0.3733333333333333,1.9,18.33333333333333,,,175.0,210.55555555555557,,,,,,2.488333333333333,,0.4666666666666666,450.0,2.0,,,1.0,thermal,combined,mixed,fines,20.0,0.0,85.47,0.6157716157716158,False
58,CSN,20.0,90.0,52.94,,False,True,,matrix,38.32,24.096666666666668,7.8066666666666675,5.153333333333333,1.37,1.5433333333333337,0.3733333333333333,1.9,18.33333333333333,,,175.0,210.55555555555557,,,,,,2.488333333333333,,0.4666666666666666,450.0,2.0,,,1.0,thermal,combined,mixed,fines,20.0,0.0,85.47,0.6193986193986194,False
58,WM105,20.0,90.0,53.09,,False,True,Thermal (Drying),matrix,38.32,24.096666666666668,7.8066666666666675,5.153333333333333,1.37,1.5433333333333337,0.3733333333333333,1.9,18.33333333333333,,,175.0,210.55555555555557,,,,,,2.488333333333333,,0.4666666666666666,450.0,2.0,,,1.0,thermal,combined,mixed,fines,20.0,0.0,85.47,0.6211536211536212,False
58,WM400,20.0,90.0,55.13,,False,True,Thermal Calcination,matrix,38.32,24.096666666666668,7.8066666666666675,5.153333333333333,1.37,1.5433333333333337,0.3733333333333333,1.9,18.33333333333333,,,175.0,210.55555555555557,,,,,,2.488333333333333,,0.4666666666666666,450.0,2.0,,,1.0,thermal,combined,mixed,fines,20.0,0.0,85.47,0.645021645021645,False
58,CS105,20.0,90.0,55.84,,False,True,Thermal (Drying),matrix,38.32,24.096666666666668,7.8066666666666675,5.153333333333333,1.37,1.5433333333333337,0.3733333333333333,1.9,18.33333333333333,,,175.0,210.55555555555557,,,,,,2.488333333333333,,0.4666666666666666,450.0,2.0,,,1.0,thermal,combined,mixed,fines,20.0,0.0,85.47,0.6533286533286534,False
58,MS105,20.0,90.0,56.1,,False,True,Thermal (Drying),matrix,38.32,24.096666666666668,7.8066666666666675,5.153333333333333,1.37,1.5433333333333337,0.3733333333333333,1.9,18.33333333333333,,,175.0,210.55555555555557,,,,,,2.488333333333333,,0.4666666666666666,450.0,2.0,,,1.0,thermal,combined,mixed,fines,20.0,0.0,85.47,0.6563706563706564,False
58,CS400,20.0,90.0,56.44,,False,True,Thermal Calcination,matrix,38.32,24.096666666666668,7.8066666666666675,5.153333333333333,1.37,1.5433333333333337,0.3733333333333333,1.9,18.33333333333333,,,175.0,210.55555555555557,,,,,,2.488333333333333,,0.4666666666666666,450.0,2.0,,,1.0,thermal,combined,mixed,fines,20.0,0.0,85.47,0.6603486603486604,False
58,MS400,20.0,90.0,56.5,,False,True,Thermal Calcination,matrix,38.32,24.096666666666668,7.8066666666666675,5.153333333333333,1.37,1.5433333333333337,0.3733333333333333,1.9,18.33333333333333,,,175.0,210.55555555555557,,,,,,2.488333333333333,,0.4666666666666666,450.0,2.0,,,1.0,thermal,combined,mixed,fines,20.0,0.0,85.47,0.661050661050661,False
58,MS500,20.0,90.0,57.88,,False,True,Thermal Calcination,matrix,38.32,24.096666666666668,7.8066666666666675,5.153333333333333,1.37,1.5433333333333337,0.3733333333333333,1.9,18.33333333333333,,,175.0,210.55555555555557,,,,,,2.488333333333333,,0.4666666666666666,450.0,2.0,,,1.0,thermal,combined,mixed,fines,20.0,0.0,85.47,0.6771966771966772,False
58,CS500,20.0,90.0,59.47,,False,True,Thermal Calcination,matrix,38.32,24.096666666666668,7.8066666666666675,5.153333333333333,1.37,1.5433333333333337,0.3733333333333333,1.9,18.33333333333333,,,175.0,210.55555555555557,,,,,,2.488333333333333,,0.4666666666666666,450.0,2.0,,,1.0,thermal,combined,mixed,fines,20.0,0.0,85.47,0.6957996957996958,False
59,C100,0.0,7.0,56.0,,True,True,,matrix,25.12,29.12,5.56,13.18,1.74,1.78,,2.65,15.1,,1.745,,50.515,,,,,,2.1566666666666667,,0.35,650.0,2.0,2.0,,1.0,multiple,other,,powder,35.0,10.0,67.5,0.8296296296296296,False
59,C100,0.0,7.0,72.5,,True,True,,matrix,25.12,29.12,5.56,13.18,1.74,1.78,,2.65,15.1,,1.745,,50.515,,,,,,2.1566666666666667,,0.35,650.0,2.0,2.0,,1.0,multiple,other,,powder,35.0,10.0,67.5,1.0740740740740742,False
59,C100,0.0,7.0,74.0,,True,True,,matrix,25.12,29.12,5.56,13.18,1.74,1.78,,2.65,15.1,,1.745,,50.515,,,,,,2.1566666666666667,,0.35,650.0,2.0,2.0,,1.0,multiple,other,,powder,35.0,10.0,67.5,1.0962962962962963,False
59,,10.0,7.0,37.0,,True,True,,sheet1,25.12,29.12,5.56,13.18,1.74,1.78,,2.65,15.1,,1.745,,50.515,,,,,,2.1566666666666667,,0.35,650.0,2.0,2.0,,1.0,multiple,other,,powder,35.0,10.0,67.5,0.5481481481481482,False
59,,10.0,7.0,53.5,,True,True,,sheet1,25.12,29.12,5.56,13.18,1.74,1.78,,2.65,15.1,,1.745,,50.515,,,,,,2.1566666666666667,,0.35,650.0,2.0,2.0,,1.0,multiple,other,,powder,35.0,10.0,67.5,0.7925925925925926,False
59,AW10,10.0,7.0,54.0,,True,True,As Received (None),matrix,25.12,29.12,5.56,13.18,1.74,1.78,,2.65,15.1,,1.745,,50.515,,,,,,2.1566666666666667,,0.35,650.0,2.0,2.0,,1.0,multiple,other,,powder,35.0,10.0,67.5,0.8,False
59,,10.0,7.0,54.5,,True,True,,sheet1,25.12,29.12,5.56,13.18,1.74,1.78,,2.65,15.1,,1.745,,50.515,,,,,,2.1566666666666667,,0.35,650.0,2.0,2.0,,1.0,multiple,other,,powder,35.0,10.0,67.5,0.8074074074074075,False
59,AW10,10.0,7.0,56.0,,True,True,As Received (None),matrix,25.12,29.12,5.56,13.18,1.74,1.78,,2.65,15.1,,1.745,,50.515,,,,,,2.1566666666666667,,0.35,650.0,2.0,2.0,,1.0,multiple,other,,powder,35.0,10.0,67.5,0.8296296296296296,False
59,BMW10,10.0,7.0,60.5,,True,True,Thermo-mechanical,matrix,25.12,29.12,5.56,13.18,1.74,1.78,,2.65,15.1,,1.745,,50.515,,,,,,2.1566666666666667,,0.35,650.0,2.0,2.0,,1.0,multiple,other,,powder,35.0,10.0,67.5,0.8962962962962963,False
59,MW10,10.0,7.0,64.0,,True,True,Mechanical Grinding,matrix,25.12,29.12,5.56,13.18,1.74,1.78,,2.65,15.1,,1.745,,50.515,,,,,,2.1566666666666667,,0.35,650.0,2.0,2.0,,1.0,multiple,other,,powder,35.0,10.0,67.5,0.9481481481481482,False
59,BMW10,10.0,7.0,64.5,,True,True,Thermo-mechanical,matrix,25.12,29.12,5.56,13.18,1.74,1.78,,2.65,15.1,,1.745,,50.515,,,,,,2.1566666666666667,,0.35,650.0,2.0,2.0,,1.0,multiple,other,,powder,35.0,10.0,67.5,0.9555555555555556,False
59,MW10,10.0,7.0,69.5,,True,True,Mechanical Grinding,matrix,25.12,29.12,5.56,13.18,1.74,1.78,,2.65,15.1,,1.745,,50.515,,,,,,2.1566666666666667,,0.35,650.0,2.0,2.0,,1.0,multiple,other,,powder,35.0,10.0,67.5,1.0296296296296297,False
59,,10.0,28.0,54.0,,True,True,,sheet1,25.12,29.12,5.56,13.18,1.74,1.78,,2.65,15.1,,1.745,,50.515,,,,,,2.1566666666666667,,0.35,650.0,2.0,2.0,,1.0,multiple,other,,powder,35.0,10.0,,,False
59,,10.0,28.0,60.5,,True,True,,sheet1,25.12,29.12,5.56,13.18,1.74,1.78,,2.65,15.1,,1.745,,50.515,,,,,,2.1566666666666667,,0.35,650.0,2.0,2.0,,1.0,multiple,other,,powder,35.0,10.0,,,False
59,,10.0,28.0,64.0,,True,True,,sheet1,25.12,29.12,5.56,13.18,1.74,1.78,,2.65,15.1,,1.745,,50.515,,,,,,2.1566666666666667,,0.35,650.0,2.0,2.0,,1.0,multiple,other,,powder,35.0,10.0,,,False
59,,10.0,56.0,56.0,,True,True,,sheet1,25.12,29.12,5.56,13.18,1.74,1.78,,2.65,15.1,,1.745,,50.515,,,,,,2.1566666666666667,,0.35,650.0,2.0,2.0,,1.0,multiple,other,,powder,35.0,10.0,,,False
59,,10.0,56.0,64.5,,True,True,,sheet1,25.12,29.12,5.56,13.18,1.74,1.78,,2.65,15.1,,1.745,,50.515,,,,,,2.1566666666666667,,0.35,650.0,2.0,2.0,,1.0,multiple,other,,powder,35.0,10.0,,,False
59,,10.0,56.0,69.5,,True,True,,sheet1,25.12,29.12,5.56,13.18,1.74,1.78,,2.65,15.1,,1.745,,50.515,,,,,,2.1566666666666667,,0.35,650.0,2.0,2.0,,1.0,multiple,other,,powder,35.0,10.0,,,False
59,AW20,20.0,7.0,31.0,,True,True,,sheet1,25.12,29.12,5.56,13.18,1.74,1.78,,2.65,15.1,,1.745,,50.515,,,,,,2.1566666666666667,,0.35,650.0,2.0,2.0,,1.0,multiple,other,,powder,35.0,10.0,67.5,0.45925925925925926,False
59,MW20,20.0,7.0,48.0,,True,True,,sheet1,25.12,29.12,5.56,13.18,1.74,1.78,,2.65,15.1,,1.745,,50.515,,,,,,2.1566666666666667,,0.35,650.0,2.0,2.0,,1.0,multiple,other,,powder,35.0,10.0,67.5,0.7111111111111111,False
59,AW20,20.0,7.0,50.0,,True,True,As Received (None),matrix,25.12,29.12,5.56,13.18,1.74,1.78,,2.65,15.1,,1.745,,50.515,,,,,,2.1566666666666667,,0.35,650.0,2.0,2.0,,1.0,multiple,other,,powder,35.0,10.0,67.5,0.7407407407407407,False
59,AW20,20.0,7.0,52.0,,True,True,As Received (None),matrix,25.12,29.12,5.56,13.18,1.74,1.78,,2.65,15.1,,1.745,,50.515,,,,,,2.1566666666666667,,0.35,650.0,2.0,2.0,,1.0,multiple,other,,powder,35.0,10.0,67.5,0.7703703703703704,False
59,BMW20,20.0,7.0,54.5,,True,True,,sheet1,25.12,29.12,5.56,13.18,1.74,1.78,,2.65,15.1,,1.745,,50.515,,,,,,2.1566666666666667,,0.35,650.0,2.0,2.0,,1.0,multiple,other,,powder,35.0,10.0,67.5,0.8074074074074075,False
59,MW20,20.0,7.0,58.0,,True,True,Mechanical Grinding,matrix,25.12,29.12,5.56,13.18,1.74,1.78,,2.65,15.1,,1.745,,50.515,,,,,,2.1566666666666667,,0.35,650.0,2.0,2.0,,1.0,multiple,other,,powder,35.0,10.0,67.5,0.8592592592592593,False
59,MW20,20.0,7.0,59.0,,True,True,Mechanical Grinding,matrix,25.12,29.12,5.56,13.18,1.74,1.78,,2.65,15.1,,1.745,,50.515,,,,,,2.1566666666666667,,0.35,650.0,2.0,2.0,,1.0,multiple,other,,powder,35.0,10.0,67.5,0.8740740740740741,False
59,BMW20,20.0,7.0,62.5,,True,True,Thermo-mechanical,matrix,25.12,29.12,5.56,13.18,1.74,1.78,,2.65,15.1,,1.745,,50.515,,,,,,2.1566666666666667,,0.35,650.0,2.0,2.0,,1.0,multiple,other,,powder,35.0,10.0,67.5,0.9259259259259259,False
59,BMW20,20.0,7.0,65.5,,True,True,Thermo-mechanical,matrix,25.12,29.12,5.56,13.18,1.74,1.78,,2.65,15.1,,1.745,,50.515,,,,,,2.1566666666666667,,0.35,650.0,2.0,2.0,,1.0,multiple,other,,powder,35.0,10.0,67.5,0.9703703703703703,False
59,AW20,20.0,28.0,52.0,,True,True,,sheet1,25.12,29.12,5.56,13.18,1.74,1.78,,2.65,15.1,,1.745,,50.515,,,,,,2.1566666666666667,,0.35,650.0,2.0,2.0,,1.0,multiple,other,,powder,35.0,10.0,,,False
59,MW20,20.0,28.0,59.0,,True,True,,sheet1,25.12,29.12,5.56,13.18,1.74,1.78,,2.65,15.1,,1.745,,50.515,,,,,,2.1566666666666667,,0.35,650.0,2.0,2.0,,1.0,multiple,other,,powder,35.0,10.0,,,False
59,BMW20,20.0,28.0,65.5,,True,True,,sheet1,25.12,29.12,5.56,13.18,1.74,1.78,,2.65,15.1,,1.745,,50.515,,,,,,2.1566666666666667,,0.35,650.0,2.0,2.0,,1.0,multiple,other,,powder,35.0,10.0,,,False
59,AW20,20.0,56.0,50.0,,True,True,,sheet1,25.12,29.12,5.56,13.18,1.74,1.78,,2.65,15.1,,1.745,,50.515,,,,,,2.1566666666666667,,0.35,650.0,2.0,2.0,,1.0,multiple,other,,powder,35.0,10.0,,,False
59,MW20,20.0,56.0,58.0,,True,True,,sheet1,25.12,29.12,5.56,13.18,1.74,1.78,,2.65,15.1,,1.745,,50.515,,,,,,2.1566666666666667,,0.35,650.0,2.0,2.0,,1.0,multiple,other,,powder,35.0,10.0,,,False
59,BMW20,20.0,56.0,62.5,,True,True,,sheet1,25.12,29.12,5.56,13.18,1.74,1.78,,2.65,15.1,,1.745,,50.515,,,,,,2.1566666666666667,,0.35,650.0,2.0,2.0,,1.0,multiple,other,,powder,35.0,10.0,,,False
59,AW30,30.0,7.0,18.5,,True,True,,sheet1,25.12,29.12,5.56,13.18,1.74,1.78,,2.65,15.1,,1.745,,50.515,,,,,,2.1566666666666667,,0.35,650.0,2.0,2.0,,1.0,multiple,other,,powder,35.0,10.0,67.5,0.2740740740740741,False
59,AW30,30.0,7.0,40.0,,True,True,As Received (None),matrix,25.12,29.12,5.56,13.18,1.74,1.78,,2.65,15.1,,1.745,,50.515,,,,,,2.1566666666666667,,0.35,650.0,2.0,2.0,,1.0,multiple,other,,powder,35.0,10.0,67.5,0.5925925925925926,False
59,MW30,30.0,7.0,44.0,,True,True,,sheet1,25.12,29.12,5.56,13.18,1.74,1.78,,2.65,15.1,,1.745,,50.515,,,,,,2.1566666666666667,,0.35,650.0,2.0,2.0,,1.0,multiple,other,,powder,35.0,10.0,67.5,0.6518518518518519,False
59,MW30,30.0,7.0,44.5,,True,True,Mechanical Grinding,matrix,25.12,29.12,5.56,13.18,1.74,1.78,,2.65,15.1,,1.745,,50.515,,,,,,2.1566666666666667,,0.35,650.0,2.0,2.0,,1.0,multiple,other,,powder,35.0,10.0,67.5,0.6592592592592592,False
59,MW30,30.0,7.0,51.0,,True,True,Mechanical Grinding,matrix,25.12,29.12,5.56,13.18,1.74,1.78,,2.65,15.1,,1.745,,50.515,,,,,,2.1566666666666667,,0.35,650.0,2.0,2.0,,1.0,multiple,other,,powder,35.0,10.0,67.5,0.7555555555555555,False
59,BMW30,30.0,7.0,57.0,,True,True,,sheet1,25.12,29.12,5.56,13.18,1.74,1.78,,2.65,15.1,,1.745,,50.515,,,,,,2.1566666666666667,,0.35,650.0,2.0,2.0,,1.0,multiple,other,,powder,35.0,10.0,67.5,0.8444444444444444,False
59,BMW30,30.0,7.0,61.0,,True,True,Thermo-mechanical,matrix,25.12,29.12,5.56,13.18,1.74,1.78,,2.65,15.1,,1.745,,50.515,,,,,,2.1566666666666667,,0.35,650.0,2.0,2.0,,1.0,multiple,other,,powder,35.0,10.0,67.5,0.9037037037037037,False
59,BMW30,30.0,7.0,65.0,,True,True,Thermo-mechanical,matrix,25.12,29.12,5.56,13.18,1.74,1.78,,2.65,15.1,,1.745,,50.515,,,,,,2.1566666666666667,,0.35,650.0,2.0,2.0,,1.0,multiple,other,,powder,35.0,10.0,67.5,0.9629629629629629,False
59,AW30,30.0,28.0,40.0,,True,True,,sheet1,25.12,29.12,5.56,13.18,1.74,1.78,,2.65,15.1,,1.745,,50.515,,,,,,2.1566666666666667,,0.35,650.0,2.0,2.0,,1.0,multiple,other,,powder,35.0,10.0,,,False
59,MW30,30.0,28.0,51.0,,True,True,,sheet1,25.12,29.12,5.56,13.18,1.74,1.78,,2.65,15.1,,1.745,,50.515,,,,,,2.1566666666666667,,0.35,650.0,2.0,2.0,,1.0,multiple,other,,powder,35.0,10.0,,,False
59,BMW30,30.0,28.0,65.0,,True,True,,sheet1,25.12,29.12,5.56,13.18,1.74,1.78,,2.65,15.1,,1.745,,50.515,,,,,,2.1566666666666667,,0.35,650.0,2.0,2.0,,1.0,multiple,other,,powder,35.0,10.0,,,False
59,AW30,30.0,56.0,40.0,,True,True,,sheet1,25.12,29.12,5.56,13.18,1.74,1.78,,2.65,15.1,,1.745,,50.515,,,,,,2.1566666666666667,,0.35,650.0,2.0,2.0,,1.0,multiple,other,,powder,35.0,10.0,,,False
59,MW30,30.0,56.0,44.5,,True,True,,sheet1,25.12,29.12,5.56,13.18,1.74,1.78,,2.65,15.1,,1.745,,50.515,,,,,,2.1566666666666667,,0.35,650.0,2.0,2.0,,1.0,multiple,other,,powder,35.0,10.0,,,False
59,BMW30,30.0,56.0,61.0,,True,True,,sheet1,25.12,29.12,5.56,13.18,1.74,1.78,,2.65,15.1,,1.745,,50.515,,,,,,2.1566666666666667,,0.35,650.0,2.0,2.0,,1.0,multiple,other,,powder,35.0,10.0,,,False
59,AW40,40.0,7.0,11.5,,True,True,,sheet1,25.12,29.12,5.56,13.18,1.74,1.78,,2.65,15.1,,1.745,,50.515,,,,,,2.1566666666666667,,0.35,650.0,2.0,2.0,,1.0,multiple,other,,powder,35.0,10.0,67.5,0.17037037037037037,False
59,AW40,40.0,7.0,28.0,,True,True,As Received (None),matrix,25.12,29.12,5.56,13.18,1.74,1.78,,2.65,15.1,,1.745,,50.515,,,,,,2.1566666666666667,,0.35,650.0,2.0,2.0,,1.0,multiple,other,,powder,35.0,10.0,67.5,0.4148148148148148,False
59,AW40,40.0,7.0,28.5,,True,True,As Received (None),matrix,25.12,29.12,5.56,13.18,1.74,1.78,,2.65,15.1,,1.745,,50.515,,,,,,2.1566666666666667,,0.35,650.0,2.0,2.0,,1.0,multiple,other,,powder,35.0,10.0,67.5,0.4222222222222222,False
59,MW40,40.0,7.0,39.0,,True,True,,sheet1,25.12,29.12,5.56,13.18,1.74,1.78,,2.65,15.1,,1.745,,50.515,,,,,,2.1566666666666667,,0.35,650.0,2.0,2.0,,1.0,multiple,other,,powder,35.0,10.0,67.5,0.5777777777777777,False
59,MW40,40.0,7.0,44.5,,True,True,Mechanical Grinding,matrix,25.12,29.12,5.56,13.18,1.74,1.78,,2.65,15.1,,1.745,,50.515,,,,,,2.1566666666666667,,0.35,650.0,2.0,2.0,,1.0,multiple,other,,powder,35.0,10.0,67.5,0.6592592592592592,False
59,MW40,40.0,7.0,45.5,,True,True,Mechanical Grinding,matrix,25.12,29.12,5.56,13.18,1.74,1.78,,2.65,15.1,,1.745,,50.515,,,,,,2.1566666666666667,,0.35,650.0,2.0,2.0,,1.0,multiple,other,,powder,35.0,10.0,67.5,0.674074074074074,False
59,BMW40,40.0,7.0,51.5,,True,True,,sheet1,25.12,29.12,5.56,13.18,1.74,1.78,,2.65,15.1,,1.745,,50.515,,,,,,2.1566666666666667,,0.35,650.0,2.0,2.0,,1.0,multiple,other,,powder,35.0,10.0,67.5,0.762962962962963,False
59,BMW40,40.0,7.0,59.5,,True,True,Thermo-mechanical,matrix,25.12,29.12,5.56,13.18,1.74,1.78,,2.65,15.1,,1.745,,50.515,,,,,,2.1566666666666667,,0.35,650.0,2.0,2.0,,1.0,multiple,other,,powder,35.0,10.0,67.5,0.8814814814814815,False
59,BMW40,40.0,7.0,65.0,,True,True,Thermo-mechanical,matrix,25.12,29.12,5.56,13.18,1.74,1.78,,2.65,15.1,,1.745,,50.515,,,,,,2.1566666666666667,,0.35,650.0,2.0,2.0,,1.0,multiple,other,,powder,35.0,10.0,67.5,0.9629629629629629,False
59,AW40,40.0,28.0,28.0,,True,True,,sheet1,25.12,29.12,5.56,13.18,1.74,1.78,,2.65,15.1,,1.745,,50.515,,,,,,2.1566666666666667,,0.35,650.0,2.0,2.0,,1.0,multiple,other,,powder,35.0,10.0,,,False
59,MW40,40.0,28.0,45.5,,True,True,,sheet1,25.12,29.12,5.56,13.18,1.74,1.78,,2.65,15.1,,1.745,,50.515,,,,,,2.1566666666666667,,0.35,650.0,2.0,2.0,,1.0,multiple,other,,powder,35.0,10.0,,,False
59,BMW40,40.0,28.0,65.0,,True,True,,sheet1,25.12,29.12,5.56,13.18,1.74,1.78,,2.65,15.1,,1.745,,50.515,,,,,,2.1566666666666667,,0.35,650.0,2.0,2.0,,1.0,multiple,other,,powder,35.0,10.0,,,False
59,AW40,40.0,56.0,28.5,,True,True,,sheet1,25.12,29.12,5.56,13.18,1.74,1.78,,2.65,15.1,,1.745,,50.515,,,,,,2.1566666666666667,,0.35,650.0,2.0,2.0,,1.0,multiple,other,,powder,35.0,10.0,,,False
59,MW40,40.0,56.0,44.5,,True,True,,sheet1,25.12,29.12,5.56,13.18,1.74,1.78,,2.65,15.1,,1.745,,50.515,,,,,,2.1566666666666667,,0.35,650.0,2.0,2.0,,1.0,multiple,other,,powder,35.0,10.0,,,False
59,BMW40,40.0,56.0,59.5,,True,True,,sheet1,25.12,29.12,5.56,13.18,1.74,1.78,,2.65,15.1,,1.745,,50.515,,,,,,2.1566666666666667,,0.35,650.0,2.0,2.0,,1.0,multiple,other,,powder,35.0,10.0,,,False
60,M-Control,0.0,,37.8,,False,False,Un-activated,matrix,31.0,54.9,3.4,1.9,5.6,,,,,,,,,,,,,,,,0.5,,,,,2.0,,combined,mixed,fines,10.0,,,,False
60,M-WCF-5C,5.0,,37.3,,False,False,,sheet1,31.0,54.9,3.4,1.9,5.6,,,,,,,,,,,,,,,,0.5,,,,,2.0,,combined,mixed,fines,10.0,,,,False
60,M-WCF-10C,10.0,,33.8,,False,False,,sheet1,31.0,54.9,3.4,1.9,5.6,,,,,,,,,,,,,,,,0.5,,,,,2.0,,combined,mixed,fines,10.0,,,,False
60,M-WCF-10S+10C,10.0,,41.7,,False,False,Un-activated,matrix,31.0,54.9,3.4,1.9,5.6,,,,,,,,,,,,,,,,0.5,,,,,2.0,,combined,mixed,fines,10.0,,,,False
60,M-WCF-20C,20.0,,31.8,,False,False,,sheet1,31.0,54.9,3.4,1.9,5.6,,,,,,,,,,,,,,,,0.5,,,,,2.0,,combined,mixed,fines,10.0,,,,False
60,M-WCF-30C,30.0,,29.0,,False,False,,sheet1,31.0,54.9,3.4,1.9,5.6,,,,,,,,,,,,,,,,0.5,,,,,2.0,,combined,mixed,fines,10.0,,,,False
62,Plain Paste (C-L),0.0,28.0,52.1,,False,True,,matrix,,1.4433333333333334,0.25,,,,,,,,,,,,,,,13.64,,,0.55,70.0,3.625,,,2.0,carbonation,,mixed,fines,20.0,0.0,56.55,0.9213085764809903,False
62,Plain Paste (C-L),0.0,28.0,61.0,,False,True,,matrix,,1.4433333333333334,0.25,,,,,,,,,,,,,,,13.64,,,0.55,70.0,3.625,,,2.0,carbonation,,mixed,fines,20.0,0.0,56.55,1.0786914235190097,False
62,relative to plain RCF paste,0.0,,1.46,,False,False,,sheet1,,1.4433333333333334,0.25,,,,,,,,,,,,,,,13.64,,,0.55,70.0,3.625,,,2.0,carbonation,,mixed,fines,20.0,0.0,,,False
63,OPC Concrete,0.0,2.0,1.2,,True,True,,matrix,62.36,8.36,12.03,4.19,0.93,0.15,1.44,3.34,6.01,,1.11,6.58,44.23,,660.0,,660.0,,2.58,,0.5,,,,,2.0,mechanical,combined,mixed,powder,,0.0,4.6,0.2608695652173913,False
63,OPC Concrete,0.0,2.0,8.0,,True,True,,matrix,62.36,8.36,12.03,4.19,0.93,0.15,1.44,3.34,6.01,,1.11,6.58,44.23,,660.0,,660.0,,2.58,,0.5,,,,,2.0,mechanical,combined,mixed,powder,,0.0,4.6,1.7391304347826089,False
63,OPC Concrete,0.0,7.0,2.0,,True,True,,matrix,62.36,8.36,12.03,4.19,0.93,0.15,1.44,3.34,6.01,,1.11,6.58,44.23,,660.0,,660.0,,2.58,,0.5,,,,,2.0,mechanical,combined,mixed,powder,,0.0,12.5,0.16,False
63,OPC Concrete,0.0,7.0,23.0,,True,True,,matrix,62.36,8.36,12.03,4.19,0.93,0.15,1.44,3.34,6.01,,1.11,6.58,44.23,,660.0,,660.0,,2.58,,0.5,,,,,2.0,mechanical,combined,mixed,powder,,0.0,12.5,1.84,False
63,OPC Concrete,0.0,28.0,2.6,,True,True,,matrix,62.36,8.36,12.03,4.19,0.93,0.15,1.44,3.34,6.01,,1.11,6.58,44.23,,660.0,,660.0,,2.58,,0.5,,,,,2.0,mechanical,combined,mixed,powder,,0.0,24.026666666666667,0.10821309655937847,False
63,OPC Concrete,0.0,28.0,30.0,,True,True,,matrix,62.36,8.36,12.03,4.19,0.93,0.15,1.44,3.34,6.01,,1.11,6.58,44.23,,660.0,,660.0,,2.58,,0.5,,,,,2.0,mechanical,combined,mixed,powder,,0.0,24.026666666666667,1.248612652608213,False
63,OPC (Reference Paste/Mortar),0.0,28.0,39.48,,False,True,,matrix,62.36,8.36,12.03,4.19,0.93,0.15,1.44,3.34,6.01,,1.11,6.58,44.23,,660.0,,660.0,,2.58,,0.5,,,,,2.0,mechanical,combined,mixed,powder,,0.0,24.026666666666667,1.6431742508324083,False
63,OPC Concrete,0.0,90.0,2.8,,True,True,,matrix,62.36,8.36,12.03,4.19,0.93,0.15,1.44,3.34,6.01,,1.11,6.58,44.23,,660.0,,660.0,,2.58,,0.5,,,,,2.0,mechanical,combined,mixed,powder,,0.0,18.9,0.14814814814814814,False
63,OPC Concrete,0.0,90.0,35.0,,True,True,,matrix,62.36,8.36,12.03,4.19,0.93,0.15,1.44,3.34,6.01,,1.11,6.58,44.23,,660.0,,660.0,,2.58,,0.5,,,,,2.0,mechanical,combined,mixed,powder,,0.0,18.9,1.851851851851852,False
63,25CBW Concrete,25.0,2.0,0.8,,True,True,Mechanical (Grinding),matrix,62.36,8.36,12.03,4.19,0.93,0.15,1.44,3.34,6.01,,1.11,6.58,44.23,,660.0,,660.0,,2.58,,0.5,,,,,2.0,mechanical,combined,mixed,powder,,0.0,4.6,0.1739130434782609,False
63,25CBW Concrete,25.0,2.0,6.0,,True,True,Mechanical (Grinding),matrix,62.36,8.36,12.03,4.19,0.93,0.15,1.44,3.34,6.01,,1.11,6.58,44.23,,660.0,,660.0,,2.58,,0.5,,,,,2.0,mechanical,combined,mixed,powder,,0.0,4.6,1.3043478260869565,False
63,25CBW Concrete,25.0,7.0,2.0,,True,True,Mechanical (Grinding),matrix,62.36,8.36,12.03,4.19,0.93,0.15,1.44,3.34,6.01,,1.11,6.58,44.23,,660.0,,660.0,,2.58,,0.5,,,,,2.0,mechanical,combined,mixed,powder,,0.0,12.5,0.16,False
63,25CBW Concrete,25.0,7.0,19.5,,True,True,Mechanical (Grinding),matrix,62.36,8.36,12.03,4.19,0.93,0.15,1.44,3.34,6.01,,1.11,6.58,44.23,,660.0,,660.0,,2.58,,0.5,,,,,2.0,mechanical,combined,mixed,powder,,0.0,12.5,1.56,False
63,25CBW Concrete,25.0,28.0,2.2,,True,True,Mechanical (Grinding),matrix,62.36,8.36,12.03,4.19,0.93,0.15,1.44,3.34,6.01,,1.11,6.58,44.23,,660.0,,660.0,,2.58,,0.5,,,,,2.0,mechanical,combined,mixed,powder,,0.0,24.026666666666667,0.09156492785793563,False
63,25CBW Concrete,25.0,28.0,28.5,,True,True,Mechanical (Grinding),matrix,62.36,8.36,12.03,4.19,0.93,0.15,1.44,3.34,6.01,,1.11,6.58,44.23,,660.0,,660.0,,2.58,,0.5,,,,,2.0,mechanical,combined,mixed,powder,,0.0,24.026666666666667,1.1861820199778024,False
63,25CBW (Paste/Mortar),25.0,28.0,33.17,,False,True,Mechanical (Grinding),matrix,62.36,8.36,12.03,4.19,0.93,0.15,1.44,3.34,6.01,,1.11,6.58,44.23,,660.0,,660.0,,2.58,,0.5,,,,,2.0,mechanical,combined,mixed,powder,,0.0,24.026666666666667,1.3805493895671477,False
63,25CBW Concrete,25.0,90.0,2.4,,True,True,Mechanical (Grinding),matrix,62.36,8.36,12.03,4.19,0.93,0.15,1.44,3.34,6.01,,1.11,6.58,44.23,,660.0,,660.0,,2.58,,0.5,,,,,2.0,mechanical,combined,mixed,powder,,0.0,18.9,0.12698412698412698,False
63,25CBW Concrete,25.0,90.0,33.5,,True,True,Mechanical (Grinding),matrix,62.36,8.36,12.03,4.19,0.93,0.15,1.44,3.34,6.01,,1.11,6.58,44.23,,660.0,,660.0,,2.58,,0.5,,,,,2.0,mechanical,combined,mixed,powder,,0.0,18.9,1.7724867724867726,False
64,5h0°C,0.0,,20.6,,False,False,,sheet1,51.57333333333333,9.8,9.816666666666668,3.155,1.6883333333333332,0.365,0.4966666666666666,1.445,4.641666666666667,,60.33083333333334,326.8831578947369,90.73083333333334,,,12185.454545454546,,,2.602,,0.5,750.0,2.0,3.333333333333333,30.0,1.0,multiple,crushing,,cdw,,,,,False
64,,0.0,,21.3,,False,False,,sheet1,51.57333333333333,9.8,9.816666666666668,3.155,1.6883333333333332,0.365,0.4966666666666666,1.445,4.641666666666667,,60.33083333333334,326.8831578947369,90.73083333333334,,,12185.454545454546,,,2.602,,0.5,750.0,2.0,3.333333333333333,30.0,1.0,multiple,crushing,,cdw,,,,,False
64,0h900°C,0.0,,21.6,,False,False,,sheet1,51.57333333333333,9.8,9.816666666666668,3.155,1.6883333333333332,0.365,0.4966666666666666,1.445,4.641666666666667,,60.33083333333334,326.8831578947369,90.73083333333334,,,12185.454545454546,,,2.602,,0.5,750.0,2.0,3.333333333333333,30.0,1.0,multiple,crushing,,cdw,,,,,False
64,0h600°C,0.0,,22.6,,False,False,,sheet1,51.57333333333333,9.8,9.816666666666668,3.155,1.6883333333333332,0.365,0.4966666666666666,1.445,4.641666666666667,,60.33083333333334,326.8831578947369,90.73083333333334,,,12185.454545454546,,,2.602,,0.5,750.0,2.0,3.333333333333333,30.0,1.0,multiple,crushing,,cdw,,,,,False
64,5h600°C,0.0,,22.8,,False,False,,sheet1,51.57333333333333,9.8,9.816666666666668,3.155,1.6883333333333332,0.365,0.4966666666666666,1.445,4.641666666666667,,60.33083333333334,326.8831578947369,90.73083333333334,,,12185.454545454546,,,2.602,,0.5,750.0,2.0,3.333333333333333,30.0,1.0,multiple,crushing,,cdw,,,,,False
64,0h700°C,0.0,,23.3,,False,False,,sheet1,51.57333333333333,9.8,9.816666666666668,3.155,1.6883333333333332,0.365,0.4966666666666666,1.445,4.641666666666667,,60.33083333333334,326.8831578947369,90.73083333333334,,,12185.454545454546,,,2.602,,0.5,750.0,2.0,3.333333333333333,30.0,1.0,multiple,crushing,,cdw,,,,,False
64,5h900°C,0.0,,24.0,,False,False,,sheet1,51.57333333333333,9.8,9.816666666666668,3.155,1.6883333333333332,0.365,0.4966666666666666,1.445,4.641666666666667,,60.33083333333334,326.8831578947369,90.73083333333334,,,12185.454545454546,,,2.602,,0.5,750.0,2.0,3.333333333333333,30.0,1.0,multiple,crushing,,cdw,,,,,False
64,0h800°C,0.0,,24.8,,False,False,,sheet1,51.57333333333333,9.8,9.816666666666668,3.155,1.6883333333333332,0.365,0.4966666666666666,1.445,4.641666666666667,,60.33083333333334,326.8831578947369,90.73083333333334,,,12185.454545454546,,,2.602,,0.5,750.0,2.0,3.333333333333333,30.0,1.0,multiple,crushing,,cdw,,,,,False
64,5h700°C,0.0,,26.0,,False,False,,sheet1,51.57333333333333,9.8,9.816666666666668,3.155,1.6883333333333332,0.365,0.4966666666666666,1.445,4.641666666666667,,60.33083333333334,326.8831578947369,90.73083333333334,,,12185.454545454546,,,2.602,,0.5,750.0,2.0,3.333333333333333,30.0,1.0,multiple,crushing,,cdw,,,,,False
64,5h800°C,0.0,,26.4,,False,False,,sheet1,51.57333333333333,9.8,9.816666666666668,3.155,1.6883333333333332,0.365,0.4966666666666666,1.445,4.641666666666667,,60.33083333333334,326.8831578947369,90.73083333333334,,,12185.454545454546,,,2.602,,0.5,750.0,2.0,3.333333333333333,30.0,1.0,multiple,crushing,,cdw,,,,,False
64,5h0°C,25.0,,20.6,,False,False,Mechanical,matrix,51.57333333333333,9.8,9.816666666666668,3.155,1.6883333333333332,0.365,0.4966666666666666,1.445,4.641666666666667,,60.33083333333334,326.8831578947369,90.73083333333334,,,12185.454545454546,,,2.602,,0.5,750.0,2.0,3.333333333333333,30.0,1.0,multiple,crushing,,cdw,,,,,False
64,0h0°C,25.0,,21.3,,False,False,Unactivated (Fresh),matrix,51.57333333333333,9.8,9.816666666666668,3.155,1.6883333333333332,0.365,0.4966666666666666,1.445,4.641666666666667,,60.33083333333334,326.8831578947369,90.73083333333334,,,12185.454545454546,,,2.602,,0.5,750.0,2.0,3.333333333333333,30.0,1.0,multiple,crushing,,cdw,,,,,False
64,0h700°C,25.0,,23.3,,False,False,Thermal,matrix,51.57333333333333,9.8,9.816666666666668,3.155,1.6883333333333332,0.365,0.4966666666666666,1.445,4.641666666666667,,60.33083333333334,326.8831578947369,90.73083333333334,,,12185.454545454546,,,2.602,,0.5,750.0,2.0,3.333333333333333,30.0,1.0,multiple,crushing,,cdw,,,,,False
64,0h800°C,25.0,,24.8,,False,False,Thermal,matrix,51.57333333333333,9.8,9.816666666666668,3.155,1.6883333333333332,0.365,0.4966666666666666,1.445,4.641666666666667,,60.33083333333334,326.8831578947369,90.73083333333334,,,12185.454545454546,,,2.602,,0.5,750.0,2.0,3.333333333333333,30.0,1.0,multiple,crushing,,cdw,,,,,False
64,5h700°C,25.0,,26.0,,False,False,Thermomechanical,matrix,51.57333333333333,9.8,9.816666666666668,3.155,1.6883333333333332,0.365,0.4966666666666666,1.445,4.641666666666667,,60.33083333333334,326.8831578947369,90.73083333333334,,,12185.454545454546,,,2.602,,0.5,750.0,2.0,3.333333333333333,30.0,1.0,multiple,crushing,,cdw,,,,,False
64,5h800°C,25.0,,26.4,,False,False,Thermomechanical,matrix,51.57333333333333,9.8,9.816666666666668,3.155,1.6883333333333332,0.365,0.4966666666666666,1.445,4.641666666666667,,60.33083333333334,326.8831578947369,90.73083333333334,,,12185.454545454546,,,2.602,,0.5,750.0,2.0,3.333333333333333,30.0,1.0,multiple,crushing,,cdw,,,,,False
66,C-RFC0,0.0,,38.45,,False,False,,matrix,,,,,,,,,,,,,,,,,,7.85,,2526.5,,,,,,,carbonation,crushing,calcite,other,,,,,True
66,C-RFC25,25.0,,40.25,,False,False,Accelerated Carbonation,matrix,,,,,,,,,,,,,,,,,,7.85,,2526.5,,,,,,,carbonation,crushing,calcite,other,,,,,True
66,C-RFC50,50.0,,42.5,,False,False,Accelerated Carbonation,matrix,,,,,,,,,,,,,,,,,,7.85,,2526.5,,,,,,,carbonation,crushing,calcite,other,,,,,True
66,C-RFC75,75.0,,45.05,,False,False,Accelerated Carbonation,matrix,,,,,,,,,,,,,,,,,,7.85,,2526.5,,,,,,,carbonation,crushing,calcite,other,,,,,True
66,C-RFC100,100.0,,46.05,,False,False,Accelerated Carbonation,matrix,,,,,,,,,,,,,,,,,,7.85,,2526.5,,,,,,,carbonation,crushing,calcite,other,,,,,True
66,C-RFC100,100.0,,46.8,,False,False,Accelerated Carbonation,matrix,,,,,,,,,,,,,,,,,,7.85,,2526.5,,,,,,,carbonation,crushing,calcite,other,,,,,True
68,,0.0,3.0,13.44,,False,True,,sheet1,,,,,,,,,,,,,,,,,,,,,0.475,,,,,,,crushing,,cdw,10.0,,24.23,0.5546842756912918,False
68,,0.0,3.0,27.25,,False,True,,sheet1,,,,,,,,,,,,,,,,,,,,,0.475,,,,,,,crushing,,cdw,10.0,,24.23,1.12463887742468,False
68,,0.0,3.0,32.0,,False,True,,sheet1,,,,,,,,,,,,,,,,,,,,,0.475,,,,,,,crushing,,cdw,10.0,,24.23,1.320676846884028,False
68,,2.5,3.0,13.27,,False,True,,sheet1,,,,,,,,,,,,,,,,,,,,,0.475,,,,,,,crushing,,cdw,10.0,,24.23,0.5476681799422204,False
68,,2.5,3.0,13.65,,False,True,,sheet1,,,,,,,,,,,,,,,,,,,,,0.475,,,,,,,crushing,,cdw,10.0,,24.23,0.5633512174989682,False
68,,2.5,3.0,27.18,,False,True,,sheet1,,,,,,,,,,,,,,,,,,,,,0.475,,,,,,,crushing,,cdw,10.0,,24.23,1.1217498968221213,False
68,,2.5,3.0,27.95,,False,True,,sheet1,,,,,,,,,,,,,,,,,,,,,0.475,,,,,,,crushing,,cdw,10.0,,24.23,1.1535286834502683,False
68,,2.5,3.0,31.6,,False,True,,sheet1,,,,,,,,,,,,,,,,,,,,,0.475,,,,,,,crushing,,cdw,10.0,,24.23,1.3041683862979778,False
68,,2.5,3.0,32.5,,False,True,,sheet1,,,,,,,,,,,,,,,,,,,,,0.475,,,,,,,crushing,,cdw,10.0,,24.23,1.341312422616591,False
68,,5.0,3.0,12.13,,False,True,,sheet1,,,,,,,,,,,,,,,,,,,,,0.475,,,,,,,crushing,,cdw,10.0,,24.23,0.5006190672719769,False
68,,5.0,3.0,14.58,,False,True,,sheet1,,,,,,,,,,,,,,,,,,,,,0.475,,,,,,,crushing,,cdw,10.0,,24.23,0.6017333883615352,False
68,,5.0,3.0,25.82,,False,True,,sheet1,,,,,,,,,,,,,,,,,,,,,0.475,,,,,,,crushing,,cdw,10.0,,24.23,1.0656211308295502,False
68,,5.0,3.0,29.8,,False,True,,sheet1,,,,,,,,,,,,,,,,,,,,,0.475,,,,,,,crushing,,cdw,10.0,,24.23,1.2298803136607512,False
68,,5.0,3.0,30.03,,False,True,,sheet1,,,,,,,,,,,,,,,,,,,,,0.475,,,,,,,crushing,,cdw,10.0,,24.23,1.2393726784977301,False
68,,5.0,3.0,34.6,,False,True,,sheet1,,,,,,,,,,,,,,,,,,,,,0.475,,,,,,,crushing,,cdw,10.0,,24.23,1.4279818406933553,False
68,,7.5,3.0,11.69,,False,True,,sheet1,,,,,,,,,,,,,,,,,,,,,0.475,,,,,,,crushing,,cdw,10.0,,24.23,0.4824597606273215,False
68,,7.5,3.0,14.3,,False,True,,sheet1,,,,,,,,,,,,,,,,,,,,,0.475,,,,,,,crushing,,cdw,10.0,,24.23,0.5901774659513,False
68,,7.5,3.0,23.94,,False,True,,sheet1,,,,,,,,,,,,,,,,,,,,,0.475,,,,,,,crushing,,cdw,10.0,,24.23,0.9880313660751135,False
68,,7.5,3.0,27.84,,False,True,,sheet1,,,,,,,,,,,,,,,,,,,,,0.475,,,,,,,crushing,,cdw,10.0,,24.23,1.1489888567891045,False
68,,7.5,3.0,29.33,,False,True,,sheet1,,,,,,,,,,,,,,,,,,,,,0.475,,,,,,,crushing,,cdw,10.0,,24.23,1.210482872472142,False
68,,7.5,3.0,34.1,,False,True,,sheet1,,,,,,,,,,,,,,,,,,,,,0.475,,,,,,,crushing,,cdw,10.0,,24.23,1.4073462649607924,False
68,,10.0,3.0,11.04,,False,True,,sheet1,,,,,,,,,,,,,,,,,,,,,0.475,,,,,,,crushing,,cdw,10.0,,24.23,0.45563351217498965,False
68,,10.0,3.0,15.18,,False,True,,sheet1,,,,,,,,,,,,,,,,,,,,,0.475,,,,,,,crushing,,cdw,10.0,,24.23,0.6264960792406108,False
68,,10.0,3.0,22.52,,False,True,,sheet1,,,,,,,,,,,,,,,,,,,,,0.475,,,,,,,crushing,,cdw,10.0,,24.23,0.9294263309946347,False
68,,10.0,3.0,26.19,,False,True,,sheet1,,,,,,,,,,,,,,,,,,,,,0.475,,,,,,,crushing,,cdw,10.0,,24.23,1.0808914568716468,False
68,,10.0,3.0,31.0,,False,True,,sheet1,,,,,,,,,,,,,,,,,,,,,0.475,,,,,,,crushing,,cdw,10.0,,24.23,1.2794056954189021,False
68,,10.0,3.0,36.2,,False,True,,sheet1,,,,,,,,,,,,,,,,,,,,,0.475,,,,,,,crushing,,cdw,10.0,,24.23,1.4940156830375568,False
68,,12.5,3.0,7.37,,False,True,,sheet1,,,,,,,,,,,,,,,,,,,,,0.475,,,,,,,crushing,,cdw,10.0,,24.23,0.3041683862979777,False
68,,12.5,3.0,13.9,,False,True,,sheet1,,,,,,,,,,,,,,,,,,,,,0.475,,,,,,,crushing,,cdw,10.0,,24.23,0.5736690053652497,False
68,,12.5,3.0,15.08,,False,True,,sheet1,,,,,,,,,,,,,,,,,,,,,0.475,,,,,,,crushing,,cdw,10.0,,24.23,0.6223689640940983,False
68,,12.5,3.0,17.54,,False,True,,sheet1,,,,,,,,,,,,,,,,,,,,,0.475,,,,,,,crushing,,cdw,10.0,,24.23,0.7238959966983078,False
68,,12.5,3.0,28.55,,False,True,,sheet1,,,,,,,,,,,,,,,,,,,,,0.475,,,,,,,crushing,,cdw,10.0,,24.23,1.1782913743293437,False
68,,12.5,3.0,33.2,,False,True,,sheet1,,,,,,,,,,,,,,,,,,,,,0.475,,,,,,,crushing,,cdw,10.0,,24.23,1.370202228642179,False
68,,15.0,3.0,7.31,,False,True,,sheet1,,,,,,,,,,,,,,,,,,,,,0.475,,,,,,,crushing,,cdw,10.0,,24.23,0.30169211721007017,False
68,,15.0,3.0,12.6,,False,True,,sheet1,,,,,,,,,,,,,,,,,,,,,0.475,,,,,,,crushing,,cdw,10.0,,24.23,0.520016508460586,False
68,,15.0,3.0,14.96,,False,True,,sheet1,,,,,,,,,,,,,,,,,,,,,0.475,,,,,,,crushing,,cdw,10.0,,24.23,0.6174164259182832,False
68,,15.0,3.0,17.4,,False,True,,sheet1,,,,,,,,,,,,,,,,,,,,,0.475,,,,,,,crushing,,cdw,10.0,,24.23,0.7181180354931902,False
68,,15.0,3.0,25.8,,False,True,,sheet1,,,,,,,,,,,,,,,,,,,,,0.475,,,,,,,crushing,,cdw,10.0,,24.23,1.0647957078002477,False
68,,15.0,3.0,30.0,,False,True,,sheet1,,,,,,,,,,,,,,,,,,,,,0.475,,,,,,,crushing,,cdw,10.0,,24.23,1.2381345439537763,False
68,,20.0,3.0,6.72,,False,True,,sheet1,,,,,,,,,,,,,,,,,,,,,0.475,,,,,,,crushing,,cdw,10.0,,24.23,0.2773421378456459,False
68,,20.0,3.0,12.0,,False,True,,sheet1,,,,,,,,,,,,,,,,,,,,,0.475,,,,,,,crushing,,cdw,10.0,,24.23,0.4952538175815105,False
68,,20.0,3.0,13.75,,False,True,,sheet1,,,,,,,,,,,,,,,,,,,,,0.475,,,,,,,crushing,,cdw,10.0,,24.23,0.5674783326454808,False
68,,20.0,3.0,16.0,,False,True,,sheet1,,,,,,,,,,,,,,,,,,,,,0.475,,,,,,,crushing,,cdw,10.0,,24.23,0.660338423442014,False
68,,20.0,3.0,24.6,,False,True,,sheet1,,,,,,,,,,,,,,,,,,,,,0.475,,,,,,,crushing,,cdw,10.0,,24.23,1.0152703260420965,False
68,,20.0,3.0,28.0,,False,True,,sheet1,,,,,,,,,,,,,,,,,,,,,0.475,,,,,,,crushing,,cdw,10.0,,24.23,1.1555922410235246,False
69,Ref,0.0,,53.8,,False,False,,matrix,17.44,22.82166666666667,5.178333333333334,5.191666666666667,1.581666666666667,1.663333333333333,,2.4250000000000003,,,,,,,,,,,,2198.333333333333,0.5,500.0,2.0,,,2.0,thermal,combined,,powder,25.0,,,,False
69,Reference,0.0,,54.0,,True,False,,matrix,17.44,22.82166666666667,5.178333333333334,5.191666666666667,1.581666666666667,1.663333333333333,,2.4250000000000003,,,,,,,,,,,,2198.333333333333,0.5,500.0,2.0,,,2.0,thermal,combined,,powder,25.0,,,,False
69,R3-400-10,10.0,,48.2,,True,False,Thermal Treatment,matrix,17.44,22.82166666666667,5.178333333333334,5.191666666666667,1.581666666666667,1.663333333333333,,2.4250000000000003,,,,,,,,,,,,2198.333333333333,0.5,500.0,2.0,,,2.0,thermal,combined,,powder,25.0,,,,False
69,R3-400-10,10.0,,48.6,,True,False,Thermal,matrix,17.44,22.82166666666667,5.178333333333334,5.191666666666667,1.581666666666667,1.663333333333333,,2.4250000000000003,,,,,,,,,,,,2198.333333333333,0.5,500.0,2.0,,,2.0,thermal,combined,,powder,25.0,,,,False
69,R3-200-10,10.0,,49.4,,True,False,Thermal,matrix,17.44,22.82166666666667,5.178333333333334,5.191666666666667,1.581666666666667,1.663333333333333,,2.4250000000000003,,,,,,,,,,,,2198.333333333333,0.5,500.0,2.0,,,2.0,thermal,combined,,powder,25.0,,,,False
69,R3-600-10,10.0,,50.1,,True,False,Thermal Treatment,matrix,17.44,22.82166666666667,5.178333333333334,5.191666666666667,1.581666666666667,1.663333333333333,,2.4250000000000003,,,,,,,,,,,,2198.333333333333,0.5,500.0,2.0,,,2.0,thermal,combined,,powder,25.0,,,,False
69,R3-600-10,10.0,,50.2,,True,False,Thermal,matrix,17.44,22.82166666666667,5.178333333333334,5.191666666666667,1.581666666666667,1.663333333333333,,2.4250000000000003,,,,,,,,,,,,2198.333333333333,0.5,500.0,2.0,,,2.0,thermal,combined,,powder,25.0,,,,False
69,R3-RT-10,10.0,,50.3,,True,False,Untreated (RT),matrix,17.44,22.82166666666667,5.178333333333334,5.191666666666667,1.581666666666667,1.663333333333333,,2.4250000000000003,,,,,,,,,,,,2198.333333333333,0.5,500.0,2.0,,,2.0,thermal,combined,,powder,25.0,,,,False
69,R3-RT-10,10.0,,50.5,,True,False,Untreated (RT),matrix,17.44,22.82166666666667,5.178333333333334,5.191666666666667,1.581666666666667,1.663333333333333,,2.4250000000000003,,,,,,,,,,,,2198.333333333333,0.5,500.0,2.0,,,2.0,thermal,combined,,powder,25.0,,,,False
69,R2-200-10,10.0,,50.8,,True,False,Thermal,matrix,17.44,22.82166666666667,5.178333333333334,5.191666666666667,1.581666666666667,1.663333333333333,,2.4250000000000003,,,,,,,,,,,,2198.333333333333,0.5,500.0,2.0,,,2.0,thermal,combined,,powder,25.0,,,,False
69,R2-400-10,10.0,,50.9,,True,False,Thermal,matrix,17.44,22.82166666666667,5.178333333333334,5.191666666666667,1.581666666666667,1.663333333333333,,2.4250000000000003,,,,,,,,,,,,2198.333333333333,0.5,500.0,2.0,,,2.0,thermal,combined,,powder,25.0,,,,False
69,R1-200-10,10.0,,51.8,,True,False,Thermal Treatment,matrix,17.44,22.82166666666667,5.178333333333334,5.191666666666667,1.581666666666667,1.663333333333333,,2.4250000000000003,,,,,,,,,,,,2198.333333333333,0.5,500.0,2.0,,,2.0,thermal,combined,,powder,25.0,,,,False
69,R1-200-10,10.0,,51.9,,True,False,Thermal,matrix,17.44,22.82166666666667,5.178333333333334,5.191666666666667,1.581666666666667,1.663333333333333,,2.4250000000000003,,,,,,,,,,,,2198.333333333333,0.5,500.0,2.0,,,2.0,thermal,combined,,powder,25.0,,,,False
69,R2-RT-10,10.0,,52.1,,True,False,Untreated (RT),matrix,17.44,22.82166666666667,5.178333333333334,5.191666666666667,1.581666666666667,1.663333333333333,,2.4250000000000003,,,,,,,,,,,,2198.333333333333,0.5,500.0,2.0,,,2.0,thermal,combined,,powder,25.0,,,,False
69,R1-400-10,10.0,,52.5,,True,False,Thermal,matrix,17.44,22.82166666666667,5.178333333333334,5.191666666666667,1.581666666666667,1.663333333333333,,2.4250000000000003,,,,,,,,,,,,2198.333333333333,0.5,500.0,2.0,,,2.0,thermal,combined,,powder,25.0,,,,False
69,R3-800-10,10.0,,52.7,,True,False,Thermal Treatment,matrix,17.44,22.82166666666667,5.178333333333334,5.191666666666667,1.581666666666667,1.663333333333333,,2.4250000000000003,,,,,,,,,,,,2198.333333333333,0.5,500.0,2.0,,,2.0,thermal,combined,,powder,25.0,,,,False
69,R3-800-10,10.0,,52.8,,True,False,Thermal,matrix,17.44,22.82166666666667,5.178333333333334,5.191666666666667,1.581666666666667,1.663333333333333,,2.4250000000000003,,,,,,,,,,,,2198.333333333333,0.5,500.0,2.0,,,2.0,thermal,combined,,powder,25.0,,,,False
69,R2-800-10,10.0,,53.6,,True,False,Thermal,matrix,17.44,22.82166666666667,5.178333333333334,5.191666666666667,1.581666666666667,1.663333333333333,,2.4250000000000003,,,,,,,,,,,,2198.333333333333,0.5,500.0,2.0,,,2.0,thermal,combined,,powder,25.0,,,,False
69,R1-RT-10,10.0,,53.7,,True,False,Untreated (RT),matrix,17.44,22.82166666666667,5.178333333333334,5.191666666666667,1.581666666666667,1.663333333333333,,2.4250000000000003,,,,,,,,,,,,2198.333333333333,0.5,500.0,2.0,,,2.0,thermal,combined,,powder,25.0,,,,False
69,R2-800-10,10.0,,53.8,,True,False,Thermal Treatment,matrix,17.44,22.82166666666667,5.178333333333334,5.191666666666667,1.581666666666667,1.663333333333333,,2.4250000000000003,,,,,,,,,,,,2198.333333333333,0.5,500.0,2.0,,,2.0,thermal,combined,,powder,25.0,,,,False
69,R1-RT-10,10.0,,53.9,,True,False,Untreated (RT),matrix,17.44,22.82166666666667,5.178333333333334,5.191666666666667,1.581666666666667,1.663333333333333,,2.4250000000000003,,,,,,,,,,,,2198.333333333333,0.5,500.0,2.0,,,2.0,thermal,combined,,powder,25.0,,,,False
69,R1-600-10,10.0,,55.1,,True,False,Thermal Treatment,matrix,17.44,22.82166666666667,5.178333333333334,5.191666666666667,1.581666666666667,1.663333333333333,,2.4250000000000003,,,,,,,,,,,,2198.333333333333,0.5,500.0,2.0,,,2.0,thermal,combined,,powder,25.0,,,,False
69,R1-600-10,10.0,,55.2,,True,False,Thermal,matrix,17.44,22.82166666666667,5.178333333333334,5.191666666666667,1.581666666666667,1.663333333333333,,2.4250000000000003,,,,,,,,,,,,2198.333333333333,0.5,500.0,2.0,,,2.0,thermal,combined,,powder,25.0,,,,False
69,R1-800-10,10.0,,55.5,,True,False,Thermal,matrix,17.44,22.82166666666667,5.178333333333334,5.191666666666667,1.581666666666667,1.663333333333333,,2.4250000000000003,,,,,,,,,,,,2198.333333333333,0.5,500.0,2.0,,,2.0,thermal,combined,,powder,25.0,,,,False
69,R3-200-20,20.0,,33.6,,True,False,Thermal,matrix,17.44,22.82166666666667,5.178333333333334,5.191666666666667,1.581666666666667,1.663333333333333,,2.4250000000000003,,,,,,,,,,,,2198.333333333333,0.5,500.0,2.0,,,2.0,thermal,combined,,powder,25.0,,,,False
69,R3-400-20,20.0,,33.8,,True,False,Thermal,matrix,17.44,22.82166666666667,5.178333333333334,5.191666666666667,1.581666666666667,1.663333333333333,,2.4250000000000003,,,,,,,,,,,,2198.333333333333,0.5,500.0,2.0,,,2.0,thermal,combined,,powder,25.0,,,,False
69,R3-RT-20,20.0,,34.2,,True,False,Untreated (RT),matrix,17.44,22.82166666666667,5.178333333333334,5.191666666666667,1.581666666666667,1.663333333333333,,2.4250000000000003,,,,,,,,,,,,2198.333333333333,0.5,500.0,2.0,,,2.0,thermal,combined,,powder,25.0,,,,False
69,R3-RT-20,20.0,,34.3,,True,False,Untreated (RT),matrix,17.44,22.82166666666667,5.178333333333334,5.191666666666667,1.581666666666667,1.663333333333333,,2.4250000000000003,,,,,,,,,,,,2198.333333333333,0.5,500.0,2.0,,,2.0,thermal,combined,,powder,25.0,,,,False
69,R3-600-20,20.0,,36.2,,True,False,Thermal,matrix,17.44,22.82166666666667,5.178333333333334,5.191666666666667,1.581666666666667,1.663333333333333,,2.4250000000000003,,,,,,,,,,,,2198.333333333333,0.5,500.0,2.0,,,2.0,thermal,combined,,powder,25.0,,,,False
69,R3-600-20,20.0,,36.6,,True,False,Thermal Treatment,matrix,17.44,22.82166666666667,5.178333333333334,5.191666666666667,1.581666666666667,1.663333333333333,,2.4250000000000003,,,,,,,,,,,,2198.333333333333,0.5,500.0,2.0,,,2.0,thermal,combined,,powder,25.0,,,,False
69,R2-200-20,20.0,,38.1,,True,False,Thermal,matrix,17.44,22.82166666666667,5.178333333333334,5.191666666666667,1.581666666666667,1.663333333333333,,2.4250000000000003,,,,,,,,,,,,2198.333333333333,0.5,500.0,2.0,,,2.0,thermal,combined,,powder,25.0,,,,False
69,R2-400-20,20.0,,38.6,,True,False,Thermal,matrix,17.44,22.82166666666667,5.178333333333334,5.191666666666667,1.581666666666667,1.663333333333333,,2.4250000000000003,,,,,,,,,,,,2198.333333333333,0.5,500.0,2.0,,,2.0,thermal,combined,,powder,25.0,,,,False
69,R2-RT-20,20.0,,38.8,,True,False,Untreated (RT),matrix,17.44,22.82166666666667,5.178333333333334,5.191666666666667,1.581666666666667,1.663333333333333,,2.4250000000000003,,,,,,,,,,,,2198.333333333333,0.5,500.0,2.0,,,2.0,thermal,combined,,powder,25.0,,,,False
69,R1-200-20,20.0,,39.8,,True,False,Thermal Treatment,matrix,17.44,22.82166666666667,5.178333333333334,5.191666666666667,1.581666666666667,1.663333333333333,,2.4250000000000003,,,,,,,,,,,,2198.333333333333,0.5,500.0,2.0,,,2.0,thermal,combined,,powder,25.0,,,,False
69,R1-200-20,20.0,,39.9,,True,False,Thermal,matrix,17.44,22.82166666666667,5.178333333333334,5.191666666666667,1.581666666666667,1.663333333333333,,2.4250000000000003,,,,,,,,,,,,2198.333333333333,0.5,500.0,2.0,,,2.0,thermal,combined,,powder,25.0,,,,False
69,R2-600-20,20.0,,40.1,,True,False,Thermal,matrix,17.44,22.82166666666667,5.178333333333334,5.191666666666667,1.581666666666667,1.663333333333333,,2.4250000000000003,,,,,,,,,,,,2198.333333333333,0.5,500.0,2.0,,,2.0,thermal,combined,,powder,25.0,,,,False
69,R2-600-20,20.0,,40.3,,True,False,Thermal Treatment,matrix,17.44,22.82166666666667,5.178333333333334,5.191666666666667,1.581666666666667,1.663333333333333,,2.4250000000000003,,,,,,,,,,,,2198.333333333333,0.5,500.0,2.0,,,2.0,thermal,combined,,powder,25.0,,,,False
69,R3-800-20,20.0,,40.8,,True,False,Thermal,matrix,17.44,22.82166666666667,5.178333333333334,5.191666666666667,1.581666666666667,1.663333333333333,,2.4250000000000003,,,,,,,,,,,,2198.333333333333,0.5,500.0,2.0,,,2.0,thermal,combined,,powder,25.0,,,,False
69,R1-RT-20,20.0,,41.5,,True,False,Untreated (RT),matrix,17.44,22.82166666666667,5.178333333333334,5.191666666666667,1.581666666666667,1.663333333333333,,2.4250000000000003,,,,,,,,,,,,2198.333333333333,0.5,500.0,2.0,,,2.0,thermal,combined,,powder,25.0,,,,False
69,R1-RT-20,20.0,,41.6,,True,False,Untreated (RT),matrix,17.44,22.82166666666667,5.178333333333334,5.191666666666667,1.581666666666667,1.663333333333333,,2.4250000000000003,,,,,,,,,,,,2198.333333333333,0.5,500.0,2.0,,,2.0,thermal,combined,,powder,25.0,,,,False
69,R1-400-20,20.0,,42.1,,True,False,Thermal,matrix,17.44,22.82166666666667,5.178333333333334,5.191666666666667,1.581666666666667,1.663333333333333,,2.4250000000000003,,,,,,,,,,,,2198.333333333333,0.5,500.0,2.0,,,2.0,thermal,combined,,powder,25.0,,,,False
69,R1-400-20,20.0,,42.3,,True,False,Thermal Treatment,matrix,17.44,22.82166666666667,5.178333333333334,5.191666666666667,1.581666666666667,1.663333333333333,,2.4250000000000003,,,,,,,,,,,,2198.333333333333,0.5,500.0,2.0,,,2.0,thermal,combined,,powder,25.0,,,,False
69,R2-800-20,20.0,,43.5,,True,False,Thermal,matrix,17.44,22.82166666666667,5.178333333333334,5.191666666666667,1.581666666666667,1.663333333333333,,2.4250000000000003,,,,,,,,,,,,2198.333333333333,0.5,500.0,2.0,,,2.0,thermal,combined,,powder,25.0,,,,False
69,R2-800-20,20.0,,43.6,,True,False,Thermal Treatment,matrix,17.44,22.82166666666667,5.178333333333334,5.191666666666667,1.581666666666667,1.663333333333333,,2.4250000000000003,,,,,,,,,,,,2198.333333333333,0.5,500.0,2.0,,,2.0,thermal,combined,,powder,25.0,,,,False
69,R1-600-20,20.0,,44.8,,True,False,Thermal,matrix,17.44,22.82166666666667,5.178333333333334,5.191666666666667,1.581666666666667,1.663333333333333,,2.4250000000000003,,,,,,,,,,,,2198.333333333333,0.5,500.0,2.0,,,2.0,thermal,combined,,powder,25.0,,,,False
69,R1-600-20,20.0,,45.1,,True,False,Thermal Treatment,matrix,17.44,22.82166666666667,5.178333333333334,5.191666666666667,1.581666666666667,1.663333333333333,,2.4250000000000003,,,,,,,,,,,,2198.333333333333,0.5,500.0,2.0,,,2.0,thermal,combined,,powder,25.0,,,,False
69,R1-800-20,20.0,,46.9,,True,False,Thermal,matrix,17.44,22.82166666666667,5.178333333333334,5.191666666666667,1.581666666666667,1.663333333333333,,2.4250000000000003,,,,,,,,,,,,2198.333333333333,0.5,500.0,2.0,,,2.0,thermal,combined,,powder,25.0,,,,False
69,R1-800-20,20.0,,47.0,,True,False,Thermal Treatment,matrix,17.44,22.82166666666667,5.178333333333334,5.191666666666667,1.581666666666667,1.663333333333333,,2.4250000000000003,,,,,,,,,,,,2198.333333333333,0.5,500.0,2.0,,,2.0,thermal,combined,,powder,25.0,,,,False
69,,30.0,,30.0,,False,False,,sheet1,17.44,22.82166666666667,5.178333333333334,5.191666666666667,1.581666666666667,1.663333333333333,,2.4250000000000003,,,,,,,,,,,,2198.333333333333,0.5,500.0,2.0,,,2.0,thermal,combined,,powder,25.0,,,,False
69,R3-200-30,30.0,,30.2,,True,False,Thermal,matrix,17.44,22.82166666666667,5.178333333333334,5.191666666666667,1.581666666666667,1.663333333333333,,2.4250000000000003,,,,,,,,,,,,2198.333333333333,0.5,500.0,2.0,,,2.0,thermal,combined,,powder,25.0,,,,False
69,R3-200-30,30.0,,30.8,,True,False,Thermal Treatment,matrix,17.44,22.82166666666667,5.178333333333334,5.191666666666667,1.581666666666667,1.663333333333333,,2.4250000000000003,,,,,,,,,,,,2198.333333333333,0.5,500.0,2.0,,,2.0,thermal,combined,,powder,25.0,,,,False
69,R3-400-30,30.0,,31.0,,True,False,Thermal,matrix,17.44,22.82166666666667,5.178333333333334,5.191666666666667,1.581666666666667,1.663333333333333,,2.4250000000000003,,,,,,,,,,,,2198.333333333333,0.5,500.0,2.0,,,2.0,thermal,combined,,powder,25.0,,,,False
69,R3-600-30,30.0,,33.1,,True,False,Thermal,matrix,17.44,22.82166666666667,5.178333333333334,5.191666666666667,1.581666666666667,1.663333333333333,,2.4250000000000003,,,,,,,,,,,,2198.333333333333,0.5,500.0,2.0,,,2.0,thermal,combined,,powder,25.0,,,,False
69,R3-600-30,30.0,,33.2,,True,False,Thermal Treatment,matrix,17.44,22.82166666666667,5.178333333333334,5.191666666666667,1.581666666666667,1.663333333333333,,2.4250000000000003,,,,,,,,,,,,2198.333333333333,0.5,500.0,2.0,,,2.0,thermal,combined,,powder,25.0,,,,False
69,R2-200-30,30.0,,33.8,,True,False,Thermal,matrix,17.44,22.82166666666667,5.178333333333334,5.191666666666667,1.581666666666667,1.663333333333333,,2.4250000000000003,,,,,,,,,,,,2198.333333333333,0.5,500.0,2.0,,,2.0,thermal,combined,,powder,25.0,,,,False
69,R2-RT-30,30.0,,33.9,,True,False,Untreated (RT),matrix,17.44,22.82166666666667,5.178333333333334,5.191666666666667,1.581666666666667,1.663333333333333,,2.4250000000000003,,,,,,,,,,,,2198.333333333333,0.5,500.0,2.0,,,2.0,thermal,combined,,powder,25.0,,,,False
69,R2-200-30,30.0,,34.0,,True,False,Thermal Treatment,matrix,17.44,22.82166666666667,5.178333333333334,5.191666666666667,1.581666666666667,1.663333333333333,,2.4250000000000003,,,,,,,,,,,,2198.333333333333,0.5,500.0,2.0,,,2.0,thermal,combined,,powder,25.0,,,,False
69,R2-RT-30,30.0,,34.1,,True,False,Untreated (RT),matrix,17.44,22.82166666666667,5.178333333333334,5.191666666666667,1.581666666666667,1.663333333333333,,2.4250000000000003,,,,,,,,,,,,2198.333333333333,0.5,500.0,2.0,,,2.0,thermal,combined,,powder,25.0,,,,False
69,R2-400-30,30.0,,34.3,,True,False,Thermal,matrix,17.44,22.82166666666667,5.178333333333334,5.191666666666667,1.581666666666667,1.663333333333333,,2.4250000000000003,,,,,,,,,,,,2198.333333333333,0.5,500.0,2.0,,,2.0,thermal,combined,,powder,25.0,,,,False
69,R3-800-30,30.0,,35.0,,True,False,Thermal,matrix,17.44,22.82166666666667,5.178333333333334,5.191666666666667,1.581666666666667,1.663333333333333,,2.4250000000000003,,,,,,,,,,,,2198.333333333333,0.5,500.0,2.0,,,2.0,thermal,combined,,powder,25.0,,,,False
69,R3-800-30,30.0,,35.1,,True,False,Thermal Treatment,matrix,17.44,22.82166666666667,5.178333333333334,5.191666666666667,1.581666666666667,1.663333333333333,,2.4250000000000003,,,,,,,,,,,,2198.333333333333,0.5,500.0,2.0,,,2.0,thermal,combined,,powder,25.0,,,,False
69,R1-200-30,30.0,,35.2,,True,False,Thermal Treatment,matrix,17.44,22.82166666666667,5.178333333333334,5.191666666666667,1.581666666666667,1.663333333333333,,2.4250000000000003,,,,,,,,,,,,2198.333333333333,0.5,500.0,2.0,,,2.0,thermal,combined,,powder,25.0,,,,False
69,R1-RT-30,30.0,,35.3,,True,False,Untreated (RT),matrix,17.44,22.82166666666667,5.178333333333334,5.191666666666667,1.581666666666667,1.663333333333333,,2.4250000000000003,,,,,,,,,,,,2198.333333333333,0.5,500.0,2.0,,,2.0,thermal,combined,,powder,25.0,,,,False
69,R1-200-30,30.0,,35.4,,True,False,Thermal,matrix,17.44,22.82166666666667,5.178333333333334,5.191666666666667,1.581666666666667,1.663333333333333,,2.4250000000000003,,,,,,,,,,,,2198.333333333333,0.5,500.0,2.0,,,2.0,thermal,combined,,powder,25.0,,,,False
69,R1-RT-30,30.0,,35.5,,True,False,Untreated (RT),matrix,17.44,22.82166666666667,5.178333333333334,5.191666666666667,1.581666666666667,1.663333333333333,,2.4250000000000003,,,,,,,,,,,,2198.333333333333,0.5,500.0,2.0,,,2.0,thermal,combined,,powder,25.0,,,,False
69,R1-400-30,30.0,,36.0,,True,False,Thermal Treatment,matrix,17.44,22.82166666666667,5.178333333333334,5.191666666666667,1.581666666666667,1.663333333333333,,2.4250000000000003,,,,,,,,,,,,2198.333333333333,0.5,500.0,2.0,,,2.0,thermal,combined,,powder,25.0,,,,False
69,R1-400-30,30.0,,36.1,,True,False,Thermal,matrix,17.44,22.82166666666667,5.178333333333334,5.191666666666667,1.581666666666667,1.663333333333333,,2.4250000000000003,,,,,,,,,,,,2198.333333333333,0.5,500.0,2.0,,,2.0,thermal,combined,,powder,25.0,,,,False
69,R2-600-30,30.0,,37.0,,True,False,Thermal,matrix,17.44,22.82166666666667,5.178333333333334,5.191666666666667,1.581666666666667,1.663333333333333,,2.4250000000000003,,,,,,,,,,,,2198.333333333333,0.5,500.0,2.0,,,2.0,thermal,combined,,powder,25.0,,,,False
69,R2-600-30,30.0,,37.1,,True,False,Thermal Treatment,matrix,17.44,22.82166666666667,5.178333333333334,5.191666666666667,1.581666666666667,1.663333333333333,,2.4250000000000003,,,,,,,,,,,,2198.333333333333,0.5,500.0,2.0,,,2.0,thermal,combined,,powder,25.0,,,,False
69,R1-600-30,30.0,,38.3,,True,False,Thermal,matrix,17.44,22.82166666666667,5.178333333333334,5.191666666666667,1.581666666666667,1.663333333333333,,2.4250000000000003,,,,,,,,,,,,2198.333333333333,0.5,500.0,2.0,,,2.0,thermal,combined,,powder,25.0,,,,False
69,R2-800-30,30.0,,40.1,,True,False,Thermal,matrix,17.44,22.82166666666667,5.178333333333334,5.191666666666667,1.581666666666667,1.663333333333333,,2.4250000000000003,,,,,,,,,,,,2198.333333333333,0.5,500.0,2.0,,,2.0,thermal,combined,,powder,25.0,,,,False
69,R2-800-30,30.0,,40.2,,True,False,Thermal Treatment,matrix,17.44,22.82166666666667,5.178333333333334,5.191666666666667,1.581666666666667,1.663333333333333,,2.4250000000000003,,,,,,,,,,,,2198.333333333333,0.5,500.0,2.0,,,2.0,thermal,combined,,powder,25.0,,,,False
69,R1-800-30,30.0,,40.6,,True,False,Thermal Treatment,matrix,17.44,22.82166666666667,5.178333333333334,5.191666666666667,1.581666666666667,1.663333333333333,,2.4250000000000003,,,,,,,,,,,,2198.333333333333,0.5,500.0,2.0,,,2.0,thermal,combined,,powder,25.0,,,,False
69,R1-800-30,30.0,,40.7,,True,False,Thermal,matrix,17.44,22.82166666666667,5.178333333333334,5.191666666666667,1.581666666666667,1.663333333333333,,2.4250000000000003,,,,,,,,,,,,2198.333333333333,0.5,500.0,2.0,,,2.0,thermal,combined,,powder,25.0,,,,False
70,,0.0,7.0,33.0,,False,True,,sheet1,33.7,32.02,8.026666666666666,4.416666666666667,1.62,1.64,0.98,1.0333333333333334,14.72,,,39.23333333333333,,,,11813.333333333334,,,2.48,,0.5,,,,,2.0,none,crushing,,fines,10.0,0.0,42.43333333333333,0.7776904948939514,False
70,PC,0.0,7.0,45.8,,True,True,Untreated,matrix,33.7,32.02,8.026666666666666,4.416666666666667,1.62,1.64,0.98,1.0333333333333334,14.72,,,39.23333333333333,,,,11813.333333333334,,,2.48,,0.5,,,,,2.0,none,crushing,,fines,10.0,0.0,42.43333333333333,1.0793401413982717,False
70,PC,0.0,7.0,48.5,,True,True,Untreated,matrix,33.7,32.02,8.026666666666666,4.416666666666667,1.62,1.64,0.98,1.0333333333333334,14.72,,,39.23333333333333,,,,11813.333333333334,,,2.48,,0.5,,,,,2.0,none,crushing,,fines,10.0,0.0,42.43333333333333,1.142969363707777,False
70,,0.0,28.0,45.8,,False,True,,sheet1,33.7,32.02,8.026666666666666,4.416666666666667,1.62,1.64,0.98,1.0333333333333334,14.72,,,39.23333333333333,,,,11813.333333333334,,,2.48,,0.5,,,,,2.0,none,crushing,,fines,10.0,0.0,45.8,1.0,False
70,,0.0,60.0,48.5,,False,True,,sheet1,33.7,32.02,8.026666666666666,4.416666666666667,1.62,1.64,0.98,1.0333333333333334,14.72,,,39.23333333333333,,,,11813.333333333334,,,2.48,,0.5,,,,,2.0,none,crushing,,fines,10.0,0.0,48.5,1.0,False
70,RMP10,10.0,7.0,27.8,,False,True,,sheet1,33.7,32.02,8.026666666666666,4.416666666666667,1.62,1.64,0.98,1.0333333333333334,14.72,,,39.23333333333333,,,,11813.333333333334,,,2.48,,0.5,,,,,2.0,none,crushing,,fines,10.0,0.0,42.43333333333333,0.6551453260015712,False
70,RCP10,10.0,7.0,30.0,,False,True,,sheet1,33.7,32.02,8.026666666666666,4.416666666666667,1.62,1.64,0.98,1.0333333333333334,14.72,,,39.23333333333333,,,,11813.333333333334,,,2.48,,0.5,,,,,2.0,none,crushing,,fines,10.0,0.0,42.43333333333333,0.7069913589945013,False
70,RFP10,10.0,7.0,34.2,,False,True,,sheet1,33.7,32.02,8.026666666666666,4.416666666666667,1.62,1.64,0.98,1.0333333333333334,14.72,,,39.23333333333333,,,,11813.333333333334,,,2.48,,0.5,,,,,2.0,none,crushing,,fines,10.0,0.0,42.43333333333333,0.8059701492537314,False
70,RFP10,10.0,7.0,40.2,,True,True,Untreated,matrix,33.7,32.02,8.026666666666666,4.416666666666667,1.62,1.64,0.98,1.0333333333333334,14.72,,,39.23333333333333,,,,11813.333333333334,,,2.48,,0.5,,,,,2.0,none,crushing,,fines,10.0,0.0,42.43333333333333,0.9473684210526317,False
70,RCP10,10.0,7.0,42.8,,True,True,Untreated,matrix,33.7,32.02,8.026666666666666,4.416666666666667,1.62,1.64,0.98,1.0333333333333334,14.72,,,39.23333333333333,,,,11813.333333333334,,,2.48,,0.5,,,,,2.0,none,crushing,,fines,10.0,0.0,42.43333333333333,1.0086410054988217,False
70,RCP10,10.0,7.0,45.6,,True,True,Untreated,matrix,33.7,32.02,8.026666666666666,4.416666666666667,1.62,1.64,0.98,1.0333333333333334,14.72,,,39.23333333333333,,,,11813.333333333334,,,2.48,,0.5,,,,,2.0,none,crushing,,fines,10.0,0.0,42.43333333333333,1.074626865671642,False
70,RMP10,10.0,7.0,47.7,,True,True,Untreated,matrix,33.7,32.02,8.026666666666666,4.416666666666667,1.62,1.64,0.98,1.0333333333333334,14.72,,,39.23333333333333,,,,11813.333333333334,,,2.48,,0.5,,,,,2.0,none,crushing,,fines,10.0,0.0,42.43333333333333,1.124116260801257,False
70,RFP10,10.0,7.0,53.1,,True,True,Untreated,matrix,33.7,32.02,8.026666666666666,4.416666666666667,1.62,1.64,0.98,1.0333333333333334,14.72,,,39.23333333333333,,,,11813.333333333334,,,2.48,,0.5,,,,,2.0,none,crushing,,fines,10.0,0.0,42.43333333333333,1.2513747054202673,False
70,RFP10,10.0,28.0,40.2,,False,True,,sheet1,33.7,32.02,8.026666666666666,4.416666666666667,1.62,1.64,0.98,1.0333333333333334,14.72,,,39.23333333333333,,,,11813.333333333334,,,2.48,,0.5,,,,,2.0,none,crushing,,fines,10.0,0.0,45.8,0.8777292576419216,False
70,RMP10,10.0,28.0,42.8,,False,True,,sheet1,33.7,32.02,8.026666666666666,4.416666666666667,1.62,1.64,0.98,1.0333333333333334,14.72,,,39.23333333333333,,,,11813.333333333334,,,2.48,,0.5,,,,,2.0,none,crushing,,fines,10.0,0.0,45.8,0.9344978165938864,False
70,RCP10,10.0,60.0,45.6,,False,True,,sheet1,33.7,32.02,8.026666666666666,4.416666666666667,1.62,1.64,0.98,1.0333333333333334,14.72,,,39.23333333333333,,,,11813.333333333334,,,2.48,,0.5,,,,,2.0,none,crushing,,fines,10.0,0.0,48.5,0.9402061855670103,False
70,RMP10,10.0,60.0,47.7,,False,True,,sheet1,33.7,32.02,8.026666666666666,4.416666666666667,1.62,1.64,0.98,1.0333333333333334,14.72,,,39.23333333333333,,,,11813.333333333334,,,2.48,,0.5,,,,,2.0,none,crushing,,fines,10.0,0.0,48.5,0.9835051546391753,False
70,RFP10,10.0,60.0,53.1,,False,True,,sheet1,33.7,32.02,8.026666666666666,4.416666666666667,1.62,1.64,0.98,1.0333333333333334,14.72,,,39.23333333333333,,,,11813.333333333334,,,2.48,,0.5,,,,,2.0,none,crushing,,fines,10.0,0.0,48.5,1.0948453608247424,False
70,RMP20,20.0,7.0,26.2,,False,True,,sheet1,33.7,32.02,8.026666666666666,4.416666666666667,1.62,1.64,0.98,1.0333333333333334,14.72,,,39.23333333333333,,,,11813.333333333334,,,2.48,,0.5,,,,,2.0,none,crushing,,fines,10.0,0.0,42.43333333333333,0.6174391201885311,False
70,RCP20,20.0,7.0,28.6,,False,True,,sheet1,33.7,32.02,8.026666666666666,4.416666666666667,1.62,1.64,0.98,1.0333333333333334,14.72,,,39.23333333333333,,,,11813.333333333334,,,2.48,,0.5,,,,,2.0,none,crushing,,fines,10.0,0.0,42.43333333333333,0.6739984289080913,False
70,RFP20,20.0,7.0,31.3,,False,True,,sheet1,33.7,32.02,8.026666666666666,4.416666666666667,1.62,1.64,0.98,1.0333333333333334,14.72,,,39.23333333333333,,,,11813.333333333334,,,2.48,,0.5,,,,,2.0,none,crushing,,fines,10.0,0.0,42.43333333333333,0.7376276512175963,False
70,RMP20,20.0,7.0,35.7,,True,True,Untreated,matrix,33.7,32.02,8.026666666666666,4.416666666666667,1.62,1.64,0.98,1.0333333333333334,14.72,,,39.23333333333333,,,,11813.333333333334,,,2.48,,0.5,,,,,2.0,none,crushing,,fines,10.0,0.0,42.43333333333333,0.8413197172034566,False
70,RCP20,20.0,7.0,37.7,,True,True,Untreated,matrix,33.7,32.02,8.026666666666666,4.416666666666667,1.62,1.64,0.98,1.0333333333333334,14.72,,,39.23333333333333,,,,11813.333333333334,,,2.48,,0.5,,,,,2.0,none,crushing,,fines,10.0,0.0,42.43333333333333,0.8884524744697566,False
70,RFP20,20.0,7.0,41.2,,True,True,Untreated,matrix,33.7,32.02,8.026666666666666,4.416666666666667,1.62,1.64,0.98,1.0333333333333334,14.72,,,39.23333333333333,,,,11813.333333333334,,,2.48,,0.5,,,,,2.0,none,crushing,,fines,10.0,0.0,42.43333333333333,0.9709347996857818,False
70,RMP20,20.0,7.0,41.7,,True,True,Untreated,matrix,33.7,32.02,8.026666666666666,4.416666666666667,1.62,1.64,0.98,1.0333333333333334,14.72,,,39.23333333333333,,,,11813.333333333334,,,2.48,,0.5,,,,,2.0,none,crushing,,fines,10.0,0.0,42.43333333333333,0.9827179890023567,False
70,RFP20,20.0,7.0,42.6,,True,True,Untreated,matrix,33.7,32.02,8.026666666666666,4.416666666666667,1.62,1.64,0.98,1.0333333333333334,14.72,,,39.23333333333333,,,,11813.333333333334,,,2.48,,0.5,,,,,2.0,none,crushing,,fines,10.0,0.0,42.43333333333333,1.0039277297721918,False
70,RCP20,20.0,7.0,44.1,,True,True,Untreated,matrix,33.7,32.02,8.026666666666666,4.416666666666667,1.62,1.64,0.98,1.0333333333333334,14.72,,,39.23333333333333,,,,11813.333333333334,,,2.48,,0.5,,,,,2.0,none,crushing,,fines,10.0,0.0,42.43333333333333,1.039277297721917,False
70,RMP20,20.0,28.0,35.7,,False,True,,sheet1,33.7,32.02,8.026666666666666,4.416666666666667,1.62,1.64,0.98,1.0333333333333334,14.72,,,39.23333333333333,,,,11813.333333333334,,,2.48,,0.5,,,,,2.0,none,crushing,,fines,10.0,0.0,45.8,0.7794759825327512,False
70,RCP20,20.0,28.0,37.7,,False,True,,sheet1,33.7,32.02,8.026666666666666,4.416666666666667,1.62,1.64,0.98,1.0333333333333334,14.72,,,39.23333333333333,,,,11813.333333333334,,,2.48,,0.5,,,,,2.0,none,crushing,,fines,10.0,0.0,45.8,0.8231441048034935,False
70,RFP20,20.0,28.0,41.2,,False,True,,sheet1,33.7,32.02,8.026666666666666,4.416666666666667,1.62,1.64,0.98,1.0333333333333334,14.72,,,39.23333333333333,,,,11813.333333333334,,,2.48,,0.5,,,,,2.0,none,crushing,,fines,10.0,0.0,45.8,0.8995633187772927,False
70,RMP20,20.0,60.0,41.7,,False,True,,sheet1,33.7,32.02,8.026666666666666,4.416666666666667,1.62,1.64,0.98,1.0333333333333334,14.72,,,39.23333333333333,,,,11813.333333333334,,,2.48,,0.5,,,,,2.0,none,crushing,,fines,10.0,0.0,48.5,0.8597938144329897,False
70,RFP20,20.0,60.0,42.6,,False,True,,sheet1,33.7,32.02,8.026666666666666,4.416666666666667,1.62,1.64,0.98,1.0333333333333334,14.72,,,39.23333333333333,,,,11813.333333333334,,,2.48,,0.5,,,,,2.0,none,crushing,,fines,10.0,0.0,48.5,0.8783505154639175,False
70,RCP20,20.0,60.0,44.1,,False,True,,sheet1,33.7,32.02,8.026666666666666,4.416666666666667,1.62,1.64,0.98,1.0333333333333334,14.72,,,39.23333333333333,,,,11813.333333333334,,,2.48,,0.5,,,,,2.0,none,crushing,,fines,10.0,0.0,48.5,0.9092783505154639,False
70,CC30,30.0,7.0,22.9,,True,True,Untreated,matrix,33.7,32.02,8.026666666666666,4.416666666666667,1.62,1.64,0.98,1.0333333333333334,14.72,,,39.23333333333333,,,,11813.333333333334,,,2.48,,0.5,,,,,2.0,none,crushing,,fines,10.0,0.0,42.43333333333333,0.5396700706991359,False
70,RMP30,30.0,7.0,24.1,,False,True,,sheet1,33.7,32.02,8.026666666666666,4.416666666666667,1.62,1.64,0.98,1.0333333333333334,14.72,,,39.23333333333333,,,,11813.333333333334,,,2.48,,0.5,,,,,2.0,none,crushing,,fines,10.0,0.0,42.43333333333333,0.567949725058916,False
70,RCP30,30.0,7.0,26.6,,False,True,,sheet1,33.7,32.02,8.026666666666666,4.416666666666667,1.62,1.64,0.98,1.0333333333333334,14.72,,,39.23333333333333,,,,11813.333333333334,,,2.48,,0.5,,,,,2.0,none,crushing,,fines,10.0,0.0,42.43333333333333,0.6268656716417911,False
70,RFP30,30.0,7.0,29.5,,False,True,,sheet1,33.7,32.02,8.026666666666666,4.416666666666667,1.62,1.64,0.98,1.0333333333333334,14.72,,,39.23333333333333,,,,11813.333333333334,,,2.48,,0.5,,,,,2.0,none,crushing,,fines,10.0,0.0,42.43333333333333,0.6952081696779262,False
70,SS30,30.0,7.0,31.8,,True,True,Untreated,matrix,33.7,32.02,8.026666666666666,4.416666666666667,1.62,1.64,0.98,1.0333333333333334,14.72,,,39.23333333333333,,,,11813.333333333334,,,2.48,,0.5,,,,,2.0,none,crushing,,fines,10.0,0.0,42.43333333333333,0.7494108405341713,False
70,CC30,30.0,7.0,32.2,,True,True,Untreated,matrix,33.7,32.02,8.026666666666666,4.416666666666667,1.62,1.64,0.98,1.0333333333333334,14.72,,,39.23333333333333,,,,11813.333333333334,,,2.48,,0.5,,,,,2.0,none,crushing,,fines,10.0,0.0,42.43333333333333,0.7588373919874314,False
70,RMP30,30.0,7.0,32.3,,True,True,Untreated,matrix,33.7,32.02,8.026666666666666,4.416666666666667,1.62,1.64,0.98,1.0333333333333334,14.72,,,39.23333333333333,,,,11813.333333333334,,,2.48,,0.5,,,,,2.0,none,crushing,,fines,10.0,0.0,42.43333333333333,0.7611940298507462,False
70,RCP30,30.0,7.0,33.1,,True,True,Untreated,matrix,33.7,32.02,8.026666666666666,4.416666666666667,1.62,1.64,0.98,1.0333333333333334,14.72,,,39.23333333333333,,,,11813.333333333334,,,2.48,,0.5,,,,,2.0,none,crushing,,fines,10.0,0.0,42.43333333333333,0.7800471327572664,False
70,RFP30,30.0,7.0,33.9,,True,True,Untreated,matrix,33.7,32.02,8.026666666666666,4.416666666666667,1.62,1.64,0.98,1.0333333333333334,14.72,,,39.23333333333333,,,,11813.333333333334,,,2.48,,0.5,,,,,2.0,none,crushing,,fines,10.0,0.0,42.43333333333333,0.7989002356637863,False
70,CC30,30.0,7.0,36.5,,True,True,Untreated,matrix,33.7,32.02,8.026666666666666,4.416666666666667,1.62,1.64,0.98,1.0333333333333334,14.72,,,39.23333333333333,,,,11813.333333333334,,,2.48,,0.5,,,,,2.0,none,crushing,,fines,10.0,0.0,42.43333333333333,0.8601728201099765,False
70,RMP30,30.0,7.0,37.8,,True,True,Untreated,matrix,33.7,32.02,8.026666666666666,4.416666666666667,1.62,1.64,0.98,1.0333333333333334,14.72,,,39.23333333333333,,,,11813.333333333334,,,2.48,,0.5,,,,,2.0,none,crushing,,fines,10.0,0.0,42.43333333333333,0.8908091123330715,False
70,RCP30,30.0,7.0,38.1,,True,True,Untreated,matrix,33.7,32.02,8.026666666666666,4.416666666666667,1.62,1.64,0.98,1.0333333333333334,14.72,,,39.23333333333333,,,,11813.333333333334,,,2.48,,0.5,,,,,2.0,none,crushing,,fines,10.0,0.0,42.43333333333333,0.8978790259230166,False
70,RFP30,30.0,7.0,38.6,,True,True,Untreated,matrix,33.7,32.02,8.026666666666666,4.416666666666667,1.62,1.64,0.98,1.0333333333333334,14.72,,,39.23333333333333,,,,11813.333333333334,,,2.48,,0.5,,,,,2.0,none,crushing,,fines,10.0,0.0,42.43333333333333,0.9096622152395917,False
70,SS30,30.0,7.0,39.9,,True,True,Untreated,matrix,33.7,32.02,8.026666666666666,4.416666666666667,1.62,1.64,0.98,1.0333333333333334,14.72,,,39.23333333333333,,,,11813.333333333334,,,2.48,,0.5,,,,,2.0,none,crushing,,fines,10.0,0.0,42.43333333333333,0.9402985074626866,False
70,RMP30,30.0,28.0,32.3,,False,True,,sheet1,33.7,32.02,8.026666666666666,4.416666666666667,1.62,1.64,0.98,1.0333333333333334,14.72,,,39.23333333333333,,,,11813.333333333334,,,2.48,,0.5,,,,,2.0,none,crushing,,fines,10.0,0.0,45.8,0.7052401746724891,False
70,RCP30,30.0,28.0,33.1,,False,True,,sheet1,33.7,32.02,8.026666666666666,4.416666666666667,1.62,1.64,0.98,1.0333333333333334,14.72,,,39.23333333333333,,,,11813.333333333334,,,2.48,,0.5,,,,,2.0,none,crushing,,fines,10.0,0.0,45.8,0.7227074235807861,False
70,RFP30,30.0,28.0,33.9,,False,True,,sheet1,33.7,32.02,8.026666666666666,4.416666666666667,1.62,1.64,0.98,1.0333333333333334,14.72,,,39.23333333333333,,,,11813.333333333334,,,2.48,,0.5,,,,,2.0,none,crushing,,fines,10.0,0.0,45.8,0.740174672489083,False
70,RMP30,30.0,60.0,37.8,,False,True,,sheet1,33.7,32.02,8.026666666666666,4.416666666666667,1.62,1.64,0.98,1.0333333333333334,14.72,,,39.23333333333333,,,,11813.333333333334,,,2.48,,0.5,,,,,2.0,none,crushing,,fines,10.0,0.0,48.5,0.779381443298969,False
70,RCP30,30.0,60.0,38.1,,False,True,,sheet1,33.7,32.02,8.026666666666666,4.416666666666667,1.62,1.64,0.98,1.0333333333333334,14.72,,,39.23333333333333,,,,11813.333333333334,,,2.48,,0.5,,,,,2.0,none,crushing,,fines,10.0,0.0,48.5,0.7855670103092783,False
70,RFP30,30.0,60.0,38.6,,False,True,,sheet1,33.7,32.02,8.026666666666666,4.416666666666667,1.62,1.64,0.98,1.0333333333333334,14.72,,,39.23333333333333,,,,11813.333333333334,,,2.48,,0.5,,,,,2.0,none,crushing,,fines,10.0,0.0,48.5,0.7958762886597939,False
71,N-0.55-0,0.0,7.0,21.1,0.55,False,True,,sheet1,,,,,,,,,,,,,,102.0,,,,,2.56,,0.475,105.0,8.0,,,,thermal,combined,other,powder,12.0,12.0,30.075000000000003,0.7015793848711555,False
71,N-0.50-0,0.0,7.0,28.5,0.5,False,True,,sheet1,,,,,,,,,,,,,,102.0,,,,,2.56,,0.475,105.0,8.0,,,,thermal,combined,other,powder,12.0,12.0,30.075000000000003,0.9476309226932668,False
71,N-0.45-0,0.0,7.0,33.5,0.45,False,True,,sheet1,,,,,,,,,,,,,,102.0,,,,,2.56,,0.475,105.0,8.0,,,,thermal,combined,other,powder,12.0,12.0,30.075000000000003,1.1138819617622608,False
71,N-0.40-0,0.0,7.0,37.2,0.4,False,True,,sheet1,,,,,,,,,,,,,,102.0,,,,,2.56,,0.475,105.0,8.0,,,,thermal,combined,other,powder,12.0,12.0,30.075000000000003,1.2369077306733167,False
71,N-0.55-0,0.0,28.0,41.8,0.55,False,True,,sheet1,,,,,,,,,,,,,,102.0,,,,,2.56,,0.475,105.0,8.0,,,,thermal,combined,other,powder,12.0,12.0,50.325,0.8306010928961748,False
71,N-0.50-0,0.0,28.0,46.4,0.5,False,True,,sheet1,,,,,,,,,,,,,,102.0,,,,,2.56,,0.475,105.0,8.0,,,,thermal,combined,other,powder,12.0,12.0,50.325,0.92200695479384,False
71,N-0.45-0,0.0,28.0,52.5,0.45,False,True,,sheet1,,,,,,,,,,,,,,102.0,,,,,2.56,,0.475,105.0,8.0,,,,thermal,combined,other,powder,12.0,12.0,50.325,1.0432190760059612,False
71,N-0.40-0,0.0,28.0,60.6,0.4,False,True,,sheet1,,,,,,,,,,,,,,102.0,,,,,2.56,,0.475,105.0,8.0,,,,thermal,combined,other,powder,12.0,12.0,50.325,1.2041728763040238,False
71,C-0.55-4,4.0,7.0,20.3,0.55,False,True,,sheet1,,,,,,,,,,,,,,102.0,,,,,2.56,,0.475,105.0,8.0,,,,thermal,combined,other,powder,12.0,12.0,30.075000000000003,0.6749792186201163,False
71,P-0.55-4,4.0,7.0,24.9,0.55,False,True,,sheet1,,,,,,,,,,,,,,102.0,,,,,2.56,,0.475,105.0,8.0,,,,thermal,combined,other,powder,12.0,12.0,30.075000000000003,0.8279301745635909,False
71,C-0.45-4,4.0,7.0,30.1,0.45,False,True,,sheet1,,,,,,,,,,,,,,102.0,,,,,2.56,,0.475,105.0,8.0,,,,thermal,combined,other,powder,12.0,12.0,30.075000000000003,1.0008312551953449,False
71,P-0.50-4,4.0,7.0,33.3,0.5,False,True,,sheet1,,,,,,,,,,,,,,102.0,,,,,2.56,,0.475,105.0,8.0,,,,thermal,combined,other,powder,12.0,12.0,30.075000000000003,1.1072319201995011,False
71,P-0.45-4,4.0,7.0,35.6,0.45,False,True,,sheet1,,,,,,,,,,,,,,102.0,,,,,2.56,,0.475,105.0,8.0,,,,thermal,combined,other,powder,12.0,12.0,30.075000000000003,1.1837073981712385,False
71,P-0.40-4,4.0,7.0,43.4,0.4,False,True,,sheet1,,,,,,,,,,,,,,102.0,,,,,2.56,,0.475,105.0,8.0,,,,thermal,combined,other,powder,12.0,12.0,30.075000000000003,1.4430590191188692,False
71,C-0.55-4,4.0,28.0,40.0,0.55,False,True,,sheet1,,,,,,,,,,,,,,102.0,,,,,2.56,,0.475,105.0,8.0,,,,thermal,combined,other,powder,12.0,12.0,50.325,0.7948335817188276,False
71,P-0.55-4,4.0,28.0,47.1,0.55,False,True,,sheet1,,,,,,,,,,,,,,102.0,,,,,2.56,,0.475,105.0,8.0,,,,thermal,combined,other,powder,12.0,12.0,50.325,0.9359165424739195,False
71,C-0.45-4,4.0,28.0,48.6,0.45,False,True,,sheet1,,,,,,,,,,,,,,102.0,,,,,2.56,,0.475,105.0,8.0,,,,thermal,combined,other,powder,12.0,12.0,50.325,0.9657228017883756,False
71,P-0.50-4,4.0,28.0,50.9,0.5,False,True,,sheet1,,,,,,,,,,,,,,102.0,,,,,2.56,,0.475,105.0,8.0,,,,thermal,combined,other,powder,12.0,12.0,50.325,1.011425732737208,False
71,P-0.45-4,4.0,28.0,55.1,0.45,False,True,,sheet1,,,,,,,,,,,,,,102.0,,,,,2.56,,0.475,105.0,8.0,,,,thermal,combined,other,powder,12.0,12.0,50.325,1.0948832588176851,False
71,P-0.40-4,4.0,28.0,69.8,0.4,False,True,,sheet1,,,,,,,,,,,,,,102.0,,,,,2.56,,0.475,105.0,8.0,,,,thermal,combined,other,powder,12.0,12.0,50.325,1.386984600099354,False
71,C-0.55-8,8.0,7.0,19.5,0.55,False,True,,sheet1,,,,,,,,,,,,,,102.0,,,,,2.56,,0.475,105.0,8.0,,,,thermal,combined,other,powder,12.0,12.0,30.075000000000003,0.6483790523690772,False
71,C-0.45-8,8.0,7.0,23.9,0.45,False,True,,sheet1,,,,,,,,,,,,,,102.0,,,,,2.56,,0.475,105.0,8.0,,,,thermal,combined,other,powder,12.0,12.0,30.075000000000003,0.794679966749792,False
71,P-0.55-8,8.0,7.0,26.8,0.55,False,True,,sheet1,,,,,,,,,,,,,,102.0,,,,,2.56,,0.475,105.0,8.0,,,,thermal,combined,other,powder,12.0,12.0,30.075000000000003,0.8911055694098088,False
71,P-0.50-8,8.0,7.0,34.4,0.5,False,True,,sheet1,,,,,,,,,,,,,,102.0,,,,,2.56,,0.475,105.0,8.0,,,,thermal,combined,other,powder,12.0,12.0,30.075000000000003,1.1438071487946797,False
71,P-0.45-8,8.0,7.0,38.4,0.45,False,True,,sheet1,,,,,,,,,,,,,,102.0,,,,,2.56,,0.475,105.0,8.0,,,,thermal,combined,other,powder,12.0,12.0,30.075000000000003,1.276807980049875,False
71,P-0.40-8,8.0,7.0,46.0,0.4,False,True,,sheet1,,,,,,,,,,,,,,102.0,,,,,2.56,,0.475,105.0,8.0,,,,thermal,combined,other,powder,12.0,12.0,30.075000000000003,1.5295095594347463,False
71,C-0.55-8,8.0,28.0,36.9,0.55,False,True,,sheet1,,,,,,,,,,,,,,102.0,,,,,2.56,,0.475,105.0,8.0,,,,thermal,combined,other,powder,12.0,12.0,50.325,0.7332339791356184,False
71,C-0.45-8,8.0,28.0,39.9,0.45,False,True,,sheet1,,,,,,,,,,,,,,102.0,,,,,2.56,,0.475,105.0,8.0,,,,thermal,combined,other,powder,12.0,12.0,50.325,0.7928464977645305,False
71,P-0.55-8,8.0,28.0,49.8,0.55,False,True,,sheet1,,,,,,,,,,,,,,102.0,,,,,2.56,,0.475,105.0,8.0,,,,thermal,combined,other,powder,12.0,12.0,50.325,0.9895678092399403,False
71,P-0.50-8,8.0,28.0,52.0,0.5,False,True,,sheet1,,,,,,,,,,,,,,102.0,,,,,2.56,,0.475,105.0,8.0,,,,thermal,combined,other,powder,12.0,12.0,50.325,1.0332836562344758,False
71,P-0.45-8,8.0,28.0,60.7,0.45,False,True,,sheet1,,,,,,,,,,,,,,102.0,,,,,2.56,,0.475,105.0,8.0,,,,thermal,combined,other,powder,12.0,12.0,50.325,1.2061599602583208,False
71,P-0.40-8,8.0,28.0,73.8,0.4,False,True,,sheet1,,,,,,,,,,,,,,102.0,,,,,2.56,,0.475,105.0,8.0,,,,thermal,combined,other,powder,12.0,12.0,50.325,1.4664679582712368,False
71,C-0.55-12,12.0,7.0,17.1,0.55,False,True,,sheet1,,,,,,,,,,,,,,102.0,,,,,2.56,,0.475,105.0,8.0,,,,thermal,combined,other,powder,12.0,12.0,30.075000000000003,0.5685785536159601,False
71,C-0.45-12,12.0,7.0,22.1,0.45,False,True,,sheet1,,,,,,,,,,,,,,102.0,,,,,2.56,,0.475,105.0,8.0,,,,thermal,combined,other,powder,12.0,12.0,30.075000000000003,0.7348295926849543,False
71,P-0.55-12,12.0,7.0,27.5,0.55,False,True,,sheet1,,,,,,,,,,,,,,102.0,,,,,2.56,,0.475,105.0,8.0,,,,thermal,combined,other,powder,12.0,12.0,30.075000000000003,0.9143807148794679,False
71,P-0.50-12,12.0,7.0,39.5,0.5,False,True,,sheet1,,,,,,,,,,,,,,102.0,,,,,2.56,,0.475,105.0,8.0,,,,thermal,combined,other,powder,12.0,12.0,30.075000000000003,1.3133832086450539,False
71,P-0.45-12,12.0,7.0,43.8,0.45,False,True,,sheet1,,,,,,,,,,,,,,102.0,,,,,2.56,,0.475,105.0,8.0,,,,thermal,combined,other,powder,12.0,12.0,30.075000000000003,1.4563591022443887,False
71,P-0.40-12,12.0,7.0,52.7,0.4,False,True,,sheet1,,,,,,,,,,,,,,102.0,,,,,2.56,,0.475,105.0,8.0,,,,thermal,combined,other,powder,12.0,12.0,30.075000000000003,1.7522859517871987,False
71,C-0.55-12,12.0,28.0,34.8,0.55,False,True,,sheet1,,,,,,,,,,,,,,102.0,,,,,2.56,,0.475,105.0,8.0,,,,thermal,combined,other,powder,12.0,12.0,50.325,0.69150521609538,False
71,C-0.45-12,12.0,28.0,38.4,0.45,False,True,,sheet1,,,,,,,,,,,,,,102.0,,,,,2.56,,0.475,105.0,8.0,,,,thermal,combined,other,powder,12.0,12.0,50.325,0.7630402384500744,False
71,P-0.55-12,12.0,28.0,50.8,0.55,False,True,,sheet1,,,,,,,,,,,,,,102.0,,,,,2.56,,0.475,105.0,8.0,,,,thermal,combined,other,powder,12.0,12.0,50.325,1.009438648782911,False
71,P-0.50-12,12.0,28.0,58.8,0.5,False,True,,sheet1,,,,,,,,,,,,,,102.0,,,,,2.56,,0.475,105.0,8.0,,,,thermal,combined,other,powder,12.0,12.0,50.325,1.1684053651266766,False
71,P-0.45-12,12.0,28.0,70.8,0.45,False,True,,sheet1,,,,,,,,,,,,,,102.0,,,,,2.56,,0.475,105.0,8.0,,,,thermal,combined,other,powder,12.0,12.0,50.325,1.4068554396423247,False
71,P-0.40-12,12.0,28.0,83.8,0.4,False,True,,sheet1,,,,,,,,,,,,,,102.0,,,,,2.56,,0.475,105.0,8.0,,,,thermal,combined,other,powder,12.0,12.0,50.325,1.6651763537009436,False
71,C-0.55-16,16.0,7.0,15.5,0.55,False,True,,sheet1,,,,,,,,,,,,,,102.0,,,,,2.56,,0.475,105.0,8.0,,,,thermal,combined,other,powder,12.0,12.0,30.075000000000003,0.5153782211138819,False
71,C-0.45-16,16.0,7.0,21.0,0.45,False,True,,sheet1,,,,,,,,,,,,,,102.0,,,,,2.56,,0.475,105.0,8.0,,,,thermal,combined,other,powder,12.0,12.0,30.075000000000003,0.6982543640897755,False
71,P-0.55-16,16.0,7.0,27.0,0.55,False,True,,sheet1,,,,,,,,,,,,,,102.0,,,,,2.56,,0.475,105.0,8.0,,,,thermal,combined,other,powder,12.0,12.0,30.075000000000003,0.8977556109725685,False
71,P-0.50-16,16.0,7.0,36.8,0.5,False,True,,sheet1,,,,,,,,,,,,,,102.0,,,,,2.56,,0.475,105.0,8.0,,,,thermal,combined,other,powder,12.0,12.0,30.075000000000003,1.223607647547797,False
71,P-0.45-16,16.0,7.0,41.4,0.45,False,True,,sheet1,,,,,,,,,,,,,,102.0,,,,,2.56,,0.475,105.0,8.0,,,,thermal,combined,other,powder,12.0,12.0,30.075000000000003,1.3765586034912716,False
71,P-0.40-16,16.0,7.0,50.8,0.4,False,True,,sheet1,,,,,,,,,,,,,,102.0,,,,,2.56,,0.475,105.0,8.0,,,,thermal,combined,other,powder,12.0,12.0,30.075000000000003,1.6891105569409806,False
71,C-0.55-16,16.0,28.0,30.3,0.55,False,True,,sheet1,,,,,,,,,,,,,,102.0,,,,,2.56,,0.475,105.0,8.0,,,,thermal,combined,other,powder,12.0,12.0,50.325,0.6020864381520119,False
71,C-0.45-16,16.0,28.0,36.6,0.45,False,True,,sheet1,,,,,,,,,,,,,,102.0,,,,,2.56,,0.475,105.0,8.0,,,,thermal,combined,other,powder,12.0,12.0,50.325,0.7272727272727273,False
71,P-0.55-16,16.0,28.0,50.0,0.55,False,True,,sheet1,,,,,,,,,,,,,,102.0,,,,,2.56,,0.475,105.0,8.0,,,,thermal,combined,other,powder,12.0,12.0,50.325,0.9935419771485344,False
71,P-0.50-16,16.0,28.0,57.5,0.5,False,True,,sheet1,,,,,,,,,,,,,,102.0,,,,,2.56,,0.475,105.0,8.0,,,,thermal,combined,other,powder,12.0,12.0,50.325,1.1425732737208147,False
71,P-0.45-16,16.0,28.0,66.9,0.45,False,True,,sheet1,,,,,,,,,,,,,,102.0,,,,,2.56,,0.475,105.0,8.0,,,,thermal,combined,other,powder,12.0,12.0,50.325,1.3293591654247392,False
71,P-0.40-16,16.0,28.0,80.9,0.4,False,True,,sheet1,,,,,,,,,,,,,,102.0,,,,,2.56,,0.475,105.0,8.0,,,,thermal,combined,other,powder,12.0,12.0,50.325,1.6075509190263289,False
73,REFCPC (20–20 °C),0.0,1.0,37.0,,False,True,None (0% CSS),matrix,5.98,87.11,1.93,0.81,1.7,1.2,0.71,0.57,,,,,,28.56,,,,,,,0.23,,,,,2.0,chemical,combined,mixed,other,,25.0,54.9,0.6739526411657559,False
73,REFCPC (20–20 °C),0.0,1.0,48.4,,False,True,None (0% CSS),matrix,5.98,87.11,1.93,0.81,1.7,1.2,0.71,0.57,,,,,,28.56,,,,,,,0.23,,,,,2.0,chemical,combined,mixed,other,,25.0,54.9,0.8816029143897997,False
73,REFCPC (20–20 °C),0.0,1.0,55.5,,False,True,None (0% CSS),matrix,5.98,87.11,1.93,0.81,1.7,1.2,0.71,0.57,,,,,,28.56,,,,,,,0.23,,,,,2.0,chemical,combined,mixed,other,,25.0,54.9,1.010928961748634,False
73,REFCPC (20–20 °C),0.0,1.0,56.3,,False,True,None (0% CSS),matrix,5.98,87.11,1.93,0.81,1.7,1.2,0.71,0.57,,,,,,28.56,,,,,,,0.23,,,,,2.0,chemical,combined,mixed,other,,25.0,54.9,1.0255009107468123,False
73,REFCPC (20–20 °C),0.0,1.0,63.2,,False,True,None (0% CSS),matrix,5.98,87.11,1.93,0.81,1.7,1.2,0.71,0.57,,,,,,28.56,,,,,,,0.23,,,,,2.0,chemical,combined,mixed,other,,25.0,54.9,1.151183970856102,False
73,REFCPC (20–20 °C),0.0,1.0,69.0,,False,True,None (0% CSS),matrix,5.98,87.11,1.93,0.81,1.7,1.2,0.71,0.57,,,,,,28.56,,,,,,,0.23,,,,,2.0,chemical,combined,mixed,other,,25.0,54.9,1.2568306010928962,False
73,1d,25.0,1.0,31.1,,False,True,,sheet1,5.98,87.11,1.93,0.81,1.7,1.2,0.71,0.57,,,,,,28.56,,,,,,,0.23,,,,,2.0,chemical,combined,mixed,other,,25.0,54.9,0.5664845173041895,False
73,1d,25.0,1.0,32.1,,False,True,,sheet1,5.98,87.11,1.93,0.81,1.7,1.2,0.71,0.57,,,,,,28.56,,,,,,,0.23,,,,,2.0,chemical,combined,mixed,other,,25.0,54.9,0.5846994535519127,False
73,25PHC-60CPC (60–20 °C),25.0,1.0,34.6,,False,True,15% Commercial Sodium Silicate (Type G),matrix,5.98,87.11,1.93,0.81,1.7,1.2,0.71,0.57,,,,,,28.56,,,,,,,0.23,,,,,2.0,chemical,combined,mixed,other,,25.0,54.9,0.6302367941712205,False
73,25PHC-60CPC (60–20 °C),25.0,1.0,40.5,,False,True,15% Commercial Sodium Silicate (Type G),matrix,5.98,87.11,1.93,0.81,1.7,1.2,0.71,0.57,,,,,,28.56,,,,,,,0.23,,,,,2.0,chemical,combined,mixed,other,,25.0,54.9,0.7377049180327869,False
73,25PHC-60CPC (20–20 °C),25.0,1.0,43.6,,False,True,15% Commercial Sodium Silicate (Type G),matrix,5.98,87.11,1.93,0.81,1.7,1.2,0.71,0.57,,,,,,28.56,,,,,,,0.23,,,,,2.0,chemical,combined,mixed,other,,25.0,54.9,0.7941712204007286,False
73,25PHC-60CPC (60–20 °C),25.0,1.0,44.3,,False,True,15% Commercial Sodium Silicate (Type G),matrix,5.98,87.11,1.93,0.81,1.7,1.2,0.71,0.57,,,,,,28.56,,,,,,,0.23,,,,,2.0,chemical,combined,mixed,other,,25.0,54.9,0.8069216757741348,False
73,25PHC-60CPC (60–20 °C),25.0,1.0,44.8,,False,True,15% Commercial Sodium Silicate (Type G),matrix,5.98,87.11,1.93,0.81,1.7,1.2,0.71,0.57,,,,,,28.56,,,,,,,0.23,,,,,2.0,chemical,combined,mixed,other,,25.0,54.9,0.8160291438979963,False
73,25PHC-60CPC (60–20 °C),25.0,1.0,45.5,,False,True,15% Commercial Sodium Silicate (Type G),matrix,5.98,87.11,1.93,0.81,1.7,1.2,0.71,0.57,,,,,,28.56,,,,,,,0.23,,,,,2.0,chemical,combined,mixed,other,,25.0,54.9,0.8287795992714025,False
73,25PHC-60CPC (20–20 °C),25.0,1.0,46.3,,False,True,15% Commercial Sodium Silicate (Type G),matrix,5.98,87.11,1.93,0.81,1.7,1.2,0.71,0.57,,,,,,28.56,,,,,,,0.23,,,,,2.0,chemical,combined,mixed,other,,25.0,54.9,0.843351548269581,False
73,25PHC-60CPC (20–20 °C),25.0,1.0,49.7,,False,True,15% Commercial Sodium Silicate (Type G),matrix,5.98,87.11,1.93,0.81,1.7,1.2,0.71,0.57,,,,,,28.56,,,,,,,0.23,,,,,2.0,chemical,combined,mixed,other,,25.0,54.9,0.9052823315118398,False
73,25PHC-60CPC (20–20 °C),25.0,1.0,50.0,,False,True,15% Commercial Sodium Silicate (Type G),matrix,5.98,87.11,1.93,0.81,1.7,1.2,0.71,0.57,,,,,,28.56,,,,,,,0.23,,,,,2.0,chemical,combined,mixed,other,,25.0,54.9,0.9107468123861566,False
73,25PHC-60CPC (20–20 °C),25.0,1.0,52.3,,False,True,15% Commercial Sodium Silicate (Type G),matrix,5.98,87.11,1.93,0.81,1.7,1.2,0.71,0.57,,,,,,28.56,,,,,,,0.23,,,,,2.0,chemical,combined,mixed,other,,25.0,54.9,0.9526411657559198,False
73,3d,25.0,3.0,34.6,,False,True,,sheet1,5.98,87.11,1.93,0.81,1.7,1.2,0.71,0.57,,,,,,28.56,,,,,,,0.23,,,,,2.0,chemical,combined,mixed,other,,25.0,,,False
73,3d,25.0,3.0,43.6,,False,True,,sheet1,5.98,87.11,1.93,0.81,1.7,1.2,0.71,0.57,,,,,,28.56,,,,,,,0.23,,,,,2.0,chemical,combined,mixed,other,,25.0,,,False
73,7d,25.0,7.0,44.3,,False,True,,sheet1,5.98,87.11,1.93,0.81,1.7,1.2,0.71,0.57,,,,,,28.56,,,,,,,0.23,,,,,2.0,chemical,combined,mixed,other,,25.0,,,False
73,7d,25.0,7.0,49.7,,False,True,,sheet1,5.98,87.11,1.93,0.81,1.7,1.2,0.71,0.57,,,,,,28.56,,,,,,,0.23,,,,,2.0,chemical,combined,mixed,other,,25.0,,,False
73,14d,25.0,14.0,44.8,,False,True,,sheet1,5.98,87.11,1.93,0.81,1.7,1.2,0.71,0.57,,,,,,28.56,,,,,,,0.23,,,,,2.0,chemical,combined,mixed,other,,25.0,,,False
73,14d,25.0,14.0,52.3,,False,True,,sheet1,5.98,87.11,1.93,0.81,1.7,1.2,0.71,0.57,,,,,,28.56,,,,,,,0.23,,,,,2.0,chemical,combined,mixed,other,,25.0,,,False
73,,25.0,28.0,40.5,,False,True,,sheet1,5.98,87.11,1.93,0.81,1.7,1.2,0.71,0.57,,,,,,28.56,,,,,,,0.23,,,,,2.0,chemical,combined,mixed,other,,25.0,,,False
73,28d,25.0,28.0,45.5,,False,True,,sheet1,5.98,87.11,1.93,0.81,1.7,1.2,0.71,0.57,,,,,,28.56,,,,,,,0.23,,,,,2.0,chemical,combined,mixed,other,,25.0,,,False
73,,25.0,28.0,46.3,,False,True,,sheet1,5.98,87.11,1.93,0.81,1.7,1.2,0.71,0.57,,,,,,28.56,,,,,,,0.23,,,,,2.0,chemical,combined,mixed,other,,25.0,,,False
73,28d,25.0,28.0,50.0,,False,True,,sheet1,5.98,87.11,1.93,0.81,1.7,1.2,0.71,0.57,,,,,,28.56,,,,,,,0.23,,,,,2.0,chemical,combined,mixed,other,,25.0,,,False
73,1d,45.0,1.0,26.5,,False,True,,sheet1,5.98,87.11,1.93,0.81,1.7,1.2,0.71,0.57,,,,,,28.56,,,,,,,0.23,,,,,2.0,chemical,combined,mixed,other,,25.0,54.9,0.48269581056466304,False
73,45PHC-40CPC (60–20 °C),45.0,1.0,27.5,,False,True,15% Commercial Sodium Silicate (Type G),matrix,5.98,87.11,1.93,0.81,1.7,1.2,0.71,0.57,,,,,,28.56,,,,,,,0.23,,,,,2.0,chemical,combined,mixed,other,,25.0,54.9,0.5009107468123861,False
73,45PHC-40CPC (20–20 °C),45.0,1.0,27.7,,False,True,15% Commercial Sodium Silicate (Type G),matrix,5.98,87.11,1.93,0.81,1.7,1.2,0.71,0.57,,,,,,28.56,,,,,,,0.23,,,,,2.0,chemical,combined,mixed,other,,25.0,54.9,0.5045537340619308,False
73,45PHC-40CPC (60–20 °C),45.0,1.0,32.1,,False,True,15% Commercial Sodium Silicate (Type G),matrix,5.98,87.11,1.93,0.81,1.7,1.2,0.71,0.57,,,,,,28.56,,,,,,,0.23,,,,,2.0,chemical,combined,mixed,other,,25.0,54.9,0.5846994535519127,False
73,1d,45.0,1.0,32.7,,False,True,,sheet1,5.98,87.11,1.93,0.81,1.7,1.2,0.71,0.57,,,,,,28.56,,,,,,,0.23,,,,,2.0,chemical,combined,mixed,other,,25.0,54.9,0.5956284153005466,False
73,45PHC-40CPC (60–20 °C),45.0,1.0,33.0,,False,True,15% Commercial Sodium Silicate (Type G),matrix,5.98,87.11,1.93,0.81,1.7,1.2,0.71,0.57,,,,,,28.56,,,,,,,0.23,,,,,2.0,chemical,combined,mixed,other,,25.0,54.9,0.6010928961748634,False
73,45PHC-40CPC (20–20 °C),45.0,1.0,34.1,,False,True,15% Commercial Sodium Silicate (Type G),matrix,5.98,87.11,1.93,0.81,1.7,1.2,0.71,0.57,,,,,,28.56,,,,,,,0.23,,,,,2.0,chemical,combined,mixed,other,,25.0,54.9,0.6211293260473589,False
73,45PHC-40CPC (60–20 °C),45.0,1.0,36.1,,False,True,15% Commercial Sodium Silicate (Type G),matrix,5.98,87.11,1.93,0.81,1.7,1.2,0.71,0.57,,,,,,28.56,,,,,,,0.23,,,,,2.0,chemical,combined,mixed,other,,25.0,54.9,0.6575591985428051,False
73,45PHC-40CPC (20–20 °C),45.0,1.0,39.0,,False,True,15% Commercial Sodium Silicate (Type G),matrix,5.98,87.11,1.93,0.81,1.7,1.2,0.71,0.57,,,,,,28.56,,,,,,,0.23,,,,,2.0,chemical,combined,mixed,other,,25.0,54.9,0.7103825136612022,False
73,45PHC-40CPC (60–20 °C),45.0,1.0,39.8,,False,True,15% Commercial Sodium Silicate (Type G),matrix,5.98,87.11,1.93,0.81,1.7,1.2,0.71,0.57,,,,,,28.56,,,,,,,0.23,,,,,2.0,chemical,combined,mixed,other,,25.0,54.9,0.7249544626593807,False
73,45PHC-40CPC (20–20 °C),45.0,1.0,40.5,,False,True,15% Commercial Sodium Silicate (Type G),matrix,5.98,87.11,1.93,0.81,1.7,1.2,0.71,0.57,,,,,,28.56,,,,,,,0.23,,,,,2.0,chemical,combined,mixed,other,,25.0,54.9,0.7377049180327869,False
73,45PHC-40CPC (20–20 °C),45.0,1.0,45.2,,False,True,15% Commercial Sodium Silicate (Type G),matrix,5.98,87.11,1.93,0.81,1.7,1.2,0.71,0.57,,,,,,28.56,,,,,,,0.23,,,,,2.0,chemical,combined,mixed,other,,25.0,54.9,0.8233151183970857,False
73,3d,45.0,3.0,27.7,,False,True,,sheet1,5.98,87.11,1.93,0.81,1.7,1.2,0.71,0.57,,,,,,28.56,,,,,,,0.23,,,,,2.0,chemical,combined,mixed,other,,25.0,,,False
73,3d,45.0,3.0,33.0,,False,True,,sheet1,5.98,87.11,1.93,0.81,1.7,1.2,0.71,0.57,,,,,,28.56,,,,,,,0.23,,,,,2.0,chemical,combined,mixed,other,,25.0,,,False
73,7d,45.0,7.0,32.1,,False,True,,sheet1,5.98,87.11,1.93,0.81,1.7,1.2,0.71,0.57,,,,,,28.56,,,,,,,0.23,,,,,2.0,chemical,combined,mixed,other,,25.0,,,False
73,7d,45.0,7.0,39.0,,False,True,,sheet1,5.98,87.11,1.93,0.81,1.7,1.2,0.71,0.57,,,,,,28.56,,,,,,,0.23,,,,,2.0,chemical,combined,mixed,other,,25.0,,,False
73,14d,45.0,14.0,36.1,,False,True,,sheet1,5.98,87.11,1.93,0.81,1.7,1.2,0.71,0.57,,,,,,28.56,,,,,,,0.23,,,,,2.0,chemical,combined,mixed,other,,25.0,,,False
73,14d,45.0,14.0,40.5,,False,True,,sheet1,5.98,87.11,1.93,0.81,1.7,1.2,0.71,0.57,,,,,,28.56,,,,,,,0.23,,,,,2.0,chemical,combined,mixed,other,,25.0,,,False
73,,45.0,28.0,27.5,,False,True,,sheet1,5.98,87.11,1.93,0.81,1.7,1.2,0.71,0.57,,,,,,28.56,,,,,,,0.23,,,,,2.0,chemical,combined,mixed,other,,25.0,,,False
73,,45.0,28.0,34.1,,False,True,,sheet1,5.98,87.11,1.93,0.81,1.7,1.2,0.71,0.57,,,,,,28.56,,,,,,,0.23,,,,,2.0,chemical,combined,mixed,other,,25.0,,,False
73,28d,45.0,28.0,39.8,,False,True,,sheet1,5.98,87.11,1.93,0.81,1.7,1.2,0.71,0.57,,,,,,28.56,,,,,,,0.23,,,,,2.0,chemical,combined,mixed,other,,25.0,,,False
73,28d,45.0,28.0,45.2,,False,True,,sheet1,5.98,87.11,1.93,0.81,1.7,1.2,0.71,0.57,,,,,,28.56,,,,,,,0.23,,,,,2.0,chemical,combined,mixed,other,,25.0,,,False
73,1d,65.0,1.0,12.0,,False,True,,sheet1,5.98,87.11,1.93,0.81,1.7,1.2,0.71,0.57,,,,,,28.56,,,,,,,0.23,,,,,2.0,chemical,combined,mixed,other,,25.0,54.9,0.2185792349726776,False
73,65PHC-20CPC (20–20 °C),65.0,1.0,19.4,,False,True,15% Commercial Sodium Silicate (Type G),matrix,5.98,87.11,1.93,0.81,1.7,1.2,0.71,0.57,,,,,,28.56,,,,,,,0.23,,,,,2.0,chemical,combined,mixed,other,,25.0,54.9,0.35336976320582875,False
73,1d,65.0,1.0,21.2,,False,True,,sheet1,5.98,87.11,1.93,0.81,1.7,1.2,0.71,0.57,,,,,,28.56,,,,,,,0.23,,,,,2.0,chemical,combined,mixed,other,,25.0,54.9,0.3861566484517304,False
73,65PHC-20CPC (20–20 °C),65.0,1.0,23.4,,False,True,15% Commercial Sodium Silicate (Type G),matrix,5.98,87.11,1.93,0.81,1.7,1.2,0.71,0.57,,,,,,28.56,,,,,,,0.23,,,,,2.0,chemical,combined,mixed,other,,25.0,54.9,0.4262295081967213,False
73,65PHC-20CPC (60–20 °C),65.0,1.0,23.6,,False,True,15% Commercial Sodium Silicate (Type G),matrix,5.98,87.11,1.93,0.81,1.7,1.2,0.71,0.57,,,,,,28.56,,,,,,,0.23,,,,,2.0,chemical,combined,mixed,other,,25.0,54.9,0.429872495446266,False
73,65PHC-20CPC (60–20 °C),65.0,1.0,24.0,,False,True,15% Commercial Sodium Silicate (Type G),matrix,5.98,87.11,1.93,0.81,1.7,1.2,0.71,0.57,,,,,,28.56,,,,,,,0.23,,,,,2.0,chemical,combined,mixed,other,,25.0,54.9,0.4371584699453552,False
73,65PHC-20CPC (60–20 °C),65.0,1.0,25.2,,False,True,15% Commercial Sodium Silicate (Type G),matrix,5.98,87.11,1.93,0.81,1.7,1.2,0.71,0.57,,,,,,28.56,,,,,,,0.23,,,,,2.0,chemical,combined,mixed,other,,25.0,54.9,0.45901639344262296,False
73,65PHC-20CPC (20–20 °C),65.0,1.0,25.7,,False,True,15% Commercial Sodium Silicate (Type G),matrix,5.98,87.11,1.93,0.81,1.7,1.2,0.71,0.57,,,,,,28.56,,,,,,,0.23,,,,,2.0,chemical,combined,mixed,other,,25.0,54.9,0.4681238615664845,False
73,65PHC-20CPC (20–20 °C),65.0,1.0,27.0,,False,True,15% Commercial Sodium Silicate (Type G),matrix,5.98,87.11,1.93,0.81,1.7,1.2,0.71,0.57,,,,,,28.56,,,,,,,0.23,,,,,2.0,chemical,combined,mixed,other,,25.0,54.9,0.4918032786885246,False
73,65PHC-20CPC (60–20 °C),65.0,1.0,28.0,,False,True,15% Commercial Sodium Silicate (Type G),matrix,5.98,87.11,1.93,0.81,1.7,1.2,0.71,0.57,,,,,,28.56,,,,,,,0.23,,,,,2.0,chemical,combined,mixed,other,,25.0,54.9,0.5100182149362478,False
73,65PHC-20CPC (20–20 °C),65.0,1.0,30.8,,False,True,15% Commercial Sodium Silicate (Type G),matrix,5.98,87.11,1.93,0.81,1.7,1.2,0.71,0.57,,,,,,28.56,,,,,,,0.23,,,,,2.0,chemical,combined,mixed,other,,25.0,54.9,0.5610200364298725,False
73,3d,65.0,3.0,19.4,,False,True,,sheet1,5.98,87.11,1.93,0.81,1.7,1.2,0.71,0.57,,,,,,28.56,,,,,,,0.23,,,,,2.0,chemical,combined,mixed,other,,25.0,,,False
73,7d,65.0,7.0,24.0,,False,True,,sheet1,5.98,87.11,1.93,0.81,1.7,1.2,0.71,0.57,,,,,,28.56,,,,,,,0.23,,,,,2.0,chemical,combined,mixed,other,,25.0,,,False
73,7d,65.0,7.0,25.7,,False,True,,sheet1,5.98,87.11,1.93,0.81,1.7,1.2,0.71,0.57,,,,,,28.56,,,,,,,0.23,,,,,2.0,chemical,combined,mixed,other,,25.0,,,False
73,14d,65.0,14.0,23.6,,False,True,,sheet1,5.98,87.11,1.93,0.81,1.7,1.2,0.71,0.57,,,,,,28.56,,,,,,,0.23,,,,,2.0,chemical,combined,mixed,other,,25.0,,,False
73,14d,65.0,14.0,27.0,,False,True,,sheet1,5.98,87.11,1.93,0.81,1.7,1.2,0.71,0.57,,,,,,28.56,,,,,,,0.23,,,,,2.0,chemical,combined,mixed,other,,25.0,,,False
73,,65.0,28.0,23.4,,False,True,,sheet1,5.98,87.11,1.93,0.81,1.7,1.2,0.71,0.57,,,,,,28.56,,,,,,,0.23,,,,,2.0,chemical,combined,mixed,other,,25.0,,,False
73,,65.0,28.0,25.2,,False,True,,sheet1,5.98,87.11,1.93,0.81,1.7,1.2,0.71,0.57,,,,,,28.56,,,,,,,0.23,,,,,2.0,chemical,combined,mixed,other,,25.0,,,False
73,28d,65.0,28.0,28.0,,False,True,,sheet1,5.98,87.11,1.93,0.81,1.7,1.2,0.71,0.57,,,,,,28.56,,,,,,,0.23,,,,,2.0,chemical,combined,mixed,other,,25.0,,,False
73,28d,65.0,28.0,30.8,,False,True,,sheet1,5.98,87.11,1.93,0.81,1.7,1.2,0.71,0.57,,,,,,28.56,,,,,,,0.23,,,,,2.0,chemical,combined,mixed,other,,25.0,,,False
73,1d,85.0,1.0,2.1,,False,True,,sheet1,5.98,87.11,1.93,0.81,1.7,1.2,0.71,0.57,,,,,,28.56,,,,,,,0.23,,,,,2.0,chemical,combined,mixed,other,,25.0,54.9,0.03825136612021858,False
73,85PHC-0CPC (20–20 °C),85.0,1.0,7.8,,False,True,15% Commercial Sodium Silicate (Type G),matrix,5.98,87.11,1.93,0.81,1.7,1.2,0.71,0.57,,,,,,28.56,,,,,,,0.23,,,,,2.0,chemical,combined,mixed,other,,25.0,54.9,0.14207650273224043,False
73,85PHC-0CPC (20–20 °C),85.0,1.0,8.1,,False,True,15% Commercial Sodium Silicate (Type G),matrix,5.98,87.11,1.93,0.81,1.7,1.2,0.71,0.57,,,,,,28.56,,,,,,,0.23,,,,,2.0,chemical,combined,mixed,other,,25.0,54.9,0.14754098360655737,False
73,85PHC-0CPC (60–20 °C),85.0,1.0,10.5,,False,True,15% Commercial Sodium Silicate (Type G),matrix,5.98,87.11,1.93,0.81,1.7,1.2,0.71,0.57,,,,,,28.56,,,,,,,0.23,,,,,2.0,chemical,combined,mixed,other,,25.0,54.9,0.19125683060109291,False
73,85PHC-0CPC (60–20 °C),85.0,1.0,11.8,,False,True,15% Commercial Sodium Silicate (Type G),matrix,5.98,87.11,1.93,0.81,1.7,1.2,0.71,0.57,,,,,,28.56,,,,,,,0.23,,,,,2.0,chemical,combined,mixed,other,,25.0,54.9,0.214936247723133,False
73,85PHC-0CPC (60–20 °C),85.0,1.0,12.0,,False,True,15% Commercial Sodium Silicate (Type G),matrix,5.98,87.11,1.93,0.81,1.7,1.2,0.71,0.57,,,,,,28.56,,,,,,,0.23,,,,,2.0,chemical,combined,mixed,other,,25.0,54.9,0.2185792349726776,False
73,1d,85.0,1.0,12.1,,False,True,,sheet1,5.98,87.11,1.93,0.81,1.7,1.2,0.71,0.57,,,,,,28.56,,,,,,,0.23,,,,,2.0,chemical,combined,mixed,other,,25.0,54.9,0.2204007285974499,False
73,85PHC-0CPC (20–20 °C),85.0,1.0,13.0,,False,True,15% Commercial Sodium Silicate (Type G),matrix,5.98,87.11,1.93,0.81,1.7,1.2,0.71,0.57,,,,,,28.56,,,,,,,0.23,,,,,2.0,chemical,combined,mixed,other,,25.0,54.9,0.23679417122040072,False
73,85PHC-0CPC (60–20 °C),85.0,1.0,13.2,,False,True,15% Commercial Sodium Silicate (Type G),matrix,5.98,87.11,1.93,0.81,1.7,1.2,0.71,0.57,,,,,,28.56,,,,,,,0.23,,,,,2.0,chemical,combined,mixed,other,,25.0,54.9,0.24043715846994534,False
73,85PHC-0CPC (20–20 °C),85.0,1.0,15.7,,False,True,15% Commercial Sodium Silicate (Type G),matrix,5.98,87.11,1.93,0.81,1.7,1.2,0.71,0.57,,,,,,28.56,,,,,,,0.23,,,,,2.0,chemical,combined,mixed,other,,25.0,54.9,0.2859744990892532,False
73,85PHC-0CPC (20–20 °C),85.0,1.0,16.1,,False,True,15% Commercial Sodium Silicate (Type G),matrix,5.98,87.11,1.93,0.81,1.7,1.2,0.71,0.57,,,,,,28.56,,,,,,,0.23,,,,,2.0,chemical,combined,mixed,other,,25.0,54.9,0.29326047358834245,False
73,3d,85.0,3.0,8.1,,False,True,,sheet1,5.98,87.11,1.93,0.81,1.7,1.2,0.71,0.57,,,,,,28.56,,,,,,,0.23,,,,,2.0,chemical,combined,mixed,other,,25.0,,,False
73,3d,85.0,3.0,12.1,,False,True,,sheet1,5.98,87.11,1.93,0.81,1.7,1.2,0.71,0.57,,,,,,28.56,,,,,,,0.23,,,,,2.0,chemical,combined,mixed,other,,25.0,,,False
73,7d,85.0,7.0,11.8,,False,True,,sheet1,5.98,87.11,1.93,0.81,1.7,1.2,0.71,0.57,,,,,,28.56,,,,,,,0.23,,,,,2.0,chemical,combined,mixed,other,,25.0,,,False
73,7d,85.0,7.0,13.0,,False,True,,sheet1,5.98,87.11,1.93,0.81,1.7,1.2,0.71,0.57,,,,,,28.56,,,,,,,0.23,,,,,2.0,chemical,combined,mixed,other,,25.0,,,False
73,14d,85.0,14.0,13.2,,False,True,,sheet1,5.98,87.11,1.93,0.81,1.7,1.2,0.71,0.57,,,,,,28.56,,,,,,,0.23,,,,,2.0,chemical,combined,mixed,other,,25.0,,,False
73,14d,85.0,14.0,15.7,,False,True,,sheet1,5.98,87.11,1.93,0.81,1.7,1.2,0.71,0.57,,,,,,28.56,,,,,,,0.23,,,,,2.0,chemical,combined,mixed,other,,25.0,,,False
73,,85.0,28.0,7.8,,False,True,,sheet1,5.98,87.11,1.93,0.81,1.7,1.2,0.71,0.57,,,,,,28.56,,,,,,,0.23,,,,,2.0,chemical,combined,mixed,other,,25.0,,,False
73,,85.0,28.0,10.5,,False,True,,sheet1,5.98,87.11,1.93,0.81,1.7,1.2,0.71,0.57,,,,,,28.56,,,,,,,0.23,,,,,2.0,chemical,combined,mixed,other,,25.0,,,False
73,28d,85.0,28.0,12.0,,False,True,,sheet1,5.98,87.11,1.93,0.81,1.7,1.2,0.71,0.57,,,,,,28.56,,,,,,,0.23,,,,,2.0,chemical,combined,mixed,other,,25.0,,,False
73,28d,85.0,28.0,16.1,,False,True,,sheet1,5.98,87.11,1.93,0.81,1.7,1.2,0.71,0.57,,,,,,28.56,,,,,,,0.23,,,,,2.0,chemical,combined,mixed,other,,25.0,,,False
73,1d,100.0,1.0,1.2,,False,True,,sheet1,5.98,87.11,1.93,0.81,1.7,1.2,0.71,0.57,,,,,,28.56,,,,,,,0.23,,,,,2.0,chemical,combined,mixed,other,,25.0,54.9,0.02185792349726776,False
73,1d,100.0,1.0,1.7,,False,True,,sheet1,5.98,87.11,1.93,0.81,1.7,1.2,0.71,0.57,,,,,,28.56,,,,,,,0.23,,,,,2.0,chemical,combined,mixed,other,,25.0,54.9,0.030965391621129327,False
73,100PHC (60–20 °C),100.0,1.0,1.8,,False,True,None (0% CSS),matrix,5.98,87.11,1.93,0.81,1.7,1.2,0.71,0.57,,,,,,28.56,,,,,,,0.23,,,,,2.0,chemical,combined,mixed,other,,25.0,54.9,0.03278688524590164,False
73,100PHC (60–20 °C),100.0,1.0,1.9,,False,True,None (0% CSS),matrix,5.98,87.11,1.93,0.81,1.7,1.2,0.71,0.57,,,,,,28.56,,,,,,,0.23,,,,,2.0,chemical,combined,mixed,other,,25.0,54.9,0.03460837887067395,False
73,100PHC (20–20 °C),100.0,1.0,2.0,,False,True,None (0% CSS),matrix,5.98,87.11,1.93,0.81,1.7,1.2,0.71,0.57,,,,,,28.56,,,,,,,0.23,,,,,2.0,chemical,combined,mixed,other,,25.0,54.9,0.03642987249544627,False
73,100PHC (60–20 °C),100.0,1.0,2.3,,False,True,None (0% CSS),matrix,5.98,87.11,1.93,0.81,1.7,1.2,0.71,0.57,,,,,,28.56,,,,,,,0.23,,,,,2.0,chemical,combined,mixed,other,,25.0,54.9,0.0418943533697632,False
73,100PHC (20–20 °C),100.0,1.0,2.7,,False,True,None (0% CSS),matrix,5.98,87.11,1.93,0.81,1.7,1.2,0.71,0.57,,,,,,28.56,,,,,,,0.23,,,,,2.0,chemical,combined,mixed,other,,25.0,54.9,0.049180327868852465,False
73,100PHC (20–20 °C),100.0,1.0,2.8,,False,True,None (0% CSS),matrix,5.98,87.11,1.93,0.81,1.7,1.2,0.71,0.57,,,,,,28.56,,,,,,,0.23,,,,,2.0,chemical,combined,mixed,other,,25.0,54.9,0.05100182149362477,False
73,100PHC (20–20 °C),100.0,1.0,3.0,,False,True,None (0% CSS),matrix,5.98,87.11,1.93,0.81,1.7,1.2,0.71,0.57,,,,,,28.56,,,,,,,0.23,,,,,2.0,chemical,combined,mixed,other,,25.0,54.9,0.0546448087431694,False
73,3d,100.0,3.0,1.8,,False,True,,sheet1,5.98,87.11,1.93,0.81,1.7,1.2,0.71,0.57,,,,,,28.56,,,,,,,0.23,,,,,2.0,chemical,combined,mixed,other,,25.0,,,False
73,3d,100.0,3.0,2.0,,False,True,,sheet1,5.98,87.11,1.93,0.81,1.7,1.2,0.71,0.57,,,,,,28.56,,,,,,,0.23,,,,,2.0,chemical,combined,mixed,other,,25.0,,,False
73,7d,100.0,7.0,1.8,,False,True,,sheet1,5.98,87.11,1.93,0.81,1.7,1.2,0.71,0.57,,,,,,28.56,,,,,,,0.23,,,,,2.0,chemical,combined,mixed,other,,25.0,,,False
73,7d,100.0,7.0,2.8,,False,True,,sheet1,5.98,87.11,1.93,0.81,1.7,1.2,0.71,0.57,,,,,,28.56,,,,,,,0.23,,,,,2.0,chemical,combined,mixed,other,,25.0,,,False
73,14d,100.0,14.0,1.9,,False,True,,sheet1,5.98,87.11,1.93,0.81,1.7,1.2,0.71,0.57,,,,,,28.56,,,,,,,0.23,,,,,2.0,chemical,combined,mixed,other,,25.0,,,False
73,14d,100.0,14.0,3.0,,False,True,,sheet1,5.98,87.11,1.93,0.81,1.7,1.2,0.71,0.57,,,,,,28.56,,,,,,,0.23,,,,,2.0,chemical,combined,mixed,other,,25.0,,,False
73,,100.0,28.0,1.7,,False,True,,sheet1,5.98,87.11,1.93,0.81,1.7,1.2,0.71,0.57,,,,,,28.56,,,,,,,0.23,,,,,2.0,chemical,combined,mixed,other,,25.0,,,False
73,,100.0,28.0,2.0,,False,True,,sheet1,5.98,87.11,1.93,0.81,1.7,1.2,0.71,0.57,,,,,,28.56,,,,,,,0.23,,,,,2.0,chemical,combined,mixed,other,,25.0,,,False
73,28d,100.0,28.0,2.3,,False,True,,sheet1,5.98,87.11,1.93,0.81,1.7,1.2,0.71,0.57,,,,,,28.56,,,,,,,0.23,,,,,2.0,chemical,combined,mixed,other,,25.0,,,False
73,28d,100.0,28.0,2.7,,False,True,,sheet1,5.98,87.11,1.93,0.81,1.7,1.2,0.71,0.57,,,,,,28.56,,,,,,,0.23,,,,,2.0,chemical,combined,mixed,other,,25.0,,,False
75,GRAPH-DERIVED,0.0,28.0,43.5,,True,True,,sheet1,18.12,41.06,5.78,2.16,1.78,2.28,,0.86,11.383333333333336,,,,,23.08,,,,,,,0.45,,,10.0,,2.0,mechanical,combined,other,powder,20.0,0.0,45.6,0.9539473684210527,False
75,Control Group (Cement Mortar),0.0,28.0,47.7,,False,True,,matrix,18.12,41.06,5.78,2.16,1.78,2.28,,0.86,11.383333333333336,,,,,23.08,,,,,,,0.45,,,10.0,,2.0,mechanical,combined,other,powder,20.0,0.0,45.6,1.0460526315789473,False
75,GRAPH-DERIVED,10.0,28.0,34.8,,True,True,,sheet1,18.12,41.06,5.78,2.16,1.78,2.28,,0.86,11.383333333333336,,,,,23.08,,,,,,,0.45,,,10.0,,2.0,mechanical,combined,other,powder,20.0,0.0,45.6,0.763157894736842,False
75,,20.0,28.0,38.6,,False,True,,sheet1,18.12,41.06,5.78,2.16,1.78,2.28,,0.86,11.383333333333336,,,,,23.08,,,,,,,0.45,,,10.0,,2.0,mechanical,combined,other,powder,20.0,0.0,45.6,0.8464912280701754,False
75,,20.0,28.0,40.12,,False,True,,sheet1,18.12,41.06,5.78,2.16,1.78,2.28,,0.86,11.383333333333336,,,,,23.08,,,,,,,0.45,,,10.0,,2.0,mechanical,combined,other,powder,20.0,0.0,45.6,0.8798245614035087,False
75,GRAPH-DERIVED,30.0,28.0,31.0,,True,True,,sheet1,18.12,41.06,5.78,2.16,1.78,2.28,,0.86,11.383333333333336,,,,,23.08,,,,,,,0.45,,,10.0,,2.0,mechanical,combined,other,powder,20.0,0.0,45.6,0.6798245614035088,False
75,RFP15 Mortar,30.0,28.0,31.4,,False,True,Mechanical Grinding,matrix,18.12,41.06,5.78,2.16,1.78,2.28,,0.86,11.383333333333336,,,,,23.08,,,,,,,0.45,,,10.0,,2.0,mechanical,combined,other,powder,20.0,0.0,45.6,0.6885964912280701,False
75,RFP10 Mortar,30.0,28.0,32.7,,False,True,Mechanical Grinding,matrix,18.12,41.06,5.78,2.16,1.78,2.28,,0.86,11.383333333333336,,,,,23.08,,,,,,,0.45,,,10.0,,2.0,mechanical,combined,other,powder,20.0,0.0,45.6,0.7171052631578948,False
75,RFP5 Mortar,30.0,28.0,34.5,,False,True,Mechanical Grinding,matrix,18.12,41.06,5.78,2.16,1.78,2.28,,0.86,11.383333333333336,,,,,23.08,,,,,,,0.45,,,10.0,,2.0,mechanical,combined,other,powder,20.0,0.0,45.6,0.756578947368421,False
75,GRAPH-DERIVED,40.0,28.0,28.0,,True,True,,sheet1,18.12,41.06,5.78,2.16,1.78,2.28,,0.86,11.383333333333336,,,,,23.08,,,,,,,0.45,,,10.0,,2.0,mechanical,combined,other,powder,20.0,0.0,45.6,0.6140350877192983,False
76,1d,0.0,1.0,9.56,,False,True,,sheet1,52.46,11.436,12.998,3.077,1.735,0.723,2.817,3.722,10.1,,,,,,13501.42857142857,,,,,,,,,37.5,48.0,,mechanical,combined,mixed,powder,,0.0,30.432000000000006,0.3141430073606729,False
76,Control group (CG),0.0,1.0,22.1,,False,True,,matrix,52.46,11.436,12.998,3.077,1.735,0.723,2.817,3.722,10.1,,,,,,13501.42857142857,,,,,,,,,37.5,48.0,,mechanical,combined,mixed,powder,,0.0,30.432000000000006,0.7262092534174552,False
76,Control group (CG),0.0,1.0,34.1,,False,True,,matrix,52.46,11.436,12.998,3.077,1.735,0.723,2.817,3.722,10.1,,,,,,13501.42857142857,,,,,,,,,37.5,48.0,,mechanical,combined,mixed,powder,,0.0,30.432000000000006,1.1205310199789693,False
76,Control group (CG),0.0,1.0,41.2,,False,True,,matrix,52.46,11.436,12.998,3.077,1.735,0.723,2.817,3.722,10.1,,,,,,13501.42857142857,,,,,,,,,37.5,48.0,,mechanical,combined,mixed,powder,,0.0,30.432000000000006,1.3538380651945319,False
76,Control group (CG),0.0,1.0,45.2,,False,True,,matrix,52.46,11.436,12.998,3.077,1.735,0.723,2.817,3.722,10.1,,,,,,13501.42857142857,,,,,,,,,37.5,48.0,,mechanical,combined,mixed,powder,,0.0,30.432000000000006,1.48527865404837,False
76,3d,0.0,3.0,22.1,,False,True,,sheet1,52.46,11.436,12.998,3.077,1.735,0.723,2.817,3.722,10.1,,,,,,13501.42857142857,,,,,,,,,37.5,48.0,,mechanical,combined,mixed,powder,,0.0,22.1,1.0,False
76,7d,0.0,7.0,34.1,,False,True,,sheet1,52.46,11.436,12.998,3.077,1.735,0.723,2.817,3.722,10.1,,,,,,13501.42857142857,,,,,,,,,37.5,48.0,,mechanical,combined,mixed,powder,,0.0,34.1,1.0,False
76,14d,0.0,14.0,41.2,,False,True,,sheet1,52.46,11.436,12.998,3.077,1.735,0.723,2.817,3.722,10.1,,,,,,13501.42857142857,,,,,,,,,37.5,48.0,,mechanical,combined,mixed,powder,,0.0,41.2,1.0,False
76,28d,0.0,28.0,45.2,,False,True,,sheet1,52.46,11.436,12.998,3.077,1.735,0.723,2.817,3.722,10.1,,,,,,13501.42857142857,,,,,,,,,37.5,48.0,,mechanical,combined,mixed,powder,,0.0,45.2,1.0,False
76,K1,17.3,1.0,9.61,,False,True,Mechanical activation (Ball milling for 45 min),matrix,52.46,11.436,12.998,3.077,1.735,0.723,2.817,3.722,10.1,,,,,,13501.42857142857,,,,,,,,,37.5,48.0,,mechanical,combined,mixed,powder,,0.0,30.432000000000006,0.3157860147213459,False
76,K1,17.3,1.0,22.3,,False,True,Mechanical activation (Ball milling for 45 min),matrix,52.46,11.436,12.998,3.077,1.735,0.723,2.817,3.722,10.1,,,,,,13501.42857142857,,,,,,,,,37.5,48.0,,mechanical,combined,mixed,powder,,0.0,30.432000000000006,0.7327812828601471,False
76,K1,17.3,1.0,34.3,,False,True,Mechanical activation (Ball milling for 45 min),matrix,52.46,11.436,12.998,3.077,1.735,0.723,2.817,3.722,10.1,,,,,,13501.42857142857,,,,,,,,,37.5,48.0,,mechanical,combined,mixed,powder,,0.0,30.432000000000006,1.1271030494216612,False
76,K1,17.3,1.0,41.4,,False,True,Mechanical activation (Ball milling for 45 min),matrix,52.46,11.436,12.998,3.077,1.735,0.723,2.817,3.722,10.1,,,,,,13501.42857142857,,,,,,,,,37.5,48.0,,mechanical,combined,mixed,powder,,0.0,30.432000000000006,1.3604100946372237,False
76,K1,17.3,1.0,45.4,,False,True,Mechanical activation (Ball milling for 45 min),matrix,52.46,11.436,12.998,3.077,1.735,0.723,2.817,3.722,10.1,,,,,,13501.42857142857,,,,,,,,,37.5,48.0,,mechanical,combined,mixed,powder,,0.0,30.432000000000006,1.4918506834910616,False
76,F1,25.0,1.0,9.1,,False,True,Mechanical activation (Ball milling for 45 min),matrix,52.46,11.436,12.998,3.077,1.735,0.723,2.817,3.722,10.1,,,,,,13501.42857142857,,,,,,,,,37.5,48.0,,mechanical,combined,mixed,powder,,0.0,30.432000000000006,0.2990273396424815,False
76,F1,25.0,1.0,21.2,,False,True,Mechanical activation (Ball milling for 45 min),matrix,52.46,11.436,12.998,3.077,1.735,0.723,2.817,3.722,10.1,,,,,,13501.42857142857,,,,,,,,,37.5,48.0,,mechanical,combined,mixed,powder,,0.0,30.432000000000006,0.6966351209253416,False
76,F1,25.0,1.0,33.1,,False,True,Mechanical activation (Ball milling for 45 min),matrix,52.46,11.436,12.998,3.077,1.735,0.723,2.817,3.722,10.1,,,,,,13501.42857142857,,,,,,,,,37.5,48.0,,mechanical,combined,mixed,powder,,0.0,30.432000000000006,1.0876708727655098,False
76,F1,25.0,1.0,42.5,,False,True,Mechanical activation (Ball milling for 45 min),matrix,52.46,11.436,12.998,3.077,1.735,0.723,2.817,3.722,10.1,,,,,,13501.42857142857,,,,,,,,,37.5,48.0,,mechanical,combined,mixed,powder,,0.0,30.432000000000006,1.396556256572029,False
76,F1,25.0,1.0,46.8,,False,True,Mechanical activation (Ball milling for 45 min),matrix,52.46,11.436,12.998,3.077,1.735,0.723,2.817,3.722,10.1,,,,,,13501.42857142857,,,,,,,,,37.5,48.0,,mechanical,combined,mixed,powder,,0.0,30.432000000000006,1.537854889589905,False
76,K2,34.5,1.0,8.2,,False,True,Mechanical activation (Ball milling for 45 min),matrix,52.46,11.436,12.998,3.077,1.735,0.723,2.817,3.722,10.1,,,,,,13501.42857142857,,,,,,,,,37.5,48.0,,mechanical,combined,mixed,powder,,0.0,30.432000000000006,0.26945320715036797,False
76,K2,34.5,1.0,18.5,,False,True,Mechanical activation (Ball milling for 45 min),matrix,52.46,11.436,12.998,3.077,1.735,0.723,2.817,3.722,10.1,,,,,,13501.42857142857,,,,,,,,,37.5,48.0,,mechanical,combined,mixed,powder,,0.0,30.432000000000006,0.6079127234490009,False
76,K2,34.5,1.0,28.3,,False,True,Mechanical activation (Ball milling for 45 min),matrix,52.46,11.436,12.998,3.077,1.735,0.723,2.817,3.722,10.1,,,,,,13501.42857142857,,,,,,,,,37.5,48.0,,mechanical,combined,mixed,powder,,0.0,30.432000000000006,0.9299421661409042,False
76,K2,34.5,1.0,38.1,,False,True,Mechanical activation (Ball milling for 45 min),matrix,52.46,11.436,12.998,3.077,1.735,0.723,2.817,3.722,10.1,,,,,,13501.42857142857,,,,,,,,,37.5,48.0,,mechanical,combined,mixed,powder,,0.0,30.432000000000006,1.2519716088328074,False
76,K2,34.5,1.0,45.1,,False,True,Mechanical activation (Ball milling for 45 min),matrix,52.46,11.436,12.998,3.077,1.735,0.723,2.817,3.722,10.1,,,,,,13501.42857142857,,,,,,,,,37.5,48.0,,mechanical,combined,mixed,powder,,0.0,30.432000000000006,1.481992639327024,False
76,F2,50.0,1.0,8.5,,False,True,Mechanical activation (Ball milling for 45 min),matrix,52.46,11.436,12.998,3.077,1.735,0.723,2.817,3.722,10.1,,,,,,13501.42857142857,,,,,,,,,37.5,48.0,,mechanical,combined,mixed,powder,,0.0,30.432000000000006,0.2793112513144058,False
76,F2,50.0,1.0,20.1,,False,True,Mechanical activation (Ball milling for 45 min),matrix,52.46,11.436,12.998,3.077,1.735,0.723,2.817,3.722,10.1,,,,,,13501.42857142857,,,,,,,,,37.5,48.0,,mechanical,combined,mixed,powder,,0.0,30.432000000000006,0.6604889589905362,False
76,F2,50.0,1.0,32.2,,False,True,Mechanical activation (Ball milling for 45 min),matrix,52.46,11.436,12.998,3.077,1.735,0.723,2.817,3.722,10.1,,,,,,13501.42857142857,,,,,,,,,37.5,48.0,,mechanical,combined,mixed,powder,,0.0,30.432000000000006,1.0580967402733963,False
76,F2,50.0,1.0,43.8,,False,True,Mechanical activation (Ball milling for 45 min),matrix,52.46,11.436,12.998,3.077,1.735,0.723,2.817,3.722,10.1,,,,,,13501.42857142857,,,,,,,,,37.5,48.0,,mechanical,combined,mixed,powder,,0.0,30.432000000000006,1.4392744479495265,False
76,F2,50.0,1.0,48.2,,False,True,Mechanical activation (Ball milling for 45 min),matrix,52.46,11.436,12.998,3.077,1.735,0.723,2.817,3.722,10.1,,,,,,13501.42857142857,,,,,,,,,37.5,48.0,,mechanical,combined,mixed,powder,,0.0,30.432000000000006,1.5838590956887484,False
76,K3,69.1,1.0,5.9,,False,True,Mechanical activation (Ball milling for 45 min),matrix,52.46,11.436,12.998,3.077,1.735,0.723,2.817,3.722,10.1,,,,,,13501.42857142857,,,,,,,,,37.5,48.0,,mechanical,combined,mixed,powder,,0.0,30.432000000000006,0.19387486855941113,False
76,K3,69.1,1.0,14.5,,False,True,Mechanical activation (Ball milling for 45 min),matrix,52.46,11.436,12.998,3.077,1.735,0.723,2.817,3.722,10.1,,,,,,13501.42857142857,,,,,,,,,37.5,48.0,,mechanical,combined,mixed,powder,,0.0,30.432000000000006,0.4764721345951629,False
76,K3,69.1,1.0,22.7,,False,True,Mechanical activation (Ball milling for 45 min),matrix,52.46,11.436,12.998,3.077,1.735,0.723,2.817,3.722,10.1,,,,,,13501.42857142857,,,,,,,,,37.5,48.0,,mechanical,combined,mixed,powder,,0.0,30.432000000000006,0.7459253417455308,False
76,K3,69.1,1.0,33.2,,False,True,Mechanical activation (Ball milling for 45 min),matrix,52.46,11.436,12.998,3.077,1.735,0.723,2.817,3.722,10.1,,,,,,13501.42857142857,,,,,,,,,37.5,48.0,,mechanical,combined,mixed,powder,,0.0,30.432000000000006,1.0909568874868558,False
76,K3,69.1,1.0,44.8,,False,True,Mechanical activation (Ball milling for 45 min),matrix,52.46,11.436,12.998,3.077,1.735,0.723,2.817,3.722,10.1,,,,,,13501.42857142857,,,,,,,,,37.5,48.0,,mechanical,combined,mixed,powder,,0.0,30.432000000000006,1.472134595162986,False
76,F3,100.0,1.0,9.8,,False,True,Mechanical activation (Ball milling for 45 min),matrix,52.46,11.436,12.998,3.077,1.735,0.723,2.817,3.722,10.1,,,,,,13501.42857142857,,,,,,,,,37.5,48.0,,mechanical,combined,mixed,powder,,0.0,30.432000000000006,0.3220294426919032,False
76,F3,100.0,1.0,22.5,,False,True,Mechanical activation (Ball milling for 45 min),matrix,52.46,11.436,12.998,3.077,1.735,0.723,2.817,3.722,10.1,,,,,,13501.42857142857,,,,,,,,,37.5,48.0,,mechanical,combined,mixed,powder,,0.0,30.432000000000006,0.739353312302839,False
76,F3,100.0,1.0,34.5,,False,True,Mechanical activation (Ball milling for 45 min),matrix,52.46,11.436,12.998,3.077,1.735,0.723,2.817,3.722,10.1,,,,,,13501.42857142857,,,,,,,,,37.5,48.0,,mechanical,combined,mixed,powder,,0.0,30.432000000000006,1.133675078864353,False
76,F3,100.0,1.0,45.1,,False,True,Mechanical activation (Ball milling for 45 min),matrix,52.46,11.436,12.998,3.077,1.735,0.723,2.817,3.722,10.1,,,,,,13501.42857142857,,,,,,,,,37.5,48.0,,mechanical,combined,mixed,powder,,0.0,30.432000000000006,1.481992639327024,False
76,F3,100.0,1.0,50.8,,False,True,Mechanical activation (Ball milling for 45 min),matrix,52.46,11.436,12.998,3.077,1.735,0.723,2.817,3.722,10.1,,,,,,13501.42857142857,,,,,,,,,37.5,48.0,,mechanical,combined,mixed,powder,,0.0,30.432000000000006,1.669295478443743,False
77,Micropowder Activator Mortar,0.0,3.0,3.5,,True,True,"Alkaline (NaOH, Ca(OH)2), Acidic (HCl)",matrix,,,,,,,,,,,,28.975,60.27,,485.0,,,,,,0.75,,,,,,chemical,crushing,,powder,11.0,5.0,3.5,1.0,False
77,Concrete S3F3 (Standard),0.0,7.0,12.34,,False,True,,matrix,,,,,,,,,,,,28.975,60.27,,485.0,,,,,,0.75,,,,,,chemical,crushing,,powder,11.0,5.0,17.595,0.7013356067064508,False
77,Concrete S4F4 (Standard),0.0,7.0,13.08,,False,True,,matrix,,,,,,,,,,,,28.975,60.27,,485.0,,,,,,0.75,,,,,,chemical,crushing,,powder,11.0,5.0,17.595,0.7433930093776642,False
77,Concrete S3F4 (Standard),0.0,7.0,15.69,,False,True,,matrix,,,,,,,,,,,,28.975,60.27,,485.0,,,,,,0.75,,,,,,chemical,crushing,,powder,11.0,5.0,17.595,0.8917306052855926,False
77,Concrete S4F3 (Standard),0.0,7.0,16.92,,False,True,,matrix,,,,,,,,,,,,28.975,60.27,,485.0,,,,,,0.75,,,,,,chemical,crushing,,powder,11.0,5.0,17.595,0.9616368286445014,False
77,Concrete S3F3 (Standard),0.0,7.0,18.8,,False,True,,matrix,,,,,,,,,,,,28.975,60.27,,485.0,,,,,,0.75,,,,,,chemical,crushing,,powder,11.0,5.0,17.595,1.068485365160557,False
77,Concrete S4F4 (Standard),0.0,7.0,18.84,,False,True,,matrix,,,,,,,,,,,,28.975,60.27,,485.0,,,,,,0.75,,,,,,chemical,crushing,,powder,11.0,5.0,17.595,1.07075873827792,False
77,Concrete S3F4 (Standard),0.0,7.0,19.31,,False,True,,matrix,,,,,,,,,,,,28.975,60.27,,485.0,,,,,,0.75,,,,,,chemical,crushing,,powder,11.0,5.0,17.595,1.0974708724069338,False
77,Concrete S4F3 (Standard),0.0,7.0,25.78,,False,True,,matrix,,,,,,,,,,,,28.975,60.27,,485.0,,,,,,0.75,,,,,,chemical,crushing,,powder,11.0,5.0,17.595,1.465188974140381,False
77,Concrete (Table 5): 7d,5.0,7.0,8.76,,True,True,,sheet1,,,,,,,,,,,,28.975,60.27,,485.0,,,,,,0.75,,,,,,chemical,crushing,,powder,11.0,5.0,17.595,0.4978687127024723,False
77,,5.0,7.0,9.86,,True,True,,sheet1,,,,,,,,,,,,28.975,60.27,,485.0,,,,,,0.75,,,,,,chemical,crushing,,powder,11.0,5.0,17.595,0.5603864734299517,False
77,,5.0,7.0,12.45,,True,True,,sheet1,,,,,,,,,,,,28.975,60.27,,485.0,,,,,,0.75,,,,,,chemical,crushing,,powder,11.0,5.0,17.595,0.7075873827791986,False
77,,5.0,7.0,14.24,,True,True,,sheet1,,,,,,,,,,,,28.975,60.27,,485.0,,,,,,0.75,,,,,,chemical,crushing,,powder,11.0,5.0,17.595,0.8093208297811879,False
77,28d,5.0,28.0,11.91,,True,True,,sheet1,,,,,,,,,,,,28.975,60.27,,485.0,,,,,,0.75,,,,,,chemical,crushing,,powder,11.0,5.0,,,False
77,,5.0,28.0,14.49,,True,True,,sheet1,,,,,,,,,,,,28.975,60.27,,485.0,,,,,,0.75,,,,,,chemical,crushing,,powder,11.0,5.0,,,False
77,,5.0,28.0,17.16,,True,True,,sheet1,,,,,,,,,,,,28.975,60.27,,485.0,,,,,,0.75,,,,,,chemical,crushing,,powder,11.0,5.0,,,False
77,,5.0,28.0,21.53,,True,True,,sheet1,,,,,,,,,,,,28.975,60.27,,485.0,,,,,,0.75,,,,,,chemical,crushing,,powder,11.0,5.0,,,False
77,Concrete S4F3 (Variant 1),14.0,7.0,8.76,,False,True,,matrix,,,,,,,,,,,,28.975,60.27,,485.0,,,,,,0.75,,,,,,chemical,crushing,,powder,11.0,5.0,17.595,0.4978687127024723,False
77,Concrete S4F3 (Variant 2),14.0,7.0,9.86,,False,True,,matrix,,,,,,,,,,,,28.975,60.27,,485.0,,,,,,0.75,,,,,,chemical,crushing,,powder,11.0,5.0,17.595,0.5603864734299517,False
77,Concrete S4F3 (Variant 1),14.0,7.0,11.91,,False,True,,matrix,,,,,,,,,,,,28.975,60.27,,485.0,,,,,,0.75,,,,,,chemical,crushing,,powder,11.0,5.0,17.595,0.6768968456947997,False
77,Concrete S3F3 (Comparison),14.0,7.0,12.11,,False,True,,matrix,,,,,,,,,,,,28.975,60.27,,485.0,,,,,,0.75,,,,,,chemical,crushing,,powder,11.0,5.0,17.595,0.6882637112816141,False
77,Concrete S4F3 (Variant 3),14.0,7.0,12.45,,False,True,,matrix,,,,,,,,,,,,28.975,60.27,,485.0,,,,,,0.75,,,,,,chemical,crushing,,powder,11.0,5.0,17.595,0.7075873827791986,False
77,Concrete S4F3 (Comparison),14.0,7.0,12.98,,False,True,,matrix,,,,,,,,,,,,28.975,60.27,,485.0,,,,,,0.75,,,,,,chemical,crushing,,powder,11.0,5.0,17.595,0.737709576584257,False
77,Concrete S4F4 (Comparison),14.0,7.0,13.68,,False,True,,matrix,,,,,,,,,,,,28.975,60.27,,485.0,,,,,,0.75,,,,,,chemical,crushing,,powder,11.0,5.0,17.595,0.7774936061381075,False
77,Concrete S3F4 (Comparison),14.0,7.0,14.24,,False,True,,matrix,,,,,,,,,,,,28.975,60.27,,485.0,,,,,,0.75,,,,,,chemical,crushing,,powder,11.0,5.0,17.595,0.8093208297811879,False
77,Concrete S4F3 (Variant 2),14.0,7.0,14.49,,False,True,,matrix,,,,,,,,,,,,28.975,60.27,,485.0,,,,,,0.75,,,,,,chemical,crushing,,powder,11.0,5.0,17.595,0.823529411764706,False
77,Concrete S4F3 (Variant 3),14.0,7.0,17.16,,False,True,,matrix,,,,,,,,,,,,28.975,60.27,,485.0,,,,,,0.75,,,,,,chemical,crushing,,powder,11.0,5.0,17.595,0.9752770673486787,False
77,Concrete S3F3 (Comparison),14.0,7.0,18.65,,False,True,,matrix,,,,,,,,,,,,28.975,60.27,,485.0,,,,,,0.75,,,,,,chemical,crushing,,powder,11.0,5.0,17.595,1.0599602159704462,False
77,Concrete S4F3 (Comparison),14.0,7.0,19.63,,False,True,,matrix,,,,,,,,,,,,28.975,60.27,,485.0,,,,,,0.75,,,,,,chemical,crushing,,powder,11.0,5.0,17.595,1.115657857345837,False
77,Concrete S4F4 (Comparison),14.0,7.0,20.41,,False,True,,matrix,,,,,,,,,,,,28.975,60.27,,485.0,,,,,,0.75,,,,,,chemical,crushing,,powder,11.0,5.0,17.595,1.1599886331344134,False
77,Concrete S3F4 (Comparison),14.0,7.0,21.53,,False,True,,matrix,,,,,,,,,,,,28.975,60.27,,485.0,,,,,,0.75,,,,,,chemical,crushing,,powder,11.0,5.0,17.595,1.2236430804205742,False
78,PC,0.0,1.0,52.8,,False,True,,sheet1,,,,,,,,,,,,30.065,,,,,,,,,0.2,,,,,,carbonation,combined,,fines,30.0,40.0,52.8,1.0,False
78,PC,0.0,28.0,16.43,,True,True,,matrix,,,,,,,,,,,,30.065,,,,,,,,,0.2,,,,,,carbonation,combined,,fines,30.0,40.0,62.315,0.2636604348872663,False
78,CR40: 47.1. 28 d: PC,0.0,28.0,108.2,,False,True,,sheet1,,,,,,,,,,,,30.065,,,,,,,,,0.2,,,,,,carbonation,combined,,fines,30.0,40.0,62.315,1.7363395651127338,False
78,R20,20.0,1.0,48.1,,False,True,,sheet1,,,,,,,,,,,,30.065,,,,,,,,,0.2,,,,,,carbonation,combined,,fines,30.0,40.0,52.8,0.9109848484848485,False
78,CR20,20.0,1.0,49.8,,False,True,,sheet1,,,,,,,,,,,,30.065,,,,,,,,,0.2,,,,,,carbonation,combined,,fines,30.0,40.0,52.8,0.9431818181818182,False
78,CR20,20.0,28.0,12.67,,True,True,Dry carbonation,matrix,,,,,,,,,,,,30.065,,,,,,,,,0.2,,,,,,carbonation,combined,,fines,30.0,40.0,62.315,0.20332183262456874,False
78,R20,20.0,28.0,95.3,,False,True,,sheet1,,,,,,,,,,,,30.065,,,,,,,,,0.2,,,,,,carbonation,combined,,fines,30.0,40.0,62.315,1.5293268073497552,False
78,CR20,20.0,28.0,102.1,,False,True,,sheet1,,,,,,,,,,,,30.065,,,,,,,,,0.2,,,,,,carbonation,combined,,fines,30.0,40.0,62.315,1.638449811441868,False
78,R40,40.0,1.0,41.2,,False,True,,sheet1,,,,,,,,,,,,30.065,,,,,,,,,0.2,,,,,,carbonation,combined,,fines,30.0,40.0,52.8,0.7803030303030304,False
78,CR40,40.0,1.0,47.1,,True,True,Dry carbonation,matrix,,,,,,,,,,,,30.065,,,,,,,,,0.2,,,,,,carbonation,combined,,fines,30.0,40.0,52.8,0.8920454545454546,False
78,R40,40.0,28.0,82.4,,False,True,,sheet1,,,,,,,,,,,,30.065,,,,,,,,,0.2,,,,,,carbonation,combined,,fines,30.0,40.0,62.315,1.322314049586777,False
78,CR40,40.0,28.0,96.5,,False,True,,sheet1,,,,,,,,,,,,30.065,,,,,,,,,0.2,,,,,,carbonation,combined,,fines,30.0,40.0,62.315,1.5485838080718928,False
79,,0.0,1.0,18.0,,True,True,,sheet1,18.4,67.6,5.12,3.53,1.08,2.76,,0.66,32.35,,,6.0600000000000005,,1.0,,,,,,,0.4,,,31.0,500.0,2.0,multiple,milling,mixed,fines,10.0,10.0,32.75,0.549618320610687,False
79,Ref.,0.0,1.0,27.0,,True,True,,matrix,18.4,67.6,5.12,3.53,1.08,2.76,,0.66,32.35,,,6.0600000000000005,,1.0,,,,,,,0.4,,,31.0,500.0,2.0,multiple,milling,mixed,fines,10.0,10.0,32.75,0.8244274809160306,False
79,Ref.,0.0,1.0,38.0,,True,True,,matrix,18.4,67.6,5.12,3.53,1.08,2.76,,0.66,32.35,,,6.0600000000000005,,1.0,,,,,,,0.4,,,31.0,500.0,2.0,multiple,milling,mixed,fines,10.0,10.0,32.75,1.1603053435114503,False
79,Ref.,0.0,1.0,48.0,,True,True,,matrix,18.4,67.6,5.12,3.53,1.08,2.76,,0.66,32.35,,,6.0600000000000005,,1.0,,,,,,,0.4,,,31.0,500.0,2.0,multiple,milling,mixed,fines,10.0,10.0,32.75,1.465648854961832,False
79,,0.0,3.0,27.0,,True,True,,sheet1,18.4,67.6,5.12,3.53,1.08,2.76,,0.66,32.35,,,6.0600000000000005,,1.0,,,,,,,0.4,,,31.0,500.0,2.0,multiple,milling,mixed,fines,10.0,10.0,27.0,1.0,False
79,,0.0,7.0,38.0,,True,True,,sheet1,18.4,67.6,5.12,3.53,1.08,2.76,,0.66,32.35,,,6.0600000000000005,,1.0,,,,,,,0.4,,,31.0,500.0,2.0,multiple,milling,mixed,fines,10.0,10.0,38.0,1.0,False
79,,0.0,28.0,48.0,,True,True,,sheet1,18.4,67.6,5.12,3.53,1.08,2.76,,0.66,32.35,,,6.0600000000000005,,1.0,,,,,,,0.4,,,31.0,500.0,2.0,multiple,milling,mixed,fines,10.0,10.0,48.0,1.0,False
79,MCR5,5.0,1.0,20.0,,True,True,Mechanochemical Carbonation (MC),matrix,18.4,67.6,5.12,3.53,1.08,2.76,,0.66,32.35,,,6.0600000000000005,,1.0,,,,,,,0.4,,,31.0,500.0,2.0,multiple,milling,mixed,fines,10.0,10.0,32.75,0.6106870229007634,False
79,MCR5,5.0,1.0,32.0,,True,True,Mechanochemical Carbonation (MC),matrix,18.4,67.6,5.12,3.53,1.08,2.76,,0.66,32.35,,,6.0600000000000005,,1.0,,,,,,,0.4,,,31.0,500.0,2.0,multiple,milling,mixed,fines,10.0,10.0,32.75,0.9770992366412213,False
79,MCR5,5.0,1.0,40.0,,True,True,Mechanochemical Carbonation (MC),matrix,18.4,67.6,5.12,3.53,1.08,2.76,,0.66,32.35,,,6.0600000000000005,,1.0,,,,,,,0.4,,,31.0,500.0,2.0,multiple,milling,mixed,fines,10.0,10.0,32.75,1.2213740458015268,False
79,MCR5,5.0,1.0,49.0,,True,True,Mechanochemical Carbonation (MC),matrix,18.4,67.6,5.12,3.53,1.08,2.76,,0.66,32.35,,,6.0600000000000005,,1.0,,,,,,,0.4,,,31.0,500.0,2.0,multiple,milling,mixed,fines,10.0,10.0,32.75,1.4961832061068703,False
79,,10.0,1.0,19.0,,True,True,,sheet1,18.4,67.6,5.12,3.53,1.08,2.76,,0.66,32.35,,,6.0600000000000005,,1.0,,,,,,,0.4,,,31.0,500.0,2.0,multiple,milling,mixed,fines,10.0,10.0,32.75,0.5801526717557252,False
79,,10.0,1.0,22.0,,True,True,,sheet1,18.4,67.6,5.12,3.53,1.08,2.76,,0.66,32.35,,,6.0600000000000005,,1.0,,,,,,,0.4,,,31.0,500.0,2.0,multiple,milling,mixed,fines,10.0,10.0,32.75,0.6717557251908397,False
79,WCR10,10.0,1.0,30.0,,True,True,Wet Carbonation,matrix,18.4,67.6,5.12,3.53,1.08,2.76,,0.66,32.35,,,6.0600000000000005,,1.0,,,,,,,0.4,,,31.0,500.0,2.0,multiple,milling,mixed,fines,10.0,10.0,32.75,0.916030534351145,False
79,MCR10,10.0,1.0,34.0,,True,True,Mechanochemical Carbonation (MC),matrix,18.4,67.6,5.12,3.53,1.08,2.76,,0.66,32.35,,,6.0600000000000005,,1.0,,,,,,,0.4,,,31.0,500.0,2.0,multiple,milling,mixed,fines,10.0,10.0,32.75,1.0381679389312977,False
79,WCR10,10.0,1.0,39.0,,True,True,Wet Carbonation,matrix,18.4,67.6,5.12,3.53,1.08,2.76,,0.66,32.35,,,6.0600000000000005,,1.0,,,,,,,0.4,,,31.0,500.0,2.0,multiple,milling,mixed,fines,10.0,10.0,32.75,1.1908396946564885,False
79,MCR10,10.0,1.0,42.0,,True,True,Mechanochemical Carbonation (MC),matrix,18.4,67.6,5.12,3.53,1.08,2.76,,0.66,32.35,,,6.0600000000000005,,1.0,,,,,,,0.4,,,31.0,500.0,2.0,multiple,milling,mixed,fines,10.0,10.0,32.75,1.282442748091603,False
79,WCR10,10.0,1.0,48.0,,True,True,Wet Carbonation,matrix,18.4,67.6,5.12,3.53,1.08,2.76,,0.66,32.35,,,6.0600000000000005,,1.0,,,,,,,0.4,,,31.0,500.0,2.0,multiple,milling,mixed,fines,10.0,10.0,32.75,1.465648854961832,False
79,MCR10,10.0,1.0,49.0,,True,True,Mechanochemical Carbonation (MC),matrix,18.4,67.6,5.12,3.53,1.08,2.76,,0.66,32.35,,,6.0600000000000005,,1.0,,,,,,,0.4,,,31.0,500.0,2.0,multiple,milling,mixed,fines,10.0,10.0,32.75,1.4961832061068703,False
79,,10.0,3.0,30.0,,True,True,,sheet1,18.4,67.6,5.12,3.53,1.08,2.76,,0.66,32.35,,,6.0600000000000005,,1.0,,,,,,,0.4,,,31.0,500.0,2.0,multiple,milling,mixed,fines,10.0,10.0,27.0,1.1111111111111112,False
79,,10.0,3.0,34.0,,True,True,,sheet1,18.4,67.6,5.12,3.53,1.08,2.76,,0.66,32.35,,,6.0600000000000005,,1.0,,,,,,,0.4,,,31.0,500.0,2.0,multiple,milling,mixed,fines,10.0,10.0,27.0,1.2592592592592593,False
79,,10.0,7.0,39.0,,True,True,,sheet1,18.4,67.6,5.12,3.53,1.08,2.76,,0.66,32.35,,,6.0600000000000005,,1.0,,,,,,,0.4,,,31.0,500.0,2.0,multiple,milling,mixed,fines,10.0,10.0,38.0,1.0263157894736843,False
79,,10.0,7.0,42.0,,True,True,,sheet1,18.4,67.6,5.12,3.53,1.08,2.76,,0.66,32.35,,,6.0600000000000005,,1.0,,,,,,,0.4,,,31.0,500.0,2.0,multiple,milling,mixed,fines,10.0,10.0,38.0,1.105263157894737,False
79,,10.0,28.0,48.0,,True,True,,sheet1,18.4,67.6,5.12,3.53,1.08,2.76,,0.66,32.35,,,6.0600000000000005,,1.0,,,,,,,0.4,,,31.0,500.0,2.0,multiple,milling,mixed,fines,10.0,10.0,48.0,1.0,False
79,,10.0,28.0,49.0,,True,True,,sheet1,18.4,67.6,5.12,3.53,1.08,2.76,,0.66,32.35,,,6.0600000000000005,,1.0,,,,,,,0.4,,,31.0,500.0,2.0,multiple,milling,mixed,fines,10.0,10.0,48.0,1.0208333333333333,False
79,,20.0,1.0,19.0,,True,True,,sheet1,18.4,67.6,5.12,3.53,1.08,2.76,,0.66,32.35,,,6.0600000000000005,,1.0,,,,,,,0.4,,,31.0,500.0,2.0,multiple,milling,mixed,fines,10.0,10.0,32.75,0.5801526717557252,False
79,,20.0,1.0,20.0,,True,True,,sheet1,18.4,67.6,5.12,3.53,1.08,2.76,,0.66,32.35,,,6.0600000000000005,,1.0,,,,,,,0.4,,,31.0,500.0,2.0,multiple,milling,mixed,fines,10.0,10.0,32.75,0.6106870229007634,False
79,MCR20,20.0,1.0,34.0,,True,True,Mechanochemical Carbonation (MC),matrix,18.4,67.6,5.12,3.53,1.08,2.76,,0.66,32.35,,,6.0600000000000005,,1.0,,,,,,,0.4,,,31.0,500.0,2.0,multiple,milling,mixed,fines,10.0,10.0,32.75,1.0381679389312977,False
79,MCR20,20.0,1.0,40.0,,True,True,Mechanochemical Carbonation (MC),matrix,18.4,67.6,5.12,3.53,1.08,2.76,,0.66,32.35,,,6.0600000000000005,,1.0,,,,,,,0.4,,,31.0,500.0,2.0,multiple,milling,mixed,fines,10.0,10.0,32.75,1.2213740458015268,False
79,MCR20,20.0,1.0,47.0,,True,True,Mechanochemical Carbonation (MC),matrix,18.4,67.6,5.12,3.53,1.08,2.76,,0.66,32.35,,,6.0600000000000005,,1.0,,,,,,,0.4,,,31.0,500.0,2.0,multiple,milling,mixed,fines,10.0,10.0,32.75,1.4351145038167938,False
79,,20.0,3.0,32.0,,True,True,,sheet1,18.4,67.6,5.12,3.53,1.08,2.76,,0.66,32.35,,,6.0600000000000005,,1.0,,,,,,,0.4,,,31.0,500.0,2.0,multiple,milling,mixed,fines,10.0,10.0,27.0,1.1851851851851851,False
79,,20.0,3.0,34.0,,True,True,,sheet1,18.4,67.6,5.12,3.53,1.08,2.76,,0.66,32.35,,,6.0600000000000005,,1.0,,,,,,,0.4,,,31.0,500.0,2.0,multiple,milling,mixed,fines,10.0,10.0,27.0,1.2592592592592593,False
79,,20.0,7.0,40.0,,True,True,,sheet1,18.4,67.6,5.12,3.53,1.08,2.76,,0.66,32.35,,,6.0600000000000005,,1.0,,,,,,,0.4,,,31.0,500.0,2.0,multiple,milling,mixed,fines,10.0,10.0,38.0,1.0526315789473684,False
79,,20.0,28.0,47.0,,True,True,,sheet1,18.4,67.6,5.12,3.53,1.08,2.76,,0.66,32.35,,,6.0600000000000005,,1.0,,,,,,,0.4,,,31.0,500.0,2.0,multiple,milling,mixed,fines,10.0,10.0,48.0,0.9791666666666666,False
79,,20.0,28.0,49.0,,True,True,,sheet1,18.4,67.6,5.12,3.53,1.08,2.76,,0.66,32.35,,,6.0600000000000005,,1.0,,,,,,,0.4,,,31.0,500.0,2.0,multiple,milling,mixed,fines,10.0,10.0,48.0,1.0208333333333333,False
80,,0.0,7.0,47.7,,False,True,,sheet1,26.68,38.93,9.19,9.19,2.76,1.95,0.48,1.21,14.4,,,24.0,,,,13550.0,,,2.44,,0.4,,,,,1.0,,combined,mixed,cdw,25.0,0.0,47.7,1.0,False
80,,0.0,28.0,61.1,,False,True,,sheet1,26.68,38.93,9.19,9.19,2.76,1.95,0.48,1.21,14.4,,,24.0,,,,13550.0,,,2.44,,0.4,,,,,1.0,,combined,mixed,cdw,25.0,0.0,61.1,1.0,False
80,,0.0,90.0,61.4,,False,True,,sheet1,26.68,38.93,9.19,9.19,2.76,1.95,0.48,1.21,14.4,,,24.0,,,,13550.0,,,2.44,,0.4,,,,,1.0,,combined,mixed,cdw,25.0,0.0,61.4,1.0,False
80,,5.0,7.0,42.1,,False,True,,sheet1,26.68,38.93,9.19,9.19,2.76,1.95,0.48,1.21,14.4,,,24.0,,,,13550.0,,,2.44,,0.4,,,,,1.0,,combined,mixed,cdw,25.0,0.0,47.7,0.8825995807127882,False
80,,5.0,7.0,54.1,,False,True,,sheet1,26.68,38.93,9.19,9.19,2.76,1.95,0.48,1.21,14.4,,,24.0,,,,13550.0,,,2.44,,0.4,,,,,1.0,,combined,mixed,cdw,25.0,0.0,47.7,1.1341719077568133,False
80,,5.0,28.0,51.3,,False,True,,sheet1,26.68,38.93,9.19,9.19,2.76,1.95,0.48,1.21,14.4,,,24.0,,,,13550.0,,,2.44,,0.4,,,,,1.0,,combined,mixed,cdw,25.0,0.0,61.1,0.8396072013093289,False
80,,5.0,28.0,55.1,,False,True,,sheet1,26.68,38.93,9.19,9.19,2.76,1.95,0.48,1.21,14.4,,,24.0,,,,13550.0,,,2.44,,0.4,,,,,1.0,,combined,mixed,cdw,25.0,0.0,61.1,0.9018003273322422,False
80,,5.0,90.0,52.8,,False,True,,sheet1,26.68,38.93,9.19,9.19,2.76,1.95,0.48,1.21,14.4,,,24.0,,,,13550.0,,,2.44,,0.4,,,,,1.0,,combined,mixed,cdw,25.0,0.0,61.4,0.8599348534201954,False
80,,5.0,90.0,55.0,,False,True,,sheet1,26.68,38.93,9.19,9.19,2.76,1.95,0.48,1.21,14.4,,,24.0,,,,13550.0,,,2.44,,0.4,,,,,1.0,,combined,mixed,cdw,25.0,0.0,61.4,0.8957654723127036,False
80,,10.0,7.0,31.2,,False,True,,sheet1,26.68,38.93,9.19,9.19,2.76,1.95,0.48,1.21,14.4,,,24.0,,,,13550.0,,,2.44,,0.4,,,,,1.0,,combined,mixed,cdw,25.0,0.0,47.7,0.6540880503144654,False
80,,10.0,7.0,46.2,,False,True,,sheet1,26.68,38.93,9.19,9.19,2.76,1.95,0.48,1.21,14.4,,,24.0,,,,13550.0,,,2.44,,0.4,,,,,1.0,,combined,mixed,cdw,25.0,0.0,47.7,0.9685534591194969,False
80,,10.0,28.0,42.4,,False,True,,sheet1,26.68,38.93,9.19,9.19,2.76,1.95,0.48,1.21,14.4,,,24.0,,,,13550.0,,,2.44,,0.4,,,,,1.0,,combined,mixed,cdw,25.0,0.0,61.1,0.6939443535188216,False
80,,10.0,28.0,53.4,,False,True,,sheet1,26.68,38.93,9.19,9.19,2.76,1.95,0.48,1.21,14.4,,,24.0,,,,13550.0,,,2.44,,0.4,,,,,1.0,,combined,mixed,cdw,25.0,0.0,61.1,0.8739770867430442,False
80,,10.0,90.0,43.7,,False,True,,sheet1,26.68,38.93,9.19,9.19,2.76,1.95,0.48,1.21,14.4,,,24.0,,,,13550.0,,,2.44,,0.4,,,,,1.0,,combined,mixed,cdw,25.0,0.0,61.4,0.7117263843648209,False
80,,10.0,90.0,51.3,,False,True,,sheet1,26.68,38.93,9.19,9.19,2.76,1.95,0.48,1.21,14.4,,,24.0,,,,13550.0,,,2.44,,0.4,,,,,1.0,,combined,mixed,cdw,25.0,0.0,61.4,0.8355048859934853,False
80,,15.0,7.0,25.1,,False,True,,sheet1,26.68,38.93,9.19,9.19,2.76,1.95,0.48,1.21,14.4,,,24.0,,,,13550.0,,,2.44,,0.4,,,,,1.0,,combined,mixed,cdw,25.0,0.0,47.7,0.5262054507337526,False
80,,15.0,7.0,43.6,,False,True,,sheet1,26.68,38.93,9.19,9.19,2.76,1.95,0.48,1.21,14.4,,,24.0,,,,13550.0,,,2.44,,0.4,,,,,1.0,,combined,mixed,cdw,25.0,0.0,47.7,0.9140461215932913,False
80,,15.0,28.0,42.6,,False,True,,sheet1,26.68,38.93,9.19,9.19,2.76,1.95,0.48,1.21,14.4,,,24.0,,,,13550.0,,,2.44,,0.4,,,,,1.0,,combined,mixed,cdw,25.0,0.0,61.1,0.6972176759410802,False
80,,15.0,28.0,44.3,,False,True,,sheet1,26.68,38.93,9.19,9.19,2.76,1.95,0.48,1.21,14.4,,,24.0,,,,13550.0,,,2.44,,0.4,,,,,1.0,,combined,mixed,cdw,25.0,0.0,61.1,0.7250409165302781,False
80,,15.0,90.0,41.6,,False,True,,sheet1,26.68,38.93,9.19,9.19,2.76,1.95,0.48,1.21,14.4,,,24.0,,,,13550.0,,,2.44,,0.4,,,,,1.0,,combined,mixed,cdw,25.0,0.0,61.4,0.6775244299674268,False
80,,15.0,90.0,44.2,,False,True,,sheet1,26.68,38.93,9.19,9.19,2.76,1.95,0.48,1.21,14.4,,,24.0,,,,13550.0,,,2.44,,0.4,,,,,1.0,,combined,mixed,cdw,25.0,0.0,61.4,0.719869706840391,False
80,,20.0,7.0,30.2,,False,True,,sheet1,26.68,38.93,9.19,9.19,2.76,1.95,0.48,1.21,14.4,,,24.0,,,,13550.0,,,2.44,,0.4,,,,,1.0,,combined,mixed,cdw,25.0,0.0,47.7,0.6331236897274632,False
80,,20.0,7.0,36.8,,False,True,,sheet1,26.68,38.93,9.19,9.19,2.76,1.95,0.48,1.21,14.4,,,24.0,,,,13550.0,,,2.44,,0.4,,,,,1.0,,combined,mixed,cdw,25.0,0.0,47.7,0.771488469601677,False
80,,20.0,28.0,40.5,,False,True,,sheet1,26.68,38.93,9.19,9.19,2.76,1.95,0.48,1.21,14.4,,,24.0,,,,13550.0,,,2.44,,0.4,,,,,1.0,,combined,mixed,cdw,25.0,0.0,61.1,0.662847790507365,False
80,,20.0,28.0,44.1,,False,True,,sheet1,26.68,38.93,9.19,9.19,2.76,1.95,0.48,1.21,14.4,,,24.0,,,,13550.0,,,2.44,,0.4,,,,,1.0,,combined,mixed,cdw,25.0,0.0,61.1,0.7217675941080196,False
80,,20.0,90.0,40.8,,False,True,,sheet1,26.68,38.93,9.19,9.19,2.76,1.95,0.48,1.21,14.4,,,24.0,,,,13550.0,,,2.44,,0.4,,,,,1.0,,combined,mixed,cdw,25.0,0.0,61.4,0.6644951140065146,False
80,,20.0,90.0,45.3,,False,True,,sheet1,26.68,38.93,9.19,9.19,2.76,1.95,0.48,1.21,14.4,,,24.0,,,,13550.0,,,2.44,,0.4,,,,,1.0,,combined,mixed,cdw,25.0,0.0,61.4,0.737785016286645,False
80,,30.0,7.0,37.5,,False,True,,sheet1,26.68,38.93,9.19,9.19,2.76,1.95,0.48,1.21,14.4,,,24.0,,,,13550.0,,,2.44,,0.4,,,,,1.0,,combined,mixed,cdw,25.0,0.0,47.7,0.7861635220125786,False
80,,30.0,28.0,41.7,,False,True,,sheet1,26.68,38.93,9.19,9.19,2.76,1.95,0.48,1.21,14.4,,,24.0,,,,13550.0,,,2.44,,0.4,,,,,1.0,,combined,mixed,cdw,25.0,0.0,61.1,0.6824877250409166,False
80,,30.0,90.0,39.0,,False,True,,sheet1,26.68,38.93,9.19,9.19,2.76,1.95,0.48,1.21,14.4,,,24.0,,,,13550.0,,,2.44,,0.4,,,,,1.0,,combined,mixed,cdw,25.0,0.0,61.4,0.6351791530944626,False
80,,40.0,7.0,27.2,,False,True,,sheet1,26.68,38.93,9.19,9.19,2.76,1.95,0.48,1.21,14.4,,,24.0,,,,13550.0,,,2.44,,0.4,,,,,1.0,,combined,mixed,cdw,25.0,0.0,47.7,0.570230607966457,False
80,,40.0,28.0,36.6,,False,True,,sheet1,26.68,38.93,9.19,9.19,2.76,1.95,0.48,1.21,14.4,,,24.0,,,,13550.0,,,2.44,,0.4,,,,,1.0,,combined,mixed,cdw,25.0,0.0,61.1,0.5990180032733224,False
80,,40.0,90.0,36.2,,False,True,,sheet1,26.68,38.93,9.19,9.19,2.76,1.95,0.48,1.21,14.4,,,24.0,,,,13550.0,,,2.44,,0.4,,,,,1.0,,combined,mixed,cdw,25.0,0.0,61.4,0.5895765472312704,False
80,50MK,50.0,7.0,52.5,,False,True,,matrix,26.68,38.93,9.19,9.19,2.76,1.95,0.48,1.21,14.4,,,24.0,,,,13550.0,,,2.44,,0.4,,,,,1.0,,combined,mixed,cdw,25.0,0.0,47.7,1.10062893081761,False
80,50MK,50.0,28.0,53.8,,False,True,,matrix,26.68,38.93,9.19,9.19,2.76,1.95,0.48,1.21,14.4,,,24.0,,,,13550.0,,,2.44,,0.4,,,,,1.0,,combined,mixed,cdw,25.0,0.0,61.1,0.8805237315875613,False
80,50MK,50.0,90.0,51.7,,False,True,,matrix,26.68,38.93,9.19,9.19,2.76,1.95,0.48,1.21,14.4,,,24.0,,,,13550.0,,,2.44,,0.4,,,,,1.0,,combined,mixed,cdw,25.0,0.0,61.4,0.8420195439739414,False
81,2716.5 psi,0.0,7.0,18.73,,False,True,,sheet1,15.35,32.4,5.9,1.57,2.4,1.94,,,28.44,,,,,23.1,,,,,,,,,,1.0,,1.0,mechanical,combined,,powder,21.5,0.0,18.73,1.0,False
81,2784.7 psi,0.0,14.0,19.2,,False,True,,sheet1,15.35,32.4,5.9,1.57,2.4,1.94,,,28.44,,,,,23.1,,,,,,,,,,1.0,,1.0,mechanical,combined,,powder,21.5,0.0,19.2,1.0,False
81,3293.8 psi,0.0,28.0,22.71,,False,True,,sheet1,15.35,32.4,5.9,1.57,2.4,1.94,,,28.44,,,,,23.1,,,,,,,,,,1.0,,1.0,mechanical,combined,,powder,21.5,0.0,25.755000000000003,0.8817705299941758,False
81,Control,0.0,28.0,28.8,,False,True,,matrix,15.35,32.4,5.9,1.57,2.4,1.94,,,28.44,,,,,23.1,,,,,,,,,,1.0,,1.0,mechanical,combined,,powder,21.5,0.0,25.755000000000003,1.118229470005824,False
81,1567.91 psi,20.0,7.0,12.9,,False,True,,sheet1,15.35,32.4,5.9,1.57,2.4,1.94,,,28.44,,,,,23.1,,,,,,,,,,1.0,,1.0,mechanical,combined,,powder,21.5,0.0,18.73,0.6887346502936466,False
81,1951.15 psi,20.0,14.0,16.07,,False,True,,sheet1,15.35,32.4,5.9,1.57,2.4,1.94,,,28.44,,,,,23.1,,,,,,,,,,1.0,,1.0,mechanical,combined,,powder,21.5,0.0,19.2,0.8369791666666667,False
81,2070.83 psi,20.0,28.0,18.01,,False,True,,sheet1,15.35,32.4,5.9,1.57,2.4,1.94,,,28.44,,,,,23.1,,,,,,,,,,1.0,,1.0,mechanical,combined,,powder,21.5,0.0,25.755000000000003,0.6992816928751698,False
81,1243.63 psi,25.0,7.0,8.57,,False,True,,sheet1,15.35,32.4,5.9,1.57,2.4,1.94,,,28.44,,,,,23.1,,,,,,,,,,1.0,,1.0,mechanical,combined,,powder,21.5,0.0,18.73,0.45755472504004274,False
81,1266.16 psi,25.0,14.0,8.73,,False,True,,sheet1,15.35,32.4,5.9,1.57,2.4,1.94,,,28.44,,,,,23.1,,,,,,,,,,1.0,,1.0,mechanical,combined,,powder,21.5,0.0,19.2,0.4546875,False
81,1633.39 psi,25.0,28.0,11.3,,False,True,,sheet1,15.35,32.4,5.9,1.57,2.4,1.94,,,28.44,,,,,23.1,,,,,,,,,,1.0,,1.0,mechanical,combined,,powder,21.5,0.0,25.755000000000003,0.43874975732867405,False
81,1229.92 psi,30.0,7.0,8.48,,False,True,,sheet1,15.35,32.4,5.9,1.57,2.4,1.94,,,28.44,,,,,23.1,,,,,,,,,,1.0,,1.0,mechanical,combined,,powder,21.5,0.0,18.73,0.45274959957287775,False
81,1250.99 psi,30.0,14.0,8.63,,False,True,,sheet1,15.35,32.4,5.9,1.57,2.4,1.94,,,28.44,,,,,23.1,,,,,,,,,,1.0,,1.0,mechanical,combined,,powder,21.5,0.0,19.2,0.4494791666666667,False
81,1434.19 psi,30.0,28.0,9.89,,False,True,,sheet1,15.35,32.4,5.9,1.57,2.4,1.94,,,28.44,,,,,23.1,,,,,,,,,,1.0,,1.0,mechanical,combined,,powder,21.5,0.0,25.755000000000003,0.38400310619297223,False
82,Concrete Reference (REF),0.0,2.0,31.9,,False,True,,matrix,18.835,23.66,3.01,1.66,1.11,,0.7450000000000001,0.8533333333333334,,35.0,1.6,24.0,159.0,,,,,7.7,2.4533333333333336,2453.333333333333,0.4475,,,5.0,,,mechanical,combined,mixed,fines,10.0,0.0,51.7,0.6170212765957446,False
82,Concrete Reference (REF),0.0,2.0,45.8,,False,True,,matrix,18.835,23.66,3.01,1.66,1.11,,0.7450000000000001,0.8533333333333334,,35.0,1.6,24.0,159.0,,,,,7.7,2.4533333333333336,2453.333333333333,0.4475,,,5.0,,,mechanical,combined,mixed,fines,10.0,0.0,51.7,0.885880077369439,False
82,Concrete Reference (REF),0.0,2.0,57.0,,False,True,,matrix,18.835,23.66,3.01,1.66,1.11,,0.7450000000000001,0.8533333333333334,,35.0,1.6,24.0,159.0,,,,,7.7,2.4533333333333336,2453.333333333333,0.4475,,,5.0,,,mechanical,combined,mixed,fines,10.0,0.0,51.7,1.1025145067698259,False
82,Concrete Reference (REF),0.0,2.0,61.5,,False,True,,matrix,18.835,23.66,3.01,1.66,1.11,,0.7450000000000001,0.8533333333333334,,35.0,1.6,24.0,159.0,,,,,7.7,2.4533333333333336,2453.333333333333,0.4475,,,5.0,,,mechanical,combined,mixed,fines,10.0,0.0,51.7,1.1895551257253385,False
82,Concrete Reference (REF),0.0,2.0,62.3,,False,True,,matrix,18.835,23.66,3.01,1.66,1.11,,0.7450000000000001,0.8533333333333334,,35.0,1.6,24.0,159.0,,,,,7.7,2.4533333333333336,2453.333333333333,0.4475,,,5.0,,,mechanical,combined,mixed,fines,10.0,0.0,51.7,1.2050290135396517,False
82,7d,0.0,7.0,42.8,,True,True,,sheet1,18.835,23.66,3.01,1.66,1.11,,0.7450000000000001,0.8533333333333334,,35.0,1.6,24.0,159.0,,,,,7.7,2.4533333333333336,2453.333333333333,0.4475,,,5.0,,,mechanical,combined,mixed,fines,10.0,0.0,49.974999999999994,0.8564282141070536,False
82,7d,0.0,7.0,45.8,,True,True,,sheet1,18.835,23.66,3.01,1.66,1.11,,0.7450000000000001,0.8533333333333334,,35.0,1.6,24.0,159.0,,,,,7.7,2.4533333333333336,2453.333333333333,0.4475,,,5.0,,,mechanical,combined,mixed,fines,10.0,0.0,49.974999999999994,0.9164582291145573,False
82,Mortar Reference CEM I,0.0,7.0,54.5,,True,True,,matrix,18.835,23.66,3.01,1.66,1.11,,0.7450000000000001,0.8533333333333334,,35.0,1.6,24.0,159.0,,,,,7.7,2.4533333333333336,2453.333333333333,0.4475,,,5.0,,,mechanical,combined,mixed,fines,10.0,0.0,49.974999999999994,1.0905452726363183,False
82,Mortar Reference CEM I,0.0,7.0,56.8,,True,True,,matrix,18.835,23.66,3.01,1.66,1.11,,0.7450000000000001,0.8533333333333334,,35.0,1.6,24.0,159.0,,,,,7.7,2.4533333333333336,2453.333333333333,0.4475,,,5.0,,,mechanical,combined,mixed,fines,10.0,0.0,49.974999999999994,1.136568284142071,False
82,28d,0.0,28.0,54.5,,True,True,,sheet1,18.835,23.66,3.01,1.66,1.11,,0.7450000000000001,0.8533333333333334,,35.0,1.6,24.0,159.0,,,,,7.7,2.4533333333333336,2453.333333333333,0.4475,,,5.0,,,mechanical,combined,mixed,fines,10.0,0.0,55.75,0.9775784753363229,False
82,28d,0.0,28.0,57.0,,True,True,,sheet1,18.835,23.66,3.01,1.66,1.11,,0.7450000000000001,0.8533333333333334,,35.0,1.6,24.0,159.0,,,,,7.7,2.4533333333333336,2453.333333333333,0.4475,,,5.0,,,mechanical,combined,mixed,fines,10.0,0.0,55.75,1.0224215246636772,False
82,56d,0.0,56.0,61.5,,True,True,,sheet1,18.835,23.66,3.01,1.66,1.11,,0.7450000000000001,0.8533333333333334,,35.0,1.6,24.0,159.0,,,,,7.7,2.4533333333333336,2453.333333333333,0.4475,,,5.0,,,mechanical,combined,mixed,fines,10.0,0.0,61.5,1.0,False
82,Concrete REF,0.0,90.0,31.9,,True,True,,sheet1,18.835,23.66,3.01,1.66,1.11,,0.7450000000000001,0.8533333333333334,,35.0,1.6,24.0,159.0,,,,,7.7,2.4533333333333336,2453.333333333333,0.4475,,,5.0,,,mechanical,combined,mixed,fines,10.0,0.0,50.333333333333336,0.633774834437086,False
82,90d,0.0,90.0,56.8,,True,True,,sheet1,18.835,23.66,3.01,1.66,1.11,,0.7450000000000001,0.8533333333333334,,35.0,1.6,24.0,159.0,,,,,7.7,2.4533333333333336,2453.333333333333,0.4475,,,5.0,,,mechanical,combined,mixed,fines,10.0,0.0,50.333333333333336,1.1284768211920528,False
82,90d,0.0,90.0,62.3,,True,True,,sheet1,18.835,23.66,3.01,1.66,1.11,,0.7450000000000001,0.8533333333333334,,35.0,1.6,24.0,159.0,,,,,7.7,2.4533333333333336,2453.333333333333,0.4475,,,5.0,,,mechanical,combined,mixed,fines,10.0,0.0,50.333333333333336,1.2377483443708608,False
82,Concrete RC10,10.0,2.0,31.2,,False,True,Mechanical (Ball milling),matrix,18.835,23.66,3.01,1.66,1.11,,0.7450000000000001,0.8533333333333334,,35.0,1.6,24.0,159.0,,,,,7.7,2.4533333333333336,2453.333333333333,0.4475,,,5.0,,,mechanical,combined,mixed,fines,10.0,0.0,51.7,0.6034816247582204,False
82,Concrete RC10,10.0,2.0,44.1,,False,True,Mechanical (Ball milling),matrix,18.835,23.66,3.01,1.66,1.11,,0.7450000000000001,0.8533333333333334,,35.0,1.6,24.0,159.0,,,,,7.7,2.4533333333333336,2453.333333333333,0.4475,,,5.0,,,mechanical,combined,mixed,fines,10.0,0.0,51.7,0.8529980657640232,False
82,Concrete RC10,10.0,2.0,55.4,,False,True,Mechanical (Ball milling),matrix,18.835,23.66,3.01,1.66,1.11,,0.7450000000000001,0.8533333333333334,,35.0,1.6,24.0,159.0,,,,,7.7,2.4533333333333336,2453.333333333333,0.4475,,,5.0,,,mechanical,combined,mixed,fines,10.0,0.0,51.7,1.0715667311411992,False
82,Concrete RC10,10.0,2.0,58.9,,False,True,Mechanical (Ball milling),matrix,18.835,23.66,3.01,1.66,1.11,,0.7450000000000001,0.8533333333333334,,35.0,1.6,24.0,159.0,,,,,7.7,2.4533333333333336,2453.333333333333,0.4475,,,5.0,,,mechanical,combined,mixed,fines,10.0,0.0,51.7,1.1392649903288201,False
82,Concrete RC10,10.0,2.0,59.8,,False,True,Mechanical (Ball milling),matrix,18.835,23.66,3.01,1.66,1.11,,0.7450000000000001,0.8533333333333334,,35.0,1.6,24.0,159.0,,,,,7.7,2.4533333333333336,2453.333333333333,0.4475,,,5.0,,,mechanical,combined,mixed,fines,10.0,0.0,51.7,1.1566731141199225,False
82,Mortar C90F10,10.0,7.0,43.5,,True,True,Mechanical (Ball milling),matrix,18.835,23.66,3.01,1.66,1.11,,0.7450000000000001,0.8533333333333334,,35.0,1.6,24.0,159.0,,,,,7.7,2.4533333333333336,2453.333333333333,0.4475,,,5.0,,,mechanical,combined,mixed,fines,10.0,0.0,49.974999999999994,0.8704352176088045,False
82,7d,10.0,7.0,44.1,,True,True,,sheet1,18.835,23.66,3.01,1.66,1.11,,0.7450000000000001,0.8533333333333334,,35.0,1.6,24.0,159.0,,,,,7.7,2.4533333333333336,2453.333333333333,0.4475,,,5.0,,,mechanical,combined,mixed,fines,10.0,0.0,49.974999999999994,0.8824412206103053,False
82,Mortar C90F10,10.0,7.0,50.3,,True,True,Mechanical (Ball milling),matrix,18.835,23.66,3.01,1.66,1.11,,0.7450000000000001,0.8533333333333334,,35.0,1.6,24.0,159.0,,,,,7.7,2.4533333333333336,2453.333333333333,0.4475,,,5.0,,,mechanical,combined,mixed,fines,10.0,0.0,49.974999999999994,1.006503251625813,False
82,Mortar C90F10,10.0,7.0,55.2,,True,True,Mechanical (Ball milling),matrix,18.835,23.66,3.01,1.66,1.11,,0.7450000000000001,0.8533333333333334,,35.0,1.6,24.0,159.0,,,,,7.7,2.4533333333333336,2453.333333333333,0.4475,,,5.0,,,mechanical,combined,mixed,fines,10.0,0.0,49.974999999999994,1.1045522761380693,False
82,28d,10.0,28.0,50.3,,True,True,,sheet1,18.835,23.66,3.01,1.66,1.11,,0.7450000000000001,0.8533333333333334,,35.0,1.6,24.0,159.0,,,,,7.7,2.4533333333333336,2453.333333333333,0.4475,,,5.0,,,mechanical,combined,mixed,fines,10.0,0.0,55.75,0.9022421524663676,False
82,28d,10.0,28.0,55.4,,True,True,,sheet1,18.835,23.66,3.01,1.66,1.11,,0.7450000000000001,0.8533333333333334,,35.0,1.6,24.0,159.0,,,,,7.7,2.4533333333333336,2453.333333333333,0.4475,,,5.0,,,mechanical,combined,mixed,fines,10.0,0.0,55.75,0.9937219730941704,False
82,56d,10.0,56.0,58.9,,True,True,,sheet1,18.835,23.66,3.01,1.66,1.11,,0.7450000000000001,0.8533333333333334,,35.0,1.6,24.0,159.0,,,,,7.7,2.4533333333333336,2453.333333333333,0.4475,,,5.0,,,mechanical,combined,mixed,fines,10.0,0.0,61.5,0.9577235772357723,False
82,Concrete RC10,10.0,90.0,31.2,,True,True,,sheet1,18.835,23.66,3.01,1.66,1.11,,0.7450000000000001,0.8533333333333334,,35.0,1.6,24.0,159.0,,,,,7.7,2.4533333333333336,2453.333333333333,0.4475,,,5.0,,,mechanical,combined,mixed,fines,10.0,0.0,50.333333333333336,0.6198675496688741,False
82,Mortar (10%),10.0,90.0,43.5,,True,True,,sheet1,18.835,23.66,3.01,1.66,1.11,,0.7450000000000001,0.8533333333333334,,35.0,1.6,24.0,159.0,,,,,7.7,2.4533333333333336,2453.333333333333,0.4475,,,5.0,,,mechanical,combined,mixed,fines,10.0,0.0,50.333333333333336,0.8642384105960265,False
82,90d,10.0,90.0,55.2,,True,True,,sheet1,18.835,23.66,3.01,1.66,1.11,,0.7450000000000001,0.8533333333333334,,35.0,1.6,24.0,159.0,,,,,7.7,2.4533333333333336,2453.333333333333,0.4475,,,5.0,,,mechanical,combined,mixed,fines,10.0,0.0,50.333333333333336,1.0966887417218543,False
82,90d,10.0,90.0,59.8,,True,True,,sheet1,18.835,23.66,3.01,1.66,1.11,,0.7450000000000001,0.8533333333333334,,35.0,1.6,24.0,159.0,,,,,7.7,2.4533333333333336,2453.333333333333,0.4475,,,5.0,,,mechanical,combined,mixed,fines,10.0,0.0,50.333333333333336,1.1880794701986754,False
82,Mortar C75F25,25.0,7.0,36.0,,True,True,Mechanical (Ball milling),matrix,18.835,23.66,3.01,1.66,1.11,,0.7450000000000001,0.8533333333333334,,35.0,1.6,24.0,159.0,,,,,7.7,2.4533333333333336,2453.333333333333,0.4475,,,5.0,,,mechanical,combined,mixed,fines,10.0,0.0,49.974999999999994,0.7203601800900451,False
82,Mortar C75F25,25.0,7.0,44.5,,True,True,Mechanical (Ball milling),matrix,18.835,23.66,3.01,1.66,1.11,,0.7450000000000001,0.8533333333333334,,35.0,1.6,24.0,159.0,,,,,7.7,2.4533333333333336,2453.333333333333,0.4475,,,5.0,,,mechanical,combined,mixed,fines,10.0,0.0,49.974999999999994,0.8904452226113058,False
82,Mortar C75F25,25.0,7.0,50.2,,True,True,Mechanical (Ball milling),matrix,18.835,23.66,3.01,1.66,1.11,,0.7450000000000001,0.8533333333333334,,35.0,1.6,24.0,159.0,,,,,7.7,2.4533333333333336,2453.333333333333,0.4475,,,5.0,,,mechanical,combined,mixed,fines,10.0,0.0,49.974999999999994,1.004502251125563,False
82,28d,25.0,28.0,44.5,,True,True,,sheet1,18.835,23.66,3.01,1.66,1.11,,0.7450000000000001,0.8533333333333334,,35.0,1.6,24.0,159.0,,,,,7.7,2.4533333333333336,2453.333333333333,0.4475,,,5.0,,,mechanical,combined,mixed,fines,10.0,0.0,55.75,0.7982062780269058,False
82,Mortar (25%),25.0,90.0,36.0,,True,True,,sheet1,18.835,23.66,3.01,1.66,1.11,,0.7450000000000001,0.8533333333333334,,35.0,1.6,24.0,159.0,,,,,7.7,2.4533333333333336,2453.333333333333,0.4475,,,5.0,,,mechanical,combined,mixed,fines,10.0,0.0,50.333333333333336,0.7152317880794702,False
82,90d,25.0,90.0,50.2,,True,True,,sheet1,18.835,23.66,3.01,1.66,1.11,,0.7450000000000001,0.8533333333333334,,35.0,1.6,24.0,159.0,,,,,7.7,2.4533333333333336,2453.333333333333,0.4475,,,5.0,,,mechanical,combined,mixed,fines,10.0,0.0,50.333333333333336,0.9973509933774835,False
83,,0.0,,3.79,,False,False,,sheet1,32.7,17.72,9.81,7.65,4.37,3.27,1.8,1.52,18.1,,,,,,,,,,2.7025,,0.5,,,,,2.0,other,combined,mixed,powder,30.0,,,,False
83,,0.0,,35.98,,False,False,,sheet1,32.7,17.72,9.81,7.65,4.37,3.27,1.8,1.52,18.1,,,,,,,,,,2.7025,,0.5,,,,,2.0,other,combined,mixed,powder,30.0,,,,False
83,,0.0,,44.55,,False,False,,sheet1,32.7,17.72,9.81,7.65,4.37,3.27,1.8,1.52,18.1,,,,,,,,,,2.7025,,0.5,,,,,2.0,other,combined,mixed,powder,30.0,,,,False
83,,0.0,,45.01,,False,False,,sheet1,32.7,17.72,9.81,7.65,4.37,3.27,1.8,1.52,18.1,,,,,,,,,,2.7025,,0.5,,,,,2.0,other,combined,mixed,powder,30.0,,,,False
83,,0.0,,46.16,,False,False,,sheet1,32.7,17.72,9.81,7.65,4.37,3.27,1.8,1.52,18.1,,,,,,,,,,2.7025,,0.5,,,,,2.0,other,combined,mixed,powder,30.0,,,,False
83,,0.0,,49.48,,False,False,,sheet1,32.7,17.72,9.81,7.65,4.37,3.27,1.8,1.52,18.1,,,,,,,,,,2.7025,,0.5,,,,,2.0,other,combined,mixed,powder,30.0,,,,False
83,Ref-10,10.0,,46.16,,False,False,,matrix,32.7,17.72,9.81,7.65,4.37,3.27,1.8,1.52,18.1,,,,,,,,,,2.7025,,0.5,,,,,2.0,other,combined,mixed,powder,30.0,,,,False
83,,10.0,,51.13,,False,False,,sheet1,32.7,17.72,9.81,7.65,4.37,3.27,1.8,1.52,18.1,,,,,,,,,,2.7025,,0.5,,,,,2.0,other,combined,mixed,powder,30.0,,,,False
83,Ref-20,20.0,,49.48,,False,False,,matrix,32.7,17.72,9.81,7.65,4.37,3.27,1.8,1.52,18.1,,,,,,,,,,2.7025,,0.5,,,,,2.0,other,combined,mixed,powder,30.0,,,,False
83,,20.0,,54.6,,False,False,,sheet1,32.7,17.72,9.81,7.65,4.37,3.27,1.8,1.52,18.1,,,,,,,,,,2.7025,,0.5,,,,,2.0,other,combined,mixed,powder,30.0,,,,False
83,Ref-30,30.0,,5.43,,False,False,,matrix,32.7,17.72,9.81,7.65,4.37,3.27,1.8,1.52,18.1,,,,,,,,,,2.7025,,0.5,,,,,2.0,other,combined,mixed,powder,30.0,,,,False
83,Ref-30,30.0,,45.01,,False,False,,matrix,32.7,17.72,9.81,7.65,4.37,3.27,1.8,1.52,18.1,,,,,,,,,,2.7025,,0.5,,,,,2.0,other,combined,mixed,powder,30.0,,,,False
83,,30.0,,50.93,,False,False,,sheet1,32.7,17.72,9.81,7.65,4.37,3.27,1.8,1.52,18.1,,,,,,,,,,2.7025,,0.5,,,,,2.0,other,combined,mixed,powder,30.0,,,,False
83,GO-30,30.0,,50.94,,False,False,GO Coating,matrix,32.7,17.72,9.81,7.65,4.37,3.27,1.8,1.52,18.1,,,,,,,,,,2.7025,,0.5,,,,,2.0,other,combined,mixed,powder,30.0,,,,False
83,Ref-40,40.0,,35.98,,False,False,,matrix,32.7,17.72,9.81,7.65,4.37,3.27,1.8,1.52,18.1,,,,,,,,,,2.7025,,0.5,,,,,2.0,other,combined,mixed,powder,30.0,,,,False
83,,40.0,,46.38,,False,False,,sheet1,32.7,17.72,9.81,7.65,4.37,3.27,1.8,1.52,18.1,,,,,,,,,,2.7025,,0.5,,,,,2.0,other,combined,mixed,powder,30.0,,,,False
83,Ref-50,50.0,,3.79,,False,False,,matrix,32.7,17.72,9.81,7.65,4.37,3.27,1.8,1.52,18.1,,,,,,,,,,2.7025,,0.5,,,,,2.0,other,combined,mixed,powder,30.0,,,,False
83,,50.0,,30.99,,False,False,,sheet1,32.7,17.72,9.81,7.65,4.37,3.27,1.8,1.52,18.1,,,,,,,,,,2.7025,,0.5,,,,,2.0,other,combined,mixed,powder,30.0,,,,False
83,GO-50,50.0,,31.0,,False,False,GO Coating,matrix,32.7,17.72,9.81,7.65,4.37,3.27,1.8,1.52,18.1,,,,,,,,,,2.7025,,0.5,,,,,2.0,other,combined,mixed,powder,30.0,,,,False
84,7d,0.0,7.0,1.175,,False,True,,sheet1,48.82,25.5,9.43,7.87,0.42,1.16,,6.48,,43.066,35.05571428571429,39.98571428571428,67.05714285714286,,686.4000000000001,,,,,,0.75,,,80.0,,2.0,multiple,combined,mixed,powder,,0.0,2.85,0.41228070175438597,False
84,7d,0.0,7.0,2.05,,False,True,,sheet1,48.82,25.5,9.43,7.87,0.42,1.16,,6.48,,43.066,35.05571428571429,39.98571428571428,67.05714285714286,,686.4000000000001,,,,,,0.75,,,80.0,,2.0,multiple,combined,mixed,powder,,0.0,2.85,0.719298245614035,False
84,7d,0.0,7.0,2.275,,False,True,,sheet1,48.82,25.5,9.43,7.87,0.42,1.16,,6.48,,43.066,35.05571428571429,39.98571428571428,67.05714285714286,,686.4000000000001,,,,,,0.75,,,80.0,,2.0,multiple,combined,mixed,powder,,0.0,2.85,0.7982456140350876,False
84,7d,0.0,7.0,2.8,,False,True,,sheet1,48.82,25.5,9.43,7.87,0.42,1.16,,6.48,,43.066,35.05571428571429,39.98571428571428,67.05714285714286,,686.4000000000001,,,,,,0.75,,,80.0,,2.0,multiple,combined,mixed,powder,,0.0,2.85,0.9824561403508771,False
84,7d,0.0,7.0,3.075,,False,True,,sheet1,48.82,25.5,9.43,7.87,0.42,1.16,,6.48,,43.066,35.05571428571429,39.98571428571428,67.05714285714286,,686.4000000000001,,,,,,0.75,,,80.0,,2.0,multiple,combined,mixed,powder,,0.0,2.85,1.0789473684210527,False
84,7d,0.0,7.0,3.1,,False,True,,sheet1,48.82,25.5,9.43,7.87,0.42,1.16,,6.48,,43.066,35.05571428571429,39.98571428571428,67.05714285714286,,686.4000000000001,,,,,,0.75,,,80.0,,2.0,multiple,combined,mixed,powder,,0.0,2.85,1.087719298245614,False
84,7d,0.0,7.0,4.15,,False,True,,sheet1,48.82,25.5,9.43,7.87,0.42,1.16,,6.48,,43.066,35.05571428571429,39.98571428571428,67.05714285714286,,686.4000000000001,,,,,,0.75,,,80.0,,2.0,multiple,combined,mixed,powder,,0.0,2.85,1.456140350877193,False
84,7d,0.0,7.0,4.175,,False,True,,sheet1,48.82,25.5,9.43,7.87,0.42,1.16,,6.48,,43.066,35.05571428571429,39.98571428571428,67.05714285714286,,686.4000000000001,,,,,,0.75,,,80.0,,2.0,multiple,combined,mixed,powder,,0.0,2.85,1.4649122807017543,False
84,28d,0.0,28.0,1.4,,False,True,,sheet1,48.82,25.5,9.43,7.87,0.42,1.16,,6.48,,43.066,35.05571428571429,39.98571428571428,67.05714285714286,,686.4000000000001,,,,,,0.75,,,80.0,,2.0,multiple,combined,mixed,powder,,0.0,2.893333333333333,0.4838709677419355,False
84,RCBG4,0.0,28.0,1.575,,False,True,,sheet1,48.82,25.5,9.43,7.87,0.42,1.16,,6.48,,43.066,35.05571428571429,39.98571428571428,67.05714285714286,,686.4000000000001,,,,,,0.75,,,80.0,,2.0,multiple,combined,mixed,powder,,0.0,2.893333333333333,0.5443548387096775,False
84,RCBG3,0.0,28.0,1.775,,False,True,,sheet1,48.82,25.5,9.43,7.87,0.42,1.16,,6.48,,43.066,35.05571428571429,39.98571428571428,67.05714285714286,,686.4000000000001,,,,,,0.75,,,80.0,,2.0,multiple,combined,mixed,powder,,0.0,2.893333333333333,0.613479262672811,False
84,RCBG9,0.0,28.0,2.1,,False,True,,sheet1,48.82,25.5,9.43,7.87,0.42,1.16,,6.48,,43.066,35.05571428571429,39.98571428571428,67.05714285714286,,686.4000000000001,,,,,,0.75,,,80.0,,2.0,multiple,combined,mixed,powder,,0.0,2.893333333333333,0.7258064516129034,False
84,RCBG10,0.0,28.0,2.425,,False,True,,sheet1,48.82,25.5,9.43,7.87,0.42,1.16,,6.48,,43.066,35.05571428571429,39.98571428571428,67.05714285714286,,686.4000000000001,,,,,,0.75,,,80.0,,2.0,multiple,combined,mixed,powder,,0.0,2.893333333333333,0.8381336405529954,False
84,RCBG5,0.0,28.0,2.825,,False,True,,sheet1,48.82,25.5,9.43,7.87,0.42,1.16,,6.48,,43.066,35.05571428571429,39.98571428571428,67.05714285714286,,686.4000000000001,,,,,,0.75,,,80.0,,2.0,multiple,combined,mixed,powder,,0.0,2.893333333333333,0.9763824884792628,False
84,RCBG7,0.0,28.0,2.925,,False,True,,sheet1,48.82,25.5,9.43,7.87,0.42,1.16,,6.48,,43.066,35.05571428571429,39.98571428571428,67.05714285714286,,686.4000000000001,,,,,,0.75,,,80.0,,2.0,multiple,combined,mixed,powder,,0.0,2.893333333333333,1.0109447004608296,False
84,28d,0.0,28.0,3.0,,False,True,,sheet1,48.82,25.5,9.43,7.87,0.42,1.16,,6.48,,43.066,35.05571428571429,39.98571428571428,67.05714285714286,,686.4000000000001,,,,,,0.75,,,80.0,,2.0,multiple,combined,mixed,powder,,0.0,2.893333333333333,1.0368663594470047,False
84,28d,0.0,28.0,3.025,,False,True,,sheet1,48.82,25.5,9.43,7.87,0.42,1.16,,6.48,,43.066,35.05571428571429,39.98571428571428,67.05714285714286,,686.4000000000001,,,,,,0.75,,,80.0,,2.0,multiple,combined,mixed,powder,,0.0,2.893333333333333,1.0455069124423964,False
84,RCBG6,0.0,28.0,3.125,,False,True,,sheet1,48.82,25.5,9.43,7.87,0.42,1.16,,6.48,,43.066,35.05571428571429,39.98571428571428,67.05714285714286,,686.4000000000001,,,,,,0.75,,,80.0,,2.0,multiple,combined,mixed,powder,,0.0,2.893333333333333,1.0800691244239633,False
84,28d,0.0,28.0,3.2,,False,True,,sheet1,48.82,25.5,9.43,7.87,0.42,1.16,,6.48,,43.066,35.05571428571429,39.98571428571428,67.05714285714286,,686.4000000000001,,,,,,0.75,,,80.0,,2.0,multiple,combined,mixed,powder,,0.0,2.893333333333333,1.1059907834101383,False
84,28d,0.0,28.0,3.4,,False,True,,sheet1,48.82,25.5,9.43,7.87,0.42,1.16,,6.48,,43.066,35.05571428571429,39.98571428571428,67.05714285714286,,686.4000000000001,,,,,,0.75,,,80.0,,2.0,multiple,combined,mixed,powder,,0.0,2.893333333333333,1.175115207373272,False
84,28d,0.0,28.0,3.825,,False,True,,sheet1,48.82,25.5,9.43,7.87,0.42,1.16,,6.48,,43.066,35.05571428571429,39.98571428571428,67.05714285714286,,686.4000000000001,,,,,,0.75,,,80.0,,2.0,multiple,combined,mixed,powder,,0.0,2.893333333333333,1.322004608294931,False
84,28d,0.0,28.0,4.325,,False,True,,sheet1,48.82,25.5,9.43,7.87,0.42,1.16,,6.48,,43.066,35.05571428571429,39.98571428571428,67.05714285714286,,686.4000000000001,,,,,,0.75,,,80.0,,2.0,multiple,combined,mixed,powder,,0.0,2.893333333333333,1.4948156682027651,False
84,28d,0.0,28.0,4.475,,False,True,,sheet1,48.82,25.5,9.43,7.87,0.42,1.16,,6.48,,43.066,35.05571428571429,39.98571428571428,67.05714285714286,,686.4000000000001,,,,,,0.75,,,80.0,,2.0,multiple,combined,mixed,powder,,0.0,2.893333333333333,1.5466589861751152,False
85,GRAPH-DERIVED,0.0,7.0,41.5,,True,True,,sheet1,53.03,15.78,7.605,2.755,1.96,0.835,,2.295,14.245,,,12.35,,,,,,,,2630.0,0.528,,,,,1.0,,,calcite,other,10.0,0.0,47.833333333333336,0.867595818815331,False
85,Control (0%),0.0,7.0,48.0,,False,True,,matrix,53.03,15.78,7.605,2.755,1.96,0.835,,2.295,14.245,,,12.35,,,,,,,,2630.0,0.528,,,,,1.0,,,calcite,other,10.0,0.0,47.833333333333336,1.0034843205574913,False
85,Control (0%),0.0,7.0,54.0,,False,True,,matrix,53.03,15.78,7.605,2.755,1.96,0.835,,2.295,14.245,,,12.35,,,,,,,,2630.0,0.528,,,,,1.0,,,calcite,other,10.0,0.0,47.833333333333336,1.1289198606271778,False
85,GRAPH-DERIVED,0.0,28.0,48.0,,True,True,,sheet1,53.03,15.78,7.605,2.755,1.96,0.835,,2.295,14.245,,,12.35,,,,,,,,2630.0,0.528,,,,,1.0,,,calcite,other,10.0,0.0,48.0,1.0,False
85,GRAPH-DERIVED,0.0,56.0,54.0,,True,True,,sheet1,53.03,15.78,7.605,2.755,1.96,0.835,,2.295,14.245,,,12.35,,,,,,,,2630.0,0.528,,,,,1.0,,,calcite,other,10.0,0.0,54.0,1.0,False
85,GRAPH-DERIVED,10.0,7.0,38.9,,True,True,,sheet1,53.03,15.78,7.605,2.755,1.96,0.835,,2.295,14.245,,,12.35,,,,,,,,2630.0,0.528,,,,,1.0,,,calcite,other,10.0,0.0,47.833333333333336,0.8132404181184668,False
85,10% FHH,10.0,7.0,46.8,,False,True,,matrix,53.03,15.78,7.605,2.755,1.96,0.835,,2.295,14.245,,,12.35,,,,,,,,2630.0,0.528,,,,,1.0,,,calcite,other,10.0,0.0,47.833333333333336,0.9783972125435539,False
85,10% FHC,10.0,7.0,47.5,,False,True,,matrix,53.03,15.78,7.605,2.755,1.96,0.835,,2.295,14.245,,,12.35,,,,,,,,2630.0,0.528,,,,,1.0,,,calcite,other,10.0,0.0,47.833333333333336,0.9930313588850174,False
85,10% FHH,10.0,7.0,50.0,,False,True,,matrix,53.03,15.78,7.605,2.755,1.96,0.835,,2.295,14.245,,,12.35,,,,,,,,2630.0,0.528,,,,,1.0,,,calcite,other,10.0,0.0,47.833333333333336,1.0452961672473866,False
85,10% FHC,10.0,7.0,52.2,,False,True,,matrix,53.03,15.78,7.605,2.755,1.96,0.835,,2.295,14.245,,,12.35,,,,,,,,2630.0,0.528,,,,,1.0,,,calcite,other,10.0,0.0,47.833333333333336,1.0912891986062718,False
85,GRAPH-DERIVED,10.0,28.0,46.8,,True,True,,sheet1,53.03,15.78,7.605,2.755,1.96,0.835,,2.295,14.245,,,12.35,,,,,,,,2630.0,0.528,,,,,1.0,,,calcite,other,10.0,0.0,48.0,0.975,False
85,GRAPH-DERIVED,10.0,28.0,47.5,,True,True,,sheet1,53.03,15.78,7.605,2.755,1.96,0.835,,2.295,14.245,,,12.35,,,,,,,,2630.0,0.528,,,,,1.0,,,calcite,other,10.0,0.0,48.0,0.9895833333333334,False
85,GRAPH-DERIVED,10.0,56.0,50.0,,True,True,,sheet1,53.03,15.78,7.605,2.755,1.96,0.835,,2.295,14.245,,,12.35,,,,,,,,2630.0,0.528,,,,,1.0,,,calcite,other,10.0,0.0,54.0,0.9259259259259259,False
85,GRAPH-DERIVED,10.0,56.0,52.2,,True,True,,sheet1,53.03,15.78,7.605,2.755,1.96,0.835,,2.295,14.245,,,12.35,,,,,,,,2630.0,0.528,,,,,1.0,,,calcite,other,10.0,0.0,54.0,0.9666666666666667,False
85,GRAPH-DERIVED,20.0,7.0,34.9,,True,True,,sheet1,53.03,15.78,7.605,2.755,1.96,0.835,,2.295,14.245,,,12.35,,,,,,,,2630.0,0.528,,,,,1.0,,,calcite,other,10.0,0.0,47.833333333333336,0.7296167247386759,False
85,GRAPH-DERIVED,20.0,7.0,36.5,,True,True,,sheet1,53.03,15.78,7.605,2.755,1.96,0.835,,2.295,14.245,,,12.35,,,,,,,,2630.0,0.528,,,,,1.0,,,calcite,other,10.0,0.0,47.833333333333336,0.7630662020905923,False
85,20% FHH,20.0,7.0,37.6,,False,True,,matrix,53.03,15.78,7.605,2.755,1.96,0.835,,2.295,14.245,,,12.35,,,,,,,,2630.0,0.528,,,,,1.0,,,calcite,other,10.0,0.0,47.833333333333336,0.7860627177700348,False
85,20% FHC,20.0,7.0,43.8,,False,True,,matrix,53.03,15.78,7.605,2.755,1.96,0.835,,2.295,14.245,,,12.35,,,,,,,,2630.0,0.528,,,,,1.0,,,calcite,other,10.0,0.0,47.833333333333336,0.9156794425087107,False
85,20% FHH,20.0,7.0,44.2,,False,True,,matrix,53.03,15.78,7.605,2.755,1.96,0.835,,2.295,14.245,,,12.35,,,,,,,,2630.0,0.528,,,,,1.0,,,calcite,other,10.0,0.0,47.833333333333336,0.9240418118466899,False
85,20% FHC,20.0,7.0,47.0,,False,True,,matrix,53.03,15.78,7.605,2.755,1.96,0.835,,2.295,14.245,,,12.35,,,,,,,,2630.0,0.528,,,,,1.0,,,calcite,other,10.0,0.0,47.833333333333336,0.9825783972125435,False
85,GRAPH-DERIVED,20.0,28.0,37.6,,True,True,,sheet1,53.03,15.78,7.605,2.755,1.96,0.835,,2.295,14.245,,,12.35,,,,,,,,2630.0,0.528,,,,,1.0,,,calcite,other,10.0,0.0,48.0,0.7833333333333333,False
85,GRAPH-DERIVED,20.0,28.0,43.8,,True,True,,sheet1,53.03,15.78,7.605,2.755,1.96,0.835,,2.295,14.245,,,12.35,,,,,,,,2630.0,0.528,,,,,1.0,,,calcite,other,10.0,0.0,48.0,0.9125,False
85,GRAPH-DERIVED,20.0,56.0,44.2,,True,True,,sheet1,53.03,15.78,7.605,2.755,1.96,0.835,,2.295,14.245,,,12.35,,,,,,,,2630.0,0.528,,,,,1.0,,,calcite,other,10.0,0.0,54.0,0.8185185185185185,False
85,GRAPH-DERIVED,20.0,56.0,47.0,,True,True,,sheet1,53.03,15.78,7.605,2.755,1.96,0.835,,2.295,14.245,,,12.35,,,,,,,,2630.0,0.528,,,,,1.0,,,calcite,other,10.0,0.0,54.0,0.8703703703703703,False
85,GRAPH-DERIVED,30.0,7.0,31.0,,True,True,,sheet1,53.03,15.78,7.605,2.755,1.96,0.835,,2.295,14.245,,,12.35,,,,,,,,2630.0,0.528,,,,,1.0,,,calcite,other,10.0,0.0,47.833333333333336,0.6480836236933798,False
85,GRAPH-DERIVED,30.0,7.0,32.9,,True,True,,sheet1,53.03,15.78,7.605,2.755,1.96,0.835,,2.295,14.245,,,12.35,,,,,,,,2630.0,0.528,,,,,1.0,,,calcite,other,10.0,0.0,47.833333333333336,0.6878048780487804,False
85,30% FHH,30.0,7.0,36.2,,False,True,,matrix,53.03,15.78,7.605,2.755,1.96,0.835,,2.295,14.245,,,12.35,,,,,,,,2630.0,0.528,,,,,1.0,,,calcite,other,10.0,0.0,47.833333333333336,0.756794425087108,False
85,30% FHC,30.0,7.0,38.7,,False,True,,matrix,53.03,15.78,7.605,2.755,1.96,0.835,,2.295,14.245,,,12.35,,,,,,,,2630.0,0.528,,,,,1.0,,,calcite,other,10.0,0.0,47.833333333333336,0.8090592334494774,False
85,30% FHH,30.0,7.0,41.1,,False,True,,matrix,53.03,15.78,7.605,2.755,1.96,0.835,,2.295,14.245,,,12.35,,,,,,,,2630.0,0.528,,,,,1.0,,,calcite,other,10.0,0.0,47.833333333333336,0.8592334494773519,False
85,30% FHC,30.0,7.0,42.0,,False,True,,matrix,53.03,15.78,7.605,2.755,1.96,0.835,,2.295,14.245,,,12.35,,,,,,,,2630.0,0.528,,,,,1.0,,,calcite,other,10.0,0.0,47.833333333333336,0.8780487804878049,False
85,GRAPH-DERIVED,30.0,28.0,36.2,,True,True,,sheet1,53.03,15.78,7.605,2.755,1.96,0.835,,2.295,14.245,,,12.35,,,,,,,,2630.0,0.528,,,,,1.0,,,calcite,other,10.0,0.0,48.0,0.7541666666666668,False
85,GRAPH-DERIVED,30.0,28.0,38.7,,True,True,,sheet1,53.03,15.78,7.605,2.755,1.96,0.835,,2.295,14.245,,,12.35,,,,,,,,2630.0,0.528,,,,,1.0,,,calcite,other,10.0,0.0,48.0,0.80625,False
85,GRAPH-DERIVED,30.0,56.0,41.1,,True,True,,sheet1,53.03,15.78,7.605,2.755,1.96,0.835,,2.295,14.245,,,12.35,,,,,,,,2630.0,0.528,,,,,1.0,,,calcite,other,10.0,0.0,54.0,0.7611111111111112,False
85,GRAPH-DERIVED,30.0,56.0,42.0,,True,True,,sheet1,53.03,15.78,7.605,2.755,1.96,0.835,,2.295,14.245,,,12.35,,,,,,,,2630.0,0.528,,,,,1.0,,,calcite,other,10.0,0.0,54.0,0.7777777777777778,False
86,,0.0,7.0,9.0,,False,True,,sheet1,44.815,37.955,8.725,4.445,,1.76,,1.44,,,,,,,,,,,2.46,,0.6,825.0,,,,,thermal,milling,,powder,,0.0,13.25,0.6792452830188679,False
86,C0,0.0,7.0,17.5,,False,True,,matrix,44.815,37.955,8.725,4.445,,1.76,,1.44,,,,,,,,,,,2.46,,0.6,825.0,,,,,thermal,milling,,powder,,0.0,13.25,1.320754716981132,False
86,C0 (28-day),0.0,28.0,17.5,,False,True,,sheet1,44.815,37.955,8.725,4.445,,1.76,,1.44,,,,,,,,,,,2.46,,0.6,825.0,,,,,thermal,milling,,powder,,0.0,17.5,1.0,False
86,C20 (7-day),20.0,7.0,8.1,,False,True,,sheet1,44.815,37.955,8.725,4.445,,1.76,,1.44,,,,,,,,,,,2.46,,0.6,825.0,,,,,thermal,milling,,powder,,0.0,13.25,0.6113207547169811,False
86,C20,20.0,7.0,14.0,,False,True,Thermal activation,matrix,44.815,37.955,8.725,4.445,,1.76,,1.44,,,,,,,,,,,2.46,,0.6,825.0,,,,,thermal,milling,,powder,,0.0,13.25,1.0566037735849056,False
86,C20 (28-day),20.0,28.0,14.0,,False,True,,sheet1,44.815,37.955,8.725,4.445,,1.76,,1.44,,,,,,,,,,,2.46,,0.6,825.0,,,,,thermal,milling,,powder,,0.0,17.5,0.8,False
87,60–110,10.0,28.0,0.981,,True,True,,sheet1,25.75,52.18,2.38,1.86,2.51,2.16,0.46,0.62,11.65,,,,,,739.1111111111111,,,,,,0.5,600.0,2.5,,,1.0,thermal,combined,portlandite,cdw,20.0,10.0,,,False
88,,2.0,7.0,18.0,,False,True,,sheet1,,,,,,,,,,,,75.0,,,,,,,,,,609.0909090909091,,41.54166666666666,,1.0,multiple,combined,mixed,fines,25.0,10.0,,,False
88,,2.0,7.0,23.0,,False,True,,sheet1,,,,,,,,,,,,75.0,,,,,,,,,,609.0909090909091,,41.54166666666666,,1.0,multiple,combined,mixed,fines,25.0,10.0,,,False
88,,2.0,7.0,24.2,,False,True,,sheet1,,,,,,,,,,,,75.0,,,,,,,,,,609.0909090909091,,41.54166666666666,,1.0,multiple,combined,mixed,fines,25.0,10.0,,,False
88,,2.0,28.0,27.2,,False,True,,sheet1,,,,,,,,,,,,75.0,,,,,,,,,,609.0909090909091,,41.54166666666666,,1.0,multiple,combined,mixed,fines,25.0,10.0,,,False
88,,2.0,28.0,31.7,,False,True,,sheet1,,,,,,,,,,,,75.0,,,,,,,,,,609.0909090909091,,41.54166666666666,,1.0,multiple,combined,mixed,fines,25.0,10.0,,,False
88,,2.0,28.0,37.6,,False,True,,sheet1,,,,,,,,,,,,75.0,,,,,,,,,,609.0909090909091,,41.54166666666666,,1.0,multiple,combined,mixed,fines,25.0,10.0,,,False
88,,7.0,7.0,15.7,,False,True,,sheet1,,,,,,,,,,,,75.0,,,,,,,,,,609.0909090909091,,41.54166666666666,,1.0,multiple,combined,mixed,fines,25.0,10.0,,,False
88,,7.0,7.0,22.9,,False,True,,sheet1,,,,,,,,,,,,75.0,,,,,,,,,,609.0909090909091,,41.54166666666666,,1.0,multiple,combined,mixed,fines,25.0,10.0,,,False
88,,10.0,28.0,45.6,,False,True,,sheet1,,,,,,,,,,,,75.0,,,,,,,,,,609.0909090909091,,41.54166666666666,,1.0,multiple,combined,mixed,fines,25.0,10.0,,,False
88,,20.0,7.0,20.0,,False,True,,sheet1,,,,,,,,,,,,75.0,,,,,,,,,,609.0909090909091,,41.54166666666666,,1.0,multiple,combined,mixed,fines,25.0,10.0,,,False
88,,20.0,28.0,31.06,,False,True,,sheet1,,,,,,,,,,,,75.0,,,,,,,,,,609.0909090909091,,41.54166666666666,,1.0,multiple,combined,mixed,fines,25.0,10.0,,,False
88,,30.0,7.0,18.5,,False,True,,sheet1,,,,,,,,,,,,75.0,,,,,,,,,,609.0909090909091,,41.54166666666666,,1.0,multiple,combined,mixed,fines,25.0,10.0,,,False
88,,30.0,7.0,34.6,,False,True,,sheet1,,,,,,,,,,,,75.0,,,,,,,,,,609.0909090909091,,41.54166666666666,,1.0,multiple,combined,mixed,fines,25.0,10.0,,,False
88,,30.0,28.0,28.5,,False,True,,sheet1,,,,,,,,,,,,75.0,,,,,,,,,,609.0909090909091,,41.54166666666666,,1.0,multiple,combined,mixed,fines,25.0,10.0,,,False
88,,30.0,28.0,32.3,,False,True,,sheet1,,,,,,,,,,,,75.0,,,,,,,,,,609.0909090909091,,41.54166666666666,,1.0,multiple,combined,mixed,fines,25.0,10.0,,,False
88,RCP-400C,30.0,28.0,32.42,,False,True,Thermal,matrix,,,,,,,,,,,,75.0,,,,,,,,,,609.0909090909091,,41.54166666666666,,1.0,multiple,combined,mixed,fines,25.0,10.0,,,False
88,RCP-600C,30.0,28.0,33.93,,False,True,Thermal,matrix,,,,,,,,,,,,75.0,,,,,,,,,,609.0909090909091,,41.54166666666666,,1.0,multiple,combined,mixed,fines,25.0,10.0,,,False
88,RCP-700C / RFP-700,30.0,28.0,34.7,,False,True,Thermal,matrix,,,,,,,,,,,,75.0,,,,,,,,,,609.0909090909091,,41.54166666666666,,1.0,multiple,combined,mixed,fines,25.0,10.0,,,False
88,RCP-800C,30.0,28.0,36.92,,False,True,Thermal,matrix,,,,,,,,,,,,75.0,,,,,,,,,,609.0909090909091,,41.54166666666666,,1.0,multiple,combined,mixed,fines,25.0,10.0,,,False
88,,30.0,28.0,52.1,,False,True,,sheet1,,,,,,,,,,,,75.0,,,,,,,,,,609.0909090909091,,41.54166666666666,,1.0,multiple,combined,mixed,fines,25.0,10.0,,,False
88,,30.0,90.0,42.5,,False,True,,sheet1,,,,,,,,,,,,75.0,,,,,,,,,,609.0909090909091,,41.54166666666666,,1.0,multiple,combined,mixed,fines,25.0,10.0,,,False
88,,30.0,90.0,62.2,,False,True,,sheet1,,,,,,,,,,,,75.0,,,,,,,,,,609.0909090909091,,41.54166666666666,,1.0,multiple,combined,mixed,fines,25.0,10.0,,,False
88,,50.0,28.0,18.3,,False,True,,sheet1,,,,,,,,,,,,75.0,,,,,,,,,,609.0909090909091,,41.54166666666666,,1.0,multiple,combined,mixed,fines,25.0,10.0,,,False
90,,0.0,3.0,46.2,,False,True,,sheet1,,,,,,,,,,,,,,,,,,,,,0.4,,,,,2.0,chemical,combined,mixed,fines,40.0,30.0,46.2,1.0,False
90,,0.0,28.0,69.3,,False,True,,sheet1,,,,,,,,,,,,,,,,,,,,,0.4,,,,,2.0,chemical,combined,mixed,fines,40.0,30.0,69.3,1.0,False
90,,30.0,3.0,42.0,,False,True,,sheet1,,,,,,,,,,,,,,,,,,,,,0.4,,,,,2.0,chemical,combined,mixed,fines,40.0,30.0,46.2,0.9090909090909091,False
90,,30.0,3.0,46.3,,False,True,,sheet1,,,,,,,,,,,,,,,,,,,,,0.4,,,,,2.0,chemical,combined,mixed,fines,40.0,30.0,46.2,1.002164502164502,False
90,,30.0,3.0,51.8,,False,True,,sheet1,,,,,,,,,,,,,,,,,,,,,0.4,,,,,2.0,chemical,combined,mixed,fines,40.0,30.0,46.2,1.121212121212121,False
90,,30.0,28.0,63.1,,False,True,,sheet1,,,,,,,,,,,,,,,,,,,,,0.4,,,,,2.0,chemical,combined,mixed,fines,40.0,30.0,69.3,0.9105339105339106,False
90,,30.0,28.0,69.4,,False,True,,sheet1,,,,,,,,,,,,,,,,,,,,,0.4,,,,,2.0,chemical,combined,mixed,fines,40.0,30.0,69.3,1.0014430014430016,False
90,,30.0,28.0,77.7,,False,True,,sheet1,,,,,,,,,,,,,,,,,,,,,0.4,,,,,2.0,chemical,combined,mixed,fines,40.0,30.0,69.3,1.1212121212121213,False
90,,50.0,3.0,38.8,,False,True,,sheet1,,,,,,,,,,,,,,,,,,,,,0.4,,,,,2.0,chemical,combined,mixed,fines,40.0,30.0,46.2,0.8398268398268397,False
90,,50.0,3.0,42.1,,False,True,,sheet1,,,,,,,,,,,,,,,,,,,,,0.4,,,,,2.0,chemical,combined,mixed,fines,40.0,30.0,46.2,0.9112554112554112,False
90,,50.0,3.0,53.7,,False,True,,sheet1,,,,,,,,,,,,,,,,,,,,,0.4,,,,,2.0,chemical,combined,mixed,fines,40.0,30.0,46.2,1.1623376623376622,False
90,,50.0,28.0,58.2,,False,True,,sheet1,,,,,,,,,,,,,,,,,,,,,0.4,,,,,2.0,chemical,combined,mixed,fines,40.0,30.0,69.3,0.8398268398268399,False
90,,50.0,28.0,63.0,,False,True,,sheet1,,,,,,,,,,,,,,,,,,,,,0.4,,,,,2.0,chemical,combined,mixed,fines,40.0,30.0,69.3,0.9090909090909092,False
90,,50.0,28.0,80.6,,False,True,,sheet1,,,,,,,,,,,,,,,,,,,,,0.4,,,,,2.0,chemical,combined,mixed,fines,40.0,30.0,69.3,1.1630591630591631,False
90,,70.0,3.0,30.2,,False,True,,sheet1,,,,,,,,,,,,,,,,,,,,,0.4,,,,,2.0,chemical,combined,mixed,fines,40.0,30.0,46.2,0.6536796536796536,False
90,,70.0,3.0,32.5,,False,True,,sheet1,,,,,,,,,,,,,,,,,,,,,0.4,,,,,2.0,chemical,combined,mixed,fines,40.0,30.0,46.2,0.7034632034632035,False
90,,70.0,3.0,55.9,,False,True,,sheet1,,,,,,,,,,,,,,,,,,,,,0.4,,,,,2.0,chemical,combined,mixed,fines,40.0,30.0,46.2,1.20995670995671,False
90,,70.0,28.0,45.3,,False,True,,sheet1,,,,,,,,,,,,,,,,,,,,,0.4,,,,,2.0,chemical,combined,mixed,fines,40.0,30.0,69.3,0.6536796536796536,False
90,,70.0,28.0,48.2,,False,True,,sheet1,,,,,,,,,,,,,,,,,,,,,0.4,,,,,2.0,chemical,combined,mixed,fines,40.0,30.0,69.3,0.6955266955266955,False
90,,70.0,28.0,83.9,,False,True,,sheet1,,,,,,,,,,,,,,,,,,,,,0.4,,,,,2.0,chemical,combined,mixed,fines,40.0,30.0,69.3,1.2106782106782108,False
90,,100.0,3.0,19.1,,False,True,,sheet1,,,,,,,,,,,,,,,,,,,,,0.4,,,,,2.0,chemical,combined,mixed,fines,40.0,30.0,46.2,0.4134199134199134,False
90,,100.0,3.0,21.3,,False,True,,sheet1,,,,,,,,,,,,,,,,,,,,,0.4,,,,,2.0,chemical,combined,mixed,fines,40.0,30.0,46.2,0.461038961038961,False
90,,100.0,3.0,23.5,,False,True,,sheet1,,,,,,,,,,,,,,,,,,,,,0.4,,,,,2.0,chemical,combined,mixed,fines,40.0,30.0,46.2,0.5086580086580086,False
90,,100.0,3.0,25.8,,False,True,,sheet1,,,,,,,,,,,,,,,,,,,,,0.4,,,,,2.0,chemical,combined,mixed,fines,40.0,30.0,46.2,0.5584415584415584,False
90,,100.0,3.0,27.9,,False,True,,sheet1,,,,,,,,,,,,,,,,,,,,,0.4,,,,,2.0,chemical,combined,mixed,fines,40.0,30.0,46.2,0.6038961038961038,False
90,,100.0,3.0,35.8,,False,True,,sheet1,,,,,,,,,,,,,,,,,,,,,0.4,,,,,2.0,chemical,combined,mixed,fines,40.0,30.0,46.2,0.7748917748917747,False
90,,100.0,3.0,45.3,,False,True,,sheet1,,,,,,,,,,,,,,,,,,,,,0.4,,,,,2.0,chemical,combined,mixed,fines,40.0,30.0,46.2,0.9805194805194803,False
90,,100.0,3.0,52.1,,False,True,,sheet1,,,,,,,,,,,,,,,,,,,,,0.4,,,,,2.0,chemical,combined,mixed,fines,40.0,30.0,46.2,1.1277056277056277,False
90,,100.0,3.0,56.8,,False,True,,sheet1,,,,,,,,,,,,,,,,,,,,,0.4,,,,,2.0,chemical,combined,mixed,fines,40.0,30.0,46.2,1.2294372294372293,False
90,,100.0,28.0,28.7,,False,True,,sheet1,,,,,,,,,,,,,,,,,,,,,0.4,,,,,2.0,chemical,combined,mixed,fines,40.0,30.0,69.3,0.41414141414141414,False
90,,100.0,28.0,31.2,,False,True,,sheet1,,,,,,,,,,,,,,,,,,,,,0.4,,,,,2.0,chemical,combined,mixed,fines,40.0,30.0,69.3,0.45021645021645024,False
90,,100.0,28.0,33.5,,False,True,,sheet1,,,,,,,,,,,,,,,,,,,,,0.4,,,,,2.0,chemical,combined,mixed,fines,40.0,30.0,69.3,0.48340548340548345,False
90,,100.0,28.0,35.1,,False,True,,sheet1,,,,,,,,,,,,,,,,,,,,,0.4,,,,,2.0,chemical,combined,mixed,fines,40.0,30.0,69.3,0.5064935064935066,False
90,,100.0,28.0,37.3,,False,True,,sheet1,,,,,,,,,,,,,,,,,,,,,0.4,,,,,2.0,chemical,combined,mixed,fines,40.0,30.0,69.3,0.5382395382395382,False
90,,100.0,28.0,52.4,,False,True,,sheet1,,,,,,,,,,,,,,,,,,,,,0.4,,,,,2.0,chemical,combined,mixed,fines,40.0,30.0,69.3,0.7561327561327561,False
90,,100.0,28.0,68.2,,False,True,,sheet1,,,,,,,,,,,,,,,,,,,,,0.4,,,,,2.0,chemical,combined,mixed,fines,40.0,30.0,69.3,0.9841269841269842,False
90,,100.0,28.0,78.1,,False,True,,sheet1,,,,,,,,,,,,,,,,,,,,,0.4,,,,,2.0,chemical,combined,mixed,fines,40.0,30.0,69.3,1.126984126984127,False
90,,100.0,28.0,85.2,,False,True,,sheet1,,,,,,,,,,,,,,,,,,,,,0.4,,,,,2.0,chemical,combined,mixed,fines,40.0,30.0,69.3,1.2294372294372296,False
91,Reference,0.0,7.0,59.62,,False,True,,sheet1,10.05,26.038333333333338,6.801666666666667,3.85,,2.033333333333333,,2.17,5.223333333333334,,3.073333333333333,17.383333333333336,50.89166666666667,,,,,,2.61,,0.4,,,31.2,,1.0,mechanical,combined,,powder,6.5,0.0,59.62,1.0,False
91,Reference,0.0,28.0,76.58,,False,True,,sheet1,10.05,26.038333333333338,6.801666666666667,3.85,,2.033333333333333,,2.17,5.223333333333334,,3.073333333333333,17.383333333333336,50.89166666666667,,,,,,2.61,,0.4,,,31.2,,1.0,mechanical,combined,,powder,6.5,0.0,76.58,1.0,False
91,Reference,0.0,56.0,83.69,,False,True,,sheet1,10.05,26.038333333333338,6.801666666666667,3.85,,2.033333333333333,,2.17,5.223333333333334,,3.073333333333333,17.383333333333336,50.89166666666667,,,,,,2.61,,0.4,,,31.2,,1.0,mechanical,combined,,powder,6.5,0.0,83.69,1.0,False
91,95PC5RCP2,5.0,7.0,59.94,,False,True,,sheet1,10.05,26.038333333333338,6.801666666666667,3.85,,2.033333333333333,,2.17,5.223333333333334,,3.073333333333333,17.383333333333336,50.89166666666667,,,,,,2.61,,0.4,,,31.2,,1.0,mechanical,combined,,powder,6.5,0.0,59.62,1.0053673264005367,False
91,95PC5RCP1,5.0,7.0,60.91,,False,True,,sheet1,10.05,26.038333333333338,6.801666666666667,3.85,,2.033333333333333,,2.17,5.223333333333334,,3.073333333333333,17.383333333333336,50.89166666666667,,,,,,2.61,,0.4,,,31.2,,1.0,mechanical,combined,,powder,6.5,0.0,59.62,1.0216370345521637,False
91,95PC5RCP3,5.0,7.0,61.7,,False,True,,sheet1,10.05,26.038333333333338,6.801666666666667,3.85,,2.033333333333333,,2.17,5.223333333333334,,3.073333333333333,17.383333333333336,50.89166666666667,,,,,,2.61,,0.4,,,31.2,,1.0,mechanical,combined,,powder,6.5,0.0,59.62,1.0348876216034888,False
91,95PC5RCP2,5.0,28.0,69.69,,False,True,,sheet1,10.05,26.038333333333338,6.801666666666667,3.85,,2.033333333333333,,2.17,5.223333333333334,,3.073333333333333,17.383333333333336,50.89166666666667,,,,,,2.61,,0.4,,,31.2,,1.0,mechanical,combined,,powder,6.5,0.0,76.58,0.9100287281274484,False
91,95PC5RCP3,5.0,28.0,72.17,,False,True,,sheet1,10.05,26.038333333333338,6.801666666666667,3.85,,2.033333333333333,,2.17,5.223333333333334,,3.073333333333333,17.383333333333336,50.89166666666667,,,,,,2.61,,0.4,,,31.2,,1.0,mechanical,combined,,powder,6.5,0.0,76.58,0.9424131627056673,False
91,95PC5RCP1,5.0,28.0,72.98,,False,True,,sheet1,10.05,26.038333333333338,6.801666666666667,3.85,,2.033333333333333,,2.17,5.223333333333334,,3.073333333333333,17.383333333333336,50.89166666666667,,,,,,2.61,,0.4,,,31.2,,1.0,mechanical,combined,,powder,6.5,0.0,76.58,0.9529903369025856,False
91,95PC5RCP1,5.0,56.0,80.55,,False,True,,sheet1,10.05,26.038333333333338,6.801666666666667,3.85,,2.033333333333333,,2.17,5.223333333333334,,3.073333333333333,17.383333333333336,50.89166666666667,,,,,,2.61,,0.4,,,31.2,,1.0,mechanical,combined,,powder,6.5,0.0,83.69,0.9624805831043135,False
91,95PC5RCP3,5.0,56.0,80.68,,False,True,,sheet1,10.05,26.038333333333338,6.801666666666667,3.85,,2.033333333333333,,2.17,5.223333333333334,,3.073333333333333,17.383333333333336,50.89166666666667,,,,,,2.61,,0.4,,,31.2,,1.0,mechanical,combined,,powder,6.5,0.0,83.69,0.9640339347592306,False
91,95PC5RCP2,5.0,56.0,82.53,,False,True,,sheet1,10.05,26.038333333333338,6.801666666666667,3.85,,2.033333333333333,,2.17,5.223333333333334,,3.073333333333333,17.383333333333336,50.89166666666667,,,,,,2.61,,0.4,,,31.2,,1.0,mechanical,combined,,powder,6.5,0.0,83.69,0.9861393236945872,False
91,90PC10RCP3,10.0,7.0,55.89,,False,True,,sheet1,10.05,26.038333333333338,6.801666666666667,3.85,,2.033333333333333,,2.17,5.223333333333334,,3.073333333333333,17.383333333333336,50.89166666666667,,,,,,2.61,,0.4,,,31.2,,1.0,mechanical,combined,,powder,6.5,0.0,59.62,0.9374371016437437,False
91,90PC10RCP2,10.0,7.0,57.98,,False,True,,sheet1,10.05,26.038333333333338,6.801666666666667,3.85,,2.033333333333333,,2.17,5.223333333333334,,3.073333333333333,17.383333333333336,50.89166666666667,,,,,,2.61,,0.4,,,31.2,,1.0,mechanical,combined,,powder,6.5,0.0,59.62,0.9724924521972492,False
91,90PC10RCP1,10.0,7.0,59.33,,False,True,,sheet1,10.05,26.038333333333338,6.801666666666667,3.85,,2.033333333333333,,2.17,5.223333333333334,,3.073333333333333,17.383333333333336,50.89166666666667,,,,,,2.61,,0.4,,,31.2,,1.0,mechanical,combined,,powder,6.5,0.0,59.62,0.9951358604495136,False
91,90PC10RCP2,10.0,28.0,62.36,,False,True,,sheet1,10.05,26.038333333333338,6.801666666666667,3.85,,2.033333333333333,,2.17,5.223333333333334,,3.073333333333333,17.383333333333336,50.89166666666667,,,,,,2.61,,0.4,,,31.2,,1.0,mechanical,combined,,powder,6.5,0.0,76.58,0.8143118307652129,False
91,90PC10RCP1,10.0,28.0,68.31,,False,True,,sheet1,10.05,26.038333333333338,6.801666666666667,3.85,,2.033333333333333,,2.17,5.223333333333334,,3.073333333333333,17.383333333333336,50.89166666666667,,,,,,2.61,,0.4,,,31.2,,1.0,mechanical,combined,,powder,6.5,0.0,76.58,0.8920083572734396,False
91,90PC10RCP3,10.0,28.0,70.56,,False,True,,sheet1,10.05,26.038333333333338,6.801666666666667,3.85,,2.033333333333333,,2.17,5.223333333333334,,3.073333333333333,17.383333333333336,50.89166666666667,,,,,,2.61,,0.4,,,31.2,,1.0,mechanical,combined,,powder,6.5,0.0,76.58,0.9213893967093236,False
91,90PC10RCP1,10.0,56.0,71.81,,False,True,,sheet1,10.05,26.038333333333338,6.801666666666667,3.85,,2.033333333333333,,2.17,5.223333333333334,,3.073333333333333,17.383333333333336,50.89166666666667,,,,,,2.61,,0.4,,,31.2,,1.0,mechanical,combined,,powder,6.5,0.0,83.69,0.8580475564583583,False
91,90PC10RCP2,10.0,56.0,73.85,,False,True,,sheet1,10.05,26.038333333333338,6.801666666666667,3.85,,2.033333333333333,,2.17,5.223333333333334,,3.073333333333333,17.383333333333336,50.89166666666667,,,,,,2.61,,0.4,,,31.2,,1.0,mechanical,combined,,powder,6.5,0.0,83.69,0.8824232285816704,False
91,90PC10RCP3,10.0,56.0,76.42,,False,True,,sheet1,10.05,26.038333333333338,6.801666666666667,3.85,,2.033333333333333,,2.17,5.223333333333334,,3.073333333333333,17.383333333333336,50.89166666666667,,,,,,2.61,,0.4,,,31.2,,1.0,mechanical,combined,,powder,6.5,0.0,83.69,0.9131317959134903,False
91,85PC15RCP2,15.0,7.0,51.37,,False,True,,sheet1,10.05,26.038333333333338,6.801666666666667,3.85,,2.033333333333333,,2.17,5.223333333333334,,3.073333333333333,17.383333333333336,50.89166666666667,,,,,,2.61,,0.4,,,31.2,,1.0,mechanical,combined,,powder,6.5,0.0,59.62,0.8616236162361623,False
91,85PC15RCP1,15.0,7.0,52.88,,False,True,,sheet1,10.05,26.038333333333338,6.801666666666667,3.85,,2.033333333333333,,2.17,5.223333333333334,,3.073333333333333,17.383333333333336,50.89166666666667,,,,,,2.61,,0.4,,,31.2,,1.0,mechanical,combined,,powder,6.5,0.0,59.62,0.8869506876886951,False
91,85PC15RCP3,15.0,7.0,53.05,,False,True,,sheet1,10.05,26.038333333333338,6.801666666666667,3.85,,2.033333333333333,,2.17,5.223333333333334,,3.073333333333333,17.383333333333336,50.89166666666667,,,,,,2.61,,0.4,,,31.2,,1.0,mechanical,combined,,powder,6.5,0.0,59.62,0.8898020798389802,False
91,85PC15RCP1,15.0,28.0,53.71,,False,True,,sheet1,10.05,26.038333333333338,6.801666666666667,3.85,,2.033333333333333,,2.17,5.223333333333334,,3.073333333333333,17.383333333333336,50.89166666666667,,,,,,2.61,,0.4,,,31.2,,1.0,mechanical,combined,,powder,6.5,0.0,76.58,0.7013580569339254,False
91,85PC15RCP2,15.0,28.0,62.64,,False,True,,sheet1,10.05,26.038333333333338,6.801666666666667,3.85,,2.033333333333333,,2.17,5.223333333333334,,3.073333333333333,17.383333333333336,50.89166666666667,,,,,,2.61,,0.4,,,31.2,,1.0,mechanical,combined,,powder,6.5,0.0,76.58,0.8179681378950118,False
91,85PC15RCP3,15.0,28.0,64.81,,False,True,,sheet1,10.05,26.038333333333338,6.801666666666667,3.85,,2.033333333333333,,2.17,5.223333333333334,,3.073333333333333,17.383333333333336,50.89166666666667,,,,,,2.61,,0.4,,,31.2,,1.0,mechanical,combined,,powder,6.5,0.0,76.58,0.8463045181509533,False
91,85PC15RCP3,15.0,56.0,67.87,,False,True,,sheet1,10.05,26.038333333333338,6.801666666666667,3.85,,2.033333333333333,,2.17,5.223333333333334,,3.073333333333333,17.383333333333336,50.89166666666667,,,,,,2.61,,0.4,,,31.2,,1.0,mechanical,combined,,powder,6.5,0.0,83.69,0.8109690524554906,False
91,85PC15RCP1,15.0,56.0,70.4,,False,True,,sheet1,10.05,26.038333333333338,6.801666666666667,3.85,,2.033333333333333,,2.17,5.223333333333334,,3.073333333333333,17.383333333333336,50.89166666666667,,,,,,2.61,,0.4,,,31.2,,1.0,mechanical,combined,,powder,6.5,0.0,83.69,0.8411996654319513,False
91,85PC15RCP2,15.0,56.0,70.48,,False,True,,sheet1,10.05,26.038333333333338,6.801666666666667,3.85,,2.033333333333333,,2.17,5.223333333333334,,3.073333333333333,17.383333333333336,50.89166666666667,,,,,,2.61,,0.4,,,31.2,,1.0,mechanical,combined,,powder,6.5,0.0,83.69,0.8421555741426694,False
92,,0.0,,60.22,,False,False,,sheet1,38.32,24.096666666666668,7.8066666666666675,5.153333333333333,1.37,1.5433333333333337,0.3733333333333333,1.9,18.33333333333333,,,,,,,,,,2.5385000000000004,,0.5,500.0,2.0,,,,thermal,combined,,cdw,,,,,False
92,,20.0,,47.79,,False,False,,sheet1,38.32,24.096666666666668,7.8066666666666675,5.153333333333333,1.37,1.5433333333333337,0.3733333333333333,1.9,18.33333333333333,,,,,,,,,,2.5385000000000004,,0.5,500.0,2.0,,,,thermal,combined,,cdw,,,,,False
92,,20.0,,49.56,,False,False,,sheet1,38.32,24.096666666666668,7.8066666666666675,5.153333333333333,1.37,1.5433333333333337,0.3733333333333333,1.9,18.33333333333333,,,,,,,,,,2.5385000000000004,,0.5,500.0,2.0,,,,thermal,combined,,cdw,,,,,False
92,,20.0,,50.19,,False,False,,sheet1,38.32,24.096666666666668,7.8066666666666675,5.153333333333333,1.37,1.5433333333333337,0.3733333333333333,1.9,18.33333333333333,,,,,,,,,,2.5385000000000004,,0.5,500.0,2.0,,,,thermal,combined,,cdw,,,,,False
92,,20.0,,51.38,,False,False,,sheet1,38.32,24.096666666666668,7.8066666666666675,5.153333333333333,1.37,1.5433333333333337,0.3733333333333333,1.9,18.33333333333333,,,,,,,,,,2.5385000000000004,,0.5,500.0,2.0,,,,thermal,combined,,cdw,,,,,False
92,,20.0,,52.28,,False,False,,sheet1,38.32,24.096666666666668,7.8066666666666675,5.153333333333333,1.37,1.5433333333333337,0.3733333333333333,1.9,18.33333333333333,,,,,,,,,,2.5385000000000004,,0.5,500.0,2.0,,,,thermal,combined,,cdw,,,,,False
92,,20.0,,53.45,,False,False,,sheet1,38.32,24.096666666666668,7.8066666666666675,5.153333333333333,1.37,1.5433333333333337,0.3733333333333333,1.9,18.33333333333333,,,,,,,,,,2.5385000000000004,,0.5,500.0,2.0,,,,thermal,combined,,cdw,,,,,False
93,N-0.63-OPC,0.0,,30.62,,False,False,,matrix,60.53,17.51,12.15,2.72,1.17,1.37,0.73,3.03,,,,10.1,,,,,,,,,0.53,,,,,1.0,,combined,mixed,powder,45.0,,,,False
93,N-0.43-NC,0.0,,45.48,,False,False,,matrix,60.53,17.51,12.15,2.72,1.17,1.37,0.73,3.03,,,,10.1,,,,,,,,,0.53,,,,,1.0,,combined,mixed,powder,45.0,,,,False
93,C-0.63-OPC,0.0,,57.72,,False,False,,matrix,60.53,17.51,12.15,2.72,1.17,1.37,0.73,3.03,,,,10.1,,,,,,,,,0.53,,,,,1.0,,combined,mixed,powder,45.0,,,,False
93,C-0.43-NC,0.0,,76.6,,False,False,,matrix,60.53,17.51,12.15,2.72,1.17,1.37,0.73,3.03,,,,10.1,,,,,,,,,0.53,,,,,1.0,,combined,mixed,powder,45.0,,,,False
93,N-0.63-CP15,15.0,,20.61,0.63,False,False,,sheet1,60.53,17.51,12.15,2.72,1.17,1.37,0.73,3.03,,,,10.1,,,,,,,,,0.53,,,,,1.0,,combined,mixed,powder,45.0,,,,False
93,N-0.63-BP15,15.0,,21.61,,False,False,,matrix,60.53,17.51,12.15,2.72,1.17,1.37,0.73,3.03,,,,10.1,,,,,,,,,0.53,,,,,1.0,,combined,mixed,powder,45.0,,,,False
93,N-0.63-GP15,15.0,,26.59,,False,False,,matrix,60.53,17.51,12.15,2.72,1.17,1.37,0.73,3.03,,,,10.1,,,,,,,,,0.53,,,,,1.0,,combined,mixed,powder,45.0,,,,False
93,N-0.43-CP15,15.0,,39.73,0.43,False,False,,sheet1,60.53,17.51,12.15,2.72,1.17,1.37,0.73,3.03,,,,10.1,,,,,,,,,0.53,,,,,1.0,,combined,mixed,powder,45.0,,,,False
93,N-0.43-GP15,15.0,,41.51,,False,False,,matrix,60.53,17.51,12.15,2.72,1.17,1.37,0.73,3.03,,,,10.1,,,,,,,,,0.53,,,,,1.0,,combined,mixed,powder,45.0,,,,False
93,N-0.43-BP15,15.0,,43.35,,False,False,,matrix,60.53,17.51,12.15,2.72,1.17,1.37,0.73,3.03,,,,10.1,,,,,,,,,0.53,,,,,1.0,,combined,mixed,powder,45.0,,,,False
93,C-0.63-CP15,15.0,,49.69,0.63,False,False,,sheet1,60.53,17.51,12.15,2.72,1.17,1.37,0.73,3.03,,,,10.1,,,,,,,,,0.53,,,,,1.0,,combined,mixed,powder,45.0,,,,False
93,C-0.63-GP15,15.0,,51.24,,False,False,,matrix,60.53,17.51,12.15,2.72,1.17,1.37,0.73,3.03,,,,10.1,,,,,,,,,0.53,,,,,1.0,,combined,mixed,powder,45.0,,,,False
93,C-0.63-BP15,15.0,,52.09,,False,False,,matrix,60.53,17.51,12.15,2.72,1.17,1.37,0.73,3.03,,,,10.1,,,,,,,,,0.53,,,,,1.0,,combined,mixed,powder,45.0,,,,False
93,C-0.43-CP15,15.0,,66.77,0.43,False,False,,sheet1,60.53,17.51,12.15,2.72,1.17,1.37,0.73,3.03,,,,10.1,,,,,,,,,0.53,,,,,1.0,,combined,mixed,powder,45.0,,,,False
93,C-0.43-GP15,15.0,,70.55,,False,False,,matrix,60.53,17.51,12.15,2.72,1.17,1.37,0.73,3.03,,,,10.1,,,,,,,,,0.53,,,,,1.0,,combined,mixed,powder,45.0,,,,False
93,C-0.43-BP15,15.0,,72.72,,False,False,,matrix,60.53,17.51,12.15,2.72,1.17,1.37,0.73,3.03,,,,10.1,,,,,,,,,0.53,,,,,1.0,,combined,mixed,powder,45.0,,,,False
93,N-0.63-CP30,30.0,,16.12,0.63,False,False,,sheet1,60.53,17.51,12.15,2.72,1.17,1.37,0.73,3.03,,,,10.1,,,,,,,,,0.53,,,,,1.0,,combined,mixed,powder,45.0,,,,False
93,N-0.63-BP30,30.0,,16.52,,False,False,,matrix,60.53,17.51,12.15,2.72,1.17,1.37,0.73,3.03,,,,10.1,,,,,,,,,0.53,,,,,1.0,,combined,mixed,powder,45.0,,,,False
93,N-0.63-GP30,30.0,,19.52,,False,False,,matrix,60.53,17.51,12.15,2.72,1.17,1.37,0.73,3.03,,,,10.1,,,,,,,,,0.53,,,,,1.0,,combined,mixed,powder,45.0,,,,False
93,N-0.43-CP30,30.0,,34.73,0.43,False,False,,sheet1,60.53,17.51,12.15,2.72,1.17,1.37,0.73,3.03,,,,10.1,,,,,,,,,0.53,,,,,1.0,,combined,mixed,powder,45.0,,,,False
93,N-0.43-BP30,30.0,,35.25,,False,False,,matrix,60.53,17.51,12.15,2.72,1.17,1.37,0.73,3.03,,,,10.1,,,,,,,,,0.53,,,,,1.0,,combined,mixed,powder,45.0,,,,False
93,N-0.43-GP30,30.0,,36.52,,False,False,,matrix,60.53,17.51,12.15,2.72,1.17,1.37,0.73,3.03,,,,10.1,,,,,,,,,0.53,,,,,1.0,,combined,mixed,powder,45.0,,,,False
93,C-0.63-GP30,30.0,,41.09,,False,False,,matrix,60.53,17.51,12.15,2.72,1.17,1.37,0.73,3.03,,,,10.1,,,,,,,,,0.53,,,,,1.0,,combined,mixed,powder,45.0,,,,False
93,C-0.63-CP30,30.0,,42.34,0.63,False,False,,sheet1,60.53,17.51,12.15,2.72,1.17,1.37,0.73,3.03,,,,10.1,,,,,,,,,0.53,,,,,1.0,,combined,mixed,powder,45.0,,,,False
93,C-0.63-BP30,30.0,,43.56,,False,False,,matrix,60.53,17.51,12.15,2.72,1.17,1.37,0.73,3.03,,,,10.1,,,,,,,,,0.53,,,,,1.0,,combined,mixed,powder,45.0,,,,False
93,C-0.43-BP30,30.0,,52.9,,False,False,,matrix,60.53,17.51,12.15,2.72,1.17,1.37,0.73,3.03,,,,10.1,,,,,,,,,0.53,,,,,1.0,,combined,mixed,powder,45.0,,,,False
93,C-0.43-GP30,30.0,,62.74,,False,False,,matrix,60.53,17.51,12.15,2.72,1.17,1.37,0.73,3.03,,,,10.1,,,,,,,,,0.53,,,,,1.0,,combined,mixed,powder,45.0,,,,False
93,C-0.43-CP30,30.0,,64.28,0.43,False,False,,sheet1,60.53,17.51,12.15,2.72,1.17,1.37,0.73,3.03,,,,10.1,,,,,,,,,0.53,,,,,1.0,,combined,mixed,powder,45.0,,,,False
93,N-0.63-CP45,45.0,,10.9,0.63,False,False,,sheet1,60.53,17.51,12.15,2.72,1.17,1.37,0.73,3.03,,,,10.1,,,,,,,,,0.53,,,,,1.0,,combined,mixed,powder,45.0,,,,False
93,N-0.63-BP45,45.0,,11.88,,False,False,,matrix,60.53,17.51,12.15,2.72,1.17,1.37,0.73,3.03,,,,10.1,,,,,,,,,0.53,,,,,1.0,,combined,mixed,powder,45.0,,,,False
93,N-0.63-GP45,45.0,,15.05,,False,False,,matrix,60.53,17.51,12.15,2.72,1.17,1.37,0.73,3.03,,,,10.1,,,,,,,,,0.53,,,,,1.0,,combined,mixed,powder,45.0,,,,False
93,N-0.43-BP45,45.0,,22.43,,False,False,,matrix,60.53,17.51,12.15,2.72,1.17,1.37,0.73,3.03,,,,10.1,,,,,,,,,0.53,,,,,1.0,,combined,mixed,powder,45.0,,,,False
93,N-0.43-CP45,45.0,,27.0,0.43,False,False,,sheet1,60.53,17.51,12.15,2.72,1.17,1.37,0.73,3.03,,,,10.1,,,,,,,,,0.53,,,,,1.0,,combined,mixed,powder,45.0,,,,False
93,N-0.43-GP45,45.0,,28.25,,False,False,,matrix,60.53,17.51,12.15,2.72,1.17,1.37,0.73,3.03,,,,10.1,,,,,,,,,0.53,,,,,1.0,,combined,mixed,powder,45.0,,,,False
93,C-0.63-BP45,45.0,,32.57,,False,False,,matrix,60.53,17.51,12.15,2.72,1.17,1.37,0.73,3.03,,,,10.1,,,,,,,,,0.53,,,,,1.0,,combined,mixed,powder,45.0,,,,False
93,C-0.63-CP45,45.0,,33.05,0.63,False,False,,sheet1,60.53,17.51,12.15,2.72,1.17,1.37,0.73,3.03,,,,10.1,,,,,,,,,0.53,,,,,1.0,,combined,mixed,powder,45.0,,,,False
93,C-0.63-GP45,45.0,,35.5,,False,False,,matrix,60.53,17.51,12.15,2.72,1.17,1.37,0.73,3.03,,,,10.1,,,,,,,,,0.53,,,,,1.0,,combined,mixed,powder,45.0,,,,False
93,C-0.43-BP45,45.0,,43.18,,False,False,,matrix,60.53,17.51,12.15,2.72,1.17,1.37,0.73,3.03,,,,10.1,,,,,,,,,0.53,,,,,1.0,,combined,mixed,powder,45.0,,,,False
93,C-0.43-GP45,45.0,,50.73,,False,False,,matrix,60.53,17.51,12.15,2.72,1.17,1.37,0.73,3.03,,,,10.1,,,,,,,,,0.53,,,,,1.0,,combined,mixed,powder,45.0,,,,False
93,C-0.43-CP45,45.0,,53.52,0.43,False,False,,sheet1,60.53,17.51,12.15,2.72,1.17,1.37,0.73,3.03,,,,10.1,,,,,,,,,0.53,,,,,1.0,,combined,mixed,powder,45.0,,,,False
94,B4,0.0,3.0,7.0,,True,True,,sheet1,44.89,26.23,13.28,4.48,5.27,1.07,1.71,1.8,,33.919999999999995,1.7366666666666666,9.21,27.776666666666667,,,,,1.0,,,0.5,700.0,2.0,,,1.0,multiple,milling,mixed,fines,45.0,13.9,19.327272727272728,0.3621825023518344,False
94,C4,0.0,3.0,9.0,,True,True,,sheet1,44.89,26.23,13.28,4.48,5.27,1.07,1.71,1.8,,33.919999999999995,1.7366666666666666,9.21,27.776666666666667,,,,,1.0,,,0.5,700.0,2.0,,,1.0,multiple,milling,mixed,fines,45.0,13.9,19.327272727272728,0.4656632173095014,False
94,B3,0.0,3.0,11.0,,True,True,,sheet1,44.89,26.23,13.28,4.48,5.27,1.07,1.71,1.8,,33.919999999999995,1.7366666666666666,9.21,27.776666666666667,,,,,1.0,,,0.5,700.0,2.0,,,1.0,multiple,milling,mixed,fines,45.0,13.9,19.327272727272728,0.5691439322671684,False
94,C3,0.0,3.0,13.5,,True,True,,sheet1,44.89,26.23,13.28,4.48,5.27,1.07,1.71,1.8,,33.919999999999995,1.7366666666666666,9.21,27.776666666666667,,,,,1.0,,,0.5,700.0,2.0,,,1.0,multiple,milling,mixed,fines,45.0,13.9,19.327272727272728,0.698494825964252,False
94,B2,0.0,3.0,16.0,,True,True,,sheet1,44.89,26.23,13.28,4.48,5.27,1.07,1.71,1.8,,33.919999999999995,1.7366666666666666,9.21,27.776666666666667,,,,,1.0,,,0.5,700.0,2.0,,,1.0,multiple,milling,mixed,fines,45.0,13.9,19.327272727272728,0.8278457196613358,False
94,C2,0.0,3.0,18.0,,True,True,,sheet1,44.89,26.23,13.28,4.48,5.27,1.07,1.71,1.8,,33.919999999999995,1.7366666666666666,9.21,27.776666666666667,,,,,1.0,,,0.5,700.0,2.0,,,1.0,multiple,milling,mixed,fines,45.0,13.9,19.327272727272728,0.9313264346190028,False
94,B1,0.0,3.0,21.0,,True,True,,sheet1,44.89,26.23,13.28,4.48,5.27,1.07,1.71,1.8,,33.919999999999995,1.7366666666666666,9.21,27.776666666666667,,,,,1.0,,,0.5,700.0,2.0,,,1.0,multiple,milling,mixed,fines,45.0,13.9,19.327272727272728,1.0865475070555033,False
94,C1,0.0,3.0,22.0,,True,True,,sheet1,44.89,26.23,13.28,4.48,5.27,1.07,1.71,1.8,,33.919999999999995,1.7366666666666666,9.21,27.776666666666667,,,,,1.0,,,0.5,700.0,2.0,,,1.0,multiple,milling,mixed,fines,45.0,13.9,19.327272727272728,1.1382878645343368,False
94,D1,0.0,3.0,24.0,,True,True,,sheet1,44.89,26.23,13.28,4.48,5.27,1.07,1.71,1.8,,33.919999999999995,1.7366666666666666,9.21,27.776666666666667,,,,,1.0,,,0.5,700.0,2.0,,,1.0,multiple,milling,mixed,fines,45.0,13.9,19.327272727272728,1.2417685794920037,False
94,A0,0.0,3.0,26.4,,True,True,,sheet1,44.89,26.23,13.28,4.48,5.27,1.07,1.71,1.8,,33.919999999999995,1.7366666666666666,9.21,27.776666666666667,,,,,1.0,,,0.5,700.0,2.0,,,1.0,multiple,milling,mixed,fines,45.0,13.9,19.327272727272728,1.3659454374412041,False
94,A0,0.0,3.0,44.7,,False,True,,matrix,44.89,26.23,13.28,4.48,5.27,1.07,1.71,1.8,,33.919999999999995,1.7366666666666666,9.21,27.776666666666667,,,,,1.0,,,0.5,700.0,2.0,,,1.0,multiple,milling,mixed,fines,45.0,13.9,19.327272727272728,2.312793979303857,False
94,B4,0.0,7.0,11.0,,True,True,,sheet1,44.89,26.23,13.28,4.48,5.27,1.07,1.71,1.8,,33.919999999999995,1.7366666666666666,9.21,27.776666666666667,,,,,1.0,,,0.5,700.0,2.0,,,1.0,multiple,milling,mixed,fines,45.0,13.9,23.083333333333332,0.47653429602888087,False
94,C4,0.0,7.0,14.0,,True,True,,sheet1,44.89,26.23,13.28,4.48,5.27,1.07,1.71,1.8,,33.919999999999995,1.7366666666666666,9.21,27.776666666666667,,,,,1.0,,,0.5,700.0,2.0,,,1.0,multiple,milling,mixed,fines,45.0,13.9,23.083333333333332,0.6064981949458484,False
94,B3,0.0,7.0,16.0,,True,True,,sheet1,44.89,26.23,13.28,4.48,5.27,1.07,1.71,1.8,,33.919999999999995,1.7366666666666666,9.21,27.776666666666667,,,,,1.0,,,0.5,700.0,2.0,,,1.0,multiple,milling,mixed,fines,45.0,13.9,23.083333333333332,0.6931407942238268,False
94,C3,0.0,7.0,20.0,,True,True,,sheet1,44.89,26.23,13.28,4.48,5.27,1.07,1.71,1.8,,33.919999999999995,1.7366666666666666,9.21,27.776666666666667,,,,,1.0,,,0.5,700.0,2.0,,,1.0,multiple,milling,mixed,fines,45.0,13.9,23.083333333333332,0.8664259927797834,False
94,D4,0.0,7.0,21.0,,True,True,,sheet1,44.89,26.23,13.28,4.48,5.27,1.07,1.71,1.8,,33.919999999999995,1.7366666666666666,9.21,27.776666666666667,,,,,1.0,,,0.5,700.0,2.0,,,1.0,multiple,milling,mixed,fines,45.0,13.9,23.083333333333332,0.9097472924187726,False
94,B2,0.0,7.0,22.0,,True,True,,sheet1,44.89,26.23,13.28,4.48,5.27,1.07,1.71,1.8,,33.919999999999995,1.7366666666666666,9.21,27.776666666666667,,,,,1.0,,,0.5,700.0,2.0,,,1.0,multiple,milling,mixed,fines,45.0,13.9,23.083333333333332,0.9530685920577617,False
94,C2,0.0,7.0,25.0,,True,True,,sheet1,44.89,26.23,13.28,4.48,5.27,1.07,1.71,1.8,,33.919999999999995,1.7366666666666666,9.21,27.776666666666667,,,,,1.0,,,0.5,700.0,2.0,,,1.0,multiple,milling,mixed,fines,45.0,13.9,23.083333333333332,1.0830324909747293,False
94,B1,0.0,7.0,27.0,,True,True,,sheet1,44.89,26.23,13.28,4.48,5.27,1.07,1.71,1.8,,33.919999999999995,1.7366666666666666,9.21,27.776666666666667,,,,,1.0,,,0.5,700.0,2.0,,,1.0,multiple,milling,mixed,fines,45.0,13.9,23.083333333333332,1.1696750902527075,False
94,D3,0.0,7.0,28.0,,True,True,,sheet1,44.89,26.23,13.28,4.48,5.27,1.07,1.71,1.8,,33.919999999999995,1.7366666666666666,9.21,27.776666666666667,,,,,1.0,,,0.5,700.0,2.0,,,1.0,multiple,milling,mixed,fines,45.0,13.9,23.083333333333332,1.212996389891697,False
94,C1,0.0,7.0,29.0,,True,True,,sheet1,44.89,26.23,13.28,4.48,5.27,1.07,1.71,1.8,,33.919999999999995,1.7366666666666666,9.21,27.776666666666667,,,,,1.0,,,0.5,700.0,2.0,,,1.0,multiple,milling,mixed,fines,45.0,13.9,23.083333333333332,1.256317689530686,False
94,D1,0.0,7.0,31.0,,True,True,,sheet1,44.89,26.23,13.28,4.48,5.27,1.07,1.71,1.8,,33.919999999999995,1.7366666666666666,9.21,27.776666666666667,,,,,1.0,,,0.5,700.0,2.0,,,1.0,multiple,milling,mixed,fines,45.0,13.9,23.083333333333332,1.3429602888086642,False
94,7-day: A0,0.0,7.0,33.0,,True,True,,sheet1,44.89,26.23,13.28,4.48,5.27,1.07,1.71,1.8,,33.919999999999995,1.7366666666666666,9.21,27.776666666666667,,,,,1.0,,,0.5,700.0,2.0,,,1.0,multiple,milling,mixed,fines,45.0,13.9,23.083333333333332,1.4296028880866427,False
94,B4,0.0,28.0,18.0,,True,True,,sheet1,44.89,26.23,13.28,4.48,5.27,1.07,1.71,1.8,,33.919999999999995,1.7366666666666666,9.21,27.776666666666667,,,,,1.0,,,0.5,700.0,2.0,,,1.0,multiple,milling,mixed,fines,45.0,13.9,35.253846153846155,0.510582587824569,False
94,C4,0.0,28.0,23.0,,True,True,,sheet1,44.89,26.23,13.28,4.48,5.27,1.07,1.71,1.8,,33.919999999999995,1.7366666666666666,9.21,27.776666666666667,,,,,1.0,,,0.5,700.0,2.0,,,1.0,multiple,milling,mixed,fines,45.0,13.9,35.253846153846155,0.6524110844425048,False
94,B3,0.0,28.0,29.1,,True,True,,sheet1,44.89,26.23,13.28,4.48,5.27,1.07,1.71,1.8,,33.919999999999995,1.7366666666666666,9.21,27.776666666666667,,,,,1.0,,,0.5,700.0,2.0,,,1.0,multiple,milling,mixed,fines,45.0,13.9,35.253846153846155,0.8254418503163866,False
94,C3,0.0,28.0,31.4,,True,True,,sheet1,44.89,26.23,13.28,4.48,5.27,1.07,1.71,1.8,,33.919999999999995,1.7366666666666666,9.21,27.776666666666667,,,,,1.0,,,0.5,700.0,2.0,,,1.0,multiple,milling,mixed,fines,45.0,13.9,35.253846153846155,0.8906829587606371,False
94,B2,0.0,28.0,32.0,,True,True,,sheet1,44.89,26.23,13.28,4.48,5.27,1.07,1.71,1.8,,33.919999999999995,1.7366666666666666,9.21,27.776666666666667,,,,,1.0,,,0.5,700.0,2.0,,,1.0,multiple,milling,mixed,fines,45.0,13.9,35.253846153846155,0.9077023783547894,False
94,C2,0.0,28.0,36.0,,True,True,,sheet1,44.89,26.23,13.28,4.48,5.27,1.07,1.71,1.8,,33.919999999999995,1.7366666666666666,9.21,27.776666666666667,,,,,1.0,,,0.5,700.0,2.0,,,1.0,multiple,milling,mixed,fines,45.0,13.9,35.253846153846155,1.021165175649138,False
94,B1,0.0,28.0,38.0,,True,True,,sheet1,44.89,26.23,13.28,4.48,5.27,1.07,1.71,1.8,,33.919999999999995,1.7366666666666666,9.21,27.776666666666667,,,,,1.0,,,0.5,700.0,2.0,,,1.0,multiple,milling,mixed,fines,45.0,13.9,35.253846153846155,1.0778965742963125,False
94,D4,0.0,28.0,39.0,,True,True,,sheet1,44.89,26.23,13.28,4.48,5.27,1.07,1.71,1.8,,33.919999999999995,1.7366666666666666,9.21,27.776666666666667,,,,,1.0,,,0.5,700.0,2.0,,,1.0,multiple,milling,mixed,fines,45.0,13.9,35.253846153846155,1.1062622736198997,False
94,D2,0.0,28.0,40.0,,True,True,,sheet1,44.89,26.23,13.28,4.48,5.27,1.07,1.71,1.8,,33.919999999999995,1.7366666666666666,9.21,27.776666666666667,,,,,1.0,,,0.5,700.0,2.0,,,1.0,multiple,milling,mixed,fines,45.0,13.9,35.253846153846155,1.1346279729434867,False
94,C1,0.0,28.0,41.0,,True,True,,sheet1,44.89,26.23,13.28,4.48,5.27,1.07,1.71,1.8,,33.919999999999995,1.7366666666666666,9.21,27.776666666666667,,,,,1.0,,,0.5,700.0,2.0,,,1.0,multiple,milling,mixed,fines,45.0,13.9,35.253846153846155,1.162993672267074,False
94,D1,0.0,28.0,43.0,,True,True,,sheet1,44.89,26.23,13.28,4.48,5.27,1.07,1.71,1.8,,33.919999999999995,1.7366666666666666,9.21,27.776666666666667,,,,,1.0,,,0.5,700.0,2.0,,,1.0,multiple,milling,mixed,fines,45.0,13.9,35.253846153846155,1.2197250709142482,False
94,D3,0.0,28.0,43.1,,True,True,,sheet1,44.89,26.23,13.28,4.48,5.27,1.07,1.71,1.8,,33.919999999999995,1.7366666666666666,9.21,27.776666666666667,,,,,1.0,,,0.5,700.0,2.0,,,1.0,multiple,milling,mixed,fines,45.0,13.9,35.253846153846155,1.2225616408466071,False
94,28-day: A0,0.0,28.0,44.7,,True,True,,sheet1,44.89,26.23,13.28,4.48,5.27,1.07,1.71,1.8,,33.919999999999995,1.7366666666666666,9.21,27.776666666666667,,,,,1.0,,,0.5,700.0,2.0,,,1.0,multiple,milling,mixed,fines,45.0,13.9,35.253846153846155,1.2679467597643466,False
94,B1,13.9,28.0,38.0,,True,True,None (Untreated RFP),matrix,44.89,26.23,13.28,4.48,5.27,1.07,1.71,1.8,,33.919999999999995,1.7366666666666666,9.21,27.776666666666667,,,,,1.0,,,0.5,700.0,2.0,,,1.0,multiple,milling,mixed,fines,45.0,13.9,35.253846153846155,1.0778965742963125,False
94,C1,13.9,28.0,41.0,,True,True,Mechanical (Ultrafine Grinding),matrix,44.89,26.23,13.28,4.48,5.27,1.07,1.71,1.8,,33.919999999999995,1.7366666666666666,9.21,27.776666666666667,,,,,1.0,,,0.5,700.0,2.0,,,1.0,multiple,milling,mixed,fines,45.0,13.9,35.253846153846155,1.162993672267074,False
94,D1,13.9,28.0,43.0,,True,True,Ultrafine Grinding + Thermal Activation,matrix,44.89,26.23,13.28,4.48,5.27,1.07,1.71,1.8,,33.919999999999995,1.7366666666666666,9.21,27.776666666666667,,,,,1.0,,,0.5,700.0,2.0,,,1.0,multiple,milling,mixed,fines,45.0,13.9,35.253846153846155,1.2197250709142482,False
94,B2,30.0,28.0,32.0,,True,True,None (Untreated RFP),matrix,44.89,26.23,13.28,4.48,5.27,1.07,1.71,1.8,,33.919999999999995,1.7366666666666666,9.21,27.776666666666667,,,,,1.0,,,0.5,700.0,2.0,,,1.0,multiple,milling,mixed,fines,45.0,13.9,35.253846153846155,0.9077023783547894,False
94,C2,30.0,28.0,36.0,,True,True,Mechanical (Ultrafine Grinding),matrix,44.89,26.23,13.28,4.48,5.27,1.07,1.71,1.8,,33.919999999999995,1.7366666666666666,9.21,27.776666666666667,,,,,1.0,,,0.5,700.0,2.0,,,1.0,multiple,milling,mixed,fines,45.0,13.9,35.253846153846155,1.021165175649138,False
94,D2,30.0,28.0,40.0,,True,True,Ultrafine Grinding + Thermal Activation,matrix,44.89,26.23,13.28,4.48,5.27,1.07,1.71,1.8,,33.919999999999995,1.7366666666666666,9.21,27.776666666666667,,,,,1.0,,,0.5,700.0,2.0,,,1.0,multiple,milling,mixed,fines,45.0,13.9,35.253846153846155,1.1346279729434867,False
94,B3,45.0,28.0,29.1,,True,True,None (Untreated RFP),matrix,44.89,26.23,13.28,4.48,5.27,1.07,1.71,1.8,,33.919999999999995,1.7366666666666666,9.21,27.776666666666667,,,,,1.0,,,0.5,700.0,2.0,,,1.0,multiple,milling,mixed,fines,45.0,13.9,35.253846153846155,0.8254418503163866,False
94,C3,45.0,28.0,31.4,,True,True,Mechanical (Ultrafine Grinding),matrix,44.89,26.23,13.28,4.48,5.27,1.07,1.71,1.8,,33.919999999999995,1.7366666666666666,9.21,27.776666666666667,,,,,1.0,,,0.5,700.0,2.0,,,1.0,multiple,milling,mixed,fines,45.0,13.9,35.253846153846155,0.8906829587606371,False
94,D3,45.0,28.0,43.1,,True,True,Ultrafine Grinding + Thermal Activation,matrix,44.89,26.23,13.28,4.48,5.27,1.07,1.71,1.8,,33.919999999999995,1.7366666666666666,9.21,27.776666666666667,,,,,1.0,,,0.5,700.0,2.0,,,1.0,multiple,milling,mixed,fines,45.0,13.9,35.253846153846155,1.2225616408466071,False
94,B3,45.0,,31.6,,True,False,None (Untreated RFP),matrix,44.89,26.23,13.28,4.48,5.27,1.07,1.71,1.8,,33.919999999999995,1.7366666666666666,9.21,27.776666666666667,,,,,1.0,,,0.5,700.0,2.0,,,1.0,multiple,milling,mixed,fines,45.0,13.9,,,False
94,B4,60.0,28.0,18.0,,True,True,None (Untreated RFP),matrix,44.89,26.23,13.28,4.48,5.27,1.07,1.71,1.8,,33.919999999999995,1.7366666666666666,9.21,27.776666666666667,,,,,1.0,,,0.5,700.0,2.0,,,1.0,multiple,milling,mixed,fines,45.0,13.9,35.253846153846155,0.510582587824569,False
94,C4,60.0,28.0,23.0,,True,True,Mechanical (Ultrafine Grinding),matrix,44.89,26.23,13.28,4.48,5.27,1.07,1.71,1.8,,33.919999999999995,1.7366666666666666,9.21,27.776666666666667,,,,,1.0,,,0.5,700.0,2.0,,,1.0,multiple,milling,mixed,fines,45.0,13.9,35.253846153846155,0.6524110844425048,False
94,D4,60.0,28.0,39.0,,True,True,Ultrafine Grinding + Thermal Activation,matrix,44.89,26.23,13.28,4.48,5.27,1.07,1.71,1.8,,33.919999999999995,1.7366666666666666,9.21,27.776666666666667,,,,,1.0,,,0.5,700.0,2.0,,,1.0,multiple,milling,mixed,fines,45.0,13.9,35.253846153846155,1.1062622736198997,False
95,7 d,0.0,7.0,24.2,,False,True,,sheet1,19.46,56.58,3.92,3.15,2.78,2.54,,,9.6,,,11.6,,,,,,,,,0.5,650.0,2.0,,,,thermal,combined,,powder,10.0,10.0,24.2,1.0,False
95,28 d,0.0,28.0,38.1,,False,True,,sheet1,19.46,56.58,3.92,3.15,2.78,2.54,,,9.6,,,11.6,,,,,,,,,0.5,650.0,2.0,,,,thermal,combined,,powder,10.0,10.0,38.1,1.0,False
95,60 d,0.0,60.0,42.3,,False,True,,sheet1,19.46,56.58,3.92,3.15,2.78,2.54,,,9.6,,,11.6,,,,,,,,,0.5,650.0,2.0,,,,thermal,combined,,powder,10.0,10.0,42.3,1.0,False
95,90 d,0.0,90.0,44.5,,False,True,,sheet1,19.46,56.58,3.92,3.15,2.78,2.54,,,9.6,,,11.6,,,,,,,,,0.5,650.0,2.0,,,,thermal,combined,,powder,10.0,10.0,44.5,1.0,False
95,7 d,10.0,7.0,25.5,,False,True,,sheet1,19.46,56.58,3.92,3.15,2.78,2.54,,,9.6,,,11.6,,,,,,,,,0.5,650.0,2.0,,,,thermal,combined,,powder,10.0,10.0,24.2,1.0537190082644627,False
95,28 d,10.0,28.0,40.6,,False,True,,sheet1,19.46,56.58,3.92,3.15,2.78,2.54,,,9.6,,,11.6,,,,,,,,,0.5,650.0,2.0,,,,thermal,combined,,powder,10.0,10.0,38.1,1.0656167979002624,False
95,60 d,10.0,60.0,45.2,,False,True,,sheet1,19.46,56.58,3.92,3.15,2.78,2.54,,,9.6,,,11.6,,,,,,,,,0.5,650.0,2.0,,,,thermal,combined,,powder,10.0,10.0,42.3,1.0685579196217496,False
95,90 d,10.0,90.0,47.7,,False,True,,sheet1,19.46,56.58,3.92,3.15,2.78,2.54,,,9.6,,,11.6,,,,,,,,,0.5,650.0,2.0,,,,thermal,combined,,powder,10.0,10.0,44.5,1.0719101123595507,False
95,7 d,20.0,7.0,22.7,,False,True,,sheet1,19.46,56.58,3.92,3.15,2.78,2.54,,,9.6,,,11.6,,,,,,,,,0.5,650.0,2.0,,,,thermal,combined,,powder,10.0,10.0,24.2,0.9380165289256198,False
95,28 d,20.0,28.0,35.7,,False,True,,sheet1,19.46,56.58,3.92,3.15,2.78,2.54,,,9.6,,,11.6,,,,,,,,,0.5,650.0,2.0,,,,thermal,combined,,powder,10.0,10.0,38.1,0.937007874015748,False
95,60 d,20.0,60.0,38.5,,False,True,,sheet1,19.46,56.58,3.92,3.15,2.78,2.54,,,9.6,,,11.6,,,,,,,,,0.5,650.0,2.0,,,,thermal,combined,,powder,10.0,10.0,42.3,0.9101654846335698,False
95,90 d,20.0,90.0,39.8,,False,True,,sheet1,19.46,56.58,3.92,3.15,2.78,2.54,,,9.6,,,11.6,,,,,,,,,0.5,650.0,2.0,,,,thermal,combined,,powder,10.0,10.0,44.5,0.89438202247191,False
95,7 d,30.0,7.0,20.7,,False,True,,sheet1,19.46,56.58,3.92,3.15,2.78,2.54,,,9.6,,,11.6,,,,,,,,,0.5,650.0,2.0,,,,thermal,combined,,powder,10.0,10.0,24.2,0.8553719008264463,False
95,28 d,30.0,28.0,34.5,,False,True,,sheet1,19.46,56.58,3.92,3.15,2.78,2.54,,,9.6,,,11.6,,,,,,,,,0.5,650.0,2.0,,,,thermal,combined,,powder,10.0,10.0,38.1,0.905511811023622,False
95,60 d,30.0,60.0,36.5,,False,True,,sheet1,19.46,56.58,3.92,3.15,2.78,2.54,,,9.6,,,11.6,,,,,,,,,0.5,650.0,2.0,,,,thermal,combined,,powder,10.0,10.0,42.3,0.8628841607565012,False
95,90 d,30.0,90.0,37.5,,False,True,,sheet1,19.46,56.58,3.92,3.15,2.78,2.54,,,9.6,,,11.6,,,,,,,,,0.5,650.0,2.0,,,,thermal,combined,,powder,10.0,10.0,44.5,0.8426966292134831,False
95,7 d,40.0,7.0,20.7,,False,True,,sheet1,19.46,56.58,3.92,3.15,2.78,2.54,,,9.6,,,11.6,,,,,,,,,0.5,650.0,2.0,,,,thermal,combined,,powder,10.0,10.0,24.2,0.8553719008264463,False
95,28 d,40.0,28.0,31.4,,False,True,,sheet1,19.46,56.58,3.92,3.15,2.78,2.54,,,9.6,,,11.6,,,,,,,,,0.5,650.0,2.0,,,,thermal,combined,,powder,10.0,10.0,38.1,0.8241469816272965,False
95,60 d,40.0,60.0,34.1,,False,True,,sheet1,19.46,56.58,3.92,3.15,2.78,2.54,,,9.6,,,11.6,,,,,,,,,0.5,650.0,2.0,,,,thermal,combined,,powder,10.0,10.0,42.3,0.806146572104019,False
95,90 d,40.0,90.0,35.2,,False,True,,sheet1,19.46,56.58,3.92,3.15,2.78,2.54,,,9.6,,,11.6,,,,,,,,,0.5,650.0,2.0,,,,thermal,combined,,powder,10.0,10.0,44.5,0.7910112359550563,False
96,REF,0.0,28.0,43.7,,True,True,,sheet1,57.5,23.55,8.55,3.75,0.55,0.4,0.0,1.9,,,1.9,28.9,151.0,,1086.7,,,,,2860.0,0.535,600.0,4.0,42.4,,1.0,multiple,combined,,cdw,15.0,0.0,44.7,0.9776286353467561,False
96,REF,0.0,28.0,45.7,,False,True,,matrix,57.5,23.55,8.55,3.75,0.55,0.4,0.0,1.9,,,1.9,28.9,151.0,,1086.7,,,,,2860.0,0.535,600.0,4.0,42.4,,1.0,multiple,combined,,cdw,15.0,0.0,44.7,1.0223713646532437,False
96,5CDW,5.0,28.0,40.9,,True,True,,sheet1,57.5,23.55,8.55,3.75,0.55,0.4,0.0,1.9,,,1.9,28.9,151.0,,1086.7,,,,,2860.0,0.535,600.0,4.0,42.4,,1.0,multiple,combined,,cdw,15.0,0.0,44.7,0.9149888143176733,False
96,5CDW,5.0,28.0,48.0,,True,True,Mechanical Grinding + Thermal Activation,matrix,57.5,23.55,8.55,3.75,0.55,0.4,0.0,1.9,,,1.9,28.9,151.0,,1086.7,,,,,2860.0,0.535,600.0,4.0,42.4,,1.0,multiple,combined,,cdw,15.0,0.0,44.7,1.0738255033557047,False
96,15CDW,15.0,28.0,37.6,,True,True,,sheet1,57.5,23.55,8.55,3.75,0.55,0.4,0.0,1.9,,,1.9,28.9,151.0,,1086.7,,,,,2860.0,0.535,600.0,4.0,42.4,,1.0,multiple,combined,,cdw,15.0,0.0,44.7,0.8411633109619686,False
96,15CDW,15.0,28.0,43.0,,True,True,Mechanical Grinding + Thermal Activation,matrix,57.5,23.55,8.55,3.75,0.55,0.4,0.0,1.9,,,1.9,28.9,151.0,,1086.7,,,,,2860.0,0.535,600.0,4.0,42.4,,1.0,multiple,combined,,cdw,15.0,0.0,44.7,0.9619686800894854,False
96,25CDW,25.0,28.0,31.9,,False,True,Mechanical Grinding + Thermal Activation,matrix,57.5,23.55,8.55,3.75,0.55,0.4,0.0,1.9,,,1.9,28.9,151.0,,1086.7,,,,,2860.0,0.535,600.0,4.0,42.4,,1.0,multiple,combined,,cdw,15.0,0.0,44.7,0.7136465324384786,False
96,25CDW,25.0,28.0,34.8,,True,True,,sheet1,57.5,23.55,8.55,3.75,0.55,0.4,0.0,1.9,,,1.9,28.9,151.0,,1086.7,,,,,2860.0,0.535,600.0,4.0,42.4,,1.0,multiple,combined,,cdw,15.0,0.0,44.7,0.7785234899328858,False
96,25CDW,25.0,90.0,31.9,,True,True,,sheet1,57.5,23.55,8.55,3.75,0.55,0.4,0.0,1.9,,,1.9,28.9,151.0,,1086.7,,,,,2860.0,0.535,600.0,4.0,42.4,,1.0,multiple,combined,,cdw,15.0,0.0,,,False
96,35CDW,35.0,28.0,26.0,,True,True,,sheet1,57.5,23.55,8.55,3.75,0.55,0.4,0.0,1.9,,,1.9,28.9,151.0,,1086.7,,,,,2860.0,0.535,600.0,4.0,42.4,,1.0,multiple,combined,,cdw,15.0,0.0,44.7,0.5816554809843401,False
96,35CDW,35.0,28.0,28.8,,False,True,Mechanical Grinding + Thermal Activation,matrix,57.5,23.55,8.55,3.75,0.55,0.4,0.0,1.9,,,1.9,28.9,151.0,,1086.7,,,,,2860.0,0.535,600.0,4.0,42.4,,1.0,multiple,combined,,cdw,15.0,0.0,44.7,0.6442953020134228,False
96,35CDW,35.0,90.0,28.8,,True,True,,sheet1,57.5,23.55,8.55,3.75,0.55,0.4,0.0,1.9,,,1.9,28.9,151.0,,1086.7,,,,,2860.0,0.535,600.0,4.0,42.4,,1.0,multiple,combined,,cdw,15.0,0.0,,,False
96,,35.0,90.0,43.0,,True,True,,sheet1,57.5,23.55,8.55,3.75,0.55,0.4,0.0,1.9,,,1.9,28.9,151.0,,1086.7,,,,,2860.0,0.535,600.0,4.0,42.4,,1.0,multiple,combined,,cdw,15.0,0.0,,,False
96,90 Days,35.0,90.0,45.7,,True,True,,sheet1,57.5,23.55,8.55,3.75,0.55,0.4,0.0,1.9,,,1.9,28.9,151.0,,1086.7,,,,,2860.0,0.535,600.0,4.0,42.4,,1.0,multiple,combined,,cdw,15.0,0.0,,,False
96,,35.0,90.0,48.0,,True,True,,sheet1,57.5,23.55,8.55,3.75,0.55,0.4,0.0,1.9,,,1.9,28.9,151.0,,1086.7,,,,,2860.0,0.535,600.0,4.0,42.4,,1.0,multiple,combined,,cdw,15.0,0.0,,,False
98,OPC,0.0,3.0,25.1,,False,True,,sheet1,,,,,,,,,,,,,,,,,,,,,0.4,600.0,2.0,,,,thermal,crushing,mixed,fines,10.0,5.0,33.800000000000004,0.7426035502958579,False
98,OPC,0.0,3.0,34.2,,True,True,,matrix,,,,,,,,,,,,,,,,,,,,,0.4,600.0,2.0,,,,thermal,crushing,mixed,fines,10.0,5.0,33.800000000000004,1.0118343195266273,False
98,OPC,0.0,3.0,42.1,,True,True,,matrix,,,,,,,,,,,,,,,,,,,,,0.4,600.0,2.0,,,,thermal,crushing,mixed,fines,10.0,5.0,33.800000000000004,1.2455621301775146,False
98,RCF5,5.0,3.0,24.3,,True,True,,matrix,,,,,,,,,,,,,,,,,,,,,0.4,600.0,2.0,,,,thermal,crushing,mixed,fines,10.0,5.0,33.800000000000004,0.7189349112426034,False
98,RCF5,5.0,3.0,24.32,,False,True,,sheet1,,,,,,,,,,,,,,,,,,,,,0.4,600.0,2.0,,,,thermal,crushing,mixed,fines,10.0,5.0,33.800000000000004,0.7195266272189348,False
98,RCF5,5.0,3.0,33.1,,True,True,,matrix,,,,,,,,,,,,,,,,,,,,,0.4,600.0,2.0,,,,thermal,crushing,mixed,fines,10.0,5.0,33.800000000000004,0.9792899408284023,False
98,RCF5,5.0,3.0,40.5,,True,True,,matrix,,,,,,,,,,,,,,,,,,,,,0.4,600.0,2.0,,,,thermal,crushing,mixed,fines,10.0,5.0,33.800000000000004,1.1982248520710057,False
98,RCF5,5.0,7.0,33.11,,False,True,,sheet1,,,,,,,,,,,,,,,,,,,,,0.4,600.0,2.0,,,,thermal,crushing,mixed,fines,10.0,5.0,,,False
98,RCF5,5.0,28.0,40.5,,False,True,,sheet1,,,,,,,,,,,,,,,,,,,,,0.4,600.0,2.0,,,,thermal,crushing,mixed,fines,10.0,5.0,,,False
98,RCF10,10.0,3.0,23.5,,True,True,,matrix,,,,,,,,,,,,,,,,,,,,,0.4,600.0,2.0,,,,thermal,crushing,mixed,fines,10.0,5.0,33.800000000000004,0.695266272189349,False
98,RCF10,10.0,3.0,23.51,,False,True,,sheet1,,,,,,,,,,,,,,,,,,,,,0.4,600.0,2.0,,,,thermal,crushing,mixed,fines,10.0,5.0,33.800000000000004,0.6955621301775148,False
98,RCF10-800,10.0,3.0,23.8,,True,True,Thermal Treatment,matrix,,,,,,,,,,,,,,,,,,,,,0.4,600.0,2.0,,,,thermal,crushing,mixed,fines,10.0,5.0,33.800000000000004,0.7041420118343195,False
98,RCF10-800,10.0,3.0,23.82,,False,True,,sheet1,,,,,,,,,,,,,,,,,,,,,0.4,600.0,2.0,,,,thermal,crushing,mixed,fines,10.0,5.0,33.800000000000004,0.7047337278106508,False
98,RCF10-400,10.0,3.0,24.1,,True,True,Thermal Treatment,matrix,,,,,,,,,,,,,,,,,,,,,0.4,600.0,2.0,,,,thermal,crushing,mixed,fines,10.0,5.0,33.800000000000004,0.7130177514792899,False
98,RCF10-400,10.0,3.0,24.11,,False,True,,sheet1,,,,,,,,,,,,,,,,,,,,,0.4,600.0,2.0,,,,thermal,crushing,mixed,fines,10.0,5.0,33.800000000000004,0.7133136094674555,False
98,RCF10-600,10.0,3.0,24.89,,False,True,,sheet1,,,,,,,,,,,,,,,,,,,,,0.4,600.0,2.0,,,,thermal,crushing,mixed,fines,10.0,5.0,33.800000000000004,0.7363905325443786,False
98,RCF10-600,10.0,3.0,24.9,,True,True,Thermal Treatment,matrix,,,,,,,,,,,,,,,,,,,,,0.4,600.0,2.0,,,,thermal,crushing,mixed,fines,10.0,5.0,33.800000000000004,0.7366863905325443,False
98,RCF10,10.0,3.0,31.9,,True,True,,matrix,,,,,,,,,,,,,,,,,,,,,0.4,600.0,2.0,,,,thermal,crushing,mixed,fines,10.0,5.0,33.800000000000004,0.9437869822485205,False
98,RCF10-800,10.0,3.0,32.1,,True,True,Thermal Treatment,matrix,,,,,,,,,,,,,,,,,,,,,0.4,600.0,2.0,,,,thermal,crushing,mixed,fines,10.0,5.0,33.800000000000004,0.9497041420118343,False
98,RCF10-400,10.0,3.0,32.8,,True,True,Thermal Treatment,matrix,,,,,,,,,,,,,,,,,,,,,0.4,600.0,2.0,,,,thermal,crushing,mixed,fines,10.0,5.0,33.800000000000004,0.9704142011834318,False
98,RCF10-600,10.0,3.0,33.9,,True,True,Thermal Treatment,matrix,,,,,,,,,,,,,,,,,,,,,0.4,600.0,2.0,,,,thermal,crushing,mixed,fines,10.0,5.0,33.800000000000004,1.0029585798816567,False
98,RCF10,10.0,3.0,38.9,,True,True,,matrix,,,,,,,,,,,,,,,,,,,,,0.4,600.0,2.0,,,,thermal,crushing,mixed,fines,10.0,5.0,33.800000000000004,1.1508875739644968,False
98,RCF10-800,10.0,3.0,39.75,,True,True,Thermal Treatment,matrix,,,,,,,,,,,,,,,,,,,,,0.4,600.0,2.0,,,,thermal,crushing,mixed,fines,10.0,5.0,33.800000000000004,1.1760355029585798,False
98,RCF10-400,10.0,3.0,39.793,,True,True,Thermal Treatment,matrix,,,,,,,,,,,,,,,,,,,,,0.4,600.0,2.0,,,,thermal,crushing,mixed,fines,10.0,5.0,33.800000000000004,1.1773076923076922,False
98,RCF10-600,10.0,3.0,39.983,,True,True,Thermal Treatment,matrix,,,,,,,,,,,,,,,,,,,,,0.4,600.0,2.0,,,,thermal,crushing,mixed,fines,10.0,5.0,33.800000000000004,1.18292899408284,False
98,RCF10,10.0,7.0,31.85,,False,True,,sheet1,,,,,,,,,,,,,,,,,,,,,0.4,600.0,2.0,,,,thermal,crushing,mixed,fines,10.0,5.0,,,False
98,RCF10-800,10.0,7.0,32.1,,False,True,,sheet1,,,,,,,,,,,,,,,,,,,,,0.4,600.0,2.0,,,,thermal,crushing,mixed,fines,10.0,5.0,,,False
98,RCF10-400,10.0,7.0,32.81,,False,True,,sheet1,,,,,,,,,,,,,,,,,,,,,0.4,600.0,2.0,,,,thermal,crushing,mixed,fines,10.0,5.0,,,False
98,RCF10-600,10.0,7.0,33.9,,False,True,,sheet1,,,,,,,,,,,,,,,,,,,,,0.4,600.0,2.0,,,,thermal,crushing,mixed,fines,10.0,5.0,,,False
98,7d,10.0,7.0,34.21,,False,True,,sheet1,,,,,,,,,,,,,,,,,,,,,0.4,600.0,2.0,,,,thermal,crushing,mixed,fines,10.0,5.0,,,False
98,RCF10,10.0,28.0,38.92,,False,True,,sheet1,,,,,,,,,,,,,,,,,,,,,0.4,600.0,2.0,,,,thermal,crushing,mixed,fines,10.0,5.0,,,False
98,RCF10-800,10.0,28.0,39.75,,False,True,,sheet1,,,,,,,,,,,,,,,,,,,,,0.4,600.0,2.0,,,,thermal,crushing,mixed,fines,10.0,5.0,,,False
98,RCF10-400,10.0,28.0,39.793,,False,True,,sheet1,,,,,,,,,,,,,,,,,,,,,0.4,600.0,2.0,,,,thermal,crushing,mixed,fines,10.0,5.0,,,False
98,RCF10-600,10.0,28.0,39.983,,False,True,,sheet1,,,,,,,,,,,,,,,,,,,,,0.4,600.0,2.0,,,,thermal,crushing,mixed,fines,10.0,5.0,,,False
98,28d,10.0,28.0,42.11,,False,True,,sheet1,,,,,,,,,,,,,,,,,,,,,0.4,600.0,2.0,,,,thermal,crushing,mixed,fines,10.0,5.0,,,False
98,RCF20,20.0,3.0,20.1,,True,True,,matrix,,,,,,,,,,,,,,,,,,,,,0.4,600.0,2.0,,,,thermal,crushing,mixed,fines,10.0,5.0,33.800000000000004,0.5946745562130177,False
98,RCF20,20.0,3.0,20.12,,False,True,,sheet1,,,,,,,,,,,,,,,,,,,,,0.4,600.0,2.0,,,,thermal,crushing,mixed,fines,10.0,5.0,33.800000000000004,0.595266272189349,False
98,RCF20,20.0,3.0,27.5,,True,True,,matrix,,,,,,,,,,,,,,,,,,,,,0.4,600.0,2.0,,,,thermal,crushing,mixed,fines,10.0,5.0,33.800000000000004,0.8136094674556212,False
98,RCF20,20.0,3.0,33.8,,True,True,,matrix,,,,,,,,,,,,,,,,,,,,,0.4,600.0,2.0,,,,thermal,crushing,mixed,fines,10.0,5.0,33.800000000000004,0.9999999999999998,False
98,RCF20,20.0,7.0,27.5,,False,True,,sheet1,,,,,,,,,,,,,,,,,,,,,0.4,600.0,2.0,,,,thermal,crushing,mixed,fines,10.0,5.0,,,False
98,RCF20,20.0,28.0,33.8,,False,True,,sheet1,,,,,,,,,,,,,,,,,,,,,0.4,600.0,2.0,,,,thermal,crushing,mixed,fines,10.0,5.0,,,False
98,RCF30,30.0,3.0,16.2,,True,True,,matrix,,,,,,,,,,,,,,,,,,,,,0.4,600.0,2.0,,,,thermal,crushing,mixed,fines,10.0,5.0,33.800000000000004,0.47928994082840226,False
98,RCF30,30.0,3.0,16.21,,False,True,,sheet1,,,,,,,,,,,,,,,,,,,,,0.4,600.0,2.0,,,,thermal,crushing,mixed,fines,10.0,5.0,33.800000000000004,0.479585798816568,False
98,RCF30,30.0,3.0,22.4,,True,True,,matrix,,,,,,,,,,,,,,,,,,,,,0.4,600.0,2.0,,,,thermal,crushing,mixed,fines,10.0,5.0,33.800000000000004,0.6627218934911241,False
98,RCF30,30.0,3.0,28.1,,True,True,,matrix,,,,,,,,,,,,,,,,,,,,,0.4,600.0,2.0,,,,thermal,crushing,mixed,fines,10.0,5.0,33.800000000000004,0.831360946745562,False
98,RCF30,30.0,7.0,22.4,,False,True,,sheet1,,,,,,,,,,,,,,,,,,,,,0.4,600.0,2.0,,,,thermal,crushing,mixed,fines,10.0,5.0,,,False
98,RCF30,30.0,28.0,28.1,,False,True,,sheet1,,,,,,,,,,,,,,,,,,,,,0.4,600.0,2.0,,,,thermal,crushing,mixed,fines,10.0,5.0,,,False
99,,0.0,7.0,5.5,,False,True,,sheet1,42.96,43.28,5.21,3.06,1.91,2.13,,0.5,,,,,,,,,,,,,0.4,1000.0,3.0,15.0,650.0,,multiple,combined,mixed,paste,,,24.76666666666667,0.22207267833109015,False
99,,0.0,7.0,33.2,,False,True,,sheet1,42.96,43.28,5.21,3.06,1.91,2.13,,0.5,,,,,,,,,,,,,0.4,1000.0,3.0,15.0,650.0,,multiple,combined,mixed,paste,,,24.76666666666667,1.3405114401076716,False
99,,0.0,7.0,35.6,,False,True,,sheet1,42.96,43.28,5.21,3.06,1.91,2.13,,0.5,,,,,,,,,,,,,0.4,1000.0,3.0,15.0,650.0,,multiple,combined,mixed,paste,,,24.76666666666667,1.4374158815612381,False
99,C-1200-0,100.0,,5.5,,False,False,Thermal Activation,matrix,42.96,43.28,5.21,3.06,1.91,2.13,,0.5,,,,,,,,,,,,,0.4,1000.0,3.0,15.0,650.0,,multiple,combined,mixed,paste,,,,,False
99,C-1200-40,100.0,,10.1,,False,False,Thermal Activation,matrix,42.96,43.28,5.21,3.06,1.91,2.13,,0.5,,,,,,,,,,,,,0.4,1000.0,3.0,15.0,650.0,,multiple,combined,mixed,paste,,,,,False
99,C-1200-60,100.0,,12.3,,False,False,Thermal Activation,matrix,42.96,43.28,5.21,3.06,1.91,2.13,,0.5,,,,,,,,,,,,,0.4,1000.0,3.0,15.0,650.0,,multiple,combined,mixed,paste,,,,,False
99,C-800-60,100.0,,16.3,,False,False,Thermal Activation,matrix,42.96,43.28,5.21,3.06,1.91,2.13,,0.5,,,,,,,,,,,,,0.4,1000.0,3.0,15.0,650.0,,multiple,combined,mixed,paste,,,,,False
99,C-800-20,100.0,,20.4,,False,False,Thermal Activation,matrix,42.96,43.28,5.21,3.06,1.91,2.13,,0.5,,,,,,,,,,,,,0.4,1000.0,3.0,15.0,650.0,,multiple,combined,mixed,paste,,,,,False
99,C-800-40,100.0,,20.8,,False,False,Thermal Activation,matrix,42.96,43.28,5.21,3.06,1.91,2.13,,0.5,,,,,,,,,,,,,0.4,1000.0,3.0,15.0,650.0,,multiple,combined,mixed,paste,,,,,False
99,C-1000-60,100.0,,26.1,,False,False,Thermal Activation,matrix,42.96,43.28,5.21,3.06,1.91,2.13,,0.5,,,,,,,,,,,,,0.4,1000.0,3.0,15.0,650.0,,multiple,combined,mixed,paste,,,,,False
99,C-1000-40,100.0,,29.5,,False,False,Thermal Activation,matrix,42.96,43.28,5.21,3.06,1.91,2.13,,0.5,,,,,,,,,,,,,0.4,1000.0,3.0,15.0,650.0,,multiple,combined,mixed,paste,,,,,False
99,C-1000-0,100.0,,33.2,,False,False,Thermal Activation,matrix,42.96,43.28,5.21,3.06,1.91,2.13,,0.5,,,,,,,,,,,,,0.4,1000.0,3.0,15.0,650.0,,multiple,combined,mixed,paste,,,,,False
99,C-800-0,100.0,,35.6,,False,False,Thermal Activation,matrix,42.96,43.28,5.21,3.06,1.91,2.13,,0.5,,,,,,,,,,,,,0.4,1000.0,3.0,15.0,650.0,,multiple,combined,mixed,paste,,,,,False
99,C-1000-20,100.0,,36.5,,False,False,Thermal Activation,matrix,42.96,43.28,5.21,3.06,1.91,2.13,,0.5,,,,,,,,,,,,,0.4,1000.0,3.0,15.0,650.0,,multiple,combined,mixed,paste,,,,,False
101,CRP paste,20.0,28.0,5.92,,False,True,Gas-solid carbonation,matrix,22.33,60.16,5.75,5.06,2.08,,,,4.44,,,,,0.2128,25836.666666666668,25836.666666666668,,,,,0.4,,,4.0,,2.0,carbonation,combined,mixed,paste,,23.39,,,False
101,,23.39,28.0,5.92,,False,True,,sheet1,22.33,60.16,5.75,5.06,2.08,,,,4.44,,,,,0.2128,25836.666666666668,25836.666666666668,,,,,0.4,,,4.0,,2.0,carbonation,combined,mixed,paste,,23.39,,,False
102,,0.0,7.0,34.1,,False,True,,sheet1,26.13,52.8,1.27,1.54,,,0.131,0.288,17.5,,13.134444444444446,30.911111111111115,108.96666666666668,,,,,,,,0.45,,,25.0,500.0,1.0,multiple,crushing,,fines,,0.0,34.1,1.0,False
102,,0.0,28.0,48.55,,False,True,,sheet1,26.13,52.8,1.27,1.54,,,0.131,0.288,17.5,,13.134444444444446,30.911111111111115,108.96666666666668,,,,,,,,0.45,,,25.0,500.0,1.0,multiple,crushing,,fines,,0.0,48.55,1.0,False
102,mortar-untreated,20.0,7.0,19.9,,False,True,,matrix,26.13,52.8,1.27,1.54,,,0.131,0.288,17.5,,13.134444444444446,30.911111111111115,108.96666666666668,,,,,,,,0.45,,,25.0,500.0,1.0,multiple,crushing,,fines,,0.0,34.1,0.5835777126099706,False
102,MCA-RCF 40 min,20.0,7.0,25.77,,False,True,Mechanochemical Activation,matrix,26.13,52.8,1.27,1.54,,,0.131,0.288,17.5,,13.134444444444446,30.911111111111115,108.96666666666668,,,,,,,,0.45,,,25.0,500.0,1.0,multiple,crushing,,fines,,0.0,34.1,0.7557184750733137,False
102,MCA-RCF 30 min,20.0,7.0,28.31,,False,True,Mechanochemical Activation,matrix,26.13,52.8,1.27,1.54,,,0.131,0.288,17.5,,13.134444444444446,30.911111111111115,108.96666666666668,,,,,,,,0.45,,,25.0,500.0,1.0,multiple,crushing,,fines,,0.0,34.1,0.8302052785923753,False
102,MCA-RCF 10 min,20.0,7.0,28.9,,False,True,Mechanochemical Activation,matrix,26.13,52.8,1.27,1.54,,,0.131,0.288,17.5,,13.134444444444446,30.911111111111115,108.96666666666668,,,,,,,,0.45,,,25.0,500.0,1.0,multiple,crushing,,fines,,0.0,34.1,0.847507331378299,False
102,,20.0,7.0,31.02,,False,True,,sheet1,26.13,52.8,1.27,1.54,,,0.131,0.288,17.5,,13.134444444444446,30.911111111111115,108.96666666666668,,,,,,,,0.45,,,25.0,500.0,1.0,multiple,crushing,,fines,,0.0,34.1,0.9096774193548387,False
102,mortar-untreated,20.0,28.0,29.13,,False,True,,matrix,26.13,52.8,1.27,1.54,,,0.131,0.288,17.5,,13.134444444444446,30.911111111111115,108.96666666666668,,,,,,,,0.45,,,25.0,500.0,1.0,multiple,crushing,,fines,,0.0,48.55,0.6,False
102,MCA-RCF 40 min,20.0,28.0,36.81,,False,True,Mechanochemical Activation,matrix,26.13,52.8,1.27,1.54,,,0.131,0.288,17.5,,13.134444444444446,30.911111111111115,108.96666666666668,,,,,,,,0.45,,,25.0,500.0,1.0,multiple,crushing,,fines,,0.0,48.55,0.7581874356333678,False
102,,20.0,28.0,39.33,,False,True,,sheet1,26.13,52.8,1.27,1.54,,,0.131,0.288,17.5,,13.134444444444446,30.911111111111115,108.96666666666668,,,,,,,,0.45,,,25.0,500.0,1.0,multiple,crushing,,fines,,0.0,48.55,0.8100926879505664,False
102,MCA-RCF 30 min,20.0,28.0,39.38,,False,True,Mechanochemical Activation,matrix,26.13,52.8,1.27,1.54,,,0.131,0.288,17.5,,13.134444444444446,30.911111111111115,108.96666666666668,,,,,,,,0.45,,,25.0,500.0,1.0,multiple,crushing,,fines,,0.0,48.55,0.8111225540679713,False
102,MCA-RCF 10 min,20.0,28.0,40.19,,False,True,Mechanochemical Activation,matrix,26.13,52.8,1.27,1.54,,,0.131,0.288,17.5,,13.134444444444446,30.911111111111115,108.96666666666668,,,,,,,,0.45,,,25.0,500.0,1.0,multiple,crushing,,fines,,0.0,48.55,0.8278063851699279,False
103,28d,0.0,28.0,78.41,,False,True,,sheet1,45.38,19.85,12.43,9.87,2.32,0.95,0.08,4.12,4.15,,,17.0,,17.0,,,,,,,0.4,1000.0,2.0,24.0,70.0,2.0,multiple,combined,quartz,powder,20.0,0.0,78.41,1.0,False
103,90d,0.0,90.0,92.0,,False,True,,sheet1,45.38,19.85,12.43,9.87,2.32,0.95,0.08,4.12,4.15,,,17.0,,17.0,,,,,,,0.4,1000.0,2.0,24.0,70.0,2.0,multiple,combined,quartz,powder,20.0,0.0,92.0,1.0,False
103,28d,10.0,28.0,73.3,,False,True,,sheet1,45.38,19.85,12.43,9.87,2.32,0.95,0.08,4.12,4.15,,,17.0,,17.0,,,,,,,0.4,1000.0,2.0,24.0,70.0,2.0,multiple,combined,quartz,powder,20.0,0.0,78.41,0.9348297411044509,False
103,90d,10.0,90.0,98.0,,False,True,,sheet1,45.38,19.85,12.43,9.87,2.32,0.95,0.08,4.12,4.15,,,17.0,,17.0,,,,,,,0.4,1000.0,2.0,24.0,70.0,2.0,multiple,combined,quartz,powder,20.0,0.0,92.0,1.065217391304348,False
103,28d,20.0,28.0,73.0,,False,True,,sheet1,45.38,19.85,12.43,9.87,2.32,0.95,0.08,4.12,4.15,,,17.0,,17.0,,,,,,,0.4,1000.0,2.0,24.0,70.0,2.0,multiple,combined,quartz,powder,20.0,0.0,78.41,0.9310036985078435,False
103,90d,20.0,90.0,99.0,,False,True,,sheet1,45.38,19.85,12.43,9.87,2.32,0.95,0.08,4.12,4.15,,,17.0,,17.0,,,,,,,0.4,1000.0,2.0,24.0,70.0,2.0,multiple,combined,quartz,powder,20.0,0.0,92.0,1.076086956521739,False
103,28d,30.0,28.0,68.41,,False,True,,sheet1,45.38,19.85,12.43,9.87,2.32,0.95,0.08,4.12,4.15,,,17.0,,17.0,,,,,,,0.4,1000.0,2.0,24.0,70.0,2.0,multiple,combined,quartz,powder,20.0,0.0,78.41,0.8724652467797475,False
103,90d,30.0,90.0,91.0,,False,True,,sheet1,45.38,19.85,12.43,9.87,2.32,0.95,0.08,4.12,4.15,,,17.0,,17.0,,,,,,,0.4,1000.0,2.0,24.0,70.0,2.0,multiple,combined,quartz,powder,20.0,0.0,92.0,0.9891304347826086,False
103,28d,40.0,28.0,67.06,,False,True,,sheet1,45.38,19.85,12.43,9.87,2.32,0.95,0.08,4.12,4.15,,,17.0,,17.0,,,,,,,0.4,1000.0,2.0,24.0,70.0,2.0,multiple,combined,quartz,powder,20.0,0.0,78.41,0.8552480550950134,False
103,90d,40.0,90.0,86.0,,False,True,,sheet1,45.38,19.85,12.43,9.87,2.32,0.95,0.08,4.12,4.15,,,17.0,,17.0,,,,,,,0.4,1000.0,2.0,24.0,70.0,2.0,multiple,combined,quartz,powder,20.0,0.0,92.0,0.9347826086956522,False
103,28d,50.0,28.0,61.38,,False,True,,sheet1,45.38,19.85,12.43,9.87,2.32,0.95,0.08,4.12,4.15,,,17.0,,17.0,,,,,,,0.4,1000.0,2.0,24.0,70.0,2.0,multiple,combined,quartz,powder,20.0,0.0,78.41,0.78280831526591,False
103,90d,50.0,90.0,81.0,,False,True,,sheet1,45.38,19.85,12.43,9.87,2.32,0.95,0.08,4.12,4.15,,,17.0,,17.0,,,,,,,0.4,1000.0,2.0,24.0,70.0,2.0,multiple,combined,quartz,powder,20.0,0.0,92.0,0.8804347826086957,False
