paper_id,replacement_pct,age_days,strength_mpa,is_range,sio2,cao,al2o3,fe2o3,mgo,so3,na2o,k2o,loi,amorphous_pct,specific_gravity,mean_particle_um,specific_surface,bet_surface,blaine,wb_ratio,burn_temp_c,burn_duration,grind_duration,pozzolanic_reactivity,activation_method,mineralogy,processing_method,ctrl_strength_mpa,rel_strength,aggregate_replacement_suspect
0,7.0,3.0,20.0,False,89.61,0.91,0.04,0.22,0.42,0.15,0.07,1.58,5.91,90.0,2.15,,,,3600.0,0.5,650.0,60.0,,2.0,thermal,crystalline,controlled_burn,,,False
0,10.0,3.0,20.0,False,89.61,0.91,0.04,0.22,0.42,0.15,0.07,1.58,5.91,90.0,2.15,,,,3600.0,0.5,650.0,60.0,,2.0,thermal,crystalline,controlled_burn,,,False
0,15.0,3.0,20.0,False,89.61,0.91,0.04,0.22,0.42,0.15,0.07,1.58,5.91,90.0,2.15,,,,3600.0,0.5,650.0,60.0,,2.0,thermal,crystalline,controlled_burn,,,False
0,7.0,7.0,29.5,False,89.61,0.91,0.04,0.22,0.42,0.15,0.07,1.58,5.91,90.0,2.15,,,,3600.0,0.5,650.0,60.0,,2.0,thermal,crystalline,controlled_burn,,,False
0,10.0,7.0,30.5,False,89.61,0.91,0.04,0.22,0.42,0.15,0.07,1.58,5.91,90.0,2.15,,,,3600.0,0.5,650.0,60.0,,2.0,thermal,crystalline,controlled_burn,,,False
0,15.0,7.0,31.0,False,89.61,0.91,0.04,0.22,0.42,0.15,0.07,1.58,5.91,90.0,2.15,,,,3600.0,0.5,650.0,60.0,,2.0,thermal,crystalline,controlled_burn,,,False
0,7.0,28.0,44.5,False,89.61,0.91,0.04,0.22,0.42,0.15,0.07,1.58,5.91,90.0,2.15,,,,3600.0,0.5,650.0,60.0,,2.0,thermal,crystalline,controlled_burn,,,False
0,10.0,28.0,46.0,False,89.61,0.91,0.04,0.22,0.42,0.15,0.07,1.58,5.91,90.0,2.15,,,,3600.0,0.5,650.0,60.0,,2.0,thermal,crystalline,controlled_burn,,,False
0,15.0,28.0,47.5,False,89.61,0.91,0.04,0.22,0.42,0.15,0.07,1.58,5.91,90.0,2.15,,,,3600.0,0.5,650.0,60.0,,2.0,thermal,crystalline,controlled_burn,,,False
0,7.0,56.0,52.5,False,89.61,0.91,0.04,0.22,0.42,0.15,0.07,1.58,5.91,90.0,2.15,,,,3600.0,0.5,650.0,60.0,,2.0,thermal,crystalline,controlled_burn,,,False
0,10.0,56.0,54.0,False,89.61,0.91,0.04,0.22,0.42,0.15,0.07,1.58,5.91,90.0,2.15,,,,3600.0,0.5,650.0,60.0,,2.0,thermal,crystalline,controlled_burn,,,False
0,15.0,56.0,56.0,False,89.61,0.91,0.04,0.22,0.42,0.15,0.07,1.58,5.91,90.0,2.15,,,,3600.0,0.5,650.0,60.0,,2.0,thermal,crystalline,controlled_burn,,,False
0,7.0,90.0,54.5,False,89.61,0.91,0.04,0.22,0.42,0.15,0.07,1.58,5.91,90.0,2.15,,,,3600.0,0.5,650.0,60.0,,2.0,thermal,crystalline,controlled_burn,,,False
0,10.0,90.0,55.5,False,89.61,0.91,0.04,0.22,0.42,0.15,0.07,1.58,5.91,90.0,2.15,,,,3600.0,0.5,650.0,60.0,,2.0,thermal,crystalline,controlled_burn,,,False
0,15.0,90.0,58.4,False,89.61,0.91,0.04,0.22,0.42,0.15,0.07,1.58,5.91,90.0,2.15,,,,3600.0,0.5,650.0,60.0,,2.0,thermal,crystalline,controlled_burn,,,False
1,10.0,3.0,46.2,False,80.0,3.82,3.93,0.41,0.25,0.78,0.67,1.45,8.56,,2.11,,,,,0.3142857142857143,550.0,24.0,90.0,,both,,burn_other,,,False
1,10.0,7.0,56.0,False,80.0,3.82,3.93,0.41,0.25,0.78,0.67,1.45,8.56,,2.11,,,,,0.3142857142857143,550.0,24.0,90.0,,both,,burn_other,,,False
1,10.0,28.0,68.1,False,80.0,3.82,3.93,0.41,0.25,0.78,0.67,1.45,8.56,,2.11,,,,,0.3142857142857143,550.0,24.0,90.0,,both,,burn_other,,,False
1,10.0,150.0,71.1,False,80.0,3.82,3.93,0.41,0.25,0.78,0.67,1.45,8.56,,2.11,,,,,0.3142857142857143,550.0,24.0,90.0,,both,,burn_other,,,False
1,20.0,3.0,35.3,False,80.0,3.82,3.93,0.41,0.25,0.78,0.67,1.45,8.56,,2.11,,,,,0.3142857142857143,550.0,24.0,90.0,,both,,burn_other,,,False
1,20.0,7.0,46.8,False,80.0,3.82,3.93,0.41,0.25,0.78,0.67,1.45,8.56,,2.11,,,,,0.3142857142857143,550.0,24.0,90.0,,both,,burn_other,,,False
1,20.0,28.0,57.3,False,80.0,3.82,3.93,0.41,0.25,0.78,0.67,1.45,8.56,,2.11,,,,,0.3142857142857143,550.0,24.0,90.0,,both,,burn_other,,,False
1,20.0,150.0,57.4,False,80.0,3.82,3.93,0.41,0.25,0.78,0.67,1.45,8.56,,2.11,,,,,0.3142857142857143,550.0,24.0,90.0,,both,,burn_other,,,False
1,30.0,3.0,31.5,False,80.0,3.82,3.93,0.41,0.25,0.78,0.67,1.45,8.56,,2.11,,,,,0.3142857142857143,550.0,24.0,90.0,,both,,burn_other,,,False
1,30.0,7.0,39.3,False,80.0,3.82,3.93,0.41,0.25,0.78,0.67,1.45,8.56,,2.11,,,,,0.3142857142857143,550.0,24.0,90.0,,both,,burn_other,,,False
1,30.0,28.0,47.7,False,80.0,3.82,3.93,0.41,0.25,0.78,0.67,1.45,8.56,,2.11,,,,,0.3142857142857143,550.0,24.0,90.0,,both,,burn_other,,,False
1,30.0,150.0,48.8,False,80.0,3.82,3.93,0.41,0.25,0.78,0.67,1.45,8.56,,2.11,,,,,0.3142857142857143,550.0,24.0,90.0,,both,,burn_other,,,False
1,10.0,3.0,47.0,False,80.0,3.82,3.93,0.41,0.25,0.78,0.67,1.45,8.56,,2.11,,,,,0.3142857142857143,550.0,24.0,90.0,,both,,burn_other,,,False
1,10.0,7.0,61.0,False,80.0,3.82,3.93,0.41,0.25,0.78,0.67,1.45,8.56,,2.11,,,,,0.3142857142857143,550.0,24.0,90.0,,both,,burn_other,,,False
1,10.0,28.0,71.0,False,80.0,3.82,3.93,0.41,0.25,0.78,0.67,1.45,8.56,,2.11,,,,,0.3142857142857143,550.0,24.0,90.0,,both,,burn_other,,,False
1,10.0,150.0,72.4,False,80.0,3.82,3.93,0.41,0.25,0.78,0.67,1.45,8.56,,2.11,,,,,0.3142857142857143,550.0,24.0,90.0,,both,,burn_other,,,False
1,20.0,3.0,46.7,False,80.0,3.82,3.93,0.41,0.25,0.78,0.67,1.45,8.56,,2.11,,,,,0.3142857142857143,550.0,24.0,90.0,,both,,burn_other,,,False
1,20.0,7.0,56.0,False,80.0,3.82,3.93,0.41,0.25,0.78,0.67,1.45,8.56,,2.11,,,,,0.3142857142857143,550.0,24.0,90.0,,both,,burn_other,,,False
1,20.0,28.0,70.2,False,80.0,3.82,3.93,0.41,0.25,0.78,0.67,1.45,8.56,,2.11,,,,,0.3142857142857143,550.0,24.0,90.0,,both,,burn_other,,,False
1,20.0,150.0,70.3,False,80.0,3.82,3.93,0.41,0.25,0.78,0.67,1.45,8.56,,2.11,,,,,0.3142857142857143,550.0,24.0,90.0,,both,,burn_other,,,False
1,30.0,3.0,43.1,False,80.0,3.82,3.93,0.41,0.25,0.78,0.67,1.45,8.56,,2.11,,,,,0.3142857142857143,550.0,24.0,90.0,,both,,burn_other,,,False
1,30.0,7.0,51.7,False,80.0,3.82,3.93,0.41,0.25,0.78,0.67,1.45,8.56,,2.11,,,,,0.3142857142857143,550.0,24.0,90.0,,both,,burn_other,,,False
1,30.0,28.0,63.0,False,80.0,3.82,3.93,0.41,0.25,0.78,0.67,1.45,8.56,,2.11,,,,,0.3142857142857143,550.0,24.0,90.0,,both,,burn_other,,,False
1,30.0,150.0,63.2,False,80.0,3.82,3.93,0.41,0.25,0.78,0.67,1.45,8.56,,2.11,,,,,0.3142857142857143,550.0,24.0,90.0,,both,,burn_other,,,False
1,30.0,7.0,36.6,False,80.0,3.82,3.93,0.41,0.25,0.78,0.67,1.45,8.56,,2.11,,,,,0.3142857142857143,550.0,24.0,90.0,,both,,burn_other,,,False
1,30.0,28.0,46.3,False,80.0,3.82,3.93,0.41,0.25,0.78,0.67,1.45,8.56,,2.11,,,,,0.3142857142857143,550.0,24.0,90.0,,both,,burn_other,,,False
1,30.0,150.0,56.0,False,80.0,3.82,3.93,0.41,0.25,0.78,0.67,1.45,8.56,,2.11,,,,,0.3142857142857143,550.0,24.0,90.0,,both,,burn_other,,,False
1,10.0,7.0,32.9,False,80.0,3.82,3.93,0.41,0.25,0.78,0.67,1.45,8.56,,2.11,,,,,0.3142857142857143,550.0,24.0,90.0,,both,,burn_other,,,False
1,10.0,28.0,43.3,False,80.0,3.82,3.93,0.41,0.25,0.78,0.67,1.45,8.56,,2.11,,,,,0.3142857142857143,550.0,24.0,90.0,,both,,burn_other,,,False
1,20.0,7.0,26.3,False,80.0,3.82,3.93,0.41,0.25,0.78,0.67,1.45,8.56,,2.11,,,,,0.3142857142857143,550.0,24.0,90.0,,both,,burn_other,,,False
1,20.0,28.0,36.7,False,80.0,3.82,3.93,0.41,0.25,0.78,0.67,1.45,8.56,,2.11,,,,,0.3142857142857143,550.0,24.0,90.0,,both,,burn_other,,,False
1,30.0,7.0,24.2,False,80.0,3.82,3.93,0.41,0.25,0.78,0.67,1.45,8.56,,2.11,,,,,0.3142857142857143,550.0,24.0,90.0,,both,,burn_other,,,False
1,30.0,28.0,31.0,False,80.0,3.82,3.93,0.41,0.25,0.78,0.67,1.45,8.56,,2.11,,,,,0.3142857142857143,550.0,24.0,90.0,,both,,burn_other,,,False
1,10.0,7.0,35.7,False,80.0,3.82,3.93,0.41,0.25,0.78,0.67,1.45,8.56,,2.11,,,,,0.3142857142857143,550.0,24.0,90.0,,both,,burn_other,,,False
1,10.0,28.0,45.7,False,80.0,3.82,3.93,0.41,0.25,0.78,0.67,1.45,8.56,,2.11,,,,,0.3142857142857143,550.0,24.0,90.0,,both,,burn_other,,,False
1,20.0,7.0,33.8,False,80.0,3.82,3.93,0.41,0.25,0.78,0.67,1.45,8.56,,2.11,,,,,0.3142857142857143,550.0,24.0,90.0,,both,,burn_other,,,False
1,20.0,28.0,45.0,False,80.0,3.82,3.93,0.41,0.25,0.78,0.67,1.45,8.56,,2.11,,,,,0.3142857142857143,550.0,24.0,90.0,,both,,burn_other,,,False
1,30.0,7.0,32.5,False,80.0,3.82,3.93,0.41,0.25,0.78,0.67,1.45,8.56,,2.11,,,,,0.3142857142857143,550.0,24.0,90.0,,both,,burn_other,,,False
1,30.0,28.0,39.7,False,80.0,3.82,3.93,0.41,0.25,0.78,0.67,1.45,8.56,,2.11,,,,,0.3142857142857143,550.0,24.0,90.0,,both,,burn_other,,,False
4,5.0,1.0,5.0,False,87.32,0.48,0.22,0.28,0.28,,1.02,3.14,2.1,87.0,2.06,3.8,36.47,36.47,,0.53,650.0,1.0,,2.0,both,crystalline,burn_other,,,False
4,5.0,3.0,5.0,False,87.32,0.48,0.22,0.28,0.28,,1.02,3.14,2.1,87.0,2.06,3.8,36.47,36.47,,0.53,650.0,1.0,,2.0,both,crystalline,burn_other,,,False
4,5.0,7.0,5.0,False,87.32,0.48,0.22,0.28,0.28,,1.02,3.14,2.1,87.0,2.06,3.8,36.47,36.47,,0.53,650.0,1.0,,2.0,both,crystalline,burn_other,,,False
4,5.0,28.0,5.0,False,87.32,0.48,0.22,0.28,0.28,,1.02,3.14,2.1,87.0,2.06,3.8,36.47,36.47,,0.53,650.0,1.0,,2.0,both,crystalline,burn_other,,,False
4,5.0,14.0,5.0,False,87.32,0.48,0.22,0.28,0.28,,1.02,3.14,2.1,87.0,2.06,3.8,36.47,36.47,,0.53,650.0,1.0,,2.0,both,crystalline,burn_other,,,False
4,5.0,90.0,5.0,False,87.32,0.48,0.22,0.28,0.28,,1.02,3.14,2.1,87.0,2.06,3.8,36.47,36.47,,0.53,650.0,1.0,,2.0,both,crystalline,burn_other,,,False
6,0.0,3.0,16.5,False,89.61,0.91,0.04,0.22,0.42,0.15,0.07,1.58,5.91,90.0,2.15,,,,3600.0,,650.0,60.0,,2.0,thermal,mixed,controlled_burn,16.5,1.0,False
6,0.0,7.0,30.2,False,89.61,0.91,0.04,0.22,0.42,0.15,0.07,1.58,5.91,90.0,2.15,,,,3600.0,,650.0,60.0,,2.0,thermal,mixed,controlled_burn,30.2,1.0,False
6,0.0,28.0,40.3,False,89.61,0.91,0.04,0.22,0.42,0.15,0.07,1.58,5.91,90.0,2.15,,,,3600.0,,650.0,60.0,,2.0,thermal,mixed,controlled_burn,40.3,1.0,False
6,0.0,90.0,50.3,False,89.61,0.91,0.04,0.22,0.42,0.15,0.07,1.58,5.91,90.0,2.15,,,,3600.0,,650.0,60.0,,2.0,thermal,mixed,controlled_burn,50.3,1.0,False
6,7.0,3.0,16.8,False,89.61,0.91,0.04,0.22,0.42,0.15,0.07,1.58,5.91,90.0,2.15,,,,3600.0,,650.0,60.0,,2.0,thermal,mixed,controlled_burn,16.5,1.0181818181818183,False
6,7.0,7.0,32.4,False,89.61,0.91,0.04,0.22,0.42,0.15,0.07,1.58,5.91,90.0,2.15,,,,3600.0,,650.0,60.0,,2.0,thermal,mixed,controlled_burn,30.2,1.0728476821192052,False
6,7.0,28.0,42.8,False,89.61,0.91,0.04,0.22,0.42,0.15,0.07,1.58,5.91,90.0,2.15,,,,3600.0,,650.0,60.0,,2.0,thermal,mixed,controlled_burn,40.3,1.0620347394540943,False
6,7.0,90.0,54.4,False,89.61,0.91,0.04,0.22,0.42,0.15,0.07,1.58,5.91,90.0,2.15,,,,3600.0,,650.0,60.0,,2.0,thermal,mixed,controlled_burn,50.3,1.0815109343936382,False
6,10.0,3.0,17.6,False,89.61,0.91,0.04,0.22,0.42,0.15,0.07,1.58,5.91,90.0,2.15,,,,3600.0,,650.0,60.0,,2.0,thermal,mixed,controlled_burn,16.5,1.0666666666666667,False
6,10.0,7.0,32.6,False,89.61,0.91,0.04,0.22,0.42,0.15,0.07,1.58,5.91,90.0,2.15,,,,3600.0,,650.0,60.0,,2.0,thermal,mixed,controlled_burn,30.2,1.0794701986754967,False
6,10.0,28.0,44.2,False,89.61,0.91,0.04,0.22,0.42,0.15,0.07,1.58,5.91,90.0,2.15,,,,3600.0,,650.0,60.0,,2.0,thermal,mixed,controlled_burn,40.3,1.0967741935483872,False
6,10.0,90.0,59.0,False,89.61,0.91,0.04,0.22,0.42,0.15,0.07,1.58,5.91,90.0,2.15,,,,3600.0,,650.0,60.0,,2.0,thermal,mixed,controlled_burn,50.3,1.1729622266401591,False
6,15.0,3.0,17.9,False,89.61,0.91,0.04,0.22,0.42,0.15,0.07,1.58,5.91,90.0,2.15,,,,3600.0,,650.0,60.0,,2.0,thermal,mixed,controlled_burn,16.5,1.0848484848484847,False
6,15.0,7.0,34.2,False,89.61,0.91,0.04,0.22,0.42,0.15,0.07,1.58,5.91,90.0,2.15,,,,3600.0,,650.0,60.0,,2.0,thermal,mixed,controlled_burn,30.2,1.1324503311258278,False
6,15.0,28.0,46.9,False,89.61,0.91,0.04,0.22,0.42,0.15,0.07,1.58,5.91,90.0,2.15,,,,3600.0,,650.0,60.0,,2.0,thermal,mixed,controlled_burn,40.3,1.163771712158809,False
6,15.0,90.0,63.2,False,89.61,0.91,0.04,0.22,0.42,0.15,0.07,1.58,5.91,90.0,2.15,,,,3600.0,,650.0,60.0,,2.0,thermal,mixed,controlled_burn,50.3,1.2564612326043738,False
8,5.0,28.0,40.2,False,94.5,0.86,0.345,0.275,0.21,,0.32,1.43,0.2299999999999999,95.0,2120.0,18.0,,74.5,,4.784000000000001,600.0,3.0,90.0,2.0,both,amorphous,burn_other,,,False
8,5.0,56.0,43.1,False,94.5,0.86,0.345,0.275,0.21,,0.32,1.43,0.2299999999999999,95.0,2120.0,18.0,,74.5,,4.784000000000001,600.0,3.0,90.0,2.0,both,amorphous,burn_other,,,False
8,5.0,90.0,45.0,False,94.5,0.86,0.345,0.275,0.21,,0.32,1.43,0.2299999999999999,95.0,2120.0,18.0,,74.5,,4.784000000000001,600.0,3.0,90.0,2.0,both,amorphous,burn_other,,,False
8,5.0,180.0,48.6,False,94.5,0.86,0.345,0.275,0.21,,0.32,1.43,0.2299999999999999,95.0,2120.0,18.0,,74.5,,4.784000000000001,600.0,3.0,90.0,2.0,both,amorphous,burn_other,,,False
8,10.0,28.0,33.9,False,94.5,0.86,0.345,0.275,0.21,,0.32,1.43,0.2299999999999999,95.0,2120.0,18.0,,74.5,,4.784000000000001,600.0,3.0,90.0,2.0,both,amorphous,burn_other,,,False
8,10.0,56.0,37.4,False,94.5,0.86,0.345,0.275,0.21,,0.32,1.43,0.2299999999999999,95.0,2120.0,18.0,,74.5,,4.784000000000001,600.0,3.0,90.0,2.0,both,amorphous,burn_other,,,False
8,10.0,90.0,40.0,False,94.5,0.86,0.345,0.275,0.21,,0.32,1.43,0.2299999999999999,95.0,2120.0,18.0,,74.5,,4.784000000000001,600.0,3.0,90.0,2.0,both,amorphous,burn_other,,,False
8,10.0,180.0,42.7,False,94.5,0.86,0.345,0.275,0.21,,0.32,1.43,0.2299999999999999,95.0,2120.0,18.0,,74.5,,4.784000000000001,600.0,3.0,90.0,2.0,both,amorphous,burn_other,,,False
8,15.0,28.0,34.4,False,94.5,0.86,0.345,0.275,0.21,,0.32,1.43,0.2299999999999999,95.0,2120.0,18.0,,74.5,,4.784000000000001,600.0,3.0,90.0,2.0,both,amorphous,burn_other,,,False
8,15.0,56.0,38.6,False,94.5,0.86,0.345,0.275,0.21,,0.32,1.43,0.2299999999999999,95.0,2120.0,18.0,,74.5,,4.784000000000001,600.0,3.0,90.0,2.0,both,amorphous,burn_other,,,False
8,15.0,90.0,41.1,False,94.5,0.86,0.345,0.275,0.21,,0.32,1.43,0.2299999999999999,95.0,2120.0,18.0,,74.5,,4.784000000000001,600.0,3.0,90.0,2.0,both,amorphous,burn_other,,,False
8,15.0,180.0,43.5,False,94.5,0.86,0.345,0.275,0.21,,0.32,1.43,0.2299999999999999,95.0,2120.0,18.0,,74.5,,4.784000000000001,600.0,3.0,90.0,2.0,both,amorphous,burn_other,,,False
8,20.0,28.0,36.3,False,94.5,0.86,0.345,0.275,0.21,,0.32,1.43,0.2299999999999999,95.0,2120.0,18.0,,74.5,,4.784000000000001,600.0,3.0,90.0,2.0,both,amorphous,burn_other,,,False
8,20.0,56.0,40.3,False,94.5,0.86,0.345,0.275,0.21,,0.32,1.43,0.2299999999999999,95.0,2120.0,18.0,,74.5,,4.784000000000001,600.0,3.0,90.0,2.0,both,amorphous,burn_other,,,False
8,20.0,90.0,42.3,False,94.5,0.86,0.345,0.275,0.21,,0.32,1.43,0.2299999999999999,95.0,2120.0,18.0,,74.5,,4.784000000000001,600.0,3.0,90.0,2.0,both,amorphous,burn_other,,,False
8,20.0,180.0,45.0,False,94.5,0.86,0.345,0.275,0.21,,0.32,1.43,0.2299999999999999,95.0,2120.0,18.0,,74.5,,4.784000000000001,600.0,3.0,90.0,2.0,both,amorphous,burn_other,,,False
8,5.0,28.0,41.5,False,94.5,0.86,0.345,0.275,0.21,,0.32,1.43,0.2299999999999999,95.0,2120.0,18.0,,74.5,,4.784000000000001,600.0,3.0,90.0,2.0,both,amorphous,burn_other,,,False
8,5.0,56.0,46.5,False,94.5,0.86,0.345,0.275,0.21,,0.32,1.43,0.2299999999999999,95.0,2120.0,18.0,,74.5,,4.784000000000001,600.0,3.0,90.0,2.0,both,amorphous,burn_other,,,False
8,5.0,90.0,49.0,False,94.5,0.86,0.345,0.275,0.21,,0.32,1.43,0.2299999999999999,95.0,2120.0,18.0,,74.5,,4.784000000000001,600.0,3.0,90.0,2.0,both,amorphous,burn_other,,,False
8,5.0,180.0,51.6,False,94.5,0.86,0.345,0.275,0.21,,0.32,1.43,0.2299999999999999,95.0,2120.0,18.0,,74.5,,4.784000000000001,600.0,3.0,90.0,2.0,both,amorphous,burn_other,,,False
8,10.0,28.0,41.8,False,94.5,0.86,0.345,0.275,0.21,,0.32,1.43,0.2299999999999999,95.0,2120.0,18.0,,74.5,,4.784000000000001,600.0,3.0,90.0,2.0,both,amorphous,burn_other,,,False
8,10.0,56.0,47.8,False,94.5,0.86,0.345,0.275,0.21,,0.32,1.43,0.2299999999999999,95.0,2120.0,18.0,,74.5,,4.784000000000001,600.0,3.0,90.0,2.0,both,amorphous,burn_other,,,False
8,10.0,90.0,50.5,False,94.5,0.86,0.345,0.275,0.21,,0.32,1.43,0.2299999999999999,95.0,2120.0,18.0,,74.5,,4.784000000000001,600.0,3.0,90.0,2.0,both,amorphous,burn_other,,,False
8,10.0,180.0,52.8,False,94.5,0.86,0.345,0.275,0.21,,0.32,1.43,0.2299999999999999,95.0,2120.0,18.0,,74.5,,4.784000000000001,600.0,3.0,90.0,2.0,both,amorphous,burn_other,,,False
8,15.0,28.0,36.3,False,94.5,0.86,0.345,0.275,0.21,,0.32,1.43,0.2299999999999999,95.0,2120.0,18.0,,74.5,,4.784000000000001,600.0,3.0,90.0,2.0,both,amorphous,burn_other,,,False
8,15.0,56.0,40.7,False,94.5,0.86,0.345,0.275,0.21,,0.32,1.43,0.2299999999999999,95.0,2120.0,18.0,,74.5,,4.784000000000001,600.0,3.0,90.0,2.0,both,amorphous,burn_other,,,False
8,15.0,90.0,42.7,False,94.5,0.86,0.345,0.275,0.21,,0.32,1.43,0.2299999999999999,95.0,2120.0,18.0,,74.5,,4.784000000000001,600.0,3.0,90.0,2.0,both,amorphous,burn_other,,,False
8,15.0,180.0,45.0,False,94.5,0.86,0.345,0.275,0.21,,0.32,1.43,0.2299999999999999,95.0,2120.0,18.0,,74.5,,4.784000000000001,600.0,3.0,90.0,2.0,both,amorphous,burn_other,,,False
8,20.0,28.0,33.8,False,94.5,0.86,0.345,0.275,0.21,,0.32,1.43,0.2299999999999999,95.0,2120.0,18.0,,74.5,,4.784000000000001,600.0,3.0,90.0,2.0,both,amorphous,burn_other,,,False
8,20.0,56.0,37.4,False,94.5,0.86,0.345,0.275,0.21,,0.32,1.43,0.2299999999999999,95.0,2120.0,18.0,,74.5,,4.784000000000001,600.0,3.0,90.0,2.0,both,amorphous,burn_other,,,False
8,20.0,90.0,40.0,False,94.5,0.86,0.345,0.275,0.21,,0.32,1.43,0.2299999999999999,95.0,2120.0,18.0,,74.5,,4.784000000000001,600.0,3.0,90.0,2.0,both,amorphous,burn_other,,,False
8,20.0,180.0,42.7,False,94.5,0.86,0.345,0.275,0.21,,0.32,1.43,0.2299999999999999,95.0,2120.0,18.0,,74.5,,4.784000000000001,600.0,3.0,90.0,2.0,both,amorphous,burn_other,,,False
8,10.0,28.0,44.0,False,94.5,0.86,0.345,0.275,0.21,,0.32,1.43,0.2299999999999999,95.0,2120.0,18.0,,74.5,,4.784000000000001,600.0,3.0,90.0,2.0,both,amorphous,burn_other,,,False
8,10.0,56.0,49.0,False,94.5,0.86,0.345,0.275,0.21,,0.32,1.43,0.2299999999999999,95.0,2120.0,18.0,,74.5,,4.784000000000001,600.0,3.0,90.0,2.0,both,amorphous,burn_other,,,False
8,10.0,90.0,52.0,False,94.5,0.86,0.345,0.275,0.21,,0.32,1.43,0.2299999999999999,95.0,2120.0,18.0,,74.5,,4.784000000000001,600.0,3.0,90.0,2.0,both,amorphous,burn_other,,,False
8,10.0,180.0,52.0,False,94.5,0.86,0.345,0.275,0.21,,0.32,1.43,0.2299999999999999,95.0,2120.0,18.0,,74.5,,4.784000000000001,600.0,3.0,90.0,2.0,both,amorphous,burn_other,,,False
8,10.0,28.0,49.0,False,94.5,0.86,0.345,0.275,0.21,,0.32,1.43,0.2299999999999999,95.0,2120.0,18.0,,74.5,,4.784000000000001,600.0,3.0,90.0,2.0,both,amorphous,burn_other,,,False
8,10.0,56.0,55.5,False,94.5,0.86,0.345,0.275,0.21,,0.32,1.43,0.2299999999999999,95.0,2120.0,18.0,,74.5,,4.784000000000001,600.0,3.0,90.0,2.0,both,amorphous,burn_other,,,False
8,10.0,90.0,57.0,False,94.5,0.86,0.345,0.275,0.21,,0.32,1.43,0.2299999999999999,95.0,2120.0,18.0,,74.5,,4.784000000000001,600.0,3.0,90.0,2.0,both,amorphous,burn_other,,,False
8,10.0,180.0,58.0,False,94.5,0.86,0.345,0.275,0.21,,0.32,1.43,0.2299999999999999,95.0,2120.0,18.0,,74.5,,4.784000000000001,600.0,3.0,90.0,2.0,both,amorphous,burn_other,,,False
11,0.0,1.0,46.0,True,88.32,0.67,0.46,0.67,0.44,,1.7066666666666668,2.91,5.81,,2.11,93.71818181818183,16.88571428571429,16.88571428571429,,0.53,690.0,24.0,225.0,2.0,both,amorphous,controlled_burn,46.0,1.0,False
13,0.0,7.0,30.5,False,47.5725,1.97875,1.87125,1.9275,2.07125,1.829375,1.79875,2.7731250000000003,3.9275,,2.73,7.391764705882353,,,2583.4444444444443,0.49,700.0,6.0,127.5,2.0,mechanical,crystalline,burn_other,25.5,1.196078431372549,False
13,0.0,7.0,20.5,False,47.5725,1.97875,1.87125,1.9275,2.07125,1.829375,1.79875,2.7731250000000003,3.9275,,2.73,7.391764705882353,,,2583.4444444444443,0.49,700.0,6.0,127.5,2.0,mechanical,crystalline,burn_other,25.5,0.803921568627451,False
13,0.0,28.0,41.0,False,47.5725,1.97875,1.87125,1.9275,2.07125,1.829375,1.79875,2.7731250000000003,3.9275,,2.73,7.391764705882353,,,2583.4444444444443,0.49,700.0,6.0,127.5,2.0,mechanical,crystalline,burn_other,35.0,1.1714285714285715,False
13,0.0,28.0,29.0,False,47.5725,1.97875,1.87125,1.9275,2.07125,1.829375,1.79875,2.7731250000000003,3.9275,,2.73,7.391764705882353,,,2583.4444444444443,0.49,700.0,6.0,127.5,2.0,mechanical,crystalline,burn_other,35.0,0.8285714285714286,False
14,10.0,1.0,41.0,False,91.0,,0.35,0.41,0.81,1.21,0.08,3.21,8.5,,2.06,49.5,,,,0.3499999999999999,700.0,,30.5,,mechanical,mixed,controlled_burn,,,False
14,10.0,3.0,59.0,False,91.0,,0.35,0.41,0.81,1.21,0.08,3.21,8.5,,2.06,49.5,,,,0.3499999999999999,700.0,,30.5,,mechanical,mixed,controlled_burn,,,False
14,10.0,7.0,62.0,False,91.0,,0.35,0.41,0.81,1.21,0.08,3.21,8.5,,2.06,49.5,,,,0.3499999999999999,700.0,,30.5,,mechanical,mixed,controlled_burn,,,False
14,10.0,14.0,63.0,False,91.0,,0.35,0.41,0.81,1.21,0.08,3.21,8.5,,2.06,49.5,,,,0.3499999999999999,700.0,,30.5,,mechanical,mixed,controlled_burn,,,False
14,10.0,28.0,66.0,False,91.0,,0.35,0.41,0.81,1.21,0.08,3.21,8.5,,2.06,49.5,,,,0.3499999999999999,700.0,,30.5,,mechanical,mixed,controlled_burn,,,False
14,10.0,56.0,69.0,False,91.0,,0.35,0.41,0.81,1.21,0.08,3.21,8.5,,2.06,49.5,,,,0.3499999999999999,700.0,,30.5,,mechanical,mixed,controlled_burn,,,False
14,10.0,91.0,74.0,False,91.0,,0.35,0.41,0.81,1.21,0.08,3.21,8.5,,2.06,49.5,,,,0.3499999999999999,700.0,,30.5,,mechanical,mixed,controlled_burn,,,False
14,30.0,1.0,30.0,False,91.0,,0.35,0.41,0.81,1.21,0.08,3.21,8.5,,2.06,49.5,,,,0.3499999999999999,700.0,,30.5,,mechanical,mixed,controlled_burn,,,False
14,10.0,3.0,50.0,False,91.0,,0.35,0.41,0.81,1.21,0.08,3.21,8.5,,2.06,49.5,,,,0.3499999999999999,700.0,,30.5,,mechanical,mixed,controlled_burn,,,False
14,10.0,7.0,46.0,False,91.0,,0.35,0.41,0.81,1.21,0.08,3.21,8.5,,2.06,49.5,,,,0.3499999999999999,700.0,,30.5,,mechanical,mixed,controlled_burn,,,False
14,10.0,14.0,54.0,False,91.0,,0.35,0.41,0.81,1.21,0.08,3.21,8.5,,2.06,49.5,,,,0.3499999999999999,700.0,,30.5,,mechanical,mixed,controlled_burn,,,False
14,10.0,28.0,56.0,False,91.0,,0.35,0.41,0.81,1.21,0.08,3.21,8.5,,2.06,49.5,,,,0.3499999999999999,700.0,,30.5,,mechanical,mixed,controlled_burn,,,False
14,10.0,56.0,60.0,False,91.0,,0.35,0.41,0.81,1.21,0.08,3.21,8.5,,2.06,49.5,,,,0.3499999999999999,700.0,,30.5,,mechanical,mixed,controlled_burn,,,False
14,10.0,91.0,67.0,False,91.0,,0.35,0.41,0.81,1.21,0.08,3.21,8.5,,2.06,49.5,,,,0.3499999999999999,700.0,,30.5,,mechanical,mixed,controlled_burn,,,False
14,10.0,1.0,27.0,False,91.0,,0.35,0.41,0.81,1.21,0.08,3.21,8.5,,2.06,49.5,,,,0.3499999999999999,700.0,,30.5,,mechanical,mixed,controlled_burn,,,False
14,10.0,3.0,47.0,False,91.0,,0.35,0.41,0.81,1.21,0.08,3.21,8.5,,2.06,49.5,,,,0.3499999999999999,700.0,,30.5,,mechanical,mixed,controlled_burn,,,False
14,10.0,7.0,41.0,False,91.0,,0.35,0.41,0.81,1.21,0.08,3.21,8.5,,2.06,49.5,,,,0.3499999999999999,700.0,,30.5,,mechanical,mixed,controlled_burn,,,False
14,10.0,14.0,52.0,False,91.0,,0.35,0.41,0.81,1.21,0.08,3.21,8.5,,2.06,49.5,,,,0.3499999999999999,700.0,,30.5,,mechanical,mixed,controlled_burn,,,False
14,10.0,28.0,61.0,False,91.0,,0.35,0.41,0.81,1.21,0.08,3.21,8.5,,2.06,49.5,,,,0.3499999999999999,700.0,,30.5,,mechanical,mixed,controlled_burn,,,False
14,10.0,56.0,62.0,False,91.0,,0.35,0.41,0.81,1.21,0.08,3.21,8.5,,2.06,49.5,,,,0.3499999999999999,700.0,,30.5,,mechanical,mixed,controlled_burn,,,False
14,20.0,1.0,26.0,False,91.0,,0.35,0.41,0.81,1.21,0.08,3.21,8.5,,2.06,49.5,,,,0.3499999999999999,700.0,,30.5,,mechanical,mixed,controlled_burn,,,False
14,20.0,3.0,38.0,False,91.0,,0.35,0.41,0.81,1.21,0.08,3.21,8.5,,2.06,49.5,,,,0.3499999999999999,700.0,,30.5,,mechanical,mixed,controlled_burn,,,False
14,20.0,7.0,47.0,False,91.0,,0.35,0.41,0.81,1.21,0.08,3.21,8.5,,2.06,49.5,,,,0.3499999999999999,700.0,,30.5,,mechanical,mixed,controlled_burn,,,False
14,20.0,14.0,52.0,False,91.0,,0.35,0.41,0.81,1.21,0.08,3.21,8.5,,2.06,49.5,,,,0.3499999999999999,700.0,,30.5,,mechanical,mixed,controlled_burn,,,False
14,20.0,28.0,60.0,False,91.0,,0.35,0.41,0.81,1.21,0.08,3.21,8.5,,2.06,49.5,,,,0.3499999999999999,700.0,,30.5,,mechanical,mixed,controlled_burn,,,False
14,20.0,56.0,61.0,False,91.0,,0.35,0.41,0.81,1.21,0.08,3.21,8.5,,2.06,49.5,,,,0.3499999999999999,700.0,,30.5,,mechanical,mixed,controlled_burn,,,False
14,20.0,91.0,69.0,False,91.0,,0.35,0.41,0.81,1.21,0.08,3.21,8.5,,2.06,49.5,,,,0.3499999999999999,700.0,,30.5,,mechanical,mixed,controlled_burn,,,False
14,30.0,1.0,19.0,False,91.0,,0.35,0.41,0.81,1.21,0.08,3.21,8.5,,2.06,49.5,,,,0.3499999999999999,700.0,,30.5,,mechanical,mixed,controlled_burn,,,False
14,30.0,3.0,32.0,False,91.0,,0.35,0.41,0.81,1.21,0.08,3.21,8.5,,2.06,49.5,,,,0.3499999999999999,700.0,,30.5,,mechanical,mixed,controlled_burn,,,False
14,30.0,7.0,43.0,False,91.0,,0.35,0.41,0.81,1.21,0.08,3.21,8.5,,2.06,49.5,,,,0.3499999999999999,700.0,,30.5,,mechanical,mixed,controlled_burn,,,False
14,30.0,14.0,51.0,False,91.0,,0.35,0.41,0.81,1.21,0.08,3.21,8.5,,2.06,49.5,,,,0.3499999999999999,700.0,,30.5,,mechanical,mixed,controlled_burn,,,False
14,30.0,28.0,54.0,False,91.0,,0.35,0.41,0.81,1.21,0.08,3.21,8.5,,2.06,49.5,,,,0.3499999999999999,700.0,,30.5,,mechanical,mixed,controlled_burn,,,False
14,30.0,56.0,60.0,False,91.0,,0.35,0.41,0.81,1.21,0.08,3.21,8.5,,2.06,49.5,,,,0.3499999999999999,700.0,,30.5,,mechanical,mixed,controlled_burn,,,False
14,30.0,91.0,64.0,False,91.0,,0.35,0.41,0.81,1.21,0.08,3.21,8.5,,2.06,49.5,,,,0.3499999999999999,700.0,,30.5,,mechanical,mixed,controlled_burn,,,False
14,10.0,1.0,16.0,False,91.0,,0.35,0.41,0.81,1.21,0.08,3.21,8.5,,2.06,49.5,,,,0.3499999999999999,700.0,,30.5,,mechanical,mixed,controlled_burn,,,False
14,10.0,3.0,26.0,False,91.0,,0.35,0.41,0.81,1.21,0.08,3.21,8.5,,2.06,49.5,,,,0.3499999999999999,700.0,,30.5,,mechanical,mixed,controlled_burn,,,False
14,10.0,7.0,37.0,False,91.0,,0.35,0.41,0.81,1.21,0.08,3.21,8.5,,2.06,49.5,,,,0.3499999999999999,700.0,,30.5,,mechanical,mixed,controlled_burn,,,False
14,10.0,14.0,40.0,False,91.0,,0.35,0.41,0.81,1.21,0.08,3.21,8.5,,2.06,49.5,,,,0.3499999999999999,700.0,,30.5,,mechanical,mixed,controlled_burn,,,False
14,10.0,28.0,47.0,False,91.0,,0.35,0.41,0.81,1.21,0.08,3.21,8.5,,2.06,49.5,,,,0.3499999999999999,700.0,,30.5,,mechanical,mixed,controlled_burn,,,False
14,10.0,56.0,51.0,False,91.0,,0.35,0.41,0.81,1.21,0.08,3.21,8.5,,2.06,49.5,,,,0.3499999999999999,700.0,,30.5,,mechanical,mixed,controlled_burn,,,False
14,10.0,91.0,56.0,False,91.0,,0.35,0.41,0.81,1.21,0.08,3.21,8.5,,2.06,49.5,,,,0.3499999999999999,700.0,,30.5,,mechanical,mixed,controlled_burn,,,False
15,0.0,7.0,37.2,False,82.5,,,,,,,,,,2.27,,,,,22.6775,,,,2.0,,,burn_other,42.755,0.8700736755934978,False
15,5.0,7.0,35.34,False,82.5,,,,,,,,,,2.27,,,,,22.6775,,,,2.0,,,burn_other,42.755,0.826569991813823,False
15,10.0,7.0,34.12,False,82.5,,,,,,,,,,2.27,,,,,22.6775,,,,2.0,,,burn_other,42.755,0.7980353175067243,False
15,15.0,7.0,30.36,False,82.5,,,,,,,,,,2.27,,,,,22.6775,,,,2.0,,,burn_other,42.755,0.7100923868553385,False
15,0.0,28.0,50.8,False,82.5,,,,,,,,,,2.27,,,,,22.6775,,,,2.0,,,burn_other,55.084999999999994,0.9222111282563312,False
15,5.0,28.0,48.26,False,82.5,,,,,,,,,,2.27,,,,,22.6775,,,,2.0,,,burn_other,55.084999999999994,0.8761005718435146,False
15,10.0,28.0,44.72,False,82.5,,,,,,,,,,2.27,,,,,22.6775,,,,2.0,,,burn_other,55.084999999999994,0.8118362530634474,False
15,15.0,28.0,43.18,False,82.5,,,,,,,,,,2.27,,,,,22.6775,,,,2.0,,,burn_other,55.084999999999994,0.7838794590178816,False
15,0.0,90.0,51.74,False,82.5,,,,,,,,,,2.27,,,,,22.6775,,,,2.0,,,burn_other,57.120000000000005,0.905812324929972,False
15,5.0,90.0,49.15,False,82.5,,,,,,,,,,2.27,,,,,22.6775,,,,2.0,,,burn_other,57.120000000000005,0.86046918767507,False
15,10.0,90.0,47.08,False,82.5,,,,,,,,,,2.27,,,,,22.6775,,,,2.0,,,burn_other,57.120000000000005,0.8242296918767507,False
15,15.0,90.0,45.04,False,82.5,,,,,,,,,,2.27,,,,,22.6775,,,,2.0,,,burn_other,57.120000000000005,0.788515406162465,False
15,0.0,7.0,48.31,False,82.5,,,,,,,,,,2.27,,,,,22.6775,,,,2.0,,,burn_other,42.755,1.129926324406502,False
15,5.0,7.0,42.0,False,82.5,,,,,,,,,,2.27,,,,,22.6775,,,,2.0,,,burn_other,42.755,0.9823412466378201,False
15,10.0,7.0,38.4,False,82.5,,,,,,,,,,2.27,,,,,22.6775,,,,2.0,,,burn_other,42.755,0.8981405683545783,False
15,15.0,7.0,37.37,False,82.5,,,,,,,,,,2.27,,,,,22.6775,,,,2.0,,,burn_other,42.755,0.8740498187346508,False
15,0.0,28.0,59.37,False,82.5,,,,,,,,,,2.27,,,,,22.6775,,,,2.0,,,burn_other,55.084999999999994,1.077788871743669,False
15,5.0,28.0,56.4,False,82.5,,,,,,,,,,2.27,,,,,22.6775,,,,2.0,,,burn_other,55.084999999999994,1.0238721975129346,False
15,10.0,28.0,53.43,False,82.5,,,,,,,,,,2.27,,,,,22.6775,,,,2.0,,,burn_other,55.084999999999994,0.9699555232822004,False
15,15.0,28.0,50.46,False,82.5,,,,,,,,,,2.27,,,,,22.6775,,,,2.0,,,burn_other,55.084999999999994,0.916038849051466,False
15,0.0,90.0,62.5,False,82.5,,,,,,,,,,2.27,,,,,22.6775,,,,2.0,,,burn_other,57.120000000000005,1.094187675070028,False
15,5.0,90.0,58.36,False,82.5,,,,,,,,,,2.27,,,,,22.6775,,,,2.0,,,burn_other,57.120000000000005,1.0217086834733893,False
15,10.0,90.0,56.4,False,82.5,,,,,,,,,,2.27,,,,,22.6775,,,,2.0,,,burn_other,57.120000000000005,0.9873949579831932,False
15,15.0,90.0,52.5,False,82.5,,,,,,,,,,2.27,,,,,22.6775,,,,2.0,,,burn_other,57.120000000000005,0.9191176470588235,False
16,0.0,28.0,35.4,False,90.9,0.8,0.83,0.6,0.56,,,,,,,,,,376.8,0.53,,,,,mechanical,mixed,uncontrolled_burn,35.4,1.0,False
16,0.0,90.0,43.5,False,90.9,0.8,0.83,0.6,0.56,,,,,,,,,,376.8,0.53,,,,,mechanical,mixed,uncontrolled_burn,43.5,1.0,False
16,0.0,270.0,46.0,False,90.9,0.8,0.83,0.6,0.56,,,,,,,,,,376.8,0.53,,,,,mechanical,mixed,uncontrolled_burn,46.0,1.0,False
16,0.0,360.0,47.0,False,90.9,0.8,0.83,0.6,0.56,,,,,,,,,,376.8,0.53,,,,,mechanical,mixed,uncontrolled_burn,47.0,1.0,False
16,5.0,28.0,33.6,False,90.9,0.8,0.83,0.6,0.56,,,,,,,,,,376.8,0.53,,,,,mechanical,mixed,uncontrolled_burn,35.4,0.9491525423728814,False
16,10.0,28.0,32.4,False,90.9,0.8,0.83,0.6,0.56,,,,,,,,,,376.8,0.53,,,,,mechanical,mixed,uncontrolled_burn,35.4,0.9152542372881356,False
16,15.0,28.0,32.1,False,90.9,0.8,0.83,0.6,0.56,,,,,,,,,,376.8,0.53,,,,,mechanical,mixed,uncontrolled_burn,35.4,0.9067796610169492,False
16,15.0,90.0,42.5,False,90.9,0.8,0.83,0.6,0.56,,,,,,,,,,376.8,0.53,,,,,mechanical,mixed,uncontrolled_burn,43.5,0.9770114942528736,False
16,15.0,270.0,46.4,False,90.9,0.8,0.83,0.6,0.56,,,,,,,,,,376.8,0.53,,,,,mechanical,mixed,uncontrolled_burn,46.0,1.008695652173913,False
16,15.0,360.0,47.5,False,90.9,0.8,0.83,0.6,0.56,,,,,,,,,,376.8,0.53,,,,,mechanical,mixed,uncontrolled_burn,47.0,1.0106382978723405,False
16,20.0,28.0,30.8,False,90.9,0.8,0.83,0.6,0.56,,,,,,,,,,376.8,0.53,,,,,mechanical,mixed,uncontrolled_burn,35.4,0.8700564971751413,False
16,20.0,90.0,41.7,False,90.9,0.8,0.83,0.6,0.56,,,,,,,,,,376.8,0.53,,,,,mechanical,mixed,uncontrolled_burn,43.5,0.9586206896551724,False
16,20.0,270.0,46.7,False,90.9,0.8,0.83,0.6,0.56,,,,,,,,,,376.8,0.53,,,,,mechanical,mixed,uncontrolled_burn,46.0,1.0152173913043478,False
16,20.0,360.0,47.8,False,90.9,0.8,0.83,0.6,0.56,,,,,,,,,,376.8,0.53,,,,,mechanical,mixed,uncontrolled_burn,47.0,1.0170212765957447,False
16,25.0,28.0,29.7,False,90.9,0.8,0.83,0.6,0.56,,,,,,,,,,376.8,0.53,,,,,mechanical,mixed,uncontrolled_burn,35.4,0.8389830508474576,False
16,25.0,90.0,38.5,False,90.9,0.8,0.83,0.6,0.56,,,,,,,,,,376.8,0.53,,,,,mechanical,mixed,uncontrolled_burn,43.5,0.8850574712643678,False
16,25.0,270.0,45.6,False,90.9,0.8,0.83,0.6,0.56,,,,,,,,,,376.8,0.53,,,,,mechanical,mixed,uncontrolled_burn,46.0,0.991304347826087,False
16,25.0,360.0,43.7,False,90.9,0.8,0.83,0.6,0.56,,,,,,,,,,376.8,0.53,,,,,mechanical,mixed,uncontrolled_burn,47.0,0.9297872340425533,False
16,30.0,28.0,26.6,False,90.9,0.8,0.83,0.6,0.56,,,,,,,,,,376.8,0.53,,,,,mechanical,mixed,uncontrolled_burn,35.4,0.7514124293785311,False
17,10.0,3.0,134.5,False,91.32,,,,,,,,3.81,87.96,,6.583333333333333,250.0,,,0.19,,,90.0,2.0,mechanical,amorphous,uncontrolled_burn,,,False
17,10.0,7.0,152.0,False,91.32,,,,,,,,3.81,87.96,,6.583333333333333,250.0,,,0.19,,,90.0,2.0,mechanical,amorphous,uncontrolled_burn,,,False
17,10.0,28.0,165.0,False,91.32,,,,,,,,3.81,87.96,,6.583333333333333,250.0,,,0.19,,,90.0,2.0,mechanical,amorphous,uncontrolled_burn,,,False
17,10.0,91.0,178.0,False,91.32,,,,,,,,3.81,87.96,,6.583333333333333,250.0,,,0.19,,,90.0,2.0,mechanical,amorphous,uncontrolled_burn,,,False
17,20.0,3.0,122.0,False,91.32,,,,,,,,3.81,87.96,,6.583333333333333,250.0,,,0.19,,,90.0,2.0,mechanical,amorphous,uncontrolled_burn,,,False
17,20.0,7.0,143.0,False,91.32,,,,,,,,3.81,87.96,,6.583333333333333,250.0,,,0.19,,,90.0,2.0,mechanical,amorphous,uncontrolled_burn,,,False
17,20.0,28.0,175.0,False,91.32,,,,,,,,3.81,87.96,,6.583333333333333,250.0,,,0.19,,,90.0,2.0,mechanical,amorphous,uncontrolled_burn,,,False
17,20.0,91.0,186.0,False,91.32,,,,,,,,3.81,87.96,,6.583333333333333,250.0,,,0.19,,,90.0,2.0,mechanical,amorphous,uncontrolled_burn,,,False
17,10.0,3.0,123.0,False,91.32,,,,,,,,3.81,87.96,,6.583333333333333,250.0,,,0.19,,,90.0,2.0,mechanical,amorphous,uncontrolled_burn,,,False
17,10.0,28.0,170.0,False,91.32,,,,,,,,3.81,87.96,,6.583333333333333,250.0,,,0.19,,,90.0,2.0,mechanical,amorphous,uncontrolled_burn,,,False
17,10.0,91.0,194.0,False,91.32,,,,,,,,3.81,87.96,,6.583333333333333,250.0,,,0.19,,,90.0,2.0,mechanical,amorphous,uncontrolled_burn,,,False
17,10.0,3.0,135.5,False,91.32,,,,,,,,3.81,87.96,,6.583333333333333,250.0,,,0.19,,,90.0,2.0,mechanical,amorphous,uncontrolled_burn,,,False
17,10.0,7.0,159.5,False,91.32,,,,,,,,3.81,87.96,,6.583333333333333,250.0,,,0.19,,,90.0,2.0,mechanical,amorphous,uncontrolled_burn,,,False
17,10.0,28.0,185.5,False,91.32,,,,,,,,3.81,87.96,,6.583333333333333,250.0,,,0.19,,,90.0,2.0,mechanical,amorphous,uncontrolled_burn,,,False
17,10.0,91.0,205.5,False,91.32,,,,,,,,3.81,87.96,,6.583333333333333,250.0,,,0.19,,,90.0,2.0,mechanical,amorphous,uncontrolled_burn,,,False
17,10.0,3.0,105.0,False,91.32,,,,,,,,3.81,87.96,,6.583333333333333,250.0,,,0.19,,,90.0,2.0,mechanical,amorphous,uncontrolled_burn,,,False
17,10.0,7.0,136.0,False,91.32,,,,,,,,3.81,87.96,,6.583333333333333,250.0,,,0.19,,,90.0,2.0,mechanical,amorphous,uncontrolled_burn,,,False
17,10.0,91.0,171.5,False,91.32,,,,,,,,3.81,87.96,,6.583333333333333,250.0,,,0.19,,,90.0,2.0,mechanical,amorphous,uncontrolled_burn,,,False
17,10.0,3.0,85.5,False,91.32,,,,,,,,3.81,87.96,,6.583333333333333,250.0,,,0.19,,,90.0,2.0,mechanical,amorphous,uncontrolled_burn,,,False
17,10.0,7.0,118.5,False,91.32,,,,,,,,3.81,87.96,,6.583333333333333,250.0,,,0.19,,,90.0,2.0,mechanical,amorphous,uncontrolled_burn,,,False
17,10.0,28.0,154.0,False,91.32,,,,,,,,3.81,87.96,,6.583333333333333,250.0,,,0.19,,,90.0,2.0,mechanical,amorphous,uncontrolled_burn,,,False
17,10.0,91.0,167.0,False,91.32,,,,,,,,3.81,87.96,,6.583333333333333,250.0,,,0.19,,,90.0,2.0,mechanical,amorphous,uncontrolled_burn,,,False
17,20.0,1.0,96.0,False,91.32,,,,,,,,3.81,87.96,,6.583333333333333,250.0,,,0.19,,,90.0,2.0,mechanical,amorphous,uncontrolled_burn,,,False
17,20.0,3.0,147.0,False,91.32,,,,,,,,3.81,87.96,,6.583333333333333,250.0,,,0.19,,,90.0,2.0,mechanical,amorphous,uncontrolled_burn,,,False
17,20.0,7.0,155.0,False,91.32,,,,,,,,3.81,87.96,,6.583333333333333,250.0,,,0.19,,,90.0,2.0,mechanical,amorphous,uncontrolled_burn,,,False
17,20.0,28.0,180.0,False,91.32,,,,,,,,3.81,87.96,,6.583333333333333,250.0,,,0.19,,,90.0,2.0,mechanical,amorphous,uncontrolled_burn,,,False
17,20.0,91.0,205.0,False,91.32,,,,,,,,3.81,87.96,,6.583333333333333,250.0,,,0.19,,,90.0,2.0,mechanical,amorphous,uncontrolled_burn,,,False
17,20.0,1.0,81.0,False,91.32,,,,,,,,3.81,87.96,,6.583333333333333,250.0,,,0.19,,,90.0,2.0,mechanical,amorphous,uncontrolled_burn,,,False
17,20.0,1.0,80.0,False,91.32,,,,,,,,3.81,87.96,,6.583333333333333,250.0,,,0.19,,,90.0,2.0,mechanical,amorphous,uncontrolled_burn,,,False
17,20.0,3.0,102.0,False,91.32,,,,,,,,3.81,87.96,,6.583333333333333,250.0,,,0.19,,,90.0,2.0,mechanical,amorphous,uncontrolled_burn,,,False
17,20.0,7.0,135.0,False,91.32,,,,,,,,3.81,87.96,,6.583333333333333,250.0,,,0.19,,,90.0,2.0,mechanical,amorphous,uncontrolled_burn,,,False
17,20.0,28.0,161.0,False,91.32,,,,,,,,3.81,87.96,,6.583333333333333,250.0,,,0.19,,,90.0,2.0,mechanical,amorphous,uncontrolled_burn,,,False
17,20.0,91.0,178.0,False,91.32,,,,,,,,3.81,87.96,,6.583333333333333,250.0,,,0.19,,,90.0,2.0,mechanical,amorphous,uncontrolled_burn,,,False
17,20.0,1.0,51.0,False,91.32,,,,,,,,3.81,87.96,,6.583333333333333,250.0,,,0.19,,,90.0,2.0,mechanical,amorphous,uncontrolled_burn,,,False
17,20.0,3.0,96.0,False,91.32,,,,,,,,3.81,87.96,,6.583333333333333,250.0,,,0.19,,,90.0,2.0,mechanical,amorphous,uncontrolled_burn,,,False
17,20.0,7.0,115.0,False,91.32,,,,,,,,3.81,87.96,,6.583333333333333,250.0,,,0.19,,,90.0,2.0,mechanical,amorphous,uncontrolled_burn,,,False
17,20.0,28.0,134.0,False,91.32,,,,,,,,3.81,87.96,,6.583333333333333,250.0,,,0.19,,,90.0,2.0,mechanical,amorphous,uncontrolled_burn,,,False
17,20.0,91.0,156.0,False,91.32,,,,,,,,3.81,87.96,,6.583333333333333,250.0,,,0.19,,,90.0,2.0,mechanical,amorphous,uncontrolled_burn,,,False
19,15.0,28.0,33.3,False,94.94,1.285,0.345,0.49,0.425,0.01,0.1,1.4249999999999998,0.38,,,36.66666666666666,,,,0.55,,,1.0,2.0,mechanical,mixed,uncontrolled_burn,,,False
19,15.0,28.0,30.3,False,94.94,1.285,0.345,0.49,0.425,0.01,0.1,1.4249999999999998,0.38,,,36.66666666666666,,,,0.55,,,1.0,2.0,mechanical,mixed,uncontrolled_burn,,,False
21,0.0,3.0,13.4,False,86.75,0.4499999999999999,0.895,2.435,0.55,,,,4.925,,2.1,,,,,0.798,800.0,,,,both,mixed,controlled_burn,14.739999999999998,0.9090909090909092,False
21,0.0,3.0,16.08,False,86.75,0.4499999999999999,0.895,2.435,0.55,,,,4.925,,2.1,,,,,0.798,800.0,,,,both,mixed,controlled_burn,14.739999999999998,1.0909090909090908,False
21,0.0,7.0,21.34,False,86.75,0.4499999999999999,0.895,2.435,0.55,,,,4.925,,2.1,,,,,0.798,800.0,,,,both,mixed,controlled_burn,16.94,1.2597402597402596,False
21,25.0,3.0,5.97,False,86.75,0.4499999999999999,0.895,2.435,0.55,,,,4.925,,2.1,,,,,0.798,800.0,,,,both,mixed,controlled_burn,14.739999999999998,0.40502035278154686,False
21,25.0,3.0,8.31,False,86.75,0.4499999999999999,0.895,2.435,0.55,,,,4.925,,2.1,,,,,0.798,800.0,,,,both,mixed,controlled_burn,14.739999999999998,0.5637720488466758,False
21,25.0,3.0,10.86,False,86.75,0.4499999999999999,0.895,2.435,0.55,,,,4.925,,2.1,,,,,0.798,800.0,,,,both,mixed,controlled_burn,14.739999999999998,0.7367706919945727,False
21,25.0,3.0,15.38,False,86.75,0.4499999999999999,0.895,2.435,0.55,,,,4.925,,2.1,,,,,0.798,800.0,,,,both,mixed,controlled_burn,14.739999999999998,1.0434192672998646,False
21,40.0,3.0,4.28,False,86.75,0.4499999999999999,0.895,2.435,0.55,,,,4.925,,2.1,,,,,0.798,800.0,,,,both,mixed,controlled_burn,14.739999999999998,0.29036635006784267,False
21,40.0,3.0,6.57,False,86.75,0.4499999999999999,0.895,2.435,0.55,,,,4.925,,2.1,,,,,0.798,800.0,,,,both,mixed,controlled_burn,14.739999999999998,0.4457259158751697,False
21,40.0,3.0,8.52,False,86.75,0.4499999999999999,0.895,2.435,0.55,,,,4.925,,2.1,,,,,0.798,800.0,,,,both,mixed,controlled_burn,14.739999999999998,0.5780189959294437,False
21,40.0,3.0,11.46,False,86.75,0.4499999999999999,0.895,2.435,0.55,,,,4.925,,2.1,,,,,0.798,800.0,,,,both,mixed,controlled_burn,14.739999999999998,0.7774762550881955,False
21,50.0,3.0,4.68,False,86.75,0.4499999999999999,0.895,2.435,0.55,,,,4.925,,2.1,,,,,0.798,800.0,,,,both,mixed,controlled_burn,14.739999999999998,0.3175033921302578,False
21,50.0,3.0,3.06,False,86.75,0.4499999999999999,0.895,2.435,0.55,,,,4.925,,2.1,,,,,0.798,800.0,,,,both,mixed,controlled_burn,14.739999999999998,0.20759837177747628,False
21,50.0,3.0,6.72,False,86.75,0.4499999999999999,0.895,2.435,0.55,,,,4.925,,2.1,,,,,0.798,800.0,,,,both,mixed,controlled_burn,14.739999999999998,0.45590230664857534,False
21,50.0,3.0,8.92,False,86.75,0.4499999999999999,0.895,2.435,0.55,,,,4.925,,2.1,,,,,0.798,800.0,,,,both,mixed,controlled_burn,14.739999999999998,0.6051560379918589,False
21,0.0,7.0,13.4,False,86.75,0.4499999999999999,0.895,2.435,0.55,,,,4.925,,2.1,,,,,0.798,800.0,,,,both,mixed,controlled_burn,16.94,0.7910271546635183,False
21,0.0,7.0,16.08,False,86.75,0.4499999999999999,0.895,2.435,0.55,,,,4.925,,2.1,,,,,0.798,800.0,,,,both,mixed,controlled_burn,16.94,0.9492325855962218,False
21,25.0,7.0,12.27,False,86.75,0.4499999999999999,0.895,2.435,0.55,,,,4.925,,2.1,,,,,0.798,800.0,,,,both,mixed,controlled_burn,16.94,0.7243211334120424,False
21,25.0,7.0,15.28,False,86.75,0.4499999999999999,0.895,2.435,0.55,,,,4.925,,2.1,,,,,0.798,800.0,,,,both,mixed,controlled_burn,16.94,0.9020070838252655,False
21,25.0,7.0,21.1,False,86.75,0.4499999999999999,0.895,2.435,0.55,,,,4.925,,2.1,,,,,0.798,800.0,,,,both,mixed,controlled_burn,16.94,1.2455726092089727,False
21,40.0,7.0,9.79,False,86.75,0.4499999999999999,0.895,2.435,0.55,,,,4.925,,2.1,,,,,0.798,800.0,,,,both,mixed,controlled_burn,16.94,0.5779220779220778,False
21,40.0,7.0,12.06,False,86.75,0.4499999999999999,0.895,2.435,0.55,,,,4.925,,2.1,,,,,0.798,800.0,,,,both,mixed,controlled_burn,16.94,0.7119244391971664,False
21,40.0,7.0,17.1,False,86.75,0.4499999999999999,0.895,2.435,0.55,,,,4.925,,2.1,,,,,0.798,800.0,,,,both,mixed,controlled_burn,16.94,1.0094451003541913,False
21,0.0,70.0,42.0,True,86.75,0.4499999999999999,0.895,2.435,0.55,,,,4.925,,2.1,,,,,0.798,800.0,,,,both,mixed,controlled_burn,31.0,1.3548387096774193,False
21,25.0,70.0,47.0,True,86.75,0.4499999999999999,0.895,2.435,0.55,,,,4.925,,2.1,,,,,0.798,800.0,,,,both,mixed,controlled_burn,31.0,1.5161290322580645,False
21,30.0,70.0,45.0,True,86.75,0.4499999999999999,0.895,2.435,0.55,,,,4.925,,2.1,,,,,0.798,800.0,,,,both,mixed,controlled_burn,31.0,1.4516129032258065,False
21,40.0,70.0,41.0,True,86.75,0.4499999999999999,0.895,2.435,0.55,,,,4.925,,2.1,,,,,0.798,800.0,,,,both,mixed,controlled_burn,31.0,1.3225806451612903,False
21,0.0,70.0,20.0,True,86.75,0.4499999999999999,0.895,2.435,0.55,,,,4.925,,2.1,,,,,0.798,800.0,,,,both,mixed,controlled_burn,31.0,0.6451612903225806,False
21,25.0,70.0,21.5,True,86.75,0.4499999999999999,0.895,2.435,0.55,,,,4.925,,2.1,,,,,0.798,800.0,,,,both,mixed,controlled_burn,31.0,0.6935483870967742,False
21,30.0,70.0,20.5,True,86.75,0.4499999999999999,0.895,2.435,0.55,,,,4.925,,2.1,,,,,0.798,800.0,,,,both,mixed,controlled_burn,31.0,0.6612903225806451,False
21,40.0,70.0,19.0,True,86.75,0.4499999999999999,0.895,2.435,0.55,,,,4.925,,2.1,,,,,0.798,800.0,,,,both,mixed,controlled_burn,31.0,0.6129032258064516,False
22,0.0,7.0,27.0,False,75.0,3.3,1.29,0.78,0.22,,0.4,1.5,3.67,,2.53,,,,,0.38,,,,,,,controlled_burn,28.0,0.9642857142857143,False
22,10.0,7.0,18.0,False,75.0,3.3,1.29,0.78,0.22,,0.4,1.5,3.67,,2.53,,,,,0.38,,,,,,,controlled_burn,28.0,0.6428571428571429,False
22,20.0,7.0,14.0,False,75.0,3.3,1.29,0.78,0.22,,0.4,1.5,3.67,,2.53,,,,,0.38,,,,,,,controlled_burn,28.0,0.5,False
22,30.0,7.0,11.0,False,75.0,3.3,1.29,0.78,0.22,,0.4,1.5,3.67,,2.53,,,,,0.38,,,,,,,controlled_burn,28.0,0.39285714285714285,False
22,40.0,7.0,9.0,False,75.0,3.3,1.29,0.78,0.22,,0.4,1.5,3.67,,2.53,,,,,0.38,,,,,,,controlled_burn,28.0,0.32142857142857145,False
22,0.0,28.0,38.8,False,75.0,3.3,1.29,0.78,0.22,,0.4,1.5,3.67,,2.53,,,,,0.38,,,,,,,controlled_burn,39.6,0.9797979797979797,False
22,10.0,28.0,32.0,False,75.0,3.3,1.29,0.78,0.22,,0.4,1.5,3.67,,2.53,,,,,0.38,,,,,,,controlled_burn,39.6,0.8080808080808081,False
22,20.0,28.0,24.0,False,75.0,3.3,1.29,0.78,0.22,,0.4,1.5,3.67,,2.53,,,,,0.38,,,,,,,controlled_burn,39.6,0.6060606060606061,False
22,30.0,28.0,20.0,False,75.0,3.3,1.29,0.78,0.22,,0.4,1.5,3.67,,2.53,,,,,0.38,,,,,,,controlled_burn,39.6,0.5050505050505051,False
22,40.0,28.0,17.0,False,75.0,3.3,1.29,0.78,0.22,,0.4,1.5,3.67,,2.53,,,,,0.38,,,,,,,controlled_burn,39.6,0.4292929292929293,False
22,0.0,56.0,42.0,False,75.0,3.3,1.29,0.78,0.22,,0.4,1.5,3.67,,2.53,,,,,0.38,,,,,,,controlled_burn,43.333333333333336,0.9692307692307692,False
22,10.0,56.0,36.0,False,75.0,3.3,1.29,0.78,0.22,,0.4,1.5,3.67,,2.53,,,,,0.38,,,,,,,controlled_burn,43.333333333333336,0.8307692307692307,False
22,20.0,56.0,30.0,False,75.0,3.3,1.29,0.78,0.22,,0.4,1.5,3.67,,2.53,,,,,0.38,,,,,,,controlled_burn,43.333333333333336,0.6923076923076923,False
22,30.0,56.0,25.0,False,75.0,3.3,1.29,0.78,0.22,,0.4,1.5,3.67,,2.53,,,,,0.38,,,,,,,controlled_burn,43.333333333333336,0.5769230769230769,False
22,40.0,56.0,22.0,False,75.0,3.3,1.29,0.78,0.22,,0.4,1.5,3.67,,2.53,,,,,0.38,,,,,,,controlled_burn,43.333333333333336,0.5076923076923077,False
22,0.0,90.0,44.0,False,75.0,3.3,1.29,0.78,0.22,,0.4,1.5,3.67,,2.53,,,,,0.38,,,,,,,controlled_burn,45.333333333333336,0.9705882352941176,False
22,10.0,90.0,39.0,False,75.0,3.3,1.29,0.78,0.22,,0.4,1.5,3.67,,2.53,,,,,0.38,,,,,,,controlled_burn,45.333333333333336,0.8602941176470588,False
22,20.0,90.0,33.0,False,75.0,3.3,1.29,0.78,0.22,,0.4,1.5,3.67,,2.53,,,,,0.38,,,,,,,controlled_burn,45.333333333333336,0.7279411764705882,False
22,30.0,90.0,29.0,False,75.0,3.3,1.29,0.78,0.22,,0.4,1.5,3.67,,2.53,,,,,0.38,,,,,,,controlled_burn,45.333333333333336,0.6397058823529411,False
22,40.0,90.0,26.0,False,75.0,3.3,1.29,0.78,0.22,,0.4,1.5,3.67,,2.53,,,,,0.38,,,,,,,controlled_burn,45.333333333333336,0.5735294117647058,False
22,0.0,7.0,29.0,False,75.0,3.3,1.29,0.78,0.22,,0.4,1.5,3.67,,2.53,,,,,0.38,,,,,,,controlled_burn,28.0,1.0357142857142858,False
22,10.0,7.0,20.0,False,75.0,3.3,1.29,0.78,0.22,,0.4,1.5,3.67,,2.53,,,,,0.38,,,,,,,controlled_burn,28.0,0.7142857142857143,False
22,20.0,7.0,16.0,False,75.0,3.3,1.29,0.78,0.22,,0.4,1.5,3.67,,2.53,,,,,0.38,,,,,,,controlled_burn,28.0,0.5714285714285714,False
22,30.0,7.0,14.0,False,75.0,3.3,1.29,0.78,0.22,,0.4,1.5,3.67,,2.53,,,,,0.38,,,,,,,controlled_burn,28.0,0.5,False
22,40.0,7.0,13.0,False,75.0,3.3,1.29,0.78,0.22,,0.4,1.5,3.67,,2.53,,,,,0.38,,,,,,,controlled_burn,28.0,0.4642857142857143,False
22,0.0,28.0,41.0,False,75.0,3.3,1.29,0.78,0.22,,0.4,1.5,3.67,,2.53,,,,,0.38,,,,,,,controlled_burn,39.6,1.0353535353535352,False
22,10.0,28.0,34.0,False,75.0,3.3,1.29,0.78,0.22,,0.4,1.5,3.67,,2.53,,,,,0.38,,,,,,,controlled_burn,39.6,0.8585858585858586,False
22,20.0,28.0,29.0,False,75.0,3.3,1.29,0.78,0.22,,0.4,1.5,3.67,,2.53,,,,,0.38,,,,,,,controlled_burn,39.6,0.7323232323232323,False
22,30.0,28.0,25.0,False,75.0,3.3,1.29,0.78,0.22,,0.4,1.5,3.67,,2.53,,,,,0.38,,,,,,,controlled_burn,39.6,0.6313131313131313,False
22,40.0,28.0,23.0,False,75.0,3.3,1.29,0.78,0.22,,0.4,1.5,3.67,,2.53,,,,,0.38,,,,,,,controlled_burn,39.6,0.5808080808080808,False
22,0.0,56.0,45.0,False,75.0,3.3,1.29,0.78,0.22,,0.4,1.5,3.67,,2.53,,,,,0.38,,,,,,,controlled_burn,43.333333333333336,1.0384615384615383,False
22,10.0,56.0,39.0,False,75.0,3.3,1.29,0.78,0.22,,0.4,1.5,3.67,,2.53,,,,,0.38,,,,,,,controlled_burn,43.333333333333336,0.8999999999999999,False
22,20.0,56.0,34.5,False,75.0,3.3,1.29,0.78,0.22,,0.4,1.5,3.67,,2.53,,,,,0.38,,,,,,,controlled_burn,43.333333333333336,0.7961538461538461,False
22,30.0,56.0,31.0,False,75.0,3.3,1.29,0.78,0.22,,0.4,1.5,3.67,,2.53,,,,,0.38,,,,,,,controlled_burn,43.333333333333336,0.7153846153846154,False
22,40.0,56.0,28.0,False,75.0,3.3,1.29,0.78,0.22,,0.4,1.5,3.67,,2.53,,,,,0.38,,,,,,,controlled_burn,43.333333333333336,0.6461538461538461,False
22,0.0,90.0,47.0,False,75.0,3.3,1.29,0.78,0.22,,0.4,1.5,3.67,,2.53,,,,,0.38,,,,,,,controlled_burn,45.333333333333336,1.0367647058823528,False
22,10.0,90.0,42.5,False,75.0,3.3,1.29,0.78,0.22,,0.4,1.5,3.67,,2.53,,,,,0.38,,,,,,,controlled_burn,45.333333333333336,0.9375,False
22,20.0,90.0,38.0,False,75.0,3.3,1.29,0.78,0.22,,0.4,1.5,3.67,,2.53,,,,,0.38,,,,,,,controlled_burn,45.333333333333336,0.838235294117647,False
22,30.0,90.0,35.0,False,75.0,3.3,1.29,0.78,0.22,,0.4,1.5,3.67,,2.53,,,,,0.38,,,,,,,controlled_burn,45.333333333333336,0.7720588235294117,False
22,40.0,90.0,32.0,False,75.0,3.3,1.29,0.78,0.22,,0.4,1.5,3.67,,2.53,,,,,0.38,,,,,,,controlled_burn,45.333333333333336,0.7058823529411764,False
22,40.0,7.0,11.0,False,75.0,3.3,1.29,0.78,0.22,,0.4,1.5,3.67,,2.53,,,,,0.38,,,,,,,controlled_burn,28.0,0.39285714285714285,False
22,0.0,28.0,39.0,False,75.0,3.3,1.29,0.78,0.22,,0.4,1.5,3.67,,2.53,,,,,0.38,,,,,,,controlled_burn,39.6,0.9848484848484849,False
22,40.0,28.0,20.0,False,75.0,3.3,1.29,0.78,0.22,,0.4,1.5,3.67,,2.53,,,,,0.38,,,,,,,controlled_burn,39.6,0.5050505050505051,False
22,0.0,56.0,43.0,False,75.0,3.3,1.29,0.78,0.22,,0.4,1.5,3.67,,2.53,,,,,0.38,,,,,,,controlled_burn,43.333333333333336,0.9923076923076922,False
22,20.0,56.0,35.0,False,75.0,3.3,1.29,0.78,0.22,,0.4,1.5,3.67,,2.53,,,,,0.38,,,,,,,controlled_burn,43.333333333333336,0.8076923076923076,False
22,40.0,56.0,26.0,False,75.0,3.3,1.29,0.78,0.22,,0.4,1.5,3.67,,2.53,,,,,0.38,,,,,,,controlled_burn,43.333333333333336,0.6,False
22,0.0,90.0,45.0,False,75.0,3.3,1.29,0.78,0.22,,0.4,1.5,3.67,,2.53,,,,,0.38,,,,,,,controlled_burn,45.333333333333336,0.9926470588235293,False
22,10.0,90.0,41.5,False,75.0,3.3,1.29,0.78,0.22,,0.4,1.5,3.67,,2.53,,,,,0.38,,,,,,,controlled_burn,45.333333333333336,0.9154411764705882,False
22,30.0,90.0,33.0,False,75.0,3.3,1.29,0.78,0.22,,0.4,1.5,3.67,,2.53,,,,,0.38,,,,,,,controlled_burn,45.333333333333336,0.7279411764705882,False
22,40.0,90.0,29.0,False,75.0,3.3,1.29,0.78,0.22,,0.4,1.5,3.67,,2.53,,,,,0.38,,,,,,,controlled_burn,45.333333333333336,0.6397058823529411,False
24,10.0,7.0,12.0,False,,,,,,,,,,,1.5366666666666668,,,,,,,,,,,,uncontrolled_burn,,,False
24,10.0,14.0,14.0,False,,,,,,,,,,,1.5366666666666668,,,,,,,,,,,,uncontrolled_burn,,,False
24,10.0,21.0,18.0,False,,,,,,,,,,,1.5366666666666668,,,,,,,,,,,,uncontrolled_burn,,,False
24,10.0,28.0,22.0,False,,,,,,,,,,,1.5366666666666668,,,,,,,,,,,,uncontrolled_burn,,,False
24,20.0,7.0,11.0,False,,,,,,,,,,,1.5366666666666668,,,,,,,,,,,,uncontrolled_burn,,,False
24,20.0,14.0,13.0,False,,,,,,,,,,,1.5366666666666668,,,,,,,,,,,,uncontrolled_burn,,,False
24,20.0,21.0,18.0,False,,,,,,,,,,,1.5366666666666668,,,,,,,,,,,,uncontrolled_burn,,,False
24,20.0,28.0,20.0,False,,,,,,,,,,,1.5366666666666668,,,,,,,,,,,,uncontrolled_burn,,,False
24,10.0,7.0,10.0,False,,,,,,,,,,,1.5366666666666668,,,,,,,,,,,,uncontrolled_burn,,,False
24,25.0,14.0,12.0,False,,,,,,,,,,,1.5366666666666668,,,,,,,,,,,,uncontrolled_burn,,,False
24,25.0,21.0,14.0,False,,,,,,,,,,,1.5366666666666668,,,,,,,,,,,,uncontrolled_burn,,,False
24,25.0,28.0,19.0,False,,,,,,,,,,,1.5366666666666668,,,,,,,,,,,,uncontrolled_burn,,,False
27,0.0,3.0,24.0,False,83.6,0.84,0.76,0.64,0.4,0.69,,,14.2,,,,,,,,,,,,,,controlled_burn,24.0,1.0,False
27,0.0,7.0,37.0,False,83.6,0.84,0.76,0.64,0.4,0.69,,,14.2,,,,,,,,,,,,,,controlled_burn,37.0,1.0,False
27,0.0,28.0,50.0,False,83.6,0.84,0.76,0.64,0.4,0.69,,,14.2,,,,,,,,,,,,,,controlled_burn,50.0,1.0,False
27,5.0,3.0,21.0,False,83.6,0.84,0.76,0.64,0.4,0.69,,,14.2,,,,,,,,,,,,,,controlled_burn,24.0,0.875,False
27,5.0,7.0,37.0,False,83.6,0.84,0.76,0.64,0.4,0.69,,,14.2,,,,,,,,,,,,,,controlled_burn,37.0,1.0,False
27,5.0,28.0,49.0,False,83.6,0.84,0.76,0.64,0.4,0.69,,,14.2,,,,,,,,,,,,,,controlled_burn,50.0,0.98,False
27,10.0,3.0,22.0,False,83.6,0.84,0.76,0.64,0.4,0.69,,,14.2,,,,,,,,,,,,,,controlled_burn,24.0,0.9166666666666666,False
27,10.0,7.0,36.0,False,83.6,0.84,0.76,0.64,0.4,0.69,,,14.2,,,,,,,,,,,,,,controlled_burn,37.0,0.972972972972973,False
27,10.0,28.0,48.0,False,83.6,0.84,0.76,0.64,0.4,0.69,,,14.2,,,,,,,,,,,,,,controlled_burn,50.0,0.96,False
27,15.0,3.0,12.0,False,83.6,0.84,0.76,0.64,0.4,0.69,,,14.2,,,,,,,,,,,,,,controlled_burn,24.0,0.5,False
27,15.0,7.0,23.0,False,83.6,0.84,0.76,0.64,0.4,0.69,,,14.2,,,,,,,,,,,,,,controlled_burn,37.0,0.6216216216216216,False
27,15.0,28.0,33.0,False,83.6,0.84,0.76,0.64,0.4,0.69,,,14.2,,,,,,,,,,,,,,controlled_burn,50.0,0.66,False
27,20.0,3.0,4.0,False,83.6,0.84,0.76,0.64,0.4,0.69,,,14.2,,,,,,,,,,,,,,controlled_burn,24.0,0.16666666666666666,False
27,20.0,7.0,9.0,False,83.6,0.84,0.76,0.64,0.4,0.69,,,14.2,,,,,,,,,,,,,,controlled_burn,37.0,0.24324324324324326,False
27,20.0,28.0,17.0,False,83.6,0.84,0.76,0.64,0.4,0.69,,,14.2,,,,,,,,,,,,,,controlled_burn,50.0,0.34,False
27,25.0,3.0,1.0,False,83.6,0.84,0.76,0.64,0.4,0.69,,,14.2,,,,,,,,,,,,,,controlled_burn,24.0,0.041666666666666664,False
27,25.0,7.0,4.0,False,83.6,0.84,0.76,0.64,0.4,0.69,,,14.2,,,,,,,,,,,,,,controlled_burn,37.0,0.10810810810810811,False
27,25.0,28.0,9.0,False,83.6,0.84,0.76,0.64,0.4,0.69,,,14.2,,,,,,,,,,,,,,controlled_burn,50.0,0.18,False
27,30.0,3.0,1.0,False,83.6,0.84,0.76,0.64,0.4,0.69,,,14.2,,,,,,,,,,,,,,controlled_burn,24.0,0.041666666666666664,False
27,30.0,7.0,4.0,False,83.6,0.84,0.76,0.64,0.4,0.69,,,14.2,,,,,,,,,,,,,,controlled_burn,37.0,0.10810810810810811,False
27,30.0,28.0,6.0,False,83.6,0.84,0.76,0.64,0.4,0.69,,,14.2,,,,,,,,,,,,,,controlled_burn,50.0,0.12,False
28,10.0,2.0,22.0,False,50.655,5.4975000000000005,5.0775,5.1075,5.209999999999999,5.0525,200.0,5.7375,7.417499999999999,24.197142857142858,,,,,2667.5,0.5375000000000001,,,,2.0,mechanical,crystalline,burn_other,,,False
28,10.0,7.0,34.6,False,50.655,5.4975000000000005,5.0775,5.1075,5.209999999999999,5.0525,200.0,5.7375,7.417499999999999,24.197142857142858,,,,,2667.5,0.5375000000000001,,,,2.0,mechanical,crystalline,burn_other,,,False
28,10.0,28.0,47.8,False,50.655,5.4975000000000005,5.0775,5.1075,5.209999999999999,5.0525,200.0,5.7375,7.417499999999999,24.197142857142858,,,,,2667.5,0.5375000000000001,,,,2.0,mechanical,crystalline,burn_other,,,False
28,10.0,90.0,57.9,False,50.655,5.4975000000000005,5.0775,5.1075,5.209999999999999,5.0525,200.0,5.7375,7.417499999999999,24.197142857142858,,,,,2667.5,0.5375000000000001,,,,2.0,mechanical,crystalline,burn_other,,,False
28,20.0,2.0,18.9,False,50.655,5.4975000000000005,5.0775,5.1075,5.209999999999999,5.0525,200.0,5.7375,7.417499999999999,24.197142857142858,,,,,2667.5,0.5375000000000001,,,,2.0,mechanical,crystalline,burn_other,,,False
28,20.0,7.0,31.8,False,50.655,5.4975000000000005,5.0775,5.1075,5.209999999999999,5.0525,200.0,5.7375,7.417499999999999,24.197142857142858,,,,,2667.5,0.5375000000000001,,,,2.0,mechanical,crystalline,burn_other,,,False
28,20.0,28.0,40.8,False,50.655,5.4975000000000005,5.0775,5.1075,5.209999999999999,5.0525,200.0,5.7375,7.417499999999999,24.197142857142858,,,,,2667.5,0.5375000000000001,,,,2.0,mechanical,crystalline,burn_other,,,False
28,20.0,90.0,55.7,False,50.655,5.4975000000000005,5.0775,5.1075,5.209999999999999,5.0525,200.0,5.7375,7.417499999999999,24.197142857142858,,,,,2667.5,0.5375000000000001,,,,2.0,mechanical,crystalline,burn_other,,,False
28,30.0,2.0,14.9,False,50.655,5.4975000000000005,5.0775,5.1075,5.209999999999999,5.0525,200.0,5.7375,7.417499999999999,24.197142857142858,,,,,2667.5,0.5375000000000001,,,,2.0,mechanical,crystalline,burn_other,,,False
28,30.0,7.0,24.8,False,50.655,5.4975000000000005,5.0775,5.1075,5.209999999999999,5.0525,200.0,5.7375,7.417499999999999,24.197142857142858,,,,,2667.5,0.5375000000000001,,,,2.0,mechanical,crystalline,burn_other,,,False
28,30.0,28.0,39.7,False,50.655,5.4975000000000005,5.0775,5.1075,5.209999999999999,5.0525,200.0,5.7375,7.417499999999999,24.197142857142858,,,,,2667.5,0.5375000000000001,,,,2.0,mechanical,crystalline,burn_other,,,False
28,30.0,90.0,48.1,False,50.655,5.4975000000000005,5.0775,5.1075,5.209999999999999,5.0525,200.0,5.7375,7.417499999999999,24.197142857142858,,,,,2667.5,0.5375000000000001,,,,2.0,mechanical,crystalline,burn_other,,,False
28,10.0,2.0,21.0,False,50.655,5.4975000000000005,5.0775,5.1075,5.209999999999999,5.0525,200.0,5.7375,7.417499999999999,24.197142857142858,,,,,2667.5,0.5375000000000001,,,,2.0,mechanical,crystalline,burn_other,,,False
28,10.0,7.0,33.8,False,50.655,5.4975000000000005,5.0775,5.1075,5.209999999999999,5.0525,200.0,5.7375,7.417499999999999,24.197142857142858,,,,,2667.5,0.5375000000000001,,,,2.0,mechanical,crystalline,burn_other,,,False
28,10.0,28.0,44.4,False,50.655,5.4975000000000005,5.0775,5.1075,5.209999999999999,5.0525,200.0,5.7375,7.417499999999999,24.197142857142858,,,,,2667.5,0.5375000000000001,,,,2.0,mechanical,crystalline,burn_other,,,False
28,10.0,90.0,58.5,False,50.655,5.4975000000000005,5.0775,5.1075,5.209999999999999,5.0525,200.0,5.7375,7.417499999999999,24.197142857142858,,,,,2667.5,0.5375000000000001,,,,2.0,mechanical,crystalline,burn_other,,,False
28,20.0,2.0,18.8,False,50.655,5.4975000000000005,5.0775,5.1075,5.209999999999999,5.0525,200.0,5.7375,7.417499999999999,24.197142857142858,,,,,2667.5,0.5375000000000001,,,,2.0,mechanical,crystalline,burn_other,,,False
28,20.0,7.0,31.3,False,50.655,5.4975000000000005,5.0775,5.1075,5.209999999999999,5.0525,200.0,5.7375,7.417499999999999,24.197142857142858,,,,,2667.5,0.5375000000000001,,,,2.0,mechanical,crystalline,burn_other,,,False
28,20.0,28.0,44.7,False,50.655,5.4975000000000005,5.0775,5.1075,5.209999999999999,5.0525,200.0,5.7375,7.417499999999999,24.197142857142858,,,,,2667.5,0.5375000000000001,,,,2.0,mechanical,crystalline,burn_other,,,False
28,20.0,90.0,57.2,False,50.655,5.4975000000000005,5.0775,5.1075,5.209999999999999,5.0525,200.0,5.7375,7.417499999999999,24.197142857142858,,,,,2667.5,0.5375000000000001,,,,2.0,mechanical,crystalline,burn_other,,,False
28,30.0,2.0,15.5,False,50.655,5.4975000000000005,5.0775,5.1075,5.209999999999999,5.0525,200.0,5.7375,7.417499999999999,24.197142857142858,,,,,2667.5,0.5375000000000001,,,,2.0,mechanical,crystalline,burn_other,,,False
28,30.0,7.0,25.3,False,50.655,5.4975000000000005,5.0775,5.1075,5.209999999999999,5.0525,200.0,5.7375,7.417499999999999,24.197142857142858,,,,,2667.5,0.5375000000000001,,,,2.0,mechanical,crystalline,burn_other,,,False
28,30.0,28.0,39.8,False,50.655,5.4975000000000005,5.0775,5.1075,5.209999999999999,5.0525,200.0,5.7375,7.417499999999999,24.197142857142858,,,,,2667.5,0.5375000000000001,,,,2.0,mechanical,crystalline,burn_other,,,False
28,30.0,90.0,48.5,False,50.655,5.4975000000000005,5.0775,5.1075,5.209999999999999,5.0525,200.0,5.7375,7.417499999999999,24.197142857142858,,,,,2667.5,0.5375000000000001,,,,2.0,mechanical,crystalline,burn_other,,,False
28,10.0,2.0,20.5,False,50.655,5.4975000000000005,5.0775,5.1075,5.209999999999999,5.0525,200.0,5.7375,7.417499999999999,24.197142857142858,,,,,2667.5,0.5375000000000001,,,,2.0,mechanical,crystalline,burn_other,,,False
28,10.0,7.0,36.4,False,50.655,5.4975000000000005,5.0775,5.1075,5.209999999999999,5.0525,200.0,5.7375,7.417499999999999,24.197142857142858,,,,,2667.5,0.5375000000000001,,,,2.0,mechanical,crystalline,burn_other,,,False
28,10.0,28.0,50.7,False,50.655,5.4975000000000005,5.0775,5.1075,5.209999999999999,5.0525,200.0,5.7375,7.417499999999999,24.197142857142858,,,,,2667.5,0.5375000000000001,,,,2.0,mechanical,crystalline,burn_other,,,False
28,20.0,7.0,32.3,False,50.655,5.4975000000000005,5.0775,5.1075,5.209999999999999,5.0525,200.0,5.7375,7.417499999999999,24.197142857142858,,,,,2667.5,0.5375000000000001,,,,2.0,mechanical,crystalline,burn_other,,,False
28,20.0,28.0,49.5,False,50.655,5.4975000000000005,5.0775,5.1075,5.209999999999999,5.0525,200.0,5.7375,7.417499999999999,24.197142857142858,,,,,2667.5,0.5375000000000001,,,,2.0,mechanical,crystalline,burn_other,,,False
28,30.0,2.0,16.1,False,50.655,5.4975000000000005,5.0775,5.1075,5.209999999999999,5.0525,200.0,5.7375,7.417499999999999,24.197142857142858,,,,,2667.5,0.5375000000000001,,,,2.0,mechanical,crystalline,burn_other,,,False
28,30.0,7.0,28.3,False,50.655,5.4975000000000005,5.0775,5.1075,5.209999999999999,5.0525,200.0,5.7375,7.417499999999999,24.197142857142858,,,,,2667.5,0.5375000000000001,,,,2.0,mechanical,crystalline,burn_other,,,False
28,30.0,28.0,47.3,False,50.655,5.4975000000000005,5.0775,5.1075,5.209999999999999,5.0525,200.0,5.7375,7.417499999999999,24.197142857142858,,,,,2667.5,0.5375000000000001,,,,2.0,mechanical,crystalline,burn_other,,,False
28,10.0,2.0,22.8,False,50.655,5.4975000000000005,5.0775,5.1075,5.209999999999999,5.0525,200.0,5.7375,7.417499999999999,24.197142857142858,,,,,2667.5,0.5375000000000001,,,,2.0,mechanical,crystalline,burn_other,,,False
28,10.0,7.0,38.2,False,50.655,5.4975000000000005,5.0775,5.1075,5.209999999999999,5.0525,200.0,5.7375,7.417499999999999,24.197142857142858,,,,,2667.5,0.5375000000000001,,,,2.0,mechanical,crystalline,burn_other,,,False
28,10.0,28.0,53.8,False,50.655,5.4975000000000005,5.0775,5.1075,5.209999999999999,5.0525,200.0,5.7375,7.417499999999999,24.197142857142858,,,,,2667.5,0.5375000000000001,,,,2.0,mechanical,crystalline,burn_other,,,False
28,20.0,2.0,19.8,False,50.655,5.4975000000000005,5.0775,5.1075,5.209999999999999,5.0525,200.0,5.7375,7.417499999999999,24.197142857142858,,,,,2667.5,0.5375000000000001,,,,2.0,mechanical,crystalline,burn_other,,,False
28,20.0,7.0,33.6,False,50.655,5.4975000000000005,5.0775,5.1075,5.209999999999999,5.0525,200.0,5.7375,7.417499999999999,24.197142857142858,,,,,2667.5,0.5375000000000001,,,,2.0,mechanical,crystalline,burn_other,,,False
28,20.0,28.0,51.4,False,50.655,5.4975000000000005,5.0775,5.1075,5.209999999999999,5.0525,200.0,5.7375,7.417499999999999,24.197142857142858,,,,,2667.5,0.5375000000000001,,,,2.0,mechanical,crystalline,burn_other,,,False
28,30.0,2.0,17.1,False,50.655,5.4975000000000005,5.0775,5.1075,5.209999999999999,5.0525,200.0,5.7375,7.417499999999999,24.197142857142858,,,,,2667.5,0.5375000000000001,,,,2.0,mechanical,crystalline,burn_other,,,False
28,30.0,7.0,30.1,False,50.655,5.4975000000000005,5.0775,5.1075,5.209999999999999,5.0525,200.0,5.7375,7.417499999999999,24.197142857142858,,,,,2667.5,0.5375000000000001,,,,2.0,mechanical,crystalline,burn_other,,,False
28,30.0,28.0,48.8,False,50.655,5.4975000000000005,5.0775,5.1075,5.209999999999999,5.0525,200.0,5.7375,7.417499999999999,24.197142857142858,,,,,2667.5,0.5375000000000001,,,,2.0,mechanical,crystalline,burn_other,,,False
30,0.0,7.0,17.51,False,,,,,,,,,,,,,,,,,,,,,mechanical,,burn_other,17.51,1.0,False
30,5.0,7.0,16.88,False,,,,,,,,,,,,,,,,,,,,,mechanical,,burn_other,17.51,0.9640205596801826,False
30,10.0,7.0,12.01,False,,,,,,,,,,,,,,,,,,,,,mechanical,,burn_other,17.51,0.6858937749857223,False
30,15.0,7.0,11.24,False,,,,,,,,,,,,,,,,,,,,,mechanical,,burn_other,17.51,0.6419189034837235,False
30,20.0,7.0,10.86,False,,,,,,,,,,,,,,,,,,,,,mechanical,,burn_other,17.51,0.6202170188463734,False
30,25.0,7.0,7.95,False,,,,,,,,,,,,,,,,,,,,,mechanical,,burn_other,17.51,0.4540262707024557,False
30,0.0,14.0,21.6,False,,,,,,,,,,,,,,,,,,,,,mechanical,,burn_other,21.6,1.0,False
30,5.0,14.0,17.44,False,,,,,,,,,,,,,,,,,,,,,mechanical,,burn_other,21.6,0.8074074074074075,False
30,10.0,14.0,12.83,False,,,,,,,,,,,,,,,,,,,,,mechanical,,burn_other,21.6,0.5939814814814814,False
30,15.0,14.0,12.55,False,,,,,,,,,,,,,,,,,,,,,mechanical,,burn_other,21.6,0.5810185185185185,False
30,20.0,14.0,11.51,False,,,,,,,,,,,,,,,,,,,,,mechanical,,burn_other,21.6,0.5328703703703703,False
30,25.0,14.0,8.98,False,,,,,,,,,,,,,,,,,,,,,mechanical,,burn_other,21.6,0.41574074074074074,False
30,0.0,28.0,29.15,False,,,,,,,,,,,,,,,,,,,,,mechanical,,burn_other,29.15,1.0,False
30,5.0,28.0,27.68,False,,,,,,,,,,,,,,,,,,,,,mechanical,,burn_other,29.15,0.9495711835334477,False
30,10.0,28.0,20.88,False,,,,,,,,,,,,,,,,,,,,,mechanical,,burn_other,29.15,0.716295025728988,False
30,15.0,28.0,18.7,False,,,,,,,,,,,,,,,,,,,,,mechanical,,burn_other,29.15,0.6415094339622641,False
30,20.0,28.0,18.59,False,,,,,,,,,,,,,,,,,,,,,mechanical,,burn_other,29.15,0.6377358490566039,False
30,25.0,28.0,13.29,False,,,,,,,,,,,,,,,,,,,,,mechanical,,burn_other,29.15,0.455917667238422,False
33,10.0,28.0,39.2,False,77.82000000000001,0.5,3.2,0.305,0.96,,,0.1149999999999999,,,0.925,190.0,,,,0.5,650.0,1.0,,2.0,both,amorphous,controlled_burn,,,False
35,5.0,7.0,14.3,False,79.84,0.55,0.14,1.16,0.19,,0.08,2.9,,,1.95,,,,,0.55,,,,,,,,,,False
35,10.0,7.0,15.6,False,79.84,0.55,0.14,1.16,0.19,,0.08,2.9,,,1.95,,,,,0.55,,,,,,,,,,False
35,15.0,7.0,12.9,False,79.84,0.55,0.14,1.16,0.19,,0.08,2.9,,,1.95,,,,,0.55,,,,,,,,,,False
35,20.0,7.0,11.5,False,79.84,0.55,0.14,1.16,0.19,,0.08,2.9,,,1.95,,,,,0.55,,,,,,,,,,False
35,5.0,14.0,18.4,False,79.84,0.55,0.14,1.16,0.19,,0.08,2.9,,,1.95,,,,,0.55,,,,,,,,,,False
35,10.0,14.0,19.5,False,79.84,0.55,0.14,1.16,0.19,,0.08,2.9,,,1.95,,,,,0.55,,,,,,,,,,False
35,15.0,14.0,15.9,False,79.84,0.55,0.14,1.16,0.19,,0.08,2.9,,,1.95,,,,,0.55,,,,,,,,,,False
35,20.0,14.0,12.4,False,79.84,0.55,0.14,1.16,0.19,,0.08,2.9,,,1.95,,,,,0.55,,,,,,,,,,False
35,0.0,28.0,27.0,False,79.84,0.55,0.14,1.16,0.19,,0.08,2.9,,,1.95,,,,,0.55,,,,,,,,27.0,1.0,False
35,5.0,28.0,24.8,False,79.84,0.55,0.14,1.16,0.19,,0.08,2.9,,,1.95,,,,,0.55,,,,,,,,27.0,0.9185185185185185,False
35,10.0,28.0,29.3,False,79.84,0.55,0.14,1.16,0.19,,0.08,2.9,,,1.95,,,,,0.55,,,,,,,,27.0,1.0851851851851853,False
35,15.0,28.0,17.6,False,79.84,0.55,0.14,1.16,0.19,,0.08,2.9,,,1.95,,,,,0.55,,,,,,,,27.0,0.6518518518518519,False
35,20.0,28.0,16.03,False,79.84,0.55,0.14,1.16,0.19,,0.08,2.9,,,1.95,,,,,0.55,,,,,,,,27.0,0.5937037037037037,False
36,0.0,1.0,125.0,True,87.96,1.14,0.3,0.52,,0.47,,3.29,3.81,42.925,2.1,2.746,,,,0.2766666666666666,,,45.0,2.0,mechanical,amorphous,uncontrolled_burn,125.0,1.0,False
36,0.0,3.0,135.0,True,87.96,1.14,0.3,0.52,,0.47,,3.29,3.81,42.925,2.1,2.746,,,,0.2766666666666666,,,45.0,2.0,mechanical,amorphous,uncontrolled_burn,135.0,1.0,False
36,0.0,28.0,160.0,True,87.96,1.14,0.3,0.52,,0.47,,3.29,3.81,42.925,2.1,2.746,,,,0.2766666666666666,,,45.0,2.0,mechanical,amorphous,uncontrolled_burn,160.0,1.0,False
36,0.0,91.0,172.0,True,87.96,1.14,0.3,0.52,,0.47,,3.29,3.81,42.925,2.1,2.746,,,,0.2766666666666666,,,45.0,2.0,mechanical,amorphous,uncontrolled_burn,172.0,1.0,False
36,10.0,1.0,135.0,True,87.96,1.14,0.3,0.52,,0.47,,3.29,3.81,42.925,2.1,2.746,,,,0.2766666666666666,,,45.0,2.0,mechanical,amorphous,uncontrolled_burn,125.0,1.08,False
36,10.0,3.0,152.0,True,87.96,1.14,0.3,0.52,,0.47,,3.29,3.81,42.925,2.1,2.746,,,,0.2766666666666666,,,45.0,2.0,mechanical,amorphous,uncontrolled_burn,135.0,1.125925925925926,False
36,10.0,28.0,165.0,True,87.96,1.14,0.3,0.52,,0.47,,3.29,3.81,42.925,2.1,2.746,,,,0.2766666666666666,,,45.0,2.0,mechanical,amorphous,uncontrolled_burn,160.0,1.03125,False
36,10.0,91.0,178.0,True,87.96,1.14,0.3,0.52,,0.47,,3.29,3.81,42.925,2.1,2.746,,,,0.2766666666666666,,,45.0,2.0,mechanical,amorphous,uncontrolled_burn,172.0,1.0348837209302326,False
36,20.0,1.0,120.0,True,87.96,1.14,0.3,0.52,,0.47,,3.29,3.81,42.925,2.1,2.746,,,,0.2766666666666666,,,45.0,2.0,mechanical,amorphous,uncontrolled_burn,125.0,0.96,False
36,20.0,3.0,141.0,True,87.96,1.14,0.3,0.52,,0.47,,3.29,3.81,42.925,2.1,2.746,,,,0.2766666666666666,,,45.0,2.0,mechanical,amorphous,uncontrolled_burn,135.0,1.0444444444444445,False
36,20.0,28.0,175.0,True,87.96,1.14,0.3,0.52,,0.47,,3.29,3.81,42.925,2.1,2.746,,,,0.2766666666666666,,,45.0,2.0,mechanical,amorphous,uncontrolled_burn,160.0,1.09375,False
36,20.0,91.0,186.0,True,87.96,1.14,0.3,0.52,,0.47,,3.29,3.81,42.925,2.1,2.746,,,,0.2766666666666666,,,45.0,2.0,mechanical,amorphous,uncontrolled_burn,172.0,1.0813953488372092,False
38,0.0,7.0,22.5,False,90.4,,1.7,1.6,0.7,,,,,90.4,,,,,,0.5,,,,2.0,,amorphous,,22.5,1.0,False
38,0.0,28.0,32.8,False,90.4,,1.7,1.6,0.7,,,,,90.4,,,,,,0.5,,,,2.0,,amorphous,,32.8,1.0,False
38,0.0,56.0,36.5,False,90.4,,1.7,1.6,0.7,,,,,90.4,,,,,,0.5,,,,2.0,,amorphous,,36.5,1.0,False
38,5.0,7.0,23.4,False,90.4,,1.7,1.6,0.7,,,,,90.4,,,,,,0.5,,,,2.0,,amorphous,,22.5,1.04,False
38,5.0,28.0,34.2,False,90.4,,1.7,1.6,0.7,,,,,90.4,,,,,,0.5,,,,2.0,,amorphous,,32.8,1.0426829268292686,False
38,5.0,56.0,39.0,False,90.4,,1.7,1.6,0.7,,,,,90.4,,,,,,0.5,,,,2.0,,amorphous,,36.5,1.0684931506849316,False
38,10.0,7.0,24.3,False,90.4,,1.7,1.6,0.7,,,,,90.4,,,,,,0.5,,,,2.0,,amorphous,,22.5,1.08,False
38,10.0,28.0,36.1,False,90.4,,1.7,1.6,0.7,,,,,90.4,,,,,,0.5,,,,2.0,,amorphous,,32.8,1.1006097560975612,False
38,10.0,56.0,41.4,False,90.4,,1.7,1.6,0.7,,,,,90.4,,,,,,0.5,,,,2.0,,amorphous,,36.5,1.1342465753424658,False
38,15.0,7.0,22.5,False,90.4,,1.7,1.6,0.7,,,,,90.4,,,,,,0.5,,,,2.0,,amorphous,,22.5,1.0,False
38,15.0,28.0,35.3,False,90.4,,1.7,1.6,0.7,,,,,90.4,,,,,,0.5,,,,2.0,,amorphous,,32.8,1.076219512195122,False
38,15.0,56.0,39.9,False,90.4,,1.7,1.6,0.7,,,,,90.4,,,,,,0.5,,,,2.0,,amorphous,,36.5,1.093150684931507,False
38,20.0,7.0,20.8,False,90.4,,1.7,1.6,0.7,,,,,90.4,,,,,,0.5,,,,2.0,,amorphous,,22.5,0.9244444444444445,False
38,20.0,28.0,33.1,False,90.4,,1.7,1.6,0.7,,,,,90.4,,,,,,0.5,,,,2.0,,amorphous,,32.8,1.0091463414634148,False
38,20.0,56.0,38.0,False,90.4,,1.7,1.6,0.7,,,,,90.4,,,,,,0.5,,,,2.0,,amorphous,,36.5,1.0410958904109588,False
38,10.0,7.0,23.4,False,90.4,,1.7,1.6,0.7,,,,,90.4,,,,,,0.5,,,,2.0,,amorphous,,22.5,1.04,False
38,10.0,28.0,35.8,False,90.4,,1.7,1.6,0.7,,,,,90.4,,,,,,0.5,,,,2.0,,amorphous,,32.8,1.0914634146341464,False
38,10.0,56.0,40.8,False,90.4,,1.7,1.6,0.7,,,,,90.4,,,,,,0.5,,,,2.0,,amorphous,,36.5,1.117808219178082,False
38,5.0,7.0,24.5,False,90.4,,1.7,1.6,0.7,,,,,90.4,,,,,,0.5,,,,2.0,,amorphous,,22.5,1.0888888888888888,False
38,5.0,28.0,38.0,False,90.4,,1.7,1.6,0.7,,,,,90.4,,,,,,0.5,,,,2.0,,amorphous,,32.8,1.1585365853658538,False
38,5.0,56.0,43.0,False,90.4,,1.7,1.6,0.7,,,,,90.4,,,,,,0.5,,,,2.0,,amorphous,,36.5,1.178082191780822,False
38,10.0,7.0,25.8,False,90.4,,1.7,1.6,0.7,,,,,90.4,,,,,,0.5,,,,2.0,,amorphous,,22.5,1.1466666666666667,False
38,10.0,28.0,40.0,False,90.4,,1.7,1.6,0.7,,,,,90.4,,,,,,0.5,,,,2.0,,amorphous,,32.8,1.2195121951219514,False
38,10.0,56.0,46.8,False,90.4,,1.7,1.6,0.7,,,,,90.4,,,,,,0.5,,,,2.0,,amorphous,,36.5,1.2821917808219176,False
38,15.0,7.0,24.1,False,90.4,,1.7,1.6,0.7,,,,,90.4,,,,,,0.5,,,,2.0,,amorphous,,22.5,1.0711111111111111,False
38,15.0,28.0,38.5,False,90.4,,1.7,1.6,0.7,,,,,90.4,,,,,,0.5,,,,2.0,,amorphous,,32.8,1.173780487804878,False
38,15.0,56.0,44.0,False,90.4,,1.7,1.6,0.7,,,,,90.4,,,,,,0.5,,,,2.0,,amorphous,,36.5,1.2054794520547945,False
38,20.0,7.0,21.3,False,90.4,,1.7,1.6,0.7,,,,,90.4,,,,,,0.5,,,,2.0,,amorphous,,22.5,0.9466666666666667,False
38,20.0,28.0,36.3,False,90.4,,1.7,1.6,0.7,,,,,90.4,,,,,,0.5,,,,2.0,,amorphous,,32.8,1.1067073170731707,False
38,20.0,56.0,42.2,False,90.4,,1.7,1.6,0.7,,,,,90.4,,,,,,0.5,,,,2.0,,amorphous,,36.5,1.156164383561644,False
39,0.0,7.0,33.24,False,,,,,,,,,,,2.3,45.0,,,,0.4,,,,,,,other,33.24,1.0,False
39,5.0,7.0,5.0,False,,,,,,,,,,,2.3,45.0,,,,0.4,,,,,,,other,33.24,0.1504211793020457,False
39,10.0,7.0,10.0,False,,,,,,,,,,,2.3,45.0,,,,0.4,,,,,,,other,33.24,0.3008423586040914,False
39,15.0,7.0,15.0,False,,,,,,,,,,,2.3,45.0,,,,0.4,,,,,,,other,33.24,0.45126353790613716,False
39,20.0,7.0,20.0,False,,,,,,,,,,,2.3,45.0,,,,0.4,,,,,,,other,33.24,0.6016847172081828,False
39,0.0,28.0,47.47,False,,,,,,,,,,,2.3,45.0,,,,0.4,,,,,,,other,47.47,1.0,False
39,5.0,28.0,5.0,False,,,,,,,,,,,2.3,45.0,,,,0.4,,,,,,,other,47.47,0.10532968190436065,False
39,10.0,28.0,10.0,False,,,,,,,,,,,2.3,45.0,,,,0.4,,,,,,,other,47.47,0.2106593638087213,False
39,15.0,28.0,15.0,False,,,,,,,,,,,2.3,45.0,,,,0.4,,,,,,,other,47.47,0.31598904571308195,False
39,20.0,28.0,20.0,False,,,,,,,,,,,2.3,45.0,,,,0.4,,,,,,,other,47.47,0.4213187276174426,False
40,20.0,100.0,50.0,True,63.3325,3.225714285714285,3.5142857142857147,2.165,1.5625,1.4137499999999998,1.3025,2.5475000000000003,10.154285714285717,432.4666666666667,2.29,28.25,52.400000000000006,,7000.0,0.4366666666666666,487.75,30.83333333333333,150.0,2.0,mechanical,mixed,controlled_burn,,,False
42,0.0,7.0,50.84,False,86.73,0.39,0.04,0.61,0.08,1.32,9.76,0.01,0.54,,,,,,,0.4,600.0,5.0,,2.0,thermal,,burn_other,50.84,1.0,False
42,0.0,28.0,83.36,False,86.73,0.39,0.04,0.61,0.08,1.32,9.76,0.01,0.54,,,,,,,0.4,600.0,5.0,,2.0,thermal,,burn_other,83.36,1.0,False
42,5.0,7.0,51.92,False,86.73,0.39,0.04,0.61,0.08,1.32,9.76,0.01,0.54,,,,,,,0.4,600.0,5.0,,2.0,thermal,,burn_other,50.84,1.021243115656963,False
42,5.0,28.0,85.12,False,86.73,0.39,0.04,0.61,0.08,1.32,9.76,0.01,0.54,,,,,,,0.4,600.0,5.0,,2.0,thermal,,burn_other,83.36,1.0211132437619963,False
42,10.0,7.0,53.0,False,86.73,0.39,0.04,0.61,0.08,1.32,9.76,0.01,0.54,,,,,,,0.4,600.0,5.0,,2.0,thermal,,burn_other,50.84,1.042486231313926,False
42,10.0,28.0,86.9,False,86.73,0.39,0.04,0.61,0.08,1.32,9.76,0.01,0.54,,,,,,,0.4,600.0,5.0,,2.0,thermal,,burn_other,83.36,1.0424664107485606,False
42,15.0,7.0,56.43,False,86.73,0.39,0.04,0.61,0.08,1.32,9.76,0.01,0.54,,,,,,,0.4,600.0,5.0,,2.0,thermal,,burn_other,50.84,1.1099527930763178,False
42,15.0,28.0,92.51,False,86.73,0.39,0.04,0.61,0.08,1.32,9.76,0.01,0.54,,,,,,,0.4,600.0,5.0,,2.0,thermal,,burn_other,83.36,1.1097648752399234,False
42,20.0,7.0,56.67,False,86.73,0.39,0.04,0.61,0.08,1.32,9.76,0.01,0.54,,,,,,,0.4,600.0,5.0,,2.0,thermal,,burn_other,50.84,1.114673485444532,False
42,20.0,28.0,93.28,False,86.73,0.39,0.04,0.61,0.08,1.32,9.76,0.01,0.54,,,,,,,0.4,600.0,5.0,,2.0,thermal,,burn_other,83.36,1.1190019193857965,False
42,25.0,7.0,54.35,False,86.73,0.39,0.04,0.61,0.08,1.32,9.76,0.01,0.54,,,,,,,0.4,600.0,5.0,,2.0,thermal,,burn_other,50.84,1.0690401258851299,False
42,25.0,28.0,89.1,False,86.73,0.39,0.04,0.61,0.08,1.32,9.76,0.01,0.54,,,,,,,0.4,600.0,5.0,,2.0,thermal,,burn_other,83.36,1.0688579654510555,False
48,0.0,7.0,23.5,False,,,,,,,,,,,,,,,,,,,,,both,,uncontrolled_burn,23.5,1.0,False
48,5.0,7.0,24.0,False,,,,,,,,,,,,,,,,,,,,,both,,uncontrolled_burn,23.5,1.0212765957446808,False
48,10.0,7.0,24.5,False,,,,,,,,,,,,,,,,,,,,,both,,uncontrolled_burn,23.5,1.0425531914893618,False
48,15.0,7.0,22.5,False,,,,,,,,,,,,,,,,,,,,,both,,uncontrolled_burn,23.5,0.9574468085106383,False
48,20.0,7.0,21.5,False,,,,,,,,,,,,,,,,,,,,,both,,uncontrolled_burn,23.5,0.9148936170212766,False
48,0.0,14.0,26.8,False,,,,,,,,,,,,,,,,,,,,,both,,uncontrolled_burn,26.8,1.0,False
48,5.0,14.0,28.2,False,,,,,,,,,,,,,,,,,,,,,both,,uncontrolled_burn,26.8,1.0522388059701493,False
48,10.0,14.0,29.4,False,,,,,,,,,,,,,,,,,,,,,both,,uncontrolled_burn,26.8,1.0970149253731343,False
48,15.0,14.0,25.6,False,,,,,,,,,,,,,,,,,,,,,both,,uncontrolled_burn,26.8,0.9552238805970149,False
48,20.0,14.0,23.6,False,,,,,,,,,,,,,,,,,,,,,both,,uncontrolled_burn,26.8,0.8805970149253731,False
48,0.0,28.0,31.8,False,,,,,,,,,,,,,,,,,,,,,both,,uncontrolled_burn,31.8,1.0,False
48,5.0,28.0,33.9,False,,,,,,,,,,,,,,,,,,,,,both,,uncontrolled_burn,31.8,1.0660377358490565,False
48,10.0,28.0,35.6,False,,,,,,,,,,,,,,,,,,,,,both,,uncontrolled_burn,31.8,1.119496855345912,False
48,15.0,28.0,30.4,False,,,,,,,,,,,,,,,,,,,,,both,,uncontrolled_burn,31.8,0.9559748427672955,False
48,20.0,28.0,25.9,False,,,,,,,,,,,,,,,,,,,,,both,,uncontrolled_burn,31.8,0.8144654088050314,False
49,0.0,7.0,27.8,False,85.0,,,,,,,,,85.0,2.3,25.0,,,,0.4,650.0,24.0,,,thermal,,controlled_burn,27.8,1.0,False
49,5.0,7.0,26.6,False,85.0,,,,,,,,,85.0,2.3,25.0,,,,0.4,650.0,24.0,,,thermal,,controlled_burn,27.8,0.9568345323741008,False
49,7.5,7.0,28.3,False,85.0,,,,,,,,,85.0,2.3,25.0,,,,0.4,650.0,24.0,,,thermal,,controlled_burn,27.8,1.0179856115107915,False
49,10.0,7.0,27.3,False,85.0,,,,,,,,,85.0,2.3,25.0,,,,0.4,650.0,24.0,,,thermal,,controlled_burn,27.8,0.9820143884892086,False
49,12.5,7.0,26.2,False,85.0,,,,,,,,,85.0,2.3,25.0,,,,0.4,650.0,24.0,,,thermal,,controlled_burn,27.8,0.9424460431654675,False
49,15.0,7.0,25.9,False,85.0,,,,,,,,,85.0,2.3,25.0,,,,0.4,650.0,24.0,,,thermal,,controlled_burn,27.8,0.9316546762589927,False
49,0.0,28.0,41.7,False,85.0,,,,,,,,,85.0,2.3,25.0,,,,0.4,650.0,24.0,,,thermal,,controlled_burn,41.7,1.0,False
49,5.0,28.0,39.9,False,85.0,,,,,,,,,85.0,2.3,25.0,,,,0.4,650.0,24.0,,,thermal,,controlled_burn,41.7,0.9568345323741007,False
49,7.5,28.0,42.45,False,85.0,,,,,,,,,85.0,2.3,25.0,,,,0.4,650.0,24.0,,,thermal,,controlled_burn,41.7,1.0179856115107913,False
49,10.0,28.0,40.95,False,85.0,,,,,,,,,85.0,2.3,25.0,,,,0.4,650.0,24.0,,,thermal,,controlled_burn,41.7,0.9820143884892086,False
49,12.5,28.0,39.3,False,85.0,,,,,,,,,85.0,2.3,25.0,,,,0.4,650.0,24.0,,,thermal,,controlled_burn,41.7,0.9424460431654675,False
49,15.0,28.0,38.85,False,85.0,,,,,,,,,85.0,2.3,25.0,,,,0.4,650.0,24.0,,,thermal,,controlled_burn,41.7,0.9316546762589928,False
50,0.0,7.0,32.808,False,93.47,0.87,0.92,1.08,3.18,,,,,,,,,,163.575,,500.0,10.0,1.5,2.0,both,amorphous,controlled_burn,32.808,1.0,False
50,0.0,28.0,40.228,False,93.47,0.87,0.92,1.08,3.18,,,,,,,,,,163.575,,500.0,10.0,1.5,2.0,both,amorphous,controlled_burn,40.228,1.0,False
50,5.0,7.0,31.192,False,93.47,0.87,0.92,1.08,3.18,,,,,,,,,,163.575,,500.0,10.0,1.5,2.0,both,amorphous,controlled_burn,32.808,0.9507437210436479,False
50,5.0,28.0,35.48,False,93.47,0.87,0.92,1.08,3.18,,,,,,,,,,163.575,,500.0,10.0,1.5,2.0,both,amorphous,controlled_burn,40.228,0.8819727552948194,False
50,10.0,7.0,33.972,False,93.47,0.87,0.92,1.08,3.18,,,,,,,,,,163.575,,500.0,10.0,1.5,2.0,both,amorphous,controlled_burn,32.808,1.0354791514264814,False
50,10.0,28.0,52.768,False,93.47,0.87,0.92,1.08,3.18,,,,,,,,,,163.575,,500.0,10.0,1.5,2.0,both,amorphous,controlled_burn,40.228,1.3117231778860494,False
50,15.0,7.0,24.448,False,93.47,0.87,0.92,1.08,3.18,,,,,,,,,,163.575,,500.0,10.0,1.5,2.0,both,amorphous,controlled_burn,32.808,0.7451841014386735,False
50,15.0,28.0,35.576,False,93.47,0.87,0.92,1.08,3.18,,,,,,,,,,163.575,,500.0,10.0,1.5,2.0,both,amorphous,controlled_burn,40.228,0.8843591528288753,False
50,20.0,7.0,20.184,False,93.47,0.87,0.92,1.08,3.18,,,,,,,,,,163.575,,500.0,10.0,1.5,2.0,both,amorphous,controlled_burn,32.808,0.6152158010241405,False
50,20.0,28.0,13.128,False,93.47,0.87,0.92,1.08,3.18,,,,,,,,,,163.575,,500.0,10.0,1.5,2.0,both,amorphous,controlled_burn,40.228,0.3263398627821418,False
53,0.0,3.0,40.5,False,94.38,1.2,0.3,0.07,0.82,1.19,0.1,1.06,,,,5.0,122.9,122.9,,0.5,600.0,2.0,20.0,2.0,both,amorphous,controlled_burn,40.5,1.0,False
53,0.0,7.0,50.2,False,94.38,1.2,0.3,0.07,0.82,1.19,0.1,1.06,,,,5.0,122.9,122.9,,0.5,600.0,2.0,20.0,2.0,both,amorphous,controlled_burn,50.2,1.0,False
53,0.0,28.0,69.8,False,94.38,1.2,0.3,0.07,0.82,1.19,0.1,1.06,,,,5.0,122.9,122.9,,0.5,600.0,2.0,20.0,2.0,both,amorphous,controlled_burn,69.8,1.0,False
53,5.0,3.0,42.1,False,94.38,1.2,0.3,0.07,0.82,1.19,0.1,1.06,,,,5.0,122.9,122.9,,0.5,600.0,2.0,20.0,2.0,both,amorphous,controlled_burn,40.5,1.0395061728395063,False
53,5.0,7.0,51.5,False,94.38,1.2,0.3,0.07,0.82,1.19,0.1,1.06,,,,5.0,122.9,122.9,,0.5,600.0,2.0,20.0,2.0,both,amorphous,controlled_burn,50.2,1.0258964143426295,False
53,5.0,28.0,70.5,False,94.38,1.2,0.3,0.07,0.82,1.19,0.1,1.06,,,,5.0,122.9,122.9,,0.5,600.0,2.0,20.0,2.0,both,amorphous,controlled_burn,69.8,1.010028653295129,False
53,10.0,3.0,43.8,False,94.38,1.2,0.3,0.07,0.82,1.19,0.1,1.06,,,,5.0,122.9,122.9,,0.5,600.0,2.0,20.0,2.0,both,amorphous,controlled_burn,40.5,1.0814814814814815,False
53,10.0,7.0,53.2,False,94.38,1.2,0.3,0.07,0.82,1.19,0.1,1.06,,,,5.0,122.9,122.9,,0.5,600.0,2.0,20.0,2.0,both,amorphous,controlled_burn,50.2,1.0597609561752988,False
53,10.0,28.0,73.1,False,94.38,1.2,0.3,0.07,0.82,1.19,0.1,1.06,,,,5.0,122.9,122.9,,0.5,600.0,2.0,20.0,2.0,both,amorphous,controlled_burn,69.8,1.0472779369627507,False
53,15.0,3.0,45.2,False,94.38,1.2,0.3,0.07,0.82,1.19,0.1,1.06,,,,5.0,122.9,122.9,,0.5,600.0,2.0,20.0,2.0,both,amorphous,controlled_burn,40.5,1.1160493827160494,False
53,15.0,7.0,55.0,False,94.38,1.2,0.3,0.07,0.82,1.19,0.1,1.06,,,,5.0,122.9,122.9,,0.5,600.0,2.0,20.0,2.0,both,amorphous,controlled_burn,50.2,1.095617529880478,False
53,15.0,28.0,77.7,False,94.38,1.2,0.3,0.07,0.82,1.19,0.1,1.06,,,,5.0,122.9,122.9,,0.5,600.0,2.0,20.0,2.0,both,amorphous,controlled_burn,69.8,1.1131805157593124,False
54,10.0,3.0,28.7,False,55.29333333333333,0.9200000000000002,0.9200000000000002,0.8911111111111111,0.8755555555555556,1.216,0.316,0.8944444444444445,2.31,99.0,2.1,45.0,9.24,359.3333333333333,,,800.0,1.1666666666666667,,2.0,none,mixed,burn_other,,,False
54,10.0,7.0,48.4,False,55.29333333333333,0.9200000000000002,0.9200000000000002,0.8911111111111111,0.8755555555555556,1.216,0.316,0.8944444444444445,2.31,99.0,2.1,45.0,9.24,359.3333333333333,,,800.0,1.1666666666666667,,2.0,none,mixed,burn_other,,,False
54,10.0,28.0,56.3,False,55.29333333333333,0.9200000000000002,0.9200000000000002,0.8911111111111111,0.8755555555555556,1.216,0.316,0.8944444444444445,2.31,99.0,2.1,45.0,9.24,359.3333333333333,,,800.0,1.1666666666666667,,2.0,none,mixed,burn_other,,,False
54,5.0,28.0,43.1,False,55.29333333333333,0.9200000000000002,0.9200000000000002,0.8911111111111111,0.8755555555555556,1.216,0.316,0.8944444444444445,2.31,99.0,2.1,45.0,9.24,359.3333333333333,,,800.0,1.1666666666666667,,2.0,none,mixed,burn_other,,,False
54,10.0,28.0,59.68,False,55.29333333333333,0.9200000000000002,0.9200000000000002,0.8911111111111111,0.8755555555555556,1.216,0.316,0.8944444444444445,2.31,99.0,2.1,45.0,9.24,359.3333333333333,,,800.0,1.1666666666666667,,2.0,none,mixed,burn_other,,,False
54,15.0,28.0,54.55,False,55.29333333333333,0.9200000000000002,0.9200000000000002,0.8911111111111111,0.8755555555555556,1.216,0.316,0.8944444444444445,2.31,99.0,2.1,45.0,9.24,359.3333333333333,,,800.0,1.1666666666666667,,2.0,none,mixed,burn_other,,,False
57,10.0,28.0,50.0,True,184.85,138.41750000000002,138.12625,138.12375000000003,138.10375000000002,,138.09625,138.75625,,187.525,139.01375,,,74.0,1425.0,0.5,437.875,138.75,23.33333333333333,2.0,mechanical,mixed,uncontrolled_burn,,,False
57,20.0,28.0,59.5,True,184.85,138.41750000000002,138.12625,138.12375000000003,138.10375000000002,,138.09625,138.75625,,187.525,139.01375,,,74.0,1425.0,0.5,437.875,138.75,23.33333333333333,2.0,mechanical,mixed,uncontrolled_burn,,,False
57,40.0,28.0,64.5,True,184.85,138.41750000000002,138.12625,138.12375000000003,138.10375000000002,,138.09625,138.75625,,187.525,139.01375,,,74.0,1425.0,0.5,437.875,138.75,23.33333333333333,2.0,mechanical,mixed,uncontrolled_burn,,,False
57,10.0,28.0,57.5,True,184.85,138.41750000000002,138.12625,138.12375000000003,138.10375000000002,,138.09625,138.75625,,187.525,139.01375,,,74.0,1425.0,0.5,437.875,138.75,23.33333333333333,2.0,mechanical,mixed,uncontrolled_burn,,,False
57,20.0,28.0,59.0,True,184.85,138.41750000000002,138.12625,138.12375000000003,138.10375000000002,,138.09625,138.75625,,187.525,139.01375,,,74.0,1425.0,0.5,437.875,138.75,23.33333333333333,2.0,mechanical,mixed,uncontrolled_burn,,,False
57,40.0,28.0,48.0,True,184.85,138.41750000000002,138.12625,138.12375000000003,138.10375000000002,,138.09625,138.75625,,187.525,139.01375,,,74.0,1425.0,0.5,437.875,138.75,23.33333333333333,2.0,mechanical,mixed,uncontrolled_burn,,,False
57,10.0,28.0,58.0,True,184.85,138.41750000000002,138.12625,138.12375000000003,138.10375000000002,,138.09625,138.75625,,187.525,139.01375,,,74.0,1425.0,0.5,437.875,138.75,23.33333333333333,2.0,mechanical,mixed,uncontrolled_burn,,,False
57,20.0,28.0,56.0,True,184.85,138.41750000000002,138.12625,138.12375000000003,138.10375000000002,,138.09625,138.75625,,187.525,139.01375,,,74.0,1425.0,0.5,437.875,138.75,23.33333333333333,2.0,mechanical,mixed,uncontrolled_burn,,,False
57,40.0,28.0,52.5,True,184.85,138.41750000000002,138.12625,138.12375000000003,138.10375000000002,,138.09625,138.75625,,187.525,139.01375,,,74.0,1425.0,0.5,437.875,138.75,23.33333333333333,2.0,mechanical,mixed,uncontrolled_burn,,,False
57,10.0,28.0,53.0,True,184.85,138.41750000000002,138.12625,138.12375000000003,138.10375000000002,,138.09625,138.75625,,187.525,139.01375,,,74.0,1425.0,0.5,437.875,138.75,23.33333333333333,2.0,mechanical,mixed,uncontrolled_burn,,,False
57,20.0,28.0,52.5,True,184.85,138.41750000000002,138.12625,138.12375000000003,138.10375000000002,,138.09625,138.75625,,187.525,139.01375,,,74.0,1425.0,0.5,437.875,138.75,23.33333333333333,2.0,mechanical,mixed,uncontrolled_burn,,,False
57,40.0,28.0,50.0,True,184.85,138.41750000000002,138.12625,138.12375000000003,138.10375000000002,,138.09625,138.75625,,187.525,139.01375,,,74.0,1425.0,0.5,437.875,138.75,23.33333333333333,2.0,mechanical,mixed,uncontrolled_burn,,,False
57,10.0,56.0,50.0,True,184.85,138.41750000000002,138.12625,138.12375000000003,138.10375000000002,,138.09625,138.75625,,187.525,139.01375,,,74.0,1425.0,0.5,437.875,138.75,23.33333333333333,2.0,mechanical,mixed,uncontrolled_burn,,,False
57,20.0,56.0,60.5,True,184.85,138.41750000000002,138.12625,138.12375000000003,138.10375000000002,,138.09625,138.75625,,187.525,139.01375,,,74.0,1425.0,0.5,437.875,138.75,23.33333333333333,2.0,mechanical,mixed,uncontrolled_burn,,,False
57,40.0,56.0,63.5,True,184.85,138.41750000000002,138.12625,138.12375000000003,138.10375000000002,,138.09625,138.75625,,187.525,139.01375,,,74.0,1425.0,0.5,437.875,138.75,23.33333333333333,2.0,mechanical,mixed,uncontrolled_burn,,,False
57,10.0,56.0,58.0,True,184.85,138.41750000000002,138.12625,138.12375000000003,138.10375000000002,,138.09625,138.75625,,187.525,139.01375,,,74.0,1425.0,0.5,437.875,138.75,23.33333333333333,2.0,mechanical,mixed,uncontrolled_burn,,,False
57,20.0,56.0,56.5,True,184.85,138.41750000000002,138.12625,138.12375000000003,138.10375000000002,,138.09625,138.75625,,187.525,139.01375,,,74.0,1425.0,0.5,437.875,138.75,23.33333333333333,2.0,mechanical,mixed,uncontrolled_burn,,,False
57,40.0,56.0,60.5,True,184.85,138.41750000000002,138.12625,138.12375000000003,138.10375000000002,,138.09625,138.75625,,187.525,139.01375,,,74.0,1425.0,0.5,437.875,138.75,23.33333333333333,2.0,mechanical,mixed,uncontrolled_burn,,,False
57,10.0,56.0,59.5,True,184.85,138.41750000000002,138.12625,138.12375000000003,138.10375000000002,,138.09625,138.75625,,187.525,139.01375,,,74.0,1425.0,0.5,437.875,138.75,23.33333333333333,2.0,mechanical,mixed,uncontrolled_burn,,,False
57,40.0,56.0,55.0,True,184.85,138.41750000000002,138.12625,138.12375000000003,138.10375000000002,,138.09625,138.75625,,187.525,139.01375,,,74.0,1425.0,0.5,437.875,138.75,23.33333333333333,2.0,mechanical,mixed,uncontrolled_burn,,,False
57,10.0,56.0,54.0,True,184.85,138.41750000000002,138.12625,138.12375000000003,138.10375000000002,,138.09625,138.75625,,187.525,139.01375,,,74.0,1425.0,0.5,437.875,138.75,23.33333333333333,2.0,mechanical,mixed,uncontrolled_burn,,,False
57,20.0,56.0,53.5,True,184.85,138.41750000000002,138.12625,138.12375000000003,138.10375000000002,,138.09625,138.75625,,187.525,139.01375,,,74.0,1425.0,0.5,437.875,138.75,23.33333333333333,2.0,mechanical,mixed,uncontrolled_burn,,,False
57,40.0,56.0,52.0,True,184.85,138.41750000000002,138.12625,138.12375000000003,138.10375000000002,,138.09625,138.75625,,187.525,139.01375,,,74.0,1425.0,0.5,437.875,138.75,23.33333333333333,2.0,mechanical,mixed,uncontrolled_burn,,,False
58,8.0,3.0,55.51,False,89.85,0.79,4.79,0.86,,1.34,,1.38,0.53,50.4,2.44,,264.3636363636364,264.3636363636364,,0.36,475.0,3.0,22.666666666666668,2.0,both,mixed,other,,,False
58,12.0,3.0,54.46,False,89.85,0.79,4.79,0.86,,1.34,,1.38,0.53,50.4,2.44,,264.3636363636364,264.3636363636364,,0.36,475.0,3.0,22.666666666666668,2.0,both,mixed,other,,,False
58,8.0,3.0,50.47,False,89.85,0.79,4.79,0.86,,1.34,,1.38,0.53,50.4,2.44,,264.3636363636364,264.3636363636364,,0.36,475.0,3.0,22.666666666666668,2.0,both,mixed,other,,,False
58,12.0,3.0,52.17,False,89.85,0.79,4.79,0.86,,1.34,,1.38,0.53,50.4,2.44,,264.3636363636364,264.3636363636364,,0.36,475.0,3.0,22.666666666666668,2.0,both,mixed,other,,,False
58,10.0,3.0,50.9,False,89.85,0.79,4.79,0.86,,1.34,,1.38,0.53,50.4,2.44,,264.3636363636364,264.3636363636364,,0.36,475.0,3.0,22.666666666666668,2.0,both,mixed,other,,,False
58,8.0,7.0,62.05,False,89.85,0.79,4.79,0.86,,1.34,,1.38,0.53,50.4,2.44,,264.3636363636364,264.3636363636364,,0.36,475.0,3.0,22.666666666666668,2.0,both,mixed,other,,,False
58,12.0,7.0,63.12,False,89.85,0.79,4.79,0.86,,1.34,,1.38,0.53,50.4,2.44,,264.3636363636364,264.3636363636364,,0.36,475.0,3.0,22.666666666666668,2.0,both,mixed,other,,,False
58,8.0,7.0,54.29,False,89.85,0.79,4.79,0.86,,1.34,,1.38,0.53,50.4,2.44,,264.3636363636364,264.3636363636364,,0.36,475.0,3.0,22.666666666666668,2.0,both,mixed,other,,,False
58,12.0,7.0,57.32,False,89.85,0.79,4.79,0.86,,1.34,,1.38,0.53,50.4,2.44,,264.3636363636364,264.3636363636364,,0.36,475.0,3.0,22.666666666666668,2.0,both,mixed,other,,,False
58,10.0,7.0,54.4,False,89.85,0.79,4.79,0.86,,1.34,,1.38,0.53,50.4,2.44,,264.3636363636364,264.3636363636364,,0.36,475.0,3.0,22.666666666666668,2.0,both,mixed,other,,,False
58,8.0,28.0,67.68,False,89.85,0.79,4.79,0.86,,1.34,,1.38,0.53,50.4,2.44,,264.3636363636364,264.3636363636364,,0.36,475.0,3.0,22.666666666666668,2.0,both,mixed,other,,,False
58,12.0,28.0,67.7,False,89.85,0.79,4.79,0.86,,1.34,,1.38,0.53,50.4,2.44,,264.3636363636364,264.3636363636364,,0.36,475.0,3.0,22.666666666666668,2.0,both,mixed,other,,,False
58,8.0,28.0,62.53,False,89.85,0.79,4.79,0.86,,1.34,,1.38,0.53,50.4,2.44,,264.3636363636364,264.3636363636364,,0.36,475.0,3.0,22.666666666666668,2.0,both,mixed,other,,,False
58,12.0,28.0,61.01,False,89.85,0.79,4.79,0.86,,1.34,,1.38,0.53,50.4,2.44,,264.3636363636364,264.3636363636364,,0.36,475.0,3.0,22.666666666666668,2.0,both,mixed,other,,,False
58,10.0,28.0,57.98,False,89.85,0.79,4.79,0.86,,1.34,,1.38,0.53,50.4,2.44,,264.3636363636364,264.3636363636364,,0.36,475.0,3.0,22.666666666666668,2.0,both,mixed,other,,,False
58,8.0,91.0,72.24,False,89.85,0.79,4.79,0.86,,1.34,,1.38,0.53,50.4,2.44,,264.3636363636364,264.3636363636364,,0.36,475.0,3.0,22.666666666666668,2.0,both,mixed,other,,,False
58,12.0,91.0,72.69,False,89.85,0.79,4.79,0.86,,1.34,,1.38,0.53,50.4,2.44,,264.3636363636364,264.3636363636364,,0.36,475.0,3.0,22.666666666666668,2.0,both,mixed,other,,,False
58,8.0,91.0,68.59,False,89.85,0.79,4.79,0.86,,1.34,,1.38,0.53,50.4,2.44,,264.3636363636364,264.3636363636364,,0.36,475.0,3.0,22.666666666666668,2.0,both,mixed,other,,,False
58,12.0,91.0,73.12,False,89.85,0.79,4.79,0.86,,1.34,,1.38,0.53,50.4,2.44,,264.3636363636364,264.3636363636364,,0.36,475.0,3.0,22.666666666666668,2.0,both,mixed,other,,,False
58,10.0,91.0,68.79,False,89.85,0.79,4.79,0.86,,1.34,,1.38,0.53,50.4,2.44,,264.3636363636364,264.3636363636364,,0.36,475.0,3.0,22.666666666666668,2.0,both,mixed,other,,,False
59,25.0,3.0,25.0,False,2.0,,,,,,,,,2.0,,,,,,0.2,,,5.0,2.0,mechanical,crystalline,burn_other,,,False
59,25.0,28.0,25.0,False,2.0,,,,,,,,,2.0,,,,,,0.2,,,5.0,2.0,mechanical,crystalline,burn_other,,,False
59,50.0,28.0,50.0,False,2.0,,,,,,,,,2.0,,,,,,0.2,,,5.0,2.0,mechanical,crystalline,burn_other,,,False
59,100.0,28.0,100.0,False,2.0,,,,,,,,,2.0,,,,,,0.2,,,5.0,2.0,mechanical,crystalline,burn_other,,,False
61,0.0,28.0,42.2,False,86.94,1.25,0.2,0.1,0.4,,0.45,2.225,,,2.3,,,,,0.39,,,,2.0,,,controlled_burn,42.2,1.0,False
61,5.0,28.0,38.45,False,86.94,1.25,0.2,0.1,0.4,,0.45,2.225,,,2.3,,,,,0.39,,,,2.0,,,controlled_burn,42.2,0.9111374407582938,False
61,7.5,28.0,43.45,False,86.94,1.25,0.2,0.1,0.4,,0.45,2.225,,,2.3,,,,,0.39,,,,2.0,,,controlled_burn,42.2,1.0296208530805686,False
61,10.0,28.0,40.9,False,86.94,1.25,0.2,0.1,0.4,,0.45,2.225,,,2.3,,,,,0.39,,,,2.0,,,controlled_burn,42.2,0.9691943127962084,False
61,12.5,28.0,39.6,False,86.94,1.25,0.2,0.1,0.4,,0.45,2.225,,,2.3,,,,,0.39,,,,2.0,,,controlled_burn,42.2,0.938388625592417,False
61,15.0,28.0,38.6,False,86.94,1.25,0.2,0.1,0.4,,0.45,2.225,,,2.3,,,,,0.39,,,,2.0,,,controlled_burn,42.2,0.9146919431279621,False
61,0.0,7.0,28.2,False,86.94,1.25,0.2,0.1,0.4,,0.45,2.225,,,2.3,,,,,0.39,,,,2.0,,,controlled_burn,28.2,1.0,False
61,5.0,7.0,27.5,False,86.94,1.25,0.2,0.1,0.4,,0.45,2.225,,,2.3,,,,,0.39,,,,2.0,,,controlled_burn,28.2,0.975177304964539,False
61,7.5,7.0,28.5,False,86.94,1.25,0.2,0.1,0.4,,0.45,2.225,,,2.3,,,,,0.39,,,,2.0,,,controlled_burn,28.2,1.0106382978723405,False
61,10.0,7.0,27.9,False,86.94,1.25,0.2,0.1,0.4,,0.45,2.225,,,2.3,,,,,0.39,,,,2.0,,,controlled_burn,28.2,0.9893617021276595,False
61,12.5,7.0,26.0,False,86.94,1.25,0.2,0.1,0.4,,0.45,2.225,,,2.3,,,,,0.39,,,,2.0,,,controlled_burn,28.2,0.9219858156028369,False
61,15.0,7.0,25.6,False,86.94,1.25,0.2,0.1,0.4,,0.45,2.225,,,2.3,,,,,0.39,,,,2.0,,,controlled_burn,28.2,0.9078014184397164,False
63,15.0,3.0,15.0,False,87.51,0.71,0.61,0.63,0.52,,0.05,1.87,,,2.0,,,,,,,,5.0,,mechanical,crystalline,other,,,False
63,25.0,3.0,25.0,False,87.51,0.71,0.61,0.63,0.52,,0.05,1.87,,,2.0,,,,,,,,5.0,,mechanical,crystalline,other,,,False
63,40.0,3.0,40.0,False,87.51,0.71,0.61,0.63,0.52,,0.05,1.87,,,2.0,,,,,,,,5.0,,mechanical,crystalline,other,,,False
63,15.0,28.0,15.0,False,87.51,0.71,0.61,0.63,0.52,,0.05,1.87,,,2.0,,,,,,,,5.0,,mechanical,crystalline,other,,,False
63,25.0,28.0,25.0,False,87.51,0.71,0.61,0.63,0.52,,0.05,1.87,,,2.0,,,,,,,,5.0,,mechanical,crystalline,other,,,False
63,40.0,28.0,40.0,False,87.51,0.71,0.61,0.63,0.52,,0.05,1.87,,,2.0,,,,,,,,5.0,,mechanical,crystalline,other,,,False
64,0.0,7.0,13.7,False,81.47,1.22,1.61,1.34,1.46,,0.08,0.32,4.92,81.47,2.06,,,,,0.5,650.0,,,,thermal,,controlled_burn,13.7,1.0,False
64,0.0,14.0,16.4,False,81.47,1.22,1.61,1.34,1.46,,0.08,0.32,4.92,81.47,2.06,,,,,0.5,650.0,,,,thermal,,controlled_burn,16.4,1.0,False
64,0.0,21.0,22.7,False,81.47,1.22,1.61,1.34,1.46,,0.08,0.32,4.92,81.47,2.06,,,,,0.5,650.0,,,,thermal,,controlled_burn,22.7,1.0,False
64,0.0,28.0,26.9,False,81.47,1.22,1.61,1.34,1.46,,0.08,0.32,4.92,81.47,2.06,,,,,0.5,650.0,,,,thermal,,controlled_burn,26.9,1.0,False
64,5.0,7.0,13.5,False,81.47,1.22,1.61,1.34,1.46,,0.08,0.32,4.92,81.47,2.06,,,,,0.5,650.0,,,,thermal,,controlled_burn,13.7,0.9854014598540146,False
64,5.0,14.0,16.2,False,81.47,1.22,1.61,1.34,1.46,,0.08,0.32,4.92,81.47,2.06,,,,,0.5,650.0,,,,thermal,,controlled_burn,16.4,0.9878048780487805,False
64,5.0,21.0,22.4,False,81.47,1.22,1.61,1.34,1.46,,0.08,0.32,4.92,81.47,2.06,,,,,0.5,650.0,,,,thermal,,controlled_burn,22.7,0.986784140969163,False
64,5.0,28.0,26.6,False,81.47,1.22,1.61,1.34,1.46,,0.08,0.32,4.92,81.47,2.06,,,,,0.5,650.0,,,,thermal,,controlled_burn,26.9,0.9888475836431228,False
64,10.0,7.0,13.6,False,81.47,1.22,1.61,1.34,1.46,,0.08,0.32,4.92,81.47,2.06,,,,,0.5,650.0,,,,thermal,,controlled_burn,13.7,0.9927007299270073,False
64,10.0,14.0,16.4,False,81.47,1.22,1.61,1.34,1.46,,0.08,0.32,4.92,81.47,2.06,,,,,0.5,650.0,,,,thermal,,controlled_burn,16.4,1.0,False
64,10.0,21.0,22.7,False,81.47,1.22,1.61,1.34,1.46,,0.08,0.32,4.92,81.47,2.06,,,,,0.5,650.0,,,,thermal,,controlled_burn,22.7,1.0,False
64,10.0,28.0,26.8,False,81.47,1.22,1.61,1.34,1.46,,0.08,0.32,4.92,81.47,2.06,,,,,0.5,650.0,,,,thermal,,controlled_burn,26.9,0.996282527881041,False
64,15.0,7.0,12.8,False,81.47,1.22,1.61,1.34,1.46,,0.08,0.32,4.92,81.47,2.06,,,,,0.5,650.0,,,,thermal,,controlled_burn,13.7,0.9343065693430658,False
64,15.0,14.0,15.6,False,81.47,1.22,1.61,1.34,1.46,,0.08,0.32,4.92,81.47,2.06,,,,,0.5,650.0,,,,thermal,,controlled_burn,16.4,0.951219512195122,False
64,15.0,21.0,21.2,False,81.47,1.22,1.61,1.34,1.46,,0.08,0.32,4.92,81.47,2.06,,,,,0.5,650.0,,,,thermal,,controlled_burn,22.7,0.933920704845815,False
64,15.0,28.0,24.8,False,81.47,1.22,1.61,1.34,1.46,,0.08,0.32,4.92,81.47,2.06,,,,,0.5,650.0,,,,thermal,,controlled_burn,26.9,0.9219330855018588,False
64,20.0,7.0,11.8,False,81.47,1.22,1.61,1.34,1.46,,0.08,0.32,4.92,81.47,2.06,,,,,0.5,650.0,,,,thermal,,controlled_burn,13.7,0.8613138686131387,False
64,20.0,14.0,14.1,False,81.47,1.22,1.61,1.34,1.46,,0.08,0.32,4.92,81.47,2.06,,,,,0.5,650.0,,,,thermal,,controlled_burn,16.4,0.8597560975609757,False
64,20.0,21.0,18.1,False,81.47,1.22,1.61,1.34,1.46,,0.08,0.32,4.92,81.47,2.06,,,,,0.5,650.0,,,,thermal,,controlled_burn,22.7,0.7973568281938327,False
64,20.0,28.0,23.1,False,81.47,1.22,1.61,1.34,1.46,,0.08,0.32,4.92,81.47,2.06,,,,,0.5,650.0,,,,thermal,,controlled_burn,26.9,0.858736059479554,False
64,25.0,7.0,10.4,False,81.47,1.22,1.61,1.34,1.46,,0.08,0.32,4.92,81.47,2.06,,,,,0.5,650.0,,,,thermal,,controlled_burn,13.7,0.759124087591241,False
64,25.0,14.0,13.1,False,81.47,1.22,1.61,1.34,1.46,,0.08,0.32,4.92,81.47,2.06,,,,,0.5,650.0,,,,thermal,,controlled_burn,16.4,0.7987804878048781,False
64,25.0,21.0,16.4,False,81.47,1.22,1.61,1.34,1.46,,0.08,0.32,4.92,81.47,2.06,,,,,0.5,650.0,,,,thermal,,controlled_burn,22.7,0.7224669603524229,False
64,25.0,28.0,21.2,False,81.47,1.22,1.61,1.34,1.46,,0.08,0.32,4.92,81.47,2.06,,,,,0.5,650.0,,,,thermal,,controlled_burn,26.9,0.7881040892193308,False
64,30.0,7.0,9.8,False,81.47,1.22,1.61,1.34,1.46,,0.08,0.32,4.92,81.47,2.06,,,,,0.5,650.0,,,,thermal,,controlled_burn,13.7,0.7153284671532848,False
64,30.0,14.0,11.4,False,81.47,1.22,1.61,1.34,1.46,,0.08,0.32,4.92,81.47,2.06,,,,,0.5,650.0,,,,thermal,,controlled_burn,16.4,0.6951219512195123,False
64,30.0,21.0,13.8,False,81.47,1.22,1.61,1.34,1.46,,0.08,0.32,4.92,81.47,2.06,,,,,0.5,650.0,,,,thermal,,controlled_burn,22.7,0.6079295154185023,False
64,30.0,28.0,16.8,False,81.47,1.22,1.61,1.34,1.46,,0.08,0.32,4.92,81.47,2.06,,,,,0.5,650.0,,,,thermal,,controlled_burn,26.9,0.6245353159851301,False
65,0.0,7.0,16.3,True,87.5,,,,,,,,,87.5,,,,,,0.4,,,,,,,other,16.3,1.0,False
65,5.0,7.0,16.8,True,87.5,,,,,,,,,87.5,,,,,,0.4,,,,,,,other,16.3,1.030674846625767,False
65,10.0,7.0,17.2,True,87.5,,,,,,,,,87.5,,,,,,0.4,,,,,,,other,16.3,1.0552147239263803,False
65,15.0,7.0,17.8,True,87.5,,,,,,,,,87.5,,,,,,0.4,,,,,,,other,16.3,1.0920245398773005,False
65,20.0,7.0,16.5,True,87.5,,,,,,,,,87.5,,,,,,0.4,,,,,,,other,16.3,1.0122699386503067,False
65,25.0,7.0,15.8,True,87.5,,,,,,,,,87.5,,,,,,0.4,,,,,,,other,16.3,0.9693251533742331,False
65,0.0,14.0,23.3,True,87.5,,,,,,,,,87.5,,,,,,0.4,,,,,,,other,23.3,1.0,False
65,5.0,14.0,22.8,True,87.5,,,,,,,,,87.5,,,,,,0.4,,,,,,,other,23.3,0.9785407725321889,False
65,10.0,14.0,24.5,True,87.5,,,,,,,,,87.5,,,,,,0.4,,,,,,,other,23.3,1.0515021459227467,False
65,15.0,14.0,25.5,True,87.5,,,,,,,,,87.5,,,,,,0.4,,,,,,,other,23.3,1.094420600858369,False
65,20.0,14.0,23.5,True,87.5,,,,,,,,,87.5,,,,,,0.4,,,,,,,other,23.3,1.0085836909871244,False
65,25.0,14.0,22.7,True,87.5,,,,,,,,,87.5,,,,,,0.4,,,,,,,other,23.3,0.9742489270386265,False
65,0.0,28.0,26.0,True,87.5,,,,,,,,,87.5,,,,,,0.4,,,,,,,other,26.0,1.0,False
65,5.0,28.0,26.5,True,87.5,,,,,,,,,87.5,,,,,,0.4,,,,,,,other,26.0,1.0192307692307692,False
65,10.0,28.0,27.2,True,87.5,,,,,,,,,87.5,,,,,,0.4,,,,,,,other,26.0,1.0461538461538462,False
65,15.0,28.0,28.0,True,87.5,,,,,,,,,87.5,,,,,,0.4,,,,,,,other,26.0,1.0769230769230769,False
65,20.0,28.0,26.1,True,87.5,,,,,,,,,87.5,,,,,,0.4,,,,,,,other,26.0,1.0038461538461538,False
65,25.0,28.0,25.2,True,87.5,,,,,,,,,87.5,,,,,,0.4,,,,,,,other,26.0,0.9692307692307692,False
67,0.0,56.0,67.05,False,75.24,2.42,2.18,2.24,2.28,0.12,0.86,1.72,12.99,,,,,,,0.35,,,,,,,controlled_burn,67.05,1.0,False
67,5.0,56.0,69.13,False,75.24,2.42,2.18,2.24,2.28,0.12,0.86,1.72,12.99,,,,,,,0.35,,,,,,,controlled_burn,67.05,1.0310216256524982,False
67,10.0,56.0,71.85,False,75.24,2.42,2.18,2.24,2.28,0.12,0.86,1.72,12.99,,,,,,,0.35,,,,,,,controlled_burn,67.05,1.0715883668903803,False
67,15.0,56.0,65.35,False,75.24,2.42,2.18,2.24,2.28,0.12,0.86,1.72,12.99,,,,,,,0.35,,,,,,,controlled_burn,67.05,0.9746457867263236,False
67,20.0,56.0,63.77,False,75.24,2.42,2.18,2.24,2.28,0.12,0.86,1.72,12.99,,,,,,,0.35,,,,,,,controlled_burn,67.05,0.9510812826249069,False
68,15.0,28.0,21.0,False,89.03333333333333,1.3257142857142856,1.2607142857142857,0.8185714285714286,1.0007142857142857,0.8464285714285714,0.2714285714285714,2.472142857142857,5.14,,2.29,19.53333333333333,7000.0,,,0.39875,681.25,24.5,185.0,2.0,mechanical,mixed,uncontrolled_burn,,,False
69,2.5,7.0,2.5,False,,,,,,,,,,,2.24,,87.0,,,0.4,,,,,,,burn_other,,,False
69,5.0,7.0,5.0,False,,,,,,,,,,,2.24,,87.0,,,0.4,,,,,,,burn_other,,,False
69,7.5,7.0,7.5,False,,,,,,,,,,,2.24,,87.0,,,0.4,,,,,,,burn_other,,,False
69,10.0,7.0,10.0,False,,,,,,,,,,,2.24,,87.0,,,0.4,,,,,,,burn_other,,,False
69,2.5,14.0,2.5,False,,,,,,,,,,,2.24,,87.0,,,0.4,,,,,,,burn_other,,,False
69,5.0,14.0,5.0,False,,,,,,,,,,,2.24,,87.0,,,0.4,,,,,,,burn_other,,,False
69,7.5,14.0,7.5,False,,,,,,,,,,,2.24,,87.0,,,0.4,,,,,,,burn_other,,,False
69,10.0,14.0,10.0,False,,,,,,,,,,,2.24,,87.0,,,0.4,,,,,,,burn_other,,,False
69,2.5,28.0,2.5,False,,,,,,,,,,,2.24,,87.0,,,0.4,,,,,,,burn_other,,,False
69,5.0,28.0,5.0,False,,,,,,,,,,,2.24,,87.0,,,0.4,,,,,,,burn_other,,,False
69,7.5,28.0,7.5,False,,,,,,,,,,,2.24,,87.0,,,0.4,,,,,,,burn_other,,,False
69,10.0,28.0,10.0,False,,,,,,,,,,,2.24,,87.0,,,0.4,,,,,,,burn_other,,,False
69,2.5,91.0,2.5,False,,,,,,,,,,,2.24,,87.0,,,0.4,,,,,,,burn_other,,,False
69,5.0,91.0,5.0,False,,,,,,,,,,,2.24,,87.0,,,0.4,,,,,,,burn_other,,,False
69,7.5,91.0,7.5,False,,,,,,,,,,,2.24,,87.0,,,0.4,,,,,,,burn_other,,,False
69,10.0,91.0,10.0,False,,,,,,,,,,,2.24,,87.0,,,0.4,,,,,,,burn_other,,,False
72,0.0,28.0,33.905,True,86.77625,1.07875,1.0450000000000002,0.87625,0.6271428571428571,,0.3742857142857143,2.4385714285714286,12.0,88.33333333333333,2.154,28.03333333333333,347.79315789473685,,,,600.0,,86.0,2.0,both,mixed,controlled_burn,43.9525,0.7714009442011263,False
72,5.0,28.0,31.835,True,86.77625,1.07875,1.0450000000000002,0.87625,0.6271428571428571,,0.3742857142857143,2.4385714285714286,12.0,88.33333333333333,2.154,28.03333333333333,347.79315789473685,,,,600.0,,86.0,2.0,both,mixed,controlled_burn,43.9525,0.7243046470621693,False
72,10.0,28.0,33.94,True,86.77625,1.07875,1.0450000000000002,0.87625,0.6271428571428571,,0.3742857142857143,2.4385714285714286,12.0,88.33333333333333,2.154,28.03333333333333,347.79315789473685,,,,600.0,,86.0,2.0,both,mixed,controlled_burn,43.9525,0.7721972584039588,False
72,20.0,28.0,34.675,True,86.77625,1.07875,1.0450000000000002,0.87625,0.6271428571428571,,0.3742857142857143,2.4385714285714286,12.0,88.33333333333333,2.154,28.03333333333333,347.79315789473685,,,,600.0,,86.0,2.0,both,mixed,controlled_burn,43.9525,0.7889198566634434,False
72,30.0,28.0,35.665,True,86.77625,1.07875,1.0450000000000002,0.87625,0.6271428571428571,,0.3742857142857143,2.4385714285714286,12.0,88.33333333333333,2.154,28.03333333333333,347.79315789473685,,,,600.0,,86.0,2.0,both,mixed,controlled_burn,43.9525,0.8114441726864228,False
72,0.0,28.0,54.0,False,86.77625,1.07875,1.0450000000000002,0.87625,0.6271428571428571,,0.3742857142857143,2.4385714285714286,12.0,88.33333333333333,2.154,28.03333333333333,347.79315789473685,,,,600.0,,86.0,2.0,both,mixed,controlled_burn,43.9525,1.2285990557988737,False
72,5.0,28.0,55.4,False,86.77625,1.07875,1.0450000000000002,0.87625,0.6271428571428571,,0.3742857142857143,2.4385714285714286,12.0,88.33333333333333,2.154,28.03333333333333,347.79315789473685,,,,600.0,,86.0,2.0,both,mixed,controlled_burn,43.9525,1.260451623912178,False
72,10.0,28.0,62.3,False,86.77625,1.07875,1.0450000000000002,0.87625,0.6271428571428571,,0.3742857142857143,2.4385714285714286,12.0,88.33333333333333,2.154,28.03333333333333,347.79315789473685,,,,600.0,,86.0,2.0,both,mixed,controlled_burn,43.9525,1.417439281042034,False
72,20.0,28.0,60.2,False,86.77625,1.07875,1.0450000000000002,0.87625,0.6271428571428571,,0.3742857142857143,2.4385714285714286,12.0,88.33333333333333,2.154,28.03333333333333,347.79315789473685,,,,600.0,,86.0,2.0,both,mixed,controlled_burn,43.9525,1.369660428872078,False
72,0.0,200.0,24.25,True,86.77625,1.07875,1.0450000000000002,0.87625,0.6271428571428571,,0.3742857142857143,2.4385714285714286,12.0,88.33333333333333,2.154,28.03333333333333,347.79315789473685,,,,600.0,,86.0,2.0,both,mixed,controlled_burn,24.25,1.0,False
72,5.0,200.0,15.7,True,86.77625,1.07875,1.0450000000000002,0.87625,0.6271428571428571,,0.3742857142857143,2.4385714285714286,12.0,88.33333333333333,2.154,28.03333333333333,347.79315789473685,,,,600.0,,86.0,2.0,both,mixed,controlled_burn,24.25,0.647422680412371,False
72,10.0,200.0,17.2,True,86.77625,1.07875,1.0450000000000002,0.87625,0.6271428571428571,,0.3742857142857143,2.4385714285714286,12.0,88.33333333333333,2.154,28.03333333333333,347.79315789473685,,,,600.0,,86.0,2.0,both,mixed,controlled_burn,24.25,0.7092783505154638,False
74,0.0,7.0,20.25,False,92.76,3.85,0.79,1.98,,,0.4,0.22,,,2.12,,,,,0.55,600.0,6.0,,,thermal,,controlled_burn,20.25,1.0,False
74,0.0,14.0,28.45,False,92.76,3.85,0.79,1.98,,,0.4,0.22,,,2.12,,,,,0.55,600.0,6.0,,,thermal,,controlled_burn,28.45,1.0,False
74,0.0,28.0,33.45,False,92.76,3.85,0.79,1.98,,,0.4,0.22,,,2.12,,,,,0.55,600.0,6.0,,,thermal,,controlled_burn,33.45,1.0,False
74,5.0,7.0,21.23,False,92.76,3.85,0.79,1.98,,,0.4,0.22,,,2.12,,,,,0.55,600.0,6.0,,,thermal,,controlled_burn,20.25,1.048395061728395,False
74,5.0,14.0,29.25,False,92.76,3.85,0.79,1.98,,,0.4,0.22,,,2.12,,,,,0.55,600.0,6.0,,,thermal,,controlled_burn,28.45,1.0281195079086116,False
74,5.0,28.0,34.5,False,92.76,3.85,0.79,1.98,,,0.4,0.22,,,2.12,,,,,0.55,600.0,6.0,,,thermal,,controlled_burn,33.45,1.0313901345291479,False
74,10.0,7.0,22.23,False,92.76,3.85,0.79,1.98,,,0.4,0.22,,,2.12,,,,,0.55,600.0,6.0,,,thermal,,controlled_burn,20.25,1.0977777777777777,False
74,10.0,14.0,30.78,False,92.76,3.85,0.79,1.98,,,0.4,0.22,,,2.12,,,,,0.55,600.0,6.0,,,thermal,,controlled_burn,28.45,1.0818980667838314,False
74,10.0,28.0,35.7,False,92.76,3.85,0.79,1.98,,,0.4,0.22,,,2.12,,,,,0.55,600.0,6.0,,,thermal,,controlled_burn,33.45,1.0672645739910314,False
74,15.0,7.0,23.72,False,92.76,3.85,0.79,1.98,,,0.4,0.22,,,2.12,,,,,0.55,600.0,6.0,,,thermal,,controlled_burn,20.25,1.171358024691358,False
74,15.0,14.0,32.85,False,92.76,3.85,0.79,1.98,,,0.4,0.22,,,2.12,,,,,0.55,600.0,6.0,,,thermal,,controlled_burn,28.45,1.1546572934973638,False
74,15.0,28.0,37.12,False,92.76,3.85,0.79,1.98,,,0.4,0.22,,,2.12,,,,,0.55,600.0,6.0,,,thermal,,controlled_burn,33.45,1.1097159940209267,False
74,20.0,7.0,21.25,False,92.76,3.85,0.79,1.98,,,0.4,0.22,,,2.12,,,,,0.55,600.0,6.0,,,thermal,,controlled_burn,20.25,1.0493827160493827,False
74,20.0,14.0,29.85,False,92.76,3.85,0.79,1.98,,,0.4,0.22,,,2.12,,,,,0.55,600.0,6.0,,,thermal,,controlled_burn,28.45,1.0492091388400704,False
74,20.0,28.0,34.9,False,92.76,3.85,0.79,1.98,,,0.4,0.22,,,2.12,,,,,0.55,600.0,6.0,,,thermal,,controlled_burn,33.45,1.0433482810164423,False
76,7.0,10.0,22.0,False,83.1,4.7,2.15,1.1,1.5,1.2,0.1,2.96,1.13,,2.45,4.5,165.0,165.0,,0.5,550.0,,30.0,2.0,mechanical,amorphous,controlled_burn,,,False
76,7.0,10.0,20.0,False,83.1,4.7,2.15,1.1,1.5,1.2,0.1,2.96,1.13,,2.45,4.5,165.0,165.0,,0.5,550.0,,30.0,2.0,mechanical,amorphous,controlled_burn,,,False
76,14.0,10.0,25.0,False,83.1,4.7,2.15,1.1,1.5,1.2,0.1,2.96,1.13,,2.45,4.5,165.0,165.0,,0.5,550.0,,30.0,2.0,mechanical,amorphous,controlled_burn,,,False
76,14.0,10.0,23.5,False,83.1,4.7,2.15,1.1,1.5,1.2,0.1,2.96,1.13,,2.45,4.5,165.0,165.0,,0.5,550.0,,30.0,2.0,mechanical,amorphous,controlled_burn,,,False
76,14.0,10.0,21.5,False,83.1,4.7,2.15,1.1,1.5,1.2,0.1,2.96,1.13,,2.45,4.5,165.0,165.0,,0.5,550.0,,30.0,2.0,mechanical,amorphous,controlled_burn,,,False
76,7.0,20.0,29.0,False,83.1,4.7,2.15,1.1,1.5,1.2,0.1,2.96,1.13,,2.45,4.5,165.0,165.0,,0.5,550.0,,30.0,2.0,mechanical,amorphous,controlled_burn,,,False
76,7.0,20.0,26.0,False,83.1,4.7,2.15,1.1,1.5,1.2,0.1,2.96,1.13,,2.45,4.5,165.0,165.0,,0.5,550.0,,30.0,2.0,mechanical,amorphous,controlled_burn,,,False
76,14.0,20.0,31.0,False,83.1,4.7,2.15,1.1,1.5,1.2,0.1,2.96,1.13,,2.45,4.5,165.0,165.0,,0.5,550.0,,30.0,2.0,mechanical,amorphous,controlled_burn,,,False
76,14.0,20.0,28.0,False,83.1,4.7,2.15,1.1,1.5,1.2,0.1,2.96,1.13,,2.45,4.5,165.0,165.0,,0.5,550.0,,30.0,2.0,mechanical,amorphous,controlled_burn,,,False
76,14.0,20.0,26.0,False,83.1,4.7,2.15,1.1,1.5,1.2,0.1,2.96,1.13,,2.45,4.5,165.0,165.0,,0.5,550.0,,30.0,2.0,mechanical,amorphous,controlled_burn,,,False
76,7.0,30.0,35.7,False,83.1,4.7,2.15,1.1,1.5,1.2,0.1,2.96,1.13,,2.45,4.5,165.0,165.0,,0.5,550.0,,30.0,2.0,mechanical,amorphous,controlled_burn,,,False
76,7.0,30.0,32.0,False,83.1,4.7,2.15,1.1,1.5,1.2,0.1,2.96,1.13,,2.45,4.5,165.0,165.0,,0.5,550.0,,30.0,2.0,mechanical,amorphous,controlled_burn,,,False
76,7.0,30.0,30.0,False,83.1,4.7,2.15,1.1,1.5,1.2,0.1,2.96,1.13,,2.45,4.5,165.0,165.0,,0.5,550.0,,30.0,2.0,mechanical,amorphous,controlled_burn,,,False
76,14.0,30.0,36.5,False,83.1,4.7,2.15,1.1,1.5,1.2,0.1,2.96,1.13,,2.45,4.5,165.0,165.0,,0.5,550.0,,30.0,2.0,mechanical,amorphous,controlled_burn,,,False
76,14.0,30.0,32.0,False,83.1,4.7,2.15,1.1,1.5,1.2,0.1,2.96,1.13,,2.45,4.5,165.0,165.0,,0.5,550.0,,30.0,2.0,mechanical,amorphous,controlled_burn,,,False
76,14.0,30.0,30.0,False,83.1,4.7,2.15,1.1,1.5,1.2,0.1,2.96,1.13,,2.45,4.5,165.0,165.0,,0.5,550.0,,30.0,2.0,mechanical,amorphous,controlled_burn,,,False
78,0.0,28.0,31.0,False,90.8,0.07,0.11,0.6,1.7,0.03,0.76,,,45.4,2.02,9.0,,,16500.0,0.4333333333333333,516.6666666666666,2.0,,2.0,both,crystalline,controlled_burn,31.0,1.0,False
78,10.0,28.0,37.8,False,90.8,0.07,0.11,0.6,1.7,0.03,0.76,,,45.4,2.02,9.0,,,16500.0,0.4333333333333333,516.6666666666666,2.0,,2.0,both,crystalline,controlled_burn,31.0,1.2193548387096773,False
78,10.0,28.0,10.0,False,90.8,0.07,0.11,0.6,1.7,0.03,0.76,,,45.4,2.02,9.0,,,16500.0,0.4333333333333333,516.6666666666666,2.0,,2.0,both,crystalline,controlled_burn,31.0,0.3225806451612903,False
78,15.0,28.0,44.6,False,90.8,0.07,0.11,0.6,1.7,0.03,0.76,,,45.4,2.02,9.0,,,16500.0,0.4333333333333333,516.6666666666666,2.0,,2.0,both,crystalline,controlled_burn,31.0,1.4387096774193548,False
78,15.0,28.0,15.0,False,90.8,0.07,0.11,0.6,1.7,0.03,0.76,,,45.4,2.02,9.0,,,16500.0,0.4333333333333333,516.6666666666666,2.0,,2.0,both,crystalline,controlled_burn,31.0,0.4838709677419355,False
78,20.0,28.0,41.8,False,90.8,0.07,0.11,0.6,1.7,0.03,0.76,,,45.4,2.02,9.0,,,16500.0,0.4333333333333333,516.6666666666666,2.0,,2.0,both,crystalline,controlled_burn,31.0,1.3483870967741935,False
78,20.0,28.0,20.0,False,90.8,0.07,0.11,0.6,1.7,0.03,0.76,,,45.4,2.02,9.0,,,16500.0,0.4333333333333333,516.6666666666666,2.0,,2.0,both,crystalline,controlled_burn,31.0,0.6451612903225806,False
78,0.0,56.0,45.6,False,90.8,0.07,0.11,0.6,1.7,0.03,0.76,,,45.4,2.02,9.0,,,16500.0,0.4333333333333333,516.6666666666666,2.0,,2.0,both,crystalline,controlled_burn,45.6,1.0,False
78,10.0,56.0,52.4,False,90.8,0.07,0.11,0.6,1.7,0.03,0.76,,,45.4,2.02,9.0,,,16500.0,0.4333333333333333,516.6666666666666,2.0,,2.0,both,crystalline,controlled_burn,45.6,1.1491228070175439,False
78,10.0,56.0,10.0,False,90.8,0.07,0.11,0.6,1.7,0.03,0.76,,,45.4,2.02,9.0,,,16500.0,0.4333333333333333,516.6666666666666,2.0,,2.0,both,crystalline,controlled_burn,45.6,0.21929824561403508,False
78,15.0,56.0,54.4,False,90.8,0.07,0.11,0.6,1.7,0.03,0.76,,,45.4,2.02,9.0,,,16500.0,0.4333333333333333,516.6666666666666,2.0,,2.0,both,crystalline,controlled_burn,45.6,1.1929824561403508,False
78,15.0,56.0,15.0,False,90.8,0.07,0.11,0.6,1.7,0.03,0.76,,,45.4,2.02,9.0,,,16500.0,0.4333333333333333,516.6666666666666,2.0,,2.0,both,crystalline,controlled_burn,45.6,0.3289473684210526,False
78,20.0,56.0,48.2,False,90.8,0.07,0.11,0.6,1.7,0.03,0.76,,,45.4,2.02,9.0,,,16500.0,0.4333333333333333,516.6666666666666,2.0,,2.0,both,crystalline,controlled_burn,45.6,1.0570175438596492,False
78,20.0,56.0,20.0,False,90.8,0.07,0.11,0.6,1.7,0.03,0.76,,,45.4,2.02,9.0,,,16500.0,0.4333333333333333,516.6666666666666,2.0,,2.0,both,crystalline,controlled_burn,45.6,0.43859649122807015,False
78,0.0,90.0,47.1,False,90.8,0.07,0.11,0.6,1.7,0.03,0.76,,,45.4,2.02,9.0,,,16500.0,0.4333333333333333,516.6666666666666,2.0,,2.0,both,crystalline,controlled_burn,47.1,1.0,False
78,10.0,90.0,59.3,False,90.8,0.07,0.11,0.6,1.7,0.03,0.76,,,45.4,2.02,9.0,,,16500.0,0.4333333333333333,516.6666666666666,2.0,,2.0,both,crystalline,controlled_burn,47.1,1.2590233545647558,False
78,10.0,90.0,10.0,False,90.8,0.07,0.11,0.6,1.7,0.03,0.76,,,45.4,2.02,9.0,,,16500.0,0.4333333333333333,516.6666666666666,2.0,,2.0,both,crystalline,controlled_burn,47.1,0.21231422505307854,False
78,15.0,90.0,61.0,False,90.8,0.07,0.11,0.6,1.7,0.03,0.76,,,45.4,2.02,9.0,,,16500.0,0.4333333333333333,516.6666666666666,2.0,,2.0,both,crystalline,controlled_burn,47.1,1.2951167728237791,False
78,15.0,90.0,15.0,False,90.8,0.07,0.11,0.6,1.7,0.03,0.76,,,45.4,2.02,9.0,,,16500.0,0.4333333333333333,516.6666666666666,2.0,,2.0,both,crystalline,controlled_burn,47.1,0.3184713375796178,False
78,20.0,90.0,56.8,False,90.8,0.07,0.11,0.6,1.7,0.03,0.76,,,45.4,2.02,9.0,,,16500.0,0.4333333333333333,516.6666666666666,2.0,,2.0,both,crystalline,controlled_burn,47.1,1.2059447983014862,False
78,20.0,90.0,20.0,False,90.8,0.07,0.11,0.6,1.7,0.03,0.76,,,45.4,2.02,9.0,,,16500.0,0.4333333333333333,516.6666666666666,2.0,,2.0,both,crystalline,controlled_burn,47.1,0.4246284501061571,False
78,0.0,120.0,58.1,False,90.8,0.07,0.11,0.6,1.7,0.03,0.76,,,45.4,2.02,9.0,,,16500.0,0.4333333333333333,516.6666666666666,2.0,,2.0,both,crystalline,controlled_burn,58.1,1.0,False
78,10.0,120.0,65.2,False,90.8,0.07,0.11,0.6,1.7,0.03,0.76,,,45.4,2.02,9.0,,,16500.0,0.4333333333333333,516.6666666666666,2.0,,2.0,both,crystalline,controlled_burn,58.1,1.1222030981067126,False
78,10.0,120.0,10.0,False,90.8,0.07,0.11,0.6,1.7,0.03,0.76,,,45.4,2.02,9.0,,,16500.0,0.4333333333333333,516.6666666666666,2.0,,2.0,both,crystalline,controlled_burn,58.1,0.1721170395869191,False
78,15.0,120.0,68.0,False,90.8,0.07,0.11,0.6,1.7,0.03,0.76,,,45.4,2.02,9.0,,,16500.0,0.4333333333333333,516.6666666666666,2.0,,2.0,both,crystalline,controlled_burn,58.1,1.1703958691910499,False
78,15.0,120.0,15.0,False,90.8,0.07,0.11,0.6,1.7,0.03,0.76,,,45.4,2.02,9.0,,,16500.0,0.4333333333333333,516.6666666666666,2.0,,2.0,both,crystalline,controlled_burn,58.1,0.25817555938037867,False
78,20.0,120.0,63.5,False,90.8,0.07,0.11,0.6,1.7,0.03,0.76,,,45.4,2.02,9.0,,,16500.0,0.4333333333333333,516.6666666666666,2.0,,2.0,both,crystalline,controlled_burn,58.1,1.0929432013769362,False
78,20.0,120.0,20.0,False,90.8,0.07,0.11,0.6,1.7,0.03,0.76,,,45.4,2.02,9.0,,,16500.0,0.4333333333333333,516.6666666666666,2.0,,2.0,both,crystalline,controlled_burn,58.1,0.3442340791738382,False
