paper_id,declared_replacement_levels_pct,replacement_min_pct,replacement_max_pct,material_type,source_material,processing_method,processing_parameters,sio2_pct,activation_method,w_b_ratio,fe2o3_pct,al2o3_pct,pozzolanic_reactivity,cao_pct,mgo_pct,k2o_pct,mechanical_activation_method,amorphous_content_pct,activation_parameters,na2o_pct,specific_gravity,loi_pct,xrd_phases,other_reported_oxides,mineral_composition,thermal_treatment_temperature,replacement_pct,age_days,compressive_strength_mpa
P070,"0, 2.5, 5, 7.5, 10",0.0,10.0,Rice Husk Ash (RHA) / RHA,Rice field / Rice husk,Natural combusting process,Uncontrolled burning temperature and time; sieved through No. 50 sieve,,,0.4,,,,,,,,,,,2.24,,,,,,2.5,7.0,29.17
P070,"0, 2.5, 5, 7.5, 10",0.0,10.0,Rice Husk Ash (RHA) / RHA,Rice field / Rice husk,Natural combusting process,Uncontrolled burning temperature and time; sieved through No. 50 sieve,,,0.4,,,,,,,,,,,2.24,,,,,,2.5,14.0,35.35
P070,"0, 2.5, 5, 7.5, 10",0.0,10.0,Rice Husk Ash (RHA) / RHA,Rice field / Rice husk,Natural combusting process,Uncontrolled burning temperature and time; sieved through No. 50 sieve,,,0.4,,,,,,,,,,,2.24,,,,,,2.5,28.0,38.78
P070,"0, 2.5, 5, 7.5, 10",0.0,10.0,Rice Husk Ash (RHA) / RHA,Rice field / Rice husk,Natural combusting process,Uncontrolled burning temperature and time; sieved through No. 50 sieve,,,0.4,,,,,,,,,,,2.24,,,,,,2.5,91.0,39.3
P028,"0, 5, 10, 15, 20, 25, 30",0.0,30.0,Rice Husk Ash (RHA),Rice Husk,controlled,,83.6,,,0.64,0.76,,0.84,0.4,,,,,,,14.2,,Particles retained on 45 micron IS sieves (Wet Sieving): 27.13,,,5.0,3.0,21.0
P010,"5, 10, 15, 20",5.0,20.0,Rice husk ash (RHA),Rice husk,controlled,Incineration temperature < 700 °C; Sieving through 150 µm and 33 µm; Grinding in Los Angeles mill for 30 min and 180 min,87.86,mechanical,0.4,0.93,0.68,high,1.3,0.35,2.37,Los Angeles mill grinding,95.0,Grinded using Los Angeles mill,0.12,,,,,,700.0,5.0,7.0,25.7
P016,"0, 5, 10, 15",0.0,15.0,Rice Husk Ash,Rice Husk,Burning / Incineration,,82.5,,0.355,,,high,,,,,,,,2.27,,,,,,5.0,7.0,35.34
P016,"0, 5, 10, 15",0.0,15.0,Rice Husk Ash,Rice Husk,Burning / Incineration,,82.5,,0.355,,,high,,,,,,,,2.27,,,,,,5.0,7.0,42.0
P028,"0, 5, 10, 15, 20, 25, 30",0.0,30.0,Rice Husk Ash (RHA),Rice Husk,controlled,,83.6,,,0.64,0.76,,0.84,0.4,,,,,,,14.2,,Particles retained on 45 micron IS sieves (Wet Sieving): 27.13,,,5.0,7.0,37.0
P031,"0, 5, 10, 15, 20, 25",0.0,25.0,Rice Husk Ash (RHA),Rice Husk,"Burnt under guided or enclosed place, ground, and sieved",Sieved through 600 ?m sieve,,mechanical,,,,,,,,Grinding,,,,,,,,,,5.0,7.0,16.88
P039,"0, 5, 10, 15, 20",0.0,20.0,Rice husk ash (RHA),"KGR Agro Fusions Private Limited, Ludhiana, Punjab (India)",,,90.4,,0.5,1.6,1.7,reactive pozzolanic material,,0.7,,,90.4,,,,,amorphous silica,alkali oxides: 3.2%,,,5.0,7.0,23.4
P039,"0, 5, 10, 15, 20",0.0,20.0,Rice husk ash (RHA),"KGR Agro Fusions Private Limited, Ludhiana, Punjab (India)",,,90.4,,0.5,1.6,1.7,reactive pozzolanic material,,0.7,,,90.4,,,,,amorphous silica,alkali oxides: 3.2%,,,5.0,7.0,24.5
P043,"0, 5, 10, 15, 20, 25",0.0,25.0,Rice husk ash (RHA),Rice husk,Laboratory mill burning,Temperature of 600°C for 5 h,86.73,thermal,0.4,0.61,0.04,high,0.39,0.08,0.01,,,"Temperature: 600°C, Duration: 5 h",9.76,,0.54,,"TiO2: NULL, P2O5: NULL",,600.0,5.0,7.0,51.92
P049,"0, 5, 10, 15, 20",0.0,20.0,Rice Husk Ash (RHA),Rice husk from Sakrand region,controlled,Sieved through #30 sieves,,both,,,,,,,,Sieving through #30 sieves,,Uncontrolled temperature burning; sieved through #30 sieves,,,,,,,,5.0,7.0,24.0
P050,"0, 5, 7.5, 10, 12.5, 15",0.0,15.0,Rice Husk Ash (RHA),Rice husk / Paddy,Burning of husk in boiler or ferrocement furnace,Temperature around 500800°C for 24 hours; air ducts provided to control temperature and reduce carbon content,85.0,thermal,0.4,,,"Pozzolanic behavior depends upon silica crystallization phase, silica content, size, and surface area of ash",,,,,85.0,"Controlled burning at 500800°C for 24 hours, cooled to ~52°C after 24 hours and ~25°C after 48 hours",,2.3,,,,,650.0,5.0,7.0,26.6
P051,"0, 5, 10, 15, 20",0.0,20.0,Rice Husk Ash (RHA),Rice Husk (RH),controlled,12kgs of RH loaded per batch; 20% recovered as RHA; RH laid flat 2-3cm thick on 28 ceramic hearth plates,93.47,both,,1.08,0.92,high,0.87,3.18,,Ball milling using a Los Angeles machine,,Free air supply through 4 holes during burning; slow cooling for 6-8 hours with furnace door ajar,,,,Amorphous,Titanium oxide (TiO2): 0.04,,500.0,5.0,7.0,31.192
P057,"0, 5, 7.5, 10, 12.5, 15",0.0,15.0,Rice Husk Ash (RHA),Rice husk,Burning / Incineration,Burning temperature below 1440,91.432222,,,0.402222,1.007778,Active pozzolanic material,0.83,0.4375,2.154444,,,,0.111429,,5.17,,P2O5: ND; 0.48; ND; ND; 0.67; ND; 0.8; 2.43; ND TiO2: ND; 0.17; ND; ND; ND; ND; ND; ND; 0.16,,,5.0,7.0,26.6
P062,"0, 5, 7.5, 10, 12.5, 15",0.0,15.0,Rice husk ash (RHA),Rice husk,Charring in a ferrocation oven or boilers with air pipes/electrical ventilators,"Burned at about 50°-800°C for 24 h, around 52°C after 24 h, and around 25°C after 48 h",86.94,,0.39,0.1,0.2,high,1.25,0.4,2.225,,,,0.45,2.3,,,,Non crystalline,,5.0,7.0,27.5
P065,"0, 5, 10, 15, 20, 25, 30",0.0,30.0,Rice Husk Ash (RHA),Rice husk,controlled,650,81.47,thermal,0.5,1.34,1.61,"Combined silica, alumina and ferric-oxides: 84.42",1.22,1.46,0.32,,81.47,650,0.08,2.06,4.92,,Manganese Oxide (MnO): 0.03,,650.0,5.0,7.0,13.5
P066,"0, 5, 10, 15, 20, 25",0.0,25.0,Rice husk ash,Rice husk / Paddy grains,Blazing,,87.5,,0.4,,,,,,,,87.5,,,,,,,,,5.0,7.0,16.8
P068,"0, 5, 10, 15, 20",0.0,20.0,Rice Husk Ash (RHA),Rice husk,Incineration in ferrocement furnace followed by grinding in Los Angeles machine,"Flame kept for ~1 h, smoldering for ~24 h, settling inside furnace for 24 h",75.24,,0.35,2.24,2.18,,2.42,2.28,1.72,,,,0.86,,12.99,,,,,5.0,7.0,46.76
P070,"0, 2.5, 5, 7.5, 10",0.0,10.0,Rice Husk Ash (RHA) / RHA,Rice field / Rice husk,Natural combusting process,Uncontrolled burning temperature and time; sieved through No. 50 sieve,,,0.4,,,,,,,,,,,2.24,,,,,,5.0,7.0,32.54
P075,"0, 5, 10, 15, 20",0.0,20.0,Rice Husk Ash (RHA),Rice husk,controlled,"Temperature increasing gradually from 20°C/min up to 600°C/min for six hours, then allowed to cool at room temperature",92.76,thermal,0.55,1.98,0.79,,3.85,,0.22,,,Temperature increasing gradually from 20°C/min up to 600°C/min for 6 hours,0.4,2.12,,,,,600.0,5.0,7.0,21.23
P031,"0, 5, 10, 15, 20, 25",0.0,25.0,Rice Husk Ash (RHA),Rice Husk,"Burnt under guided or enclosed place, ground, and sieved",Sieved through 600 ?m sieve,,mechanical,,,,,,,,Grinding,,,,,,,,,,5.0,14.0,17.44
P049,"0, 5, 10, 15, 20",0.0,20.0,Rice Husk Ash (RHA),Rice husk from Sakrand region,controlled,Sieved through #30 sieves,,both,,,,,,,,Sieving through #30 sieves,,Uncontrolled temperature burning; sieved through #30 sieves,,,,,,,,5.0,14.0,28.2
P066,"0, 5, 10, 15, 20, 25",0.0,25.0,Rice husk ash,Rice husk / Paddy grains,Blazing,,87.5,,0.4,,,,,,,,87.5,,,,,,,,,5.0,14.0,22.8
P070,"0, 2.5, 5, 7.5, 10",0.0,10.0,Rice Husk Ash (RHA) / RHA,Rice field / Rice husk,Natural combusting process,Uncontrolled burning temperature and time; sieved through No. 50 sieve,,,0.4,,,,,,,,,,,2.24,,,,,,5.0,14.0,39.19
P075,"0, 5, 10, 15, 20",0.0,20.0,Rice Husk Ash (RHA),Rice husk,controlled,"Temperature increasing gradually from 20°C/min up to 600°C/min for six hours, then allowed to cool at room temperature",92.76,thermal,0.55,1.98,0.79,,3.85,,0.22,,,Temperature increasing gradually from 20°C/min up to 600°C/min for 6 hours,0.4,2.12,,,,,600.0,5.0,14.0,29.25
P009,"5, 10, 15, 20",5.0,20.0,Rice husk ash (TRHA and ChRHA),"Rice husk collected from rice mill ""Arrocera La Esmeralda"" located in Valle del Cauca, Southeastern Colombia",Thermal treatment (TRHA); Chemical-thermal attack (ChRHA),"Hydrochloric acid leaching (1 N, 24 h), water washing to neutral pH, drying",94.5,both,4.784,0.275,0.345,high,0.86,0.21,1.43,Ball milling,95.0,Ceramic balls used for ball milling,0.32,2120.0,0.23,Amorphous,"TiO2: 0.04 (TRHA), 0.02 (ChRHA); P2O5: 0.68 (TRHA), 0.11 (ChRHA); MnO: 0.19 (TRHA), 0.02 (ChRHA)",,600.0,5.0,28.0,40.2
P009,"5, 10, 15, 20",5.0,20.0,Rice husk ash (TRHA and ChRHA),"Rice husk collected from rice mill ""Arrocera La Esmeralda"" located in Valle del Cauca, Southeastern Colombia",Thermal treatment (TRHA); Chemical-thermal attack (ChRHA),"Hydrochloric acid leaching (1 N, 24 h), water washing to neutral pH, drying",94.5,both,4.784,0.275,0.345,high,0.86,0.21,1.43,Ball milling,95.0,Ceramic balls used for ball milling,0.32,2120.0,0.23,Amorphous,"TiO2: 0.04 (TRHA), 0.02 (ChRHA); P2O5: 0.68 (TRHA), 0.11 (ChRHA); MnO: 0.19 (TRHA), 0.02 (ChRHA)",,600.0,5.0,28.0,41.5
P010,"5, 10, 15, 20",5.0,20.0,Rice husk ash (RHA),Rice husk,controlled,Incineration temperature < 700 °C; Sieving through 150 µm and 33 µm; Grinding in Los Angeles mill for 30 min and 180 min,87.86,mechanical,0.4,0.93,0.68,high,1.3,0.35,2.37,Los Angeles mill grinding,95.0,Grinded using Los Angeles mill,0.12,,,,,,700.0,5.0,28.0,38.7
P016,"0, 5, 10, 15",0.0,15.0,Rice Husk Ash,Rice Husk,Burning / Incineration,,82.5,,0.355,,,high,,,,,,,,2.27,,,,,,5.0,28.0,48.26
P016,"0, 5, 10, 15",0.0,15.0,Rice Husk Ash,Rice Husk,Burning / Incineration,,82.5,,0.355,,,high,,,,,,,,2.27,,,,,,5.0,28.0,56.4
P017,"0, 5, 10, 15, 20, 25, 30",0.0,30.0,Rice Husk Ash (RHA),Rice husk,controlled,Temperature in the range of 650°C,90.9,mechanical,0.53,0.6,0.83,,0.8,0.56,,Laboratory batch 2ball mill,,Ground in laboratory batch 2ball mill; passing through sieve No. 325 (sieve opening 45 µm),,,,"Amorphous silica, Cristobalite, Tridymite, Quartz",Na?O + K?O: 1.55,,,5.0,28.0,33.6
P028,"0, 5, 10, 15, 20, 25, 30",0.0,30.0,Rice Husk Ash (RHA),Rice Husk,controlled,,83.6,,,0.64,0.76,,0.84,0.4,,,,,,,14.2,,Particles retained on 45 micron IS sieves (Wet Sieving): 27.13,,,5.0,28.0,49.0
P031,"0, 5, 10, 15, 20, 25",0.0,25.0,Rice Husk Ash (RHA),Rice Husk,"Burnt under guided or enclosed place, ground, and sieved",Sieved through 600 ?m sieve,,mechanical,,,,,,,,Grinding,,,,,,,,,,5.0,28.0,27.68
P039,"0, 5, 10, 15, 20",0.0,20.0,Rice husk ash (RHA),"KGR Agro Fusions Private Limited, Ludhiana, Punjab (India)",,,90.4,,0.5,1.6,1.7,reactive pozzolanic material,,0.7,,,90.4,,,,,amorphous silica,alkali oxides: 3.2%,,,5.0,28.0,34.2
P039,"0, 5, 10, 15, 20",0.0,20.0,Rice husk ash (RHA),"KGR Agro Fusions Private Limited, Ludhiana, Punjab (India)",,,90.4,,0.5,1.6,1.7,reactive pozzolanic material,,0.7,,,90.4,,,,,amorphous silica,alkali oxides: 3.2%,,,5.0,28.0,38.0
P049,"0, 5, 10, 15, 20",0.0,20.0,Rice Husk Ash (RHA),Rice husk from Sakrand region,controlled,Sieved through #30 sieves,,both,,,,,,,,Sieving through #30 sieves,,Uncontrolled temperature burning; sieved through #30 sieves,,,,,,,,5.0,28.0,33.9
P050,"0, 5, 7.5, 10, 12.5, 15",0.0,15.0,Rice Husk Ash (RHA),Rice husk / Paddy,Burning of husk in boiler or ferrocement furnace,Temperature around 500800°C for 24 hours; air ducts provided to control temperature and reduce carbon content,85.0,thermal,0.4,,,"Pozzolanic behavior depends upon silica crystallization phase, silica content, size, and surface area of ash",,,,,85.0,"Controlled burning at 500800°C for 24 hours, cooled to ~52°C after 24 hours and ~25°C after 48 hours",,2.3,,,,,650.0,5.0,28.0,39.9
P051,"0, 5, 10, 15, 20",0.0,20.0,Rice Husk Ash (RHA),Rice Husk (RH),controlled,12kgs of RH loaded per batch; 20% recovered as RHA; RH laid flat 2-3cm thick on 28 ceramic hearth plates,93.47,both,,1.08,0.92,high,0.87,3.18,,Ball milling using a Los Angeles machine,,Free air supply through 4 holes during burning; slow cooling for 6-8 hours with furnace door ajar,,,,Amorphous,Titanium oxide (TiO2): 0.04,,500.0,5.0,28.0,35.48
P057,"0, 5, 7.5, 10, 12.5, 15",0.0,15.0,Rice Husk Ash (RHA),Rice husk,Burning / Incineration,Burning temperature below 1440,91.432222,,,0.402222,1.007778,Active pozzolanic material,0.83,0.4375,2.154444,,,,0.111429,,5.17,,P2O5: ND; 0.48; ND; ND; 0.67; ND; 0.8; 2.43; ND TiO2: ND; 0.17; ND; ND; ND; ND; ND; ND; 0.16,,,5.0,28.0,39.9
P062,"0, 5, 7.5, 10, 12.5, 15",0.0,15.0,Rice husk ash (RHA),Rice husk,Charring in a ferrocation oven or boilers with air pipes/electrical ventilators,"Burned at about 50°-800°C for 24 h, around 52°C after 24 h, and around 25°C after 48 h",86.94,,0.39,0.1,0.2,high,1.25,0.4,2.225,,,,0.45,2.3,,,,Non crystalline,,5.0,28.0,38.45
P066,"0, 5, 10, 15, 20, 25",0.0,25.0,Rice husk ash,Rice husk / Paddy grains,Blazing,,87.5,,0.4,,,,,,,,87.5,,,,,,,,,5.0,28.0,26.5
P068,"0, 5, 10, 15, 20",0.0,20.0,Rice Husk Ash (RHA),Rice husk,Incineration in ferrocement furnace followed by grinding in Los Angeles machine,"Flame kept for ~1 h, smoldering for ~24 h, settling inside furnace for 24 h",75.24,,0.35,2.24,2.18,,2.42,2.28,1.72,,,,0.86,,12.99,,,,,5.0,28.0,67.73
P070,"0, 2.5, 5, 7.5, 10",0.0,10.0,Rice Husk Ash (RHA) / RHA,Rice field / Rice husk,Natural combusting process,Uncontrolled burning temperature and time; sieved through No. 50 sieve,,,0.4,,,,,,,,,,,2.24,,,,,,5.0,28.0,39.98
P073,"0, 5, 7, 10, 15, 20, 25, 30, 40, 50, 60",0.0,60.0,Rice Husk Ash (RHA),Rice husk,controlled,Combustion temperature 500 °C to 700 °C; Minimum grinding duration 1030 min,86.77625,both,,0.87625,1.045,high,1.07875,0.627143,2.438571,Mechanical grinding (automatic grinder / vibrating mill),88.333333,Thermal treatment: 500700 °C; Grinding: 1030 min (or up to 120 min in vibrating mill),0.374286,2.154,12.0,"Cristobalite, amorphous silica (SiO2)",,Amorphous silica and minor cristobalite,600.0,5.0,28.0,36.45
P073,"0, 5, 7, 10, 15, 20, 25, 30, 40, 50, 60",0.0,60.0,Rice Husk Ash (RHA),Rice husk,controlled,Combustion temperature 500 °C to 700 °C; Minimum grinding duration 1030 min,86.77625,both,,0.87625,1.045,high,1.07875,0.627143,2.438571,Mechanical grinding (automatic grinder / vibrating mill),88.333333,Thermal treatment: 500700 °C; Grinding: 1030 min (or up to 120 min in vibrating mill),0.374286,2.154,12.0,"Cristobalite, amorphous silica (SiO2)",,Amorphous silica and minor cristobalite,600.0,5.0,28.0,55.4
P075,"0, 5, 10, 15, 20",0.0,20.0,Rice Husk Ash (RHA),Rice husk,controlled,"Temperature increasing gradually from 20°C/min up to 600°C/min for six hours, then allowed to cool at room temperature",92.76,thermal,0.55,1.98,0.79,,3.85,,0.22,,,Temperature increasing gradually from 20°C/min up to 600°C/min for 6 hours,0.4,2.12,,,,,600.0,5.0,28.0,34.5
P009,"5, 10, 15, 20",5.0,20.0,Rice husk ash (TRHA and ChRHA),"Rice husk collected from rice mill ""Arrocera La Esmeralda"" located in Valle del Cauca, Southeastern Colombia",Thermal treatment (TRHA); Chemical-thermal attack (ChRHA),"Hydrochloric acid leaching (1 N, 24 h), water washing to neutral pH, drying",94.5,both,4.784,0.275,0.345,high,0.86,0.21,1.43,Ball milling,95.0,Ceramic balls used for ball milling,0.32,2120.0,0.23,Amorphous,"TiO2: 0.04 (TRHA), 0.02 (ChRHA); P2O5: 0.68 (TRHA), 0.11 (ChRHA); MnO: 0.19 (TRHA), 0.02 (ChRHA)",,600.0,5.0,56.0,43.1
P009,"5, 10, 15, 20",5.0,20.0,Rice husk ash (TRHA and ChRHA),"Rice husk collected from rice mill ""Arrocera La Esmeralda"" located in Valle del Cauca, Southeastern Colombia",Thermal treatment (TRHA); Chemical-thermal attack (ChRHA),"Hydrochloric acid leaching (1 N, 24 h), water washing to neutral pH, drying",94.5,both,4.784,0.275,0.345,high,0.86,0.21,1.43,Ball milling,95.0,Ceramic balls used for ball milling,0.32,2120.0,0.23,Amorphous,"TiO2: 0.04 (TRHA), 0.02 (ChRHA); P2O5: 0.68 (TRHA), 0.11 (ChRHA); MnO: 0.19 (TRHA), 0.02 (ChRHA)",,600.0,5.0,56.0,46.5
P039,"0, 5, 10, 15, 20",0.0,20.0,Rice husk ash (RHA),"KGR Agro Fusions Private Limited, Ludhiana, Punjab (India)",,,90.4,,0.5,1.6,1.7,reactive pozzolanic material,,0.7,,,90.4,,,,,amorphous silica,alkali oxides: 3.2%,,,5.0,56.0,39.0
P039,"0, 5, 10, 15, 20",0.0,20.0,Rice husk ash (RHA),"KGR Agro Fusions Private Limited, Ludhiana, Punjab (India)",,,90.4,,0.5,1.6,1.7,reactive pozzolanic material,,0.7,,,90.4,,,,,amorphous silica,alkali oxides: 3.2%,,,5.0,56.0,43.0
P068,"0, 5, 10, 15, 20",0.0,20.0,Rice Husk Ash (RHA),Rice husk,Incineration in ferrocement furnace followed by grinding in Los Angeles machine,"Flame kept for ~1 h, smoldering for ~24 h, settling inside furnace for 24 h",75.24,,0.35,2.24,2.18,,2.42,2.28,1.72,,,,0.86,,12.99,,,,,5.0,56.0,69.13
P009,"5, 10, 15, 20",5.0,20.0,Rice husk ash (TRHA and ChRHA),"Rice husk collected from rice mill ""Arrocera La Esmeralda"" located in Valle del Cauca, Southeastern Colombia",Thermal treatment (TRHA); Chemical-thermal attack (ChRHA),"Hydrochloric acid leaching (1 N, 24 h), water washing to neutral pH, drying",94.5,both,4.784,0.275,0.345,high,0.86,0.21,1.43,Ball milling,95.0,Ceramic balls used for ball milling,0.32,2120.0,0.23,Amorphous,"TiO2: 0.04 (TRHA), 0.02 (ChRHA); P2O5: 0.68 (TRHA), 0.11 (ChRHA); MnO: 0.19 (TRHA), 0.02 (ChRHA)",,600.0,5.0,90.0,45.0
P009,"5, 10, 15, 20",5.0,20.0,Rice husk ash (TRHA and ChRHA),"Rice husk collected from rice mill ""Arrocera La Esmeralda"" located in Valle del Cauca, Southeastern Colombia",Thermal treatment (TRHA); Chemical-thermal attack (ChRHA),"Hydrochloric acid leaching (1 N, 24 h), water washing to neutral pH, drying",94.5,both,4.784,0.275,0.345,high,0.86,0.21,1.43,Ball milling,95.0,Ceramic balls used for ball milling,0.32,2120.0,0.23,Amorphous,"TiO2: 0.04 (TRHA), 0.02 (ChRHA); P2O5: 0.68 (TRHA), 0.11 (ChRHA); MnO: 0.19 (TRHA), 0.02 (ChRHA)",,600.0,5.0,90.0,49.0
P010,"5, 10, 15, 20",5.0,20.0,Rice husk ash (RHA),Rice husk,controlled,Incineration temperature < 700 °C; Sieving through 150 µm and 33 µm; Grinding in Los Angeles mill for 30 min and 180 min,87.86,mechanical,0.4,0.93,0.68,high,1.3,0.35,2.37,Los Angeles mill grinding,95.0,Grinded using Los Angeles mill,0.12,,,,,,700.0,5.0,90.0,43.5
P016,"0, 5, 10, 15",0.0,15.0,Rice Husk Ash,Rice Husk,Burning / Incineration,,82.5,,0.355,,,high,,,,,,,,2.27,,,,,,5.0,90.0,49.15
P016,"0, 5, 10, 15",0.0,15.0,Rice Husk Ash,Rice Husk,Burning / Incineration,,82.5,,0.355,,,high,,,,,,,,2.27,,,,,,5.0,90.0,58.36
P070,"0, 2.5, 5, 7.5, 10",0.0,10.0,Rice Husk Ash (RHA) / RHA,Rice field / Rice husk,Natural combusting process,Uncontrolled burning temperature and time; sieved through No. 50 sieve,,,0.4,,,,,,,,,,,2.24,,,,,,5.0,91.0,40.82
P009,"5, 10, 15, 20",5.0,20.0,Rice husk ash (TRHA and ChRHA),"Rice husk collected from rice mill ""Arrocera La Esmeralda"" located in Valle del Cauca, Southeastern Colombia",Thermal treatment (TRHA); Chemical-thermal attack (ChRHA),"Hydrochloric acid leaching (1 N, 24 h), water washing to neutral pH, drying",94.5,both,4.784,0.275,0.345,high,0.86,0.21,1.43,Ball milling,95.0,Ceramic balls used for ball milling,0.32,2120.0,0.23,Amorphous,"TiO2: 0.04 (TRHA), 0.02 (ChRHA); P2O5: 0.68 (TRHA), 0.11 (ChRHA); MnO: 0.19 (TRHA), 0.02 (ChRHA)",,600.0,5.0,180.0,48.6
P009,"5, 10, 15, 20",5.0,20.0,Rice husk ash (TRHA and ChRHA),"Rice husk collected from rice mill ""Arrocera La Esmeralda"" located in Valle del Cauca, Southeastern Colombia",Thermal treatment (TRHA); Chemical-thermal attack (ChRHA),"Hydrochloric acid leaching (1 N, 24 h), water washing to neutral pH, drying",94.5,both,4.784,0.275,0.345,high,0.86,0.21,1.43,Ball milling,95.0,Ceramic balls used for ball milling,0.32,2120.0,0.23,Amorphous,"TiO2: 0.04 (TRHA), 0.02 (ChRHA); P2O5: 0.68 (TRHA), 0.11 (ChRHA); MnO: 0.19 (TRHA), 0.02 (ChRHA)",,600.0,5.0,180.0,51.6
P073,"0, 5, 7, 10, 15, 20, 25, 30, 40, 50, 60",0.0,60.0,Rice Husk Ash (RHA),Rice husk,controlled,Combustion temperature 500 °C to 700 °C; Minimum grinding duration 1030 min,86.77625,both,,0.87625,1.045,high,1.07875,0.627143,2.438571,Mechanical grinding (automatic grinder / vibrating mill),88.333333,Thermal treatment: 500700 °C; Grinding: 1030 min (or up to 120 min in vibrating mill),0.374286,2.154,12.0,"Cristobalite, amorphous silica (SiO2)",,Amorphous silica and minor cristobalite,600.0,5.0,200.0,22.0
P001,"7, 10, 15",7.0,15.0,"Rice Husk Ash (RHA), RHA-650-60",Rice husks from North of Iran,controlled,Temperature of 650 °C and 60 minutes burning time,89.61,thermal,0.5,0.22,0.04,high,0.91,0.42,1.58,,90.0,Temperature of 650 °C and 60 minutes burning time,0.07,2.15,5.91,Quartz,"P2O5: 0.41, TiO2: 0.02",Quartz,650.0,7.0,3.0,20.0
P001,"7, 10, 15",7.0,15.0,"Rice Husk Ash (RHA), RHA-650-60",Rice husks from North of Iran,controlled,Temperature of 650 °C and 60 minutes burning time,89.61,thermal,0.5,0.22,0.04,high,0.91,0.42,1.58,,90.0,Temperature of 650 °C and 60 minutes burning time,0.07,2.15,5.91,Quartz,"P2O5: 0.41, TiO2: 0.02",Quartz,650.0,7.0,7.0,29.5
P077,"0, 7, 14",0.0,14.0,rice husk ash (RHA),Rice husk,controlled,Combustion at 550 °C; Ground for 30 min,83.1,mechanical,0.5,1.1,2.15,high,4.7,1.5,2.96,Mechanical grinding in a mechanical grinder,,30 min grinding duration,0.1,2.45,1.13,Amorphous SiO2 (broad peak at 2? = 22°),P2O5: 2.05,Amorphous SiO2,550.0,7.0,10.0,20.0
P077,"0, 7, 14",0.0,14.0,rice husk ash (RHA),Rice husk,controlled,Combustion at 550 °C; Ground for 30 min,83.1,mechanical,0.5,1.1,2.15,high,4.7,1.5,2.96,Mechanical grinding in a mechanical grinder,,30 min grinding duration,0.1,2.45,1.13,Amorphous SiO2 (broad peak at 2? = 22°),P2O5: 2.05,Amorphous SiO2,550.0,7.0,10.0,22.0
P077,"0, 7, 14",0.0,14.0,rice husk ash (RHA),Rice husk,controlled,Combustion at 550 °C; Ground for 30 min,83.1,mechanical,0.5,1.1,2.15,high,4.7,1.5,2.96,Mechanical grinding in a mechanical grinder,,30 min grinding duration,0.1,2.45,1.13,Amorphous SiO2 (broad peak at 2? = 22°),P2O5: 2.05,Amorphous SiO2,550.0,7.0,20.0,26.0
P077,"0, 7, 14",0.0,14.0,rice husk ash (RHA),Rice husk,controlled,Combustion at 550 °C; Ground for 30 min,83.1,mechanical,0.5,1.1,2.15,high,4.7,1.5,2.96,Mechanical grinding in a mechanical grinder,,30 min grinding duration,0.1,2.45,1.13,Amorphous SiO2 (broad peak at 2? = 22°),P2O5: 2.05,Amorphous SiO2,550.0,7.0,20.0,29.0
P001,"7, 10, 15",7.0,15.0,"Rice Husk Ash (RHA), RHA-650-60",Rice husks from North of Iran,controlled,Temperature of 650 °C and 60 minutes burning time,89.61,thermal,0.5,0.22,0.04,high,0.91,0.42,1.58,,90.0,Temperature of 650 °C and 60 minutes burning time,0.07,2.15,5.91,Quartz,"P2O5: 0.41, TiO2: 0.02",Quartz,650.0,7.0,28.0,44.5
P077,"0, 7, 14",0.0,14.0,rice husk ash (RHA),Rice husk,controlled,Combustion at 550 °C; Ground for 30 min,83.1,mechanical,0.5,1.1,2.15,high,4.7,1.5,2.96,Mechanical grinding in a mechanical grinder,,30 min grinding duration,0.1,2.45,1.13,Amorphous SiO2 (broad peak at 2? = 22°),P2O5: 2.05,Amorphous SiO2,550.0,7.0,30.0,30.0
P077,"0, 7, 14",0.0,14.0,rice husk ash (RHA),Rice husk,controlled,Combustion at 550 °C; Ground for 30 min,83.1,mechanical,0.5,1.1,2.15,high,4.7,1.5,2.96,Mechanical grinding in a mechanical grinder,,30 min grinding duration,0.1,2.45,1.13,Amorphous SiO2 (broad peak at 2? = 22°),P2O5: 2.05,Amorphous SiO2,550.0,7.0,30.0,32.0
P077,"0, 7, 14",0.0,14.0,rice husk ash (RHA),Rice husk,controlled,Combustion at 550 °C; Ground for 30 min,83.1,mechanical,0.5,1.1,2.15,high,4.7,1.5,2.96,Mechanical grinding in a mechanical grinder,,30 min grinding duration,0.1,2.45,1.13,Amorphous SiO2 (broad peak at 2? = 22°),P2O5: 2.05,Amorphous SiO2,550.0,7.0,30.0,35.7
P001,"7, 10, 15",7.0,15.0,"Rice Husk Ash (RHA), RHA-650-60",Rice husks from North of Iran,controlled,Temperature of 650 °C and 60 minutes burning time,89.61,thermal,0.5,0.22,0.04,high,0.91,0.42,1.58,,90.0,Temperature of 650 °C and 60 minutes burning time,0.07,2.15,5.91,Quartz,"P2O5: 0.41, TiO2: 0.02",Quartz,650.0,7.0,56.0,52.5
P001,"7, 10, 15",7.0,15.0,"Rice Husk Ash (RHA), RHA-650-60",Rice husks from North of Iran,controlled,Temperature of 650 °C and 60 minutes burning time,89.61,thermal,0.5,0.22,0.04,high,0.91,0.42,1.58,,90.0,Temperature of 650 °C and 60 minutes burning time,0.07,2.15,5.91,Quartz,"P2O5: 0.41, TiO2: 0.02",Quartz,650.0,7.0,90.0,54.5
P050,"0, 5, 7.5, 10, 12.5, 15",0.0,15.0,Rice Husk Ash (RHA),Rice husk / Paddy,Burning of husk in boiler or ferrocement furnace,Temperature around 500800°C for 24 hours; air ducts provided to control temperature and reduce carbon content,85.0,thermal,0.4,,,"Pozzolanic behavior depends upon silica crystallization phase, silica content, size, and surface area of ash",,,,,85.0,"Controlled burning at 500800°C for 24 hours, cooled to ~52°C after 24 hours and ~25°C after 48 hours",,2.3,,,,,650.0,7.5,7.0,28.3
P057,"0, 5, 7.5, 10, 12.5, 15",0.0,15.0,Rice Husk Ash (RHA),Rice husk,Burning / Incineration,Burning temperature below 1440,91.432222,,,0.402222,1.007778,Active pozzolanic material,0.83,0.4375,2.154444,,,,0.111429,,5.17,,P2O5: ND; 0.48; ND; ND; 0.67; ND; 0.8; 2.43; ND TiO2: ND; 0.17; ND; ND; ND; ND; ND; ND; 0.16,,,7.5,7.0,28.3
P062,"0, 5, 7.5, 10, 12.5, 15",0.0,15.0,Rice husk ash (RHA),Rice husk,Charring in a ferrocation oven or boilers with air pipes/electrical ventilators,"Burned at about 50°-800°C for 24 h, around 52°C after 24 h, and around 25°C after 48 h",86.94,,0.39,0.1,0.2,high,1.25,0.4,2.225,,,,0.45,2.3,,,,Non crystalline,,7.5,7.0,28.5
P070,"0, 2.5, 5, 7.5, 10",0.0,10.0,Rice Husk Ash (RHA) / RHA,Rice field / Rice husk,Natural combusting process,Uncontrolled burning temperature and time; sieved through No. 50 sieve,,,0.4,,,,,,,,,,,2.24,,,,,,7.5,7.0,31.05
P070,"0, 2.5, 5, 7.5, 10",0.0,10.0,Rice Husk Ash (RHA) / RHA,Rice field / Rice husk,Natural combusting process,Uncontrolled burning temperature and time; sieved through No. 50 sieve,,,0.4,,,,,,,,,,,2.24,,,,,,7.5,14.0,38.71
P050,"0, 5, 7.5, 10, 12.5, 15",0.0,15.0,Rice Husk Ash (RHA),Rice husk / Paddy,Burning of husk in boiler or ferrocement furnace,Temperature around 500800°C for 24 hours; air ducts provided to control temperature and reduce carbon content,85.0,thermal,0.4,,,"Pozzolanic behavior depends upon silica crystallization phase, silica content, size, and surface area of ash",,,,,85.0,"Controlled burning at 500800°C for 24 hours, cooled to ~52°C after 24 hours and ~25°C after 48 hours",,2.3,,,,,650.0,7.5,28.0,42.45
P057,"0, 5, 7.5, 10, 12.5, 15",0.0,15.0,Rice Husk Ash (RHA),Rice husk,Burning / Incineration,Burning temperature below 1440,91.432222,,,0.402222,1.007778,Active pozzolanic material,0.83,0.4375,2.154444,,,,0.111429,,5.17,,P2O5: ND; 0.48; ND; ND; 0.67; ND; 0.8; 2.43; ND TiO2: ND; 0.17; ND; ND; ND; ND; ND; ND; 0.16,,,7.5,28.0,42.45
P062,"0, 5, 7.5, 10, 12.5, 15",0.0,15.0,Rice husk ash (RHA),Rice husk,Charring in a ferrocation oven or boilers with air pipes/electrical ventilators,"Burned at about 50°-800°C for 24 h, around 52°C after 24 h, and around 25°C after 48 h",86.94,,0.39,0.1,0.2,high,1.25,0.4,2.225,,,,0.45,2.3,,,,Non crystalline,,7.5,28.0,43.45
P070,"0, 2.5, 5, 7.5, 10",0.0,10.0,Rice Husk Ash (RHA) / RHA,Rice field / Rice husk,Natural combusting process,Uncontrolled burning temperature and time; sieved through No. 50 sieve,,,0.4,,,,,,,,,,,2.24,,,,,,7.5,28.0,40.65
P070,"0, 2.5, 5, 7.5, 10",0.0,10.0,Rice Husk Ash (RHA) / RHA,Rice field / Rice husk,Natural combusting process,Uncontrolled burning temperature and time; sieved through No. 50 sieve,,,0.4,,,,,,,,,,,2.24,,,,,,7.5,91.0,48.79
P059,"8, 10, 12",8.0,12.0,Rice husk ash (RHA),Rice plant / Rice husk,Recalcination and Grinding,"Recalcination: 10°C/min heating rate, step 1 at 350°C for 3 h, step 2 at 600°C for 3 h; Grinding: Tumbling ball mill (300 rpm, 30 min) for RHA20; Vibratory mill (5 min) for RHA14; Vibratory mill (1 h) for RHA7",89.85,both,0.36,0.86,4.79,high,0.79,,1.38,Tumbling ball mill; Vibratory mill,87.133333,"Thermal: 350°C for 3 h then 600°C for 3 h; Mechanical: Tumbling ball mill for 30 min, Vibratory mill for 5 min or 1 h",,2.44,0.53,"Amorphous silica, Quartz",P2O5: 0.22; MnO: 0.24,Quartz,475.0,8.0,3.0,50.47
P059,"8, 10, 12",8.0,12.0,Rice husk ash (RHA),Rice plant / Rice husk,Recalcination and Grinding,"Recalcination: 10°C/min heating rate, step 1 at 350°C for 3 h, step 2 at 600°C for 3 h; Grinding: Tumbling ball mill (300 rpm, 30 min) for RHA20; Vibratory mill (5 min) for RHA14; Vibratory mill (1 h) for RHA7",89.85,both,0.36,0.86,4.79,high,0.79,,1.38,Tumbling ball mill; Vibratory mill,87.133333,"Thermal: 350°C for 3 h then 600°C for 3 h; Mechanical: Tumbling ball mill for 30 min, Vibratory mill for 5 min or 1 h",,2.44,0.53,"Amorphous silica, Quartz",P2O5: 0.22; MnO: 0.24,Quartz,475.0,8.0,3.0,55.51
P059,"8, 10, 12",8.0,12.0,Rice husk ash (RHA),Rice plant / Rice husk,Recalcination and Grinding,"Recalcination: 10°C/min heating rate, step 1 at 350°C for 3 h, step 2 at 600°C for 3 h; Grinding: Tumbling ball mill (300 rpm, 30 min) for RHA20; Vibratory mill (5 min) for RHA14; Vibratory mill (1 h) for RHA7",89.85,both,0.36,0.86,4.79,high,0.79,,1.38,Tumbling ball mill; Vibratory mill,87.133333,"Thermal: 350°C for 3 h then 600°C for 3 h; Mechanical: Tumbling ball mill for 30 min, Vibratory mill for 5 min or 1 h",,2.44,0.53,"Amorphous silica, Quartz",P2O5: 0.22; MnO: 0.24,Quartz,475.0,8.0,7.0,54.29
P059,"8, 10, 12",8.0,12.0,Rice husk ash (RHA),Rice plant / Rice husk,Recalcination and Grinding,"Recalcination: 10°C/min heating rate, step 1 at 350°C for 3 h, step 2 at 600°C for 3 h; Grinding: Tumbling ball mill (300 rpm, 30 min) for RHA20; Vibratory mill (5 min) for RHA14; Vibratory mill (1 h) for RHA7",89.85,both,0.36,0.86,4.79,high,0.79,,1.38,Tumbling ball mill; Vibratory mill,87.133333,"Thermal: 350°C for 3 h then 600°C for 3 h; Mechanical: Tumbling ball mill for 30 min, Vibratory mill for 5 min or 1 h",,2.44,0.53,"Amorphous silica, Quartz",P2O5: 0.22; MnO: 0.24,Quartz,475.0,8.0,7.0,62.05
P059,"8, 10, 12",8.0,12.0,Rice husk ash (RHA),Rice plant / Rice husk,Recalcination and Grinding,"Recalcination: 10°C/min heating rate, step 1 at 350°C for 3 h, step 2 at 600°C for 3 h; Grinding: Tumbling ball mill (300 rpm, 30 min) for RHA20; Vibratory mill (5 min) for RHA14; Vibratory mill (1 h) for RHA7",89.85,both,0.36,0.86,4.79,high,0.79,,1.38,Tumbling ball mill; Vibratory mill,87.133333,"Thermal: 350°C for 3 h then 600°C for 3 h; Mechanical: Tumbling ball mill for 30 min, Vibratory mill for 5 min or 1 h",,2.44,0.53,"Amorphous silica, Quartz",P2O5: 0.22; MnO: 0.24,Quartz,475.0,8.0,28.0,62.53
P059,"8, 10, 12",8.0,12.0,Rice husk ash (RHA),Rice plant / Rice husk,Recalcination and Grinding,"Recalcination: 10°C/min heating rate, step 1 at 350°C for 3 h, step 2 at 600°C for 3 h; Grinding: Tumbling ball mill (300 rpm, 30 min) for RHA20; Vibratory mill (5 min) for RHA14; Vibratory mill (1 h) for RHA7",89.85,both,0.36,0.86,4.79,high,0.79,,1.38,Tumbling ball mill; Vibratory mill,87.133333,"Thermal: 350°C for 3 h then 600°C for 3 h; Mechanical: Tumbling ball mill for 30 min, Vibratory mill for 5 min or 1 h",,2.44,0.53,"Amorphous silica, Quartz",P2O5: 0.22; MnO: 0.24,Quartz,475.0,8.0,28.0,67.68
P059,"8, 10, 12",8.0,12.0,Rice husk ash (RHA),Rice plant / Rice husk,Recalcination and Grinding,"Recalcination: 10°C/min heating rate, step 1 at 350°C for 3 h, step 2 at 600°C for 3 h; Grinding: Tumbling ball mill (300 rpm, 30 min) for RHA20; Vibratory mill (5 min) for RHA14; Vibratory mill (1 h) for RHA7",89.85,both,0.36,0.86,4.79,high,0.79,,1.38,Tumbling ball mill; Vibratory mill,87.133333,"Thermal: 350°C for 3 h then 600°C for 3 h; Mechanical: Tumbling ball mill for 30 min, Vibratory mill for 5 min or 1 h",,2.44,0.53,"Amorphous silica, Quartz",P2O5: 0.22; MnO: 0.24,Quartz,475.0,8.0,91.0,68.59
P059,"8, 10, 12",8.0,12.0,Rice husk ash (RHA),Rice plant / Rice husk,Recalcination and Grinding,"Recalcination: 10°C/min heating rate, step 1 at 350°C for 3 h, step 2 at 600°C for 3 h; Grinding: Tumbling ball mill (300 rpm, 30 min) for RHA20; Vibratory mill (5 min) for RHA14; Vibratory mill (1 h) for RHA7",89.85,both,0.36,0.86,4.79,high,0.79,,1.38,Tumbling ball mill; Vibratory mill,87.133333,"Thermal: 350°C for 3 h then 600°C for 3 h; Mechanical: Tumbling ball mill for 30 min, Vibratory mill for 5 min or 1 h",,2.44,0.53,"Amorphous silica, Quartz",P2O5: 0.22; MnO: 0.24,Quartz,475.0,8.0,91.0,72.24
P015,"0, 10, 20, 30",0.0,30.0,"Rice husk ash (RHA), ground RHA, non-ground RHA, residual rice husk ash (RHA)",Rice husk / Rice husk pellets,Incineration / burning of rice husk pellets in a boiler followed by ball mill grinding,Burning temperature: 600800,91.0,mechanical,0.35,0.41,0.35,Water requirement of non-ground RHA mortar: 117%; Water requirement of ground RHA mortar: 110%,,0.81,3.21,Ball mill grinding,,Grinding duration: 1 h (60 min),0.08,2.06,8.5,Mostly amorphous silica and partially crystalline silica (Cristobalite high-SiO2),P2O5: 0.98,Cristobalite high-SiO2,700.0,10.0,1.0,16.0
P015,"0, 10, 20, 30",0.0,30.0,"Rice husk ash (RHA), ground RHA, non-ground RHA, residual rice husk ash (RHA)",Rice husk / Rice husk pellets,Incineration / burning of rice husk pellets in a boiler followed by ball mill grinding,Burning temperature: 600800,91.0,mechanical,0.35,0.41,0.35,Water requirement of non-ground RHA mortar: 117%; Water requirement of ground RHA mortar: 110%,,0.81,3.21,Ball mill grinding,,Grinding duration: 1 h (60 min),0.08,2.06,8.5,Mostly amorphous silica and partially crystalline silica (Cristobalite high-SiO2),P2O5: 0.98,Cristobalite high-SiO2,700.0,10.0,1.0,27.0
P015,"0, 10, 20, 30",0.0,30.0,"Rice husk ash (RHA), ground RHA, non-ground RHA, residual rice husk ash (RHA)",Rice husk / Rice husk pellets,Incineration / burning of rice husk pellets in a boiler followed by ball mill grinding,Burning temperature: 600800,91.0,mechanical,0.35,0.41,0.35,Water requirement of non-ground RHA mortar: 117%; Water requirement of ground RHA mortar: 110%,,0.81,3.21,Ball mill grinding,,Grinding duration: 1 h (60 min),0.08,2.06,8.5,Mostly amorphous silica and partially crystalline silica (Cristobalite high-SiO2),P2O5: 0.98,Cristobalite high-SiO2,700.0,10.0,1.0,41.0
P029,"10, 20, 30",10.0,30.0,Rice husk ash (RHA),Rice husks,Burning of rice husks,Burning temperature for RHA12 was slightly lower by approximately 50°C than for RHA8,91.31,mechanical,0.5375,0.215,0.155,low,0.995,0.42,1.475,Ball mill grinding,43.126667,Grinding in a lab ball mill,390.0,,4.835,"Cristobalite, SiO2","Moisture: RHA8 0.01, RHA12 0.01 (% by mass); P2O5: RHA8 0.74, RHA12 0.51 (% by mass); Cl: RHA8 910.00, RHA12 410.00 (ppm)",Cristobalite,,10.0,2.0,21.0
P001,"7, 10, 15",7.0,15.0,"Rice Husk Ash (RHA), RHA-650-60",Rice husks from North of Iran,controlled,Temperature of 650 °C and 60 minutes burning time,89.61,thermal,0.5,0.22,0.04,high,0.91,0.42,1.58,,90.0,Temperature of 650 °C and 60 minutes burning time,0.07,2.15,5.91,Quartz,"P2O5: 0.41, TiO2: 0.02",Quartz,650.0,10.0,3.0,20.0
P002,"10, 20, 30",10.0,30.0,rice husk ash (RHA) / RHA passing #200 and #325 sieves,"rice husk, an agro-waste material / local market",Burning and grinding in a ball mill,Burning duration: 24 h; Ventilation: top and bottom; Grinding: ball mill; Sieving: over #200 and #325 sieves,80.0,both,0.314286,0.41,3.93,,3.82,0.25,1.45,Ball mill grinding,,Grinding time: 90 min; Burning temperature: 400-700°C,0.67,2.11,8.56,,,Crystalline structure,550.0,10.0,3.0,46.2
P002,"10, 20, 30",10.0,30.0,rice husk ash (RHA) / RHA passing #200 and #325 sieves,"rice husk, an agro-waste material / local market",Burning and grinding in a ball mill,Burning duration: 24 h; Ventilation: top and bottom; Grinding: ball mill; Sieving: over #200 and #325 sieves,80.0,both,0.314286,0.41,3.93,,3.82,0.25,1.45,Ball mill grinding,,Grinding time: 90 min; Burning temperature: 400-700°C,0.67,2.11,8.56,,,Crystalline structure,550.0,10.0,3.0,47.0
P015,"0, 10, 20, 30",0.0,30.0,"Rice husk ash (RHA), ground RHA, non-ground RHA, residual rice husk ash (RHA)",Rice husk / Rice husk pellets,Incineration / burning of rice husk pellets in a boiler followed by ball mill grinding,Burning temperature: 600800,91.0,mechanical,0.35,0.41,0.35,Water requirement of non-ground RHA mortar: 117%; Water requirement of ground RHA mortar: 110%,,0.81,3.21,Ball mill grinding,,Grinding duration: 1 h (60 min),0.08,2.06,8.5,Mostly amorphous silica and partially crystalline silica (Cristobalite high-SiO2),P2O5: 0.98,Cristobalite high-SiO2,700.0,10.0,3.0,26.0
P015,"0, 10, 20, 30",0.0,30.0,"Rice husk ash (RHA), ground RHA, non-ground RHA, residual rice husk ash (RHA)",Rice husk / Rice husk pellets,Incineration / burning of rice husk pellets in a boiler followed by ball mill grinding,Burning temperature: 600800,91.0,mechanical,0.35,0.41,0.35,Water requirement of non-ground RHA mortar: 117%; Water requirement of ground RHA mortar: 110%,,0.81,3.21,Ball mill grinding,,Grinding duration: 1 h (60 min),0.08,2.06,8.5,Mostly amorphous silica and partially crystalline silica (Cristobalite high-SiO2),P2O5: 0.98,Cristobalite high-SiO2,700.0,10.0,3.0,47.0
P015,"0, 10, 20, 30",0.0,30.0,"Rice husk ash (RHA), ground RHA, non-ground RHA, residual rice husk ash (RHA)",Rice husk / Rice husk pellets,Incineration / burning of rice husk pellets in a boiler followed by ball mill grinding,Burning temperature: 600800,91.0,mechanical,0.35,0.41,0.35,Water requirement of non-ground RHA mortar: 117%; Water requirement of ground RHA mortar: 110%,,0.81,3.21,Ball mill grinding,,Grinding duration: 1 h (60 min),0.08,2.06,8.5,Mostly amorphous silica and partially crystalline silica (Cristobalite high-SiO2),P2O5: 0.98,Cristobalite high-SiO2,700.0,10.0,3.0,59.0
P018,"0, 5, 10, 15, 20, 30",0.0,30.0,Rice Husk Ash (RHA),Rice husk from Vietnam,controlled,"Vibrating ball mill grinding time: 30 min (for 9 µm), 60 min (for 6.3 µm), 90 min (for 5.6 µm); Planetary ball mill grinding time: 3 h (for 3.6 µm).",91.32,mechanical,0.19,,,high,,,,Ball milling (vibrating ball mill / planetary ball mill),87.96,,,,3.81,Amorphous,,,,10.0,3.0,134.5
P028,"0, 5, 10, 15, 20, 25, 30",0.0,30.0,Rice Husk Ash (RHA),Rice Husk,controlled,,83.6,,,0.64,0.76,,0.84,0.4,,,,,,,14.2,,Particles retained on 45 micron IS sieves (Wet Sieving): 27.13,,,10.0,3.0,22.0
P059,"8, 10, 12",8.0,12.0,Rice husk ash (RHA),Rice plant / Rice husk,Recalcination and Grinding,"Recalcination: 10°C/min heating rate, step 1 at 350°C for 3 h, step 2 at 600°C for 3 h; Grinding: Tumbling ball mill (300 rpm, 30 min) for RHA20; Vibratory mill (5 min) for RHA14; Vibratory mill (1 h) for RHA7",89.85,both,0.36,0.86,4.79,high,0.79,,1.38,Tumbling ball mill; Vibratory mill,87.133333,"Thermal: 350°C for 3 h then 600°C for 3 h; Mechanical: Tumbling ball mill for 30 min, Vibratory mill for 5 min or 1 h",,2.44,0.53,"Amorphous silica, Quartz",P2O5: 0.22; MnO: 0.24,Quartz,475.0,10.0,3.0,50.9
P001,"7, 10, 15",7.0,15.0,"Rice Husk Ash (RHA), RHA-650-60",Rice husks from North of Iran,controlled,Temperature of 650 °C and 60 minutes burning time,89.61,thermal,0.5,0.22,0.04,high,0.91,0.42,1.58,,90.0,Temperature of 650 °C and 60 minutes burning time,0.07,2.15,5.91,Quartz,"P2O5: 0.41, TiO2: 0.02",Quartz,650.0,10.0,7.0,30.5
P002,"10, 20, 30",10.0,30.0,rice husk ash (RHA) / RHA passing #200 and #325 sieves,"rice husk, an agro-waste material / local market",Burning and grinding in a ball mill,Burning duration: 24 h; Ventilation: top and bottom; Grinding: ball mill; Sieving: over #200 and #325 sieves,80.0,both,0.314286,0.41,3.93,,3.82,0.25,1.45,Ball mill grinding,,Grinding time: 90 min; Burning temperature: 400-700°C,0.67,2.11,8.56,,,Crystalline structure,550.0,10.0,7.0,32.9
P002,"10, 20, 30",10.0,30.0,rice husk ash (RHA) / RHA passing #200 and #325 sieves,"rice husk, an agro-waste material / local market",Burning and grinding in a ball mill,Burning duration: 24 h; Ventilation: top and bottom; Grinding: ball mill; Sieving: over #200 and #325 sieves,80.0,both,0.314286,0.41,3.93,,3.82,0.25,1.45,Ball mill grinding,,Grinding time: 90 min; Burning temperature: 400-700°C,0.67,2.11,8.56,,,Crystalline structure,550.0,10.0,7.0,35.7
P002,"10, 20, 30",10.0,30.0,rice husk ash (RHA) / RHA passing #200 and #325 sieves,"rice husk, an agro-waste material / local market",Burning and grinding in a ball mill,Burning duration: 24 h; Ventilation: top and bottom; Grinding: ball mill; Sieving: over #200 and #325 sieves,80.0,both,0.314286,0.41,3.93,,3.82,0.25,1.45,Ball mill grinding,,Grinding time: 90 min; Burning temperature: 400-700°C,0.67,2.11,8.56,,,Crystalline structure,550.0,10.0,7.0,56.0
P002,"10, 20, 30",10.0,30.0,rice husk ash (RHA) / RHA passing #200 and #325 sieves,"rice husk, an agro-waste material / local market",Burning and grinding in a ball mill,Burning duration: 24 h; Ventilation: top and bottom; Grinding: ball mill; Sieving: over #200 and #325 sieves,80.0,both,0.314286,0.41,3.93,,3.82,0.25,1.45,Ball mill grinding,,Grinding time: 90 min; Burning temperature: 400-700°C,0.67,2.11,8.56,,,Crystalline structure,550.0,10.0,7.0,61.0
P010,"5, 10, 15, 20",5.0,20.0,Rice husk ash (RHA),Rice husk,controlled,Incineration temperature < 700 °C; Sieving through 150 µm and 33 µm; Grinding in Los Angeles mill for 30 min and 180 min,87.86,mechanical,0.4,0.93,0.68,high,1.3,0.35,2.37,Los Angeles mill grinding,95.0,Grinded using Los Angeles mill,0.12,,,,,,700.0,10.0,7.0,25.1
P015,"0, 10, 20, 30",0.0,30.0,"Rice husk ash (RHA), ground RHA, non-ground RHA, residual rice husk ash (RHA)",Rice husk / Rice husk pellets,Incineration / burning of rice husk pellets in a boiler followed by ball mill grinding,Burning temperature: 600800,91.0,mechanical,0.35,0.41,0.35,Water requirement of non-ground RHA mortar: 117%; Water requirement of ground RHA mortar: 110%,,0.81,3.21,Ball mill grinding,,Grinding duration: 1 h (60 min),0.08,2.06,8.5,Mostly amorphous silica and partially crystalline silica (Cristobalite high-SiO2),P2O5: 0.98,Cristobalite high-SiO2,700.0,10.0,7.0,37.0
P015,"0, 10, 20, 30",0.0,30.0,"Rice husk ash (RHA), ground RHA, non-ground RHA, residual rice husk ash (RHA)",Rice husk / Rice husk pellets,Incineration / burning of rice husk pellets in a boiler followed by ball mill grinding,Burning temperature: 600800,91.0,mechanical,0.35,0.41,0.35,Water requirement of non-ground RHA mortar: 117%; Water requirement of ground RHA mortar: 110%,,0.81,3.21,Ball mill grinding,,Grinding duration: 1 h (60 min),0.08,2.06,8.5,Mostly amorphous silica and partially crystalline silica (Cristobalite high-SiO2),P2O5: 0.98,Cristobalite high-SiO2,700.0,10.0,7.0,41.0
P015,"0, 10, 20, 30",0.0,30.0,"Rice husk ash (RHA), ground RHA, non-ground RHA, residual rice husk ash (RHA)",Rice husk / Rice husk pellets,Incineration / burning of rice husk pellets in a boiler followed by ball mill grinding,Burning temperature: 600800,91.0,mechanical,0.35,0.41,0.35,Water requirement of non-ground RHA mortar: 117%; Water requirement of ground RHA mortar: 110%,,0.81,3.21,Ball mill grinding,,Grinding duration: 1 h (60 min),0.08,2.06,8.5,Mostly amorphous silica and partially crystalline silica (Cristobalite high-SiO2),P2O5: 0.98,Cristobalite high-SiO2,700.0,10.0,7.0,62.0
P016,"0, 5, 10, 15",0.0,15.0,Rice Husk Ash,Rice Husk,Burning / Incineration,,82.5,,0.355,,,high,,,,,,,,2.27,,,,,,10.0,7.0,34.12
P016,"0, 5, 10, 15",0.0,15.0,Rice Husk Ash,Rice Husk,Burning / Incineration,,82.5,,0.355,,,high,,,,,,,,2.27,,,,,,10.0,7.0,38.4
P018,"0, 5, 10, 15, 20, 30",0.0,30.0,Rice Husk Ash (RHA),Rice husk from Vietnam,controlled,"Vibrating ball mill grinding time: 30 min (for 9 µm), 60 min (for 6.3 µm), 90 min (for 5.6 µm); Planetary ball mill grinding time: 3 h (for 3.6 µm).",91.32,mechanical,0.19,,,high,,,,Ball milling (vibrating ball mill / planetary ball mill),87.96,,,,3.81,Amorphous,,,,10.0,7.0,152.0
P023,"0, 10, 20, 30, 40",0.0,40.0,Rice Husk Ash (RHA),Rice husk,Furnace burning and grinding,Cooled inside furnace for about 24 hours; Grinding using a Los Angeles machine,75.0,,0.38,0.78,1.29,,3.3,0.22,1.5,,,,0.4,2.53,3.67,,Moisture contents: 2.15 %; MnO: 0.2 %; P2O5: 0.59 %; Total SiO2 + Fe2O3 + Al2O3: 77.58 %,,,10.0,7.0,18.0
P023,"0, 10, 20, 30, 40",0.0,40.0,Rice Husk Ash (RHA),Rice husk,Furnace burning and grinding,Cooled inside furnace for about 24 hours; Grinding using a Los Angeles machine,75.0,,0.38,0.78,1.29,,3.3,0.22,1.5,,,,0.4,2.53,3.67,,Moisture contents: 2.15 %; MnO: 0.2 %; P2O5: 0.59 %; Total SiO2 + Fe2O3 + Al2O3: 77.58 %,,,10.0,7.0,20.0
P025,"10, 20, 25",10.0,25.0,Rice Husk Ash (RHA),Rice Husk,controlled,Burnt for approximately 48hrs; Temperature in the range of 400-600°C; Sieved through BS standard sieve size 75µm; Grey colour,,,,,,,,,,,,,,1.536667,,,,,,10.0,7.0,12.0
P028,"0, 5, 10, 15, 20, 25, 30",0.0,30.0,Rice Husk Ash (RHA),Rice Husk,controlled,,83.6,,,0.64,0.76,,0.84,0.4,,,,,,,14.2,,Particles retained on 45 micron IS sieves (Wet Sieving): 27.13,,,10.0,7.0,36.0
P029,"10, 20, 30",10.0,30.0,Rice husk ash (RHA),Rice husks,Burning of rice husks,Burning temperature for RHA12 was slightly lower by approximately 50°C than for RHA8,91.31,mechanical,0.5375,0.215,0.155,low,0.995,0.42,1.475,Ball mill grinding,43.126667,Grinding in a lab ball mill,390.0,,4.835,"Cristobalite, SiO2","Moisture: RHA8 0.01, RHA12 0.01 (% by mass); P2O5: RHA8 0.74, RHA12 0.51 (% by mass); Cl: RHA8 910.00, RHA12 410.00 (ppm)",Cristobalite,,10.0,7.0,33.8
P031,"0, 5, 10, 15, 20, 25",0.0,25.0,Rice Husk Ash (RHA),Rice Husk,"Burnt under guided or enclosed place, ground, and sieved",Sieved through 600 ?m sieve,,mechanical,,,,,,,,Grinding,,,,,,,,,,10.0,7.0,12.01
P039,"0, 5, 10, 15, 20",0.0,20.0,Rice husk ash (RHA),"KGR Agro Fusions Private Limited, Ludhiana, Punjab (India)",,,90.4,,0.5,1.6,1.7,reactive pozzolanic material,,0.7,,,90.4,,,,,amorphous silica,alkali oxides: 3.2%,,,10.0,7.0,24.3
P039,"0, 5, 10, 15, 20",0.0,20.0,Rice husk ash (RHA),"KGR Agro Fusions Private Limited, Ludhiana, Punjab (India)",,,90.4,,0.5,1.6,1.7,reactive pozzolanic material,,0.7,,,90.4,,,,,amorphous silica,alkali oxides: 3.2%,,,10.0,7.0,25.8
P043,"0, 5, 10, 15, 20, 25",0.0,25.0,Rice husk ash (RHA),Rice husk,Laboratory mill burning,Temperature of 600°C for 5 h,86.73,thermal,0.4,0.61,0.04,high,0.39,0.08,0.01,,,"Temperature: 600°C, Duration: 5 h",9.76,,0.54,,"TiO2: NULL, P2O5: NULL",,600.0,10.0,7.0,53.0
P046,10,10.0,10.0,Rice Husk Ash (RHA) / Rice Husk Ash,Rice husk,"Burning in closed combustion chamber, cooling, and sieving",Sieved through #30 sieve,,thermal,0.516667,,,,,,,,,Controlled/uncontrolled burning temperature range,,,,,,,725.0,10.0,7.0,13.95
P046,10,10.0,10.0,Rice Husk Ash (RHA) / Rice Husk Ash,Rice husk,"Burning in closed combustion chamber, cooling, and sieving",Sieved through #30 sieve,,thermal,0.516667,,,,,,,,,Controlled/uncontrolled burning temperature range,,,,,,,725.0,10.0,7.0,14.69
P046,10,10.0,10.0,Rice Husk Ash (RHA) / Rice Husk Ash,Rice husk,"Burning in closed combustion chamber, cooling, and sieving",Sieved through #30 sieve,,thermal,0.516667,,,,,,,,,Controlled/uncontrolled burning temperature range,,,,,,,725.0,10.0,7.0,16.89
P046,10,10.0,10.0,Rice Husk Ash (RHA) / Rice Husk Ash,Rice husk,"Burning in closed combustion chamber, cooling, and sieving",Sieved through #30 sieve,,thermal,0.516667,,,,,,,,,Controlled/uncontrolled burning temperature range,,,,,,,725.0,10.0,7.0,20.4
P046,10,10.0,10.0,Rice Husk Ash (RHA) / Rice Husk Ash,Rice husk,"Burning in closed combustion chamber, cooling, and sieving",Sieved through #30 sieve,,thermal,0.516667,,,,,,,,,Controlled/uncontrolled burning temperature range,,,,,,,725.0,10.0,7.0,21.0
P046,10,10.0,10.0,Rice Husk Ash (RHA) / Rice Husk Ash,Rice husk,"Burning in closed combustion chamber, cooling, and sieving",Sieved through #30 sieve,,thermal,0.516667,,,,,,,,,Controlled/uncontrolled burning temperature range,,,,,,,725.0,10.0,7.0,24.54
P049,"0, 5, 10, 15, 20",0.0,20.0,Rice Husk Ash (RHA),Rice husk from Sakrand region,controlled,Sieved through #30 sieves,,both,,,,,,,,Sieving through #30 sieves,,Uncontrolled temperature burning; sieved through #30 sieves,,,,,,,,10.0,7.0,24.5
P050,"0, 5, 7.5, 10, 12.5, 15",0.0,15.0,Rice Husk Ash (RHA),Rice husk / Paddy,Burning of husk in boiler or ferrocement furnace,Temperature around 500800°C for 24 hours; air ducts provided to control temperature and reduce carbon content,85.0,thermal,0.4,,,"Pozzolanic behavior depends upon silica crystallization phase, silica content, size, and surface area of ash",,,,,85.0,"Controlled burning at 500800°C for 24 hours, cooled to ~52°C after 24 hours and ~25°C after 48 hours",,2.3,,,,,650.0,10.0,7.0,27.3
P051,"0, 5, 10, 15, 20",0.0,20.0,Rice Husk Ash (RHA),Rice Husk (RH),controlled,12kgs of RH loaded per batch; 20% recovered as RHA; RH laid flat 2-3cm thick on 28 ceramic hearth plates,93.47,both,,1.08,0.92,high,0.87,3.18,,Ball milling using a Los Angeles machine,,Free air supply through 4 holes during burning; slow cooling for 6-8 hours with furnace door ajar,,,,Amorphous,Titanium oxide (TiO2): 0.04,,500.0,10.0,7.0,33.972
P057,"0, 5, 7.5, 10, 12.5, 15",0.0,15.0,Rice Husk Ash (RHA),Rice husk,Burning / Incineration,Burning temperature below 1440,91.432222,,,0.402222,1.007778,Active pozzolanic material,0.83,0.4375,2.154444,,,,0.111429,,5.17,,P2O5: ND; 0.48; ND; ND; 0.67; ND; 0.8; 2.43; ND TiO2: ND; 0.17; ND; ND; ND; ND; ND; ND; 0.16,,,10.0,7.0,27.3
P059,"8, 10, 12",8.0,12.0,Rice husk ash (RHA),Rice plant / Rice husk,Recalcination and Grinding,"Recalcination: 10°C/min heating rate, step 1 at 350°C for 3 h, step 2 at 600°C for 3 h; Grinding: Tumbling ball mill (300 rpm, 30 min) for RHA20; Vibratory mill (5 min) for RHA14; Vibratory mill (1 h) for RHA7",89.85,both,0.36,0.86,4.79,high,0.79,,1.38,Tumbling ball mill; Vibratory mill,87.133333,"Thermal: 350°C for 3 h then 600°C for 3 h; Mechanical: Tumbling ball mill for 30 min, Vibratory mill for 5 min or 1 h",,2.44,0.53,"Amorphous silica, Quartz",P2O5: 0.22; MnO: 0.24,Quartz,475.0,10.0,7.0,54.4
P062,"0, 5, 7.5, 10, 12.5, 15",0.0,15.0,Rice husk ash (RHA),Rice husk,Charring in a ferrocation oven or boilers with air pipes/electrical ventilators,"Burned at about 50°-800°C for 24 h, around 52°C after 24 h, and around 25°C after 48 h",86.94,,0.39,0.1,0.2,high,1.25,0.4,2.225,,,,0.45,2.3,,,,Non crystalline,,10.0,7.0,27.9
P065,"0, 5, 10, 15, 20, 25, 30",0.0,30.0,Rice Husk Ash (RHA),Rice husk,controlled,650,81.47,thermal,0.5,1.34,1.61,"Combined silica, alumina and ferric-oxides: 84.42",1.22,1.46,0.32,,81.47,650,0.08,2.06,4.92,,Manganese Oxide (MnO): 0.03,,650.0,10.0,7.0,13.6
P066,"0, 5, 10, 15, 20, 25",0.0,25.0,Rice husk ash,Rice husk / Paddy grains,Blazing,,87.5,,0.4,,,,,,,,87.5,,,,,,,,,10.0,7.0,17.2
P068,"0, 5, 10, 15, 20",0.0,20.0,Rice Husk Ash (RHA),Rice husk,Incineration in ferrocement furnace followed by grinding in Los Angeles machine,"Flame kept for ~1 h, smoldering for ~24 h, settling inside furnace for 24 h",75.24,,0.35,2.24,2.18,,2.42,2.28,1.72,,,,0.86,,12.99,,,,,10.0,7.0,47.04
P070,"0, 2.5, 5, 7.5, 10",0.0,10.0,Rice Husk Ash (RHA) / RHA,Rice field / Rice husk,Natural combusting process,Uncontrolled burning temperature and time; sieved through No. 50 sieve,,,0.4,,,,,,,,,,,2.24,,,,,,10.0,7.0,29.4
P075,"0, 5, 10, 15, 20",0.0,20.0,Rice Husk Ash (RHA),Rice husk,controlled,"Temperature increasing gradually from 20°C/min up to 600°C/min for six hours, then allowed to cool at room temperature",92.76,thermal,0.55,1.98,0.79,,3.85,,0.22,,,Temperature increasing gradually from 20°C/min up to 600°C/min for 6 hours,0.4,2.12,,,,,600.0,10.0,7.0,22.23
P015,"0, 10, 20, 30",0.0,30.0,"Rice husk ash (RHA), ground RHA, non-ground RHA, residual rice husk ash (RHA)",Rice husk / Rice husk pellets,Incineration / burning of rice husk pellets in a boiler followed by ball mill grinding,Burning temperature: 600800,91.0,mechanical,0.35,0.41,0.35,Water requirement of non-ground RHA mortar: 117%; Water requirement of ground RHA mortar: 110%,,0.81,3.21,Ball mill grinding,,Grinding duration: 1 h (60 min),0.08,2.06,8.5,Mostly amorphous silica and partially crystalline silica (Cristobalite high-SiO2),P2O5: 0.98,Cristobalite high-SiO2,700.0,10.0,14.0,40.0
P015,"0, 10, 20, 30",0.0,30.0,"Rice husk ash (RHA), ground RHA, non-ground RHA, residual rice husk ash (RHA)",Rice husk / Rice husk pellets,Incineration / burning of rice husk pellets in a boiler followed by ball mill grinding,Burning temperature: 600800,91.0,mechanical,0.35,0.41,0.35,Water requirement of non-ground RHA mortar: 117%; Water requirement of ground RHA mortar: 110%,,0.81,3.21,Ball mill grinding,,Grinding duration: 1 h (60 min),0.08,2.06,8.5,Mostly amorphous silica and partially crystalline silica (Cristobalite high-SiO2),P2O5: 0.98,Cristobalite high-SiO2,700.0,10.0,14.0,52.0
P015,"0, 10, 20, 30",0.0,30.0,"Rice husk ash (RHA), ground RHA, non-ground RHA, residual rice husk ash (RHA)",Rice husk / Rice husk pellets,Incineration / burning of rice husk pellets in a boiler followed by ball mill grinding,Burning temperature: 600800,91.0,mechanical,0.35,0.41,0.35,Water requirement of non-ground RHA mortar: 117%; Water requirement of ground RHA mortar: 110%,,0.81,3.21,Ball mill grinding,,Grinding duration: 1 h (60 min),0.08,2.06,8.5,Mostly amorphous silica and partially crystalline silica (Cristobalite high-SiO2),P2O5: 0.98,Cristobalite high-SiO2,700.0,10.0,14.0,63.0
P025,"10, 20, 25",10.0,25.0,Rice Husk Ash (RHA),Rice Husk,controlled,Burnt for approximately 48hrs; Temperature in the range of 400-600°C; Sieved through BS standard sieve size 75µm; Grey colour,,,,,,,,,,,,,,1.536667,,,,,,10.0,14.0,14.0
P031,"0, 5, 10, 15, 20, 25",0.0,25.0,Rice Husk Ash (RHA),Rice Husk,"Burnt under guided or enclosed place, ground, and sieved",Sieved through 600 ?m sieve,,mechanical,,,,,,,,Grinding,,,,,,,,,,10.0,14.0,12.83
P046,10,10.0,10.0,Rice Husk Ash (RHA) / Rice Husk Ash,Rice husk,"Burning in closed combustion chamber, cooling, and sieving",Sieved through #30 sieve,,thermal,0.516667,,,,,,,,,Controlled/uncontrolled burning temperature range,,,,,,,725.0,10.0,14.0,16.81
P046,10,10.0,10.0,Rice Husk Ash (RHA) / Rice Husk Ash,Rice husk,"Burning in closed combustion chamber, cooling, and sieving",Sieved through #30 sieve,,thermal,0.516667,,,,,,,,,Controlled/uncontrolled burning temperature range,,,,,,,725.0,10.0,14.0,19.66
P046,10,10.0,10.0,Rice Husk Ash (RHA) / Rice Husk Ash,Rice husk,"Burning in closed combustion chamber, cooling, and sieving",Sieved through #30 sieve,,thermal,0.516667,,,,,,,,,Controlled/uncontrolled burning temperature range,,,,,,,725.0,10.0,14.0,22.085
P046,10,10.0,10.0,Rice Husk Ash (RHA) / Rice Husk Ash,Rice husk,"Burning in closed combustion chamber, cooling, and sieving",Sieved through #30 sieve,,thermal,0.516667,,,,,,,,,Controlled/uncontrolled burning temperature range,,,,,,,725.0,10.0,14.0,23.86
P046,10,10.0,10.0,Rice Husk Ash (RHA) / Rice Husk Ash,Rice husk,"Burning in closed combustion chamber, cooling, and sieving",Sieved through #30 sieve,,thermal,0.516667,,,,,,,,,Controlled/uncontrolled burning temperature range,,,,,,,725.0,10.0,14.0,25.5
P046,10,10.0,10.0,Rice Husk Ash (RHA) / Rice Husk Ash,Rice husk,"Burning in closed combustion chamber, cooling, and sieving",Sieved through #30 sieve,,thermal,0.516667,,,,,,,,,Controlled/uncontrolled burning temperature range,,,,,,,725.0,10.0,14.0,27.35
P049,"0, 5, 10, 15, 20",0.0,20.0,Rice Husk Ash (RHA),Rice husk from Sakrand region,controlled,Sieved through #30 sieves,,both,,,,,,,,Sieving through #30 sieves,,Uncontrolled temperature burning; sieved through #30 sieves,,,,,,,,10.0,14.0,29.4
P066,"0, 5, 10, 15, 20, 25",0.0,25.0,Rice husk ash,Rice husk / Paddy grains,Blazing,,87.5,,0.4,,,,,,,,87.5,,,,,,,,,10.0,14.0,24.5
P070,"0, 2.5, 5, 7.5, 10",0.0,10.0,Rice Husk Ash (RHA) / RHA,Rice field / Rice husk,Natural combusting process,Uncontrolled burning temperature and time; sieved through No. 50 sieve,,,0.4,,,,,,,,,,,2.24,,,,,,10.0,14.0,36.36
P075,"0, 5, 10, 15, 20",0.0,20.0,Rice Husk Ash (RHA),Rice husk,controlled,"Temperature increasing gradually from 20°C/min up to 600°C/min for six hours, then allowed to cool at room temperature",92.76,thermal,0.55,1.98,0.79,,3.85,,0.22,,,Temperature increasing gradually from 20°C/min up to 600°C/min for 6 hours,0.4,2.12,,,,,600.0,10.0,14.0,30.78
P025,"10, 20, 25",10.0,25.0,Rice Husk Ash (RHA),Rice Husk,controlled,Burnt for approximately 48hrs; Temperature in the range of 400-600°C; Sieved through BS standard sieve size 75µm; Grey colour,,,,,,,,,,,,,,1.536667,,,,,,10.0,21.0,18.0
P001,"7, 10, 15",7.0,15.0,"Rice Husk Ash (RHA), RHA-650-60",Rice husks from North of Iran,controlled,Temperature of 650 °C and 60 minutes burning time,89.61,thermal,0.5,0.22,0.04,high,0.91,0.42,1.58,,90.0,Temperature of 650 °C and 60 minutes burning time,0.07,2.15,5.91,Quartz,"P2O5: 0.41, TiO2: 0.02",Quartz,650.0,10.0,28.0,46.0
P002,"10, 20, 30",10.0,30.0,rice husk ash (RHA) / RHA passing #200 and #325 sieves,"rice husk, an agro-waste material / local market",Burning and grinding in a ball mill,Burning duration: 24 h; Ventilation: top and bottom; Grinding: ball mill; Sieving: over #200 and #325 sieves,80.0,both,0.314286,0.41,3.93,,3.82,0.25,1.45,Ball mill grinding,,Grinding time: 90 min; Burning temperature: 400-700°C,0.67,2.11,8.56,,,Crystalline structure,550.0,10.0,28.0,43.3
P002,"10, 20, 30",10.0,30.0,rice husk ash (RHA) / RHA passing #200 and #325 sieves,"rice husk, an agro-waste material / local market",Burning and grinding in a ball mill,Burning duration: 24 h; Ventilation: top and bottom; Grinding: ball mill; Sieving: over #200 and #325 sieves,80.0,both,0.314286,0.41,3.93,,3.82,0.25,1.45,Ball mill grinding,,Grinding time: 90 min; Burning temperature: 400-700°C,0.67,2.11,8.56,,,Crystalline structure,550.0,10.0,28.0,45.7
P002,"10, 20, 30",10.0,30.0,rice husk ash (RHA) / RHA passing #200 and #325 sieves,"rice husk, an agro-waste material / local market",Burning and grinding in a ball mill,Burning duration: 24 h; Ventilation: top and bottom; Grinding: ball mill; Sieving: over #200 and #325 sieves,80.0,both,0.314286,0.41,3.93,,3.82,0.25,1.45,Ball mill grinding,,Grinding time: 90 min; Burning temperature: 400-700°C,0.67,2.11,8.56,,,Crystalline structure,550.0,10.0,28.0,68.1
P002,"10, 20, 30",10.0,30.0,rice husk ash (RHA) / RHA passing #200 and #325 sieves,"rice husk, an agro-waste material / local market",Burning and grinding in a ball mill,Burning duration: 24 h; Ventilation: top and bottom; Grinding: ball mill; Sieving: over #200 and #325 sieves,80.0,both,0.314286,0.41,3.93,,3.82,0.25,1.45,Ball mill grinding,,Grinding time: 90 min; Burning temperature: 400-700°C,0.67,2.11,8.56,,,Crystalline structure,550.0,10.0,28.0,71.0
P009,"5, 10, 15, 20",5.0,20.0,Rice husk ash (TRHA and ChRHA),"Rice husk collected from rice mill ""Arrocera La Esmeralda"" located in Valle del Cauca, Southeastern Colombia",Thermal treatment (TRHA); Chemical-thermal attack (ChRHA),"Hydrochloric acid leaching (1 N, 24 h), water washing to neutral pH, drying",94.5,both,4.784,0.275,0.345,high,0.86,0.21,1.43,Ball milling,95.0,Ceramic balls used for ball milling,0.32,2120.0,0.23,Amorphous,"TiO2: 0.04 (TRHA), 0.02 (ChRHA); P2O5: 0.68 (TRHA), 0.11 (ChRHA); MnO: 0.19 (TRHA), 0.02 (ChRHA)",,600.0,10.0,28.0,33.9
P009,"5, 10, 15, 20",5.0,20.0,Rice husk ash (TRHA and ChRHA),"Rice husk collected from rice mill ""Arrocera La Esmeralda"" located in Valle del Cauca, Southeastern Colombia",Thermal treatment (TRHA); Chemical-thermal attack (ChRHA),"Hydrochloric acid leaching (1 N, 24 h), water washing to neutral pH, drying",94.5,both,4.784,0.275,0.345,high,0.86,0.21,1.43,Ball milling,95.0,Ceramic balls used for ball milling,0.32,2120.0,0.23,Amorphous,"TiO2: 0.04 (TRHA), 0.02 (ChRHA); P2O5: 0.68 (TRHA), 0.11 (ChRHA); MnO: 0.19 (TRHA), 0.02 (ChRHA)",,600.0,10.0,28.0,41.8
P010,"5, 10, 15, 20",5.0,20.0,Rice husk ash (RHA),Rice husk,controlled,Incineration temperature < 700 °C; Sieving through 150 µm and 33 µm; Grinding in Los Angeles mill for 30 min and 180 min,87.86,mechanical,0.4,0.93,0.68,high,1.3,0.35,2.37,Los Angeles mill grinding,95.0,Grinded using Los Angeles mill,0.12,,,,,,700.0,10.0,28.0,46.1
P015,"0, 10, 20, 30",0.0,30.0,"Rice husk ash (RHA), ground RHA, non-ground RHA, residual rice husk ash (RHA)",Rice husk / Rice husk pellets,Incineration / burning of rice husk pellets in a boiler followed by ball mill grinding,Burning temperature: 600800,91.0,mechanical,0.35,0.41,0.35,Water requirement of non-ground RHA mortar: 117%; Water requirement of ground RHA mortar: 110%,,0.81,3.21,Ball mill grinding,,Grinding duration: 1 h (60 min),0.08,2.06,8.5,Mostly amorphous silica and partially crystalline silica (Cristobalite high-SiO2),P2O5: 0.98,Cristobalite high-SiO2,700.0,10.0,28.0,47.0
P015,"0, 10, 20, 30",0.0,30.0,"Rice husk ash (RHA), ground RHA, non-ground RHA, residual rice husk ash (RHA)",Rice husk / Rice husk pellets,Incineration / burning of rice husk pellets in a boiler followed by ball mill grinding,Burning temperature: 600800,91.0,mechanical,0.35,0.41,0.35,Water requirement of non-ground RHA mortar: 117%; Water requirement of ground RHA mortar: 110%,,0.81,3.21,Ball mill grinding,,Grinding duration: 1 h (60 min),0.08,2.06,8.5,Mostly amorphous silica and partially crystalline silica (Cristobalite high-SiO2),P2O5: 0.98,Cristobalite high-SiO2,700.0,10.0,28.0,61.0
P015,"0, 10, 20, 30",0.0,30.0,"Rice husk ash (RHA), ground RHA, non-ground RHA, residual rice husk ash (RHA)",Rice husk / Rice husk pellets,Incineration / burning of rice husk pellets in a boiler followed by ball mill grinding,Burning temperature: 600800,91.0,mechanical,0.35,0.41,0.35,Water requirement of non-ground RHA mortar: 117%; Water requirement of ground RHA mortar: 110%,,0.81,3.21,Ball mill grinding,,Grinding duration: 1 h (60 min),0.08,2.06,8.5,Mostly amorphous silica and partially crystalline silica (Cristobalite high-SiO2),P2O5: 0.98,Cristobalite high-SiO2,700.0,10.0,28.0,66.0
P016,"0, 5, 10, 15",0.0,15.0,Rice Husk Ash,Rice Husk,Burning / Incineration,,82.5,,0.355,,,high,,,,,,,,2.27,,,,,,10.0,28.0,44.72
P016,"0, 5, 10, 15",0.0,15.0,Rice Husk Ash,Rice Husk,Burning / Incineration,,82.5,,0.355,,,high,,,,,,,,2.27,,,,,,10.0,28.0,53.43
P017,"0, 5, 10, 15, 20, 25, 30",0.0,30.0,Rice Husk Ash (RHA),Rice husk,controlled,Temperature in the range of 650°C,90.9,mechanical,0.53,0.6,0.83,,0.8,0.56,,Laboratory batch 2ball mill,,Ground in laboratory batch 2ball mill; passing through sieve No. 325 (sieve opening 45 µm),,,,"Amorphous silica, Cristobalite, Tridymite, Quartz",Na?O + K?O: 1.55,,,10.0,28.0,32.4
P018,"0, 5, 10, 15, 20, 30",0.0,30.0,Rice Husk Ash (RHA),Rice husk from Vietnam,controlled,"Vibrating ball mill grinding time: 30 min (for 9 µm), 60 min (for 6.3 µm), 90 min (for 5.6 µm); Planetary ball mill grinding time: 3 h (for 3.6 µm).",91.32,mechanical,0.19,,,high,,,,Ball milling (vibrating ball mill / planetary ball mill),87.96,,,,3.81,Amorphous,,,,10.0,28.0,165.0
P023,"0, 10, 20, 30, 40",0.0,40.0,Rice Husk Ash (RHA),Rice husk,Furnace burning and grinding,Cooled inside furnace for about 24 hours; Grinding using a Los Angeles machine,75.0,,0.38,0.78,1.29,,3.3,0.22,1.5,,,,0.4,2.53,3.67,,Moisture contents: 2.15 %; MnO: 0.2 %; P2O5: 0.59 %; Total SiO2 + Fe2O3 + Al2O3: 77.58 %,,,10.0,28.0,32.0
P023,"0, 10, 20, 30, 40",0.0,40.0,Rice Husk Ash (RHA),Rice husk,Furnace burning and grinding,Cooled inside furnace for about 24 hours; Grinding using a Los Angeles machine,75.0,,0.38,0.78,1.29,,3.3,0.22,1.5,,,,0.4,2.53,3.67,,Moisture contents: 2.15 %; MnO: 0.2 %; P2O5: 0.59 %; Total SiO2 + Fe2O3 + Al2O3: 77.58 %,,,10.0,28.0,34.0
P025,"10, 20, 25",10.0,25.0,Rice Husk Ash (RHA),Rice Husk,controlled,Burnt for approximately 48hrs; Temperature in the range of 400-600°C; Sieved through BS standard sieve size 75µm; Grey colour,,,,,,,,,,,,,,1.536667,,,,,,10.0,28.0,22.0
P028,"0, 5, 10, 15, 20, 25, 30",0.0,30.0,Rice Husk Ash (RHA),Rice Husk,controlled,,83.6,,,0.64,0.76,,0.84,0.4,,,,,,,14.2,,Particles retained on 45 micron IS sieves (Wet Sieving): 27.13,,,10.0,28.0,48.0
P029,"10, 20, 30",10.0,30.0,Rice husk ash (RHA),Rice husks,Burning of rice husks,Burning temperature for RHA12 was slightly lower by approximately 50°C than for RHA8,91.31,mechanical,0.5375,0.215,0.155,low,0.995,0.42,1.475,Ball mill grinding,43.126667,Grinding in a lab ball mill,390.0,,4.835,"Cristobalite, SiO2","Moisture: RHA8 0.01, RHA12 0.01 (% by mass); P2O5: RHA8 0.74, RHA12 0.51 (% by mass); Cl: RHA8 910.00, RHA12 410.00 (ppm)",Cristobalite,,10.0,28.0,44.4
P031,"0, 5, 10, 15, 20, 25",0.0,25.0,Rice Husk Ash (RHA),Rice Husk,"Burnt under guided or enclosed place, ground, and sieved",Sieved through 600 ?m sieve,,mechanical,,,,,,,,Grinding,,,,,,,,,,10.0,28.0,20.88
P039,"0, 5, 10, 15, 20",0.0,20.0,Rice husk ash (RHA),"KGR Agro Fusions Private Limited, Ludhiana, Punjab (India)",,,90.4,,0.5,1.6,1.7,reactive pozzolanic material,,0.7,,,90.4,,,,,amorphous silica,alkali oxides: 3.2%,,,10.0,28.0,36.1
P039,"0, 5, 10, 15, 20",0.0,20.0,Rice husk ash (RHA),"KGR Agro Fusions Private Limited, Ludhiana, Punjab (India)",,,90.4,,0.5,1.6,1.7,reactive pozzolanic material,,0.7,,,90.4,,,,,amorphous silica,alkali oxides: 3.2%,,,10.0,28.0,40.0
P046,10,10.0,10.0,Rice Husk Ash (RHA) / Rice Husk Ash,Rice husk,"Burning in closed combustion chamber, cooling, and sieving",Sieved through #30 sieve,,thermal,0.516667,,,,,,,,,Controlled/uncontrolled burning temperature range,,,,,,,725.0,10.0,28.0,19.53
P046,10,10.0,10.0,Rice Husk Ash (RHA) / Rice Husk Ash,Rice husk,"Burning in closed combustion chamber, cooling, and sieving",Sieved through #30 sieve,,thermal,0.516667,,,,,,,,,Controlled/uncontrolled burning temperature range,,,,,,,725.0,10.0,28.0,22.44
P046,10,10.0,10.0,Rice Husk Ash (RHA) / Rice Husk Ash,Rice husk,"Burning in closed combustion chamber, cooling, and sieving",Sieved through #30 sieve,,thermal,0.516667,,,,,,,,,Controlled/uncontrolled burning temperature range,,,,,,,725.0,10.0,28.0,28.23
P046,10,10.0,10.0,Rice Husk Ash (RHA) / Rice Husk Ash,Rice husk,"Burning in closed combustion chamber, cooling, and sieving",Sieved through #30 sieve,,thermal,0.516667,,,,,,,,,Controlled/uncontrolled burning temperature range,,,,,,,725.0,10.0,28.0,29.1
P046,10,10.0,10.0,Rice Husk Ash (RHA) / Rice Husk Ash,Rice husk,"Burning in closed combustion chamber, cooling, and sieving",Sieved through #30 sieve,,thermal,0.516667,,,,,,,,,Controlled/uncontrolled burning temperature range,,,,,,,725.0,10.0,28.0,30.2
P046,10,10.0,10.0,Rice Husk Ash (RHA) / Rice Husk Ash,Rice husk,"Burning in closed combustion chamber, cooling, and sieving",Sieved through #30 sieve,,thermal,0.516667,,,,,,,,,Controlled/uncontrolled burning temperature range,,,,,,,725.0,10.0,28.0,33.25
P049,"0, 5, 10, 15, 20",0.0,20.0,Rice Husk Ash (RHA),Rice husk from Sakrand region,controlled,Sieved through #30 sieves,,both,,,,,,,,Sieving through #30 sieves,,Uncontrolled temperature burning; sieved through #30 sieves,,,,,,,,10.0,28.0,35.6
P050,"0, 5, 7.5, 10, 12.5, 15",0.0,15.0,Rice Husk Ash (RHA),Rice husk / Paddy,Burning of husk in boiler or ferrocement furnace,Temperature around 500800°C for 24 hours; air ducts provided to control temperature and reduce carbon content,85.0,thermal,0.4,,,"Pozzolanic behavior depends upon silica crystallization phase, silica content, size, and surface area of ash",,,,,85.0,"Controlled burning at 500800°C for 24 hours, cooled to ~52°C after 24 hours and ~25°C after 48 hours",,2.3,,,,,650.0,10.0,28.0,40.95
P051,"0, 5, 10, 15, 20",0.0,20.0,Rice Husk Ash (RHA),Rice Husk (RH),controlled,12kgs of RH loaded per batch; 20% recovered as RHA; RH laid flat 2-3cm thick on 28 ceramic hearth plates,93.47,both,,1.08,0.92,high,0.87,3.18,,Ball milling using a Los Angeles machine,,Free air supply through 4 holes during burning; slow cooling for 6-8 hours with furnace door ajar,,,,Amorphous,Titanium oxide (TiO2): 0.04,,500.0,10.0,28.0,52.768
P057,"0, 5, 7.5, 10, 12.5, 15",0.0,15.0,Rice Husk Ash (RHA),Rice husk,Burning / Incineration,Burning temperature below 1440,91.432222,,,0.402222,1.007778,Active pozzolanic material,0.83,0.4375,2.154444,,,,0.111429,,5.17,,P2O5: ND; 0.48; ND; ND; 0.67; ND; 0.8; 2.43; ND TiO2: ND; 0.17; ND; ND; ND; ND; ND; ND; 0.16,,,10.0,28.0,40.95
P058,"10, 20, 40",10.0,40.0,Rice Husk Ash (RHA) / Rice husk ash,Rice husks,controlled,U1: Burnt with timber; U2: Burnt with charcoal; C450/C650: Burnt in muffle oven,93.95,mechanical,0.5,0.4975,0.5025,high,1.085,0.4575,1.7625,Grinding in a ball mill,99.3,"Frequency: 15 Hz, 20 Hz, 25 Hz; Grinding time: 10 s, 20 s, 40 s",0.4425,2.2775,,"U1: Amorphous, Crystalline Quartz, Crystalline Sylvite, Crystalline Hydrophilite; U2: Amorphous, Crystalline Quartz, Crystalline Hydrophilite, Crystalline Hematite; C450: Amorphous, Crystalline Quartz, Crystalline Calcite; C650: Amorphous, Crystalline Quartz",Total Carbon (TC): U1: 0.88; U2: 0.56; C450: 0.66; C650: 0.59,"Quartz, Sylvite, Hydrophilite, Hematite, Calcite",600.0,10.0,28.0,53.0
P058,"10, 20, 40",10.0,40.0,Rice Husk Ash (RHA) / Rice husk ash,Rice husks,controlled,U1: Burnt with timber; U2: Burnt with charcoal; C450/C650: Burnt in muffle oven,93.95,mechanical,0.5,0.4975,0.5025,high,1.085,0.4575,1.7625,Grinding in a ball mill,99.3,"Frequency: 15 Hz, 20 Hz, 25 Hz; Grinding time: 10 s, 20 s, 40 s",0.4425,2.2775,,"U1: Amorphous, Crystalline Quartz, Crystalline Sylvite, Crystalline Hydrophilite; U2: Amorphous, Crystalline Quartz, Crystalline Hydrophilite, Crystalline Hematite; C450: Amorphous, Crystalline Quartz, Crystalline Calcite; C650: Amorphous, Crystalline Quartz",Total Carbon (TC): U1: 0.88; U2: 0.56; C450: 0.66; C650: 0.59,"Quartz, Sylvite, Hydrophilite, Hematite, Calcite",600.0,10.0,28.0,57.5
P058,"10, 20, 40",10.0,40.0,Rice Husk Ash (RHA) / Rice husk ash,Rice husks,controlled,U1: Burnt with timber; U2: Burnt with charcoal; C450/C650: Burnt in muffle oven,93.95,mechanical,0.5,0.4975,0.5025,high,1.085,0.4575,1.7625,Grinding in a ball mill,99.3,"Frequency: 15 Hz, 20 Hz, 25 Hz; Grinding time: 10 s, 20 s, 40 s",0.4425,2.2775,,"U1: Amorphous, Crystalline Quartz, Crystalline Sylvite, Crystalline Hydrophilite; U2: Amorphous, Crystalline Quartz, Crystalline Hydrophilite, Crystalline Hematite; C450: Amorphous, Crystalline Quartz, Crystalline Calcite; C650: Amorphous, Crystalline Quartz",Total Carbon (TC): U1: 0.88; U2: 0.56; C450: 0.66; C650: 0.59,"Quartz, Sylvite, Hydrophilite, Hematite, Calcite",600.0,10.0,28.0,58.0
P058,"10, 20, 40",10.0,40.0,Rice Husk Ash (RHA) / Rice husk ash,Rice husks,controlled,U1: Burnt with timber; U2: Burnt with charcoal; C450/C650: Burnt in muffle oven,93.95,mechanical,0.5,0.4975,0.5025,high,1.085,0.4575,1.7625,Grinding in a ball mill,99.3,"Frequency: 15 Hz, 20 Hz, 25 Hz; Grinding time: 10 s, 20 s, 40 s",0.4425,2.2775,,"U1: Amorphous, Crystalline Quartz, Crystalline Sylvite, Crystalline Hydrophilite; U2: Amorphous, Crystalline Quartz, Crystalline Hydrophilite, Crystalline Hematite; C450: Amorphous, Crystalline Quartz, Crystalline Calcite; C650: Amorphous, Crystalline Quartz",Total Carbon (TC): U1: 0.88; U2: 0.56; C450: 0.66; C650: 0.59,"Quartz, Sylvite, Hydrophilite, Hematite, Calcite",600.0,10.0,28.0,61.5
P059,"8, 10, 12",8.0,12.0,Rice husk ash (RHA),Rice plant / Rice husk,Recalcination and Grinding,"Recalcination: 10°C/min heating rate, step 1 at 350°C for 3 h, step 2 at 600°C for 3 h; Grinding: Tumbling ball mill (300 rpm, 30 min) for RHA20; Vibratory mill (5 min) for RHA14; Vibratory mill (1 h) for RHA7",89.85,both,0.36,0.86,4.79,high,0.79,,1.38,Tumbling ball mill; Vibratory mill,87.133333,"Thermal: 350°C for 3 h then 600°C for 3 h; Mechanical: Tumbling ball mill for 30 min, Vibratory mill for 5 min or 1 h",,2.44,0.53,"Amorphous silica, Quartz",P2O5: 0.22; MnO: 0.24,Quartz,475.0,10.0,28.0,57.98
P062,"0, 5, 7.5, 10, 12.5, 15",0.0,15.0,Rice husk ash (RHA),Rice husk,Charring in a ferrocation oven or boilers with air pipes/electrical ventilators,"Burned at about 50°-800°C for 24 h, around 52°C after 24 h, and around 25°C after 48 h",86.94,,0.39,0.1,0.2,high,1.25,0.4,2.225,,,,0.45,2.3,,,,Non crystalline,,10.0,28.0,40.9
P066,"0, 5, 10, 15, 20, 25",0.0,25.0,Rice husk ash,Rice husk / Paddy grains,Blazing,,87.5,,0.4,,,,,,,,87.5,,,,,,,,,10.0,28.0,27.2
P068,"0, 5, 10, 15, 20",0.0,20.0,Rice Husk Ash (RHA),Rice husk,Incineration in ferrocement furnace followed by grinding in Los Angeles machine,"Flame kept for ~1 h, smoldering for ~24 h, settling inside furnace for 24 h",75.24,,0.35,2.24,2.18,,2.42,2.28,1.72,,,,0.86,,12.99,,,,,10.0,28.0,68.92
P070,"0, 2.5, 5, 7.5, 10",0.0,10.0,Rice Husk Ash (RHA) / RHA,Rice field / Rice husk,Natural combusting process,Uncontrolled burning temperature and time; sieved through No. 50 sieve,,,0.4,,,,,,,,,,,2.24,,,,,,10.0,28.0,40.02
P073,"0, 5, 7, 10, 15, 20, 25, 30, 40, 50, 60",0.0,60.0,Rice Husk Ash (RHA),Rice husk,controlled,Combustion temperature 500 °C to 700 °C; Minimum grinding duration 1030 min,86.77625,both,,0.87625,1.045,high,1.07875,0.627143,2.438571,Mechanical grinding (automatic grinder / vibrating mill),88.333333,Thermal treatment: 500700 °C; Grinding: 1030 min (or up to 120 min in vibrating mill),0.374286,2.154,12.0,"Cristobalite, amorphous silica (SiO2)",,Amorphous silica and minor cristobalite,600.0,10.0,28.0,37.43
P073,"0, 5, 7, 10, 15, 20, 25, 30, 40, 50, 60",0.0,60.0,Rice Husk Ash (RHA),Rice husk,controlled,Combustion temperature 500 °C to 700 °C; Minimum grinding duration 1030 min,86.77625,both,,0.87625,1.045,high,1.07875,0.627143,2.438571,Mechanical grinding (automatic grinder / vibrating mill),88.333333,Thermal treatment: 500700 °C; Grinding: 1030 min (or up to 120 min in vibrating mill),0.374286,2.154,12.0,"Cristobalite, amorphous silica (SiO2)",,Amorphous silica and minor cristobalite,600.0,10.0,28.0,62.3
P075,"0, 5, 10, 15, 20",0.0,20.0,Rice Husk Ash (RHA),Rice husk,controlled,"Temperature increasing gradually from 20°C/min up to 600°C/min for six hours, then allowed to cool at room temperature",92.76,thermal,0.55,1.98,0.79,,3.85,,0.22,,,Temperature increasing gradually from 20°C/min up to 600°C/min for 6 hours,0.4,2.12,,,,,600.0,10.0,28.0,35.7
P079,"0, 10, 15, 20",0.0,20.0,Rice husk ash (RHA),Rice husk (RH),controlled,Incineration temperature: 650700 °C for ~2 hours; Secondary heat treatment: 200 °C in oven; Sieve size: #100,90.8,both,0.433333,0.6,0.11,high,0.07,1.7,,Sieving,33.4,Thermal: 650700 °C (2 h) and 200 °C; Mechanical: sieving through sieve #100,0.76,2.02,,"Quartz, graphite, coquimbite",,"Amorphous SiO2, Quartz, Graphite, Coquimbite",516.666667,10.0,28.0,29.4
P079,"0, 10, 15, 20",0.0,20.0,Rice husk ash (RHA),Rice husk (RH),controlled,Incineration temperature: 650700 °C for ~2 hours; Secondary heat treatment: 200 °C in oven; Sieve size: #100,90.8,both,0.433333,0.6,0.11,high,0.07,1.7,,Sieving,33.4,Thermal: 650700 °C (2 h) and 200 °C; Mechanical: sieving through sieve #100,0.76,2.02,,"Quartz, graphite, coquimbite",,"Amorphous SiO2, Quartz, Graphite, Coquimbite",516.666667,10.0,28.0,35.0
P079,"0, 10, 15, 20",0.0,20.0,Rice husk ash (RHA),Rice husk (RH),controlled,Incineration temperature: 650700 °C for ~2 hours; Secondary heat treatment: 200 °C in oven; Sieve size: #100,90.8,both,0.433333,0.6,0.11,high,0.07,1.7,,Sieving,33.4,Thermal: 650700 °C (2 h) and 200 °C; Mechanical: sieving through sieve #100,0.76,2.02,,"Quartz, graphite, coquimbite",,"Amorphous SiO2, Quartz, Graphite, Coquimbite",516.666667,10.0,28.0,37.8
P001,"7, 10, 15",7.0,15.0,"Rice Husk Ash (RHA), RHA-650-60",Rice husks from North of Iran,controlled,Temperature of 650 °C and 60 minutes burning time,89.61,thermal,0.5,0.22,0.04,high,0.91,0.42,1.58,,90.0,Temperature of 650 °C and 60 minutes burning time,0.07,2.15,5.91,Quartz,"P2O5: 0.41, TiO2: 0.02",Quartz,650.0,10.0,56.0,54.0
P009,"5, 10, 15, 20",5.0,20.0,Rice husk ash (TRHA and ChRHA),"Rice husk collected from rice mill ""Arrocera La Esmeralda"" located in Valle del Cauca, Southeastern Colombia",Thermal treatment (TRHA); Chemical-thermal attack (ChRHA),"Hydrochloric acid leaching (1 N, 24 h), water washing to neutral pH, drying",94.5,both,4.784,0.275,0.345,high,0.86,0.21,1.43,Ball milling,95.0,Ceramic balls used for ball milling,0.32,2120.0,0.23,Amorphous,"TiO2: 0.04 (TRHA), 0.02 (ChRHA); P2O5: 0.68 (TRHA), 0.11 (ChRHA); MnO: 0.19 (TRHA), 0.02 (ChRHA)",,600.0,10.0,56.0,37.4
P009,"5, 10, 15, 20",5.0,20.0,Rice husk ash (TRHA and ChRHA),"Rice husk collected from rice mill ""Arrocera La Esmeralda"" located in Valle del Cauca, Southeastern Colombia",Thermal treatment (TRHA); Chemical-thermal attack (ChRHA),"Hydrochloric acid leaching (1 N, 24 h), water washing to neutral pH, drying",94.5,both,4.784,0.275,0.345,high,0.86,0.21,1.43,Ball milling,95.0,Ceramic balls used for ball milling,0.32,2120.0,0.23,Amorphous,"TiO2: 0.04 (TRHA), 0.02 (ChRHA); P2O5: 0.68 (TRHA), 0.11 (ChRHA); MnO: 0.19 (TRHA), 0.02 (ChRHA)",,600.0,10.0,56.0,47.8
P015,"0, 10, 20, 30",0.0,30.0,"Rice husk ash (RHA), ground RHA, non-ground RHA, residual rice husk ash (RHA)",Rice husk / Rice husk pellets,Incineration / burning of rice husk pellets in a boiler followed by ball mill grinding,Burning temperature: 600800,91.0,mechanical,0.35,0.41,0.35,Water requirement of non-ground RHA mortar: 117%; Water requirement of ground RHA mortar: 110%,,0.81,3.21,Ball mill grinding,,Grinding duration: 1 h (60 min),0.08,2.06,8.5,Mostly amorphous silica and partially crystalline silica (Cristobalite high-SiO2),P2O5: 0.98,Cristobalite high-SiO2,700.0,10.0,56.0,51.0
P015,"0, 10, 20, 30",0.0,30.0,"Rice husk ash (RHA), ground RHA, non-ground RHA, residual rice husk ash (RHA)",Rice husk / Rice husk pellets,Incineration / burning of rice husk pellets in a boiler followed by ball mill grinding,Burning temperature: 600800,91.0,mechanical,0.35,0.41,0.35,Water requirement of non-ground RHA mortar: 117%; Water requirement of ground RHA mortar: 110%,,0.81,3.21,Ball mill grinding,,Grinding duration: 1 h (60 min),0.08,2.06,8.5,Mostly amorphous silica and partially crystalline silica (Cristobalite high-SiO2),P2O5: 0.98,Cristobalite high-SiO2,700.0,10.0,56.0,62.0
P015,"0, 10, 20, 30",0.0,30.0,"Rice husk ash (RHA), ground RHA, non-ground RHA, residual rice husk ash (RHA)",Rice husk / Rice husk pellets,Incineration / burning of rice husk pellets in a boiler followed by ball mill grinding,Burning temperature: 600800,91.0,mechanical,0.35,0.41,0.35,Water requirement of non-ground RHA mortar: 117%; Water requirement of ground RHA mortar: 110%,,0.81,3.21,Ball mill grinding,,Grinding duration: 1 h (60 min),0.08,2.06,8.5,Mostly amorphous silica and partially crystalline silica (Cristobalite high-SiO2),P2O5: 0.98,Cristobalite high-SiO2,700.0,10.0,56.0,69.0
P023,"0, 10, 20, 30, 40",0.0,40.0,Rice Husk Ash (RHA),Rice husk,Furnace burning and grinding,Cooled inside furnace for about 24 hours; Grinding using a Los Angeles machine,75.0,,0.38,0.78,1.29,,3.3,0.22,1.5,,,,0.4,2.53,3.67,,Moisture contents: 2.15 %; MnO: 0.2 %; P2O5: 0.59 %; Total SiO2 + Fe2O3 + Al2O3: 77.58 %,,,10.0,56.0,36.0
P023,"0, 10, 20, 30, 40",0.0,40.0,Rice Husk Ash (RHA),Rice husk,Furnace burning and grinding,Cooled inside furnace for about 24 hours; Grinding using a Los Angeles machine,75.0,,0.38,0.78,1.29,,3.3,0.22,1.5,,,,0.4,2.53,3.67,,Moisture contents: 2.15 %; MnO: 0.2 %; P2O5: 0.59 %; Total SiO2 + Fe2O3 + Al2O3: 77.58 %,,,10.0,56.0,39.0
P039,"0, 5, 10, 15, 20",0.0,20.0,Rice husk ash (RHA),"KGR Agro Fusions Private Limited, Ludhiana, Punjab (India)",,,90.4,,0.5,1.6,1.7,reactive pozzolanic material,,0.7,,,90.4,,,,,amorphous silica,alkali oxides: 3.2%,,,10.0,56.0,41.4
P039,"0, 5, 10, 15, 20",0.0,20.0,Rice husk ash (RHA),"KGR Agro Fusions Private Limited, Ludhiana, Punjab (India)",,,90.4,,0.5,1.6,1.7,reactive pozzolanic material,,0.7,,,90.4,,,,,amorphous silica,alkali oxides: 3.2%,,,10.0,56.0,46.8
P046,10,10.0,10.0,Rice Husk Ash (RHA) / Rice Husk Ash,Rice husk,"Burning in closed combustion chamber, cooling, and sieving",Sieved through #30 sieve,,thermal,0.516667,,,,,,,,,Controlled/uncontrolled burning temperature range,,,,,,,725.0,10.0,56.0,23.04
P046,10,10.0,10.0,Rice Husk Ash (RHA) / Rice Husk Ash,Rice husk,"Burning in closed combustion chamber, cooling, and sieving",Sieved through #30 sieve,,thermal,0.516667,,,,,,,,,Controlled/uncontrolled burning temperature range,,,,,,,725.0,10.0,56.0,26.68
P046,10,10.0,10.0,Rice Husk Ash (RHA) / Rice Husk Ash,Rice husk,"Burning in closed combustion chamber, cooling, and sieving",Sieved through #30 sieve,,thermal,0.516667,,,,,,,,,Controlled/uncontrolled burning temperature range,,,,,,,725.0,10.0,56.0,33.5
P046,10,10.0,10.0,Rice Husk Ash (RHA) / Rice Husk Ash,Rice husk,"Burning in closed combustion chamber, cooling, and sieving",Sieved through #30 sieve,,thermal,0.516667,,,,,,,,,Controlled/uncontrolled burning temperature range,,,,,,,725.0,10.0,56.0,34.16
P046,10,10.0,10.0,Rice Husk Ash (RHA) / Rice Husk Ash,Rice husk,"Burning in closed combustion chamber, cooling, and sieving",Sieved through #30 sieve,,thermal,0.516667,,,,,,,,,Controlled/uncontrolled burning temperature range,,,,,,,725.0,10.0,56.0,35.86
P046,10,10.0,10.0,Rice Husk Ash (RHA) / Rice Husk Ash,Rice husk,"Burning in closed combustion chamber, cooling, and sieving",Sieved through #30 sieve,,thermal,0.516667,,,,,,,,,Controlled/uncontrolled burning temperature range,,,,,,,725.0,10.0,56.0,41.68
P058,"10, 20, 40",10.0,40.0,Rice Husk Ash (RHA) / Rice husk ash,Rice husks,controlled,U1: Burnt with timber; U2: Burnt with charcoal; C450/C650: Burnt in muffle oven,93.95,mechanical,0.5,0.4975,0.5025,high,1.085,0.4575,1.7625,Grinding in a ball mill,99.3,"Frequency: 15 Hz, 20 Hz, 25 Hz; Grinding time: 10 s, 20 s, 40 s",0.4425,2.2775,,"U1: Amorphous, Crystalline Quartz, Crystalline Sylvite, Crystalline Hydrophilite; U2: Amorphous, Crystalline Quartz, Crystalline Hydrophilite, Crystalline Hematite; C450: Amorphous, Crystalline Quartz, Crystalline Calcite; C650: Amorphous, Crystalline Quartz",Total Carbon (TC): U1: 0.88; U2: 0.56; C450: 0.66; C650: 0.59,"Quartz, Sylvite, Hydrophilite, Hematite, Calcite",600.0,10.0,56.0,54.0
P058,"10, 20, 40",10.0,40.0,Rice Husk Ash (RHA) / Rice husk ash,Rice husks,controlled,U1: Burnt with timber; U2: Burnt with charcoal; C450/C650: Burnt in muffle oven,93.95,mechanical,0.5,0.4975,0.5025,high,1.085,0.4575,1.7625,Grinding in a ball mill,99.3,"Frequency: 15 Hz, 20 Hz, 25 Hz; Grinding time: 10 s, 20 s, 40 s",0.4425,2.2775,,"U1: Amorphous, Crystalline Quartz, Crystalline Sylvite, Crystalline Hydrophilite; U2: Amorphous, Crystalline Quartz, Crystalline Hydrophilite, Crystalline Hematite; C450: Amorphous, Crystalline Quartz, Crystalline Calcite; C650: Amorphous, Crystalline Quartz",Total Carbon (TC): U1: 0.88; U2: 0.56; C450: 0.66; C650: 0.59,"Quartz, Sylvite, Hydrophilite, Hematite, Calcite",600.0,10.0,56.0,58.0
P058,"10, 20, 40",10.0,40.0,Rice Husk Ash (RHA) / Rice husk ash,Rice husks,controlled,U1: Burnt with timber; U2: Burnt with charcoal; C450/C650: Burnt in muffle oven,93.95,mechanical,0.5,0.4975,0.5025,high,1.085,0.4575,1.7625,Grinding in a ball mill,99.3,"Frequency: 15 Hz, 20 Hz, 25 Hz; Grinding time: 10 s, 20 s, 40 s",0.4425,2.2775,,"U1: Amorphous, Crystalline Quartz, Crystalline Sylvite, Crystalline Hydrophilite; U2: Amorphous, Crystalline Quartz, Crystalline Hydrophilite, Crystalline Hematite; C450: Amorphous, Crystalline Quartz, Crystalline Calcite; C650: Amorphous, Crystalline Quartz",Total Carbon (TC): U1: 0.88; U2: 0.56; C450: 0.66; C650: 0.59,"Quartz, Sylvite, Hydrophilite, Hematite, Calcite",600.0,10.0,56.0,59.5
P058,"10, 20, 40",10.0,40.0,Rice Husk Ash (RHA) / Rice husk ash,Rice husks,controlled,U1: Burnt with timber; U2: Burnt with charcoal; C450/C650: Burnt in muffle oven,93.95,mechanical,0.5,0.4975,0.5025,high,1.085,0.4575,1.7625,Grinding in a ball mill,99.3,"Frequency: 15 Hz, 20 Hz, 25 Hz; Grinding time: 10 s, 20 s, 40 s",0.4425,2.2775,,"U1: Amorphous, Crystalline Quartz, Crystalline Sylvite, Crystalline Hydrophilite; U2: Amorphous, Crystalline Quartz, Crystalline Hydrophilite, Crystalline Hematite; C450: Amorphous, Crystalline Quartz, Crystalline Calcite; C650: Amorphous, Crystalline Quartz",Total Carbon (TC): U1: 0.88; U2: 0.56; C450: 0.66; C650: 0.59,"Quartz, Sylvite, Hydrophilite, Hematite, Calcite",600.0,10.0,56.0,66.5
P068,"0, 5, 10, 15, 20",0.0,20.0,Rice Husk Ash (RHA),Rice husk,Incineration in ferrocement furnace followed by grinding in Los Angeles machine,"Flame kept for ~1 h, smoldering for ~24 h, settling inside furnace for 24 h",75.24,,0.35,2.24,2.18,,2.42,2.28,1.72,,,,0.86,,12.99,,,,,10.0,56.0,71.85
P079,"0, 10, 15, 20",0.0,20.0,Rice husk ash (RHA),Rice husk (RH),controlled,Incineration temperature: 650700 °C for ~2 hours; Secondary heat treatment: 200 °C in oven; Sieve size: #100,90.8,both,0.433333,0.6,0.11,high,0.07,1.7,,Sieving,33.4,Thermal: 650700 °C (2 h) and 200 °C; Mechanical: sieving through sieve #100,0.76,2.02,,"Quartz, graphite, coquimbite",,"Amorphous SiO2, Quartz, Graphite, Coquimbite",516.666667,10.0,56.0,27.5
P079,"0, 10, 15, 20",0.0,20.0,Rice husk ash (RHA),Rice husk (RH),controlled,Incineration temperature: 650700 °C for ~2 hours; Secondary heat treatment: 200 °C in oven; Sieve size: #100,90.8,both,0.433333,0.6,0.11,high,0.07,1.7,,Sieving,33.4,Thermal: 650700 °C (2 h) and 200 °C; Mechanical: sieving through sieve #100,0.76,2.02,,"Quartz, graphite, coquimbite",,"Amorphous SiO2, Quartz, Graphite, Coquimbite",516.666667,10.0,56.0,38.1
P079,"0, 10, 15, 20",0.0,20.0,Rice husk ash (RHA),Rice husk (RH),controlled,Incineration temperature: 650700 °C for ~2 hours; Secondary heat treatment: 200 °C in oven; Sieve size: #100,90.8,both,0.433333,0.6,0.11,high,0.07,1.7,,Sieving,33.4,Thermal: 650700 °C (2 h) and 200 °C; Mechanical: sieving through sieve #100,0.76,2.02,,"Quartz, graphite, coquimbite",,"Amorphous SiO2, Quartz, Graphite, Coquimbite",516.666667,10.0,56.0,52.4
P001,"7, 10, 15",7.0,15.0,"Rice Husk Ash (RHA), RHA-650-60",Rice husks from North of Iran,controlled,Temperature of 650 °C and 60 minutes burning time,89.61,thermal,0.5,0.22,0.04,high,0.91,0.42,1.58,,90.0,Temperature of 650 °C and 60 minutes burning time,0.07,2.15,5.91,Quartz,"P2O5: 0.41, TiO2: 0.02",Quartz,650.0,10.0,90.0,55.5
P009,"5, 10, 15, 20",5.0,20.0,Rice husk ash (TRHA and ChRHA),"Rice husk collected from rice mill ""Arrocera La Esmeralda"" located in Valle del Cauca, Southeastern Colombia",Thermal treatment (TRHA); Chemical-thermal attack (ChRHA),"Hydrochloric acid leaching (1 N, 24 h), water washing to neutral pH, drying",94.5,both,4.784,0.275,0.345,high,0.86,0.21,1.43,Ball milling,95.0,Ceramic balls used for ball milling,0.32,2120.0,0.23,Amorphous,"TiO2: 0.04 (TRHA), 0.02 (ChRHA); P2O5: 0.68 (TRHA), 0.11 (ChRHA); MnO: 0.19 (TRHA), 0.02 (ChRHA)",,600.0,10.0,90.0,40.0
P009,"5, 10, 15, 20",5.0,20.0,Rice husk ash (TRHA and ChRHA),"Rice husk collected from rice mill ""Arrocera La Esmeralda"" located in Valle del Cauca, Southeastern Colombia",Thermal treatment (TRHA); Chemical-thermal attack (ChRHA),"Hydrochloric acid leaching (1 N, 24 h), water washing to neutral pH, drying",94.5,both,4.784,0.275,0.345,high,0.86,0.21,1.43,Ball milling,95.0,Ceramic balls used for ball milling,0.32,2120.0,0.23,Amorphous,"TiO2: 0.04 (TRHA), 0.02 (ChRHA); P2O5: 0.68 (TRHA), 0.11 (ChRHA); MnO: 0.19 (TRHA), 0.02 (ChRHA)",,600.0,10.0,90.0,50.5
P010,"5, 10, 15, 20",5.0,20.0,Rice husk ash (RHA),Rice husk,controlled,Incineration temperature < 700 °C; Sieving through 150 µm and 33 µm; Grinding in Los Angeles mill for 30 min and 180 min,87.86,mechanical,0.4,0.93,0.68,high,1.3,0.35,2.37,Los Angeles mill grinding,95.0,Grinded using Los Angeles mill,0.12,,,,,,700.0,10.0,90.0,40.6
P016,"0, 5, 10, 15",0.0,15.0,Rice Husk Ash,Rice Husk,Burning / Incineration,,82.5,,0.355,,,high,,,,,,,,2.27,,,,,,10.0,90.0,47.08
P016,"0, 5, 10, 15",0.0,15.0,Rice Husk Ash,Rice Husk,Burning / Incineration,,82.5,,0.355,,,high,,,,,,,,2.27,,,,,,10.0,90.0,56.4
P023,"0, 10, 20, 30, 40",0.0,40.0,Rice Husk Ash (RHA),Rice husk,Furnace burning and grinding,Cooled inside furnace for about 24 hours; Grinding using a Los Angeles machine,75.0,,0.38,0.78,1.29,,3.3,0.22,1.5,,,,0.4,2.53,3.67,,Moisture contents: 2.15 %; MnO: 0.2 %; P2O5: 0.59 %; Total SiO2 + Fe2O3 + Al2O3: 77.58 %,,,10.0,90.0,39.0
P023,"0, 10, 20, 30, 40",0.0,40.0,Rice Husk Ash (RHA),Rice husk,Furnace burning and grinding,Cooled inside furnace for about 24 hours; Grinding using a Los Angeles machine,75.0,,0.38,0.78,1.29,,3.3,0.22,1.5,,,,0.4,2.53,3.67,,Moisture contents: 2.15 %; MnO: 0.2 %; P2O5: 0.59 %; Total SiO2 + Fe2O3 + Al2O3: 77.58 %,,,10.0,90.0,41.5
P023,"0, 10, 20, 30, 40",0.0,40.0,Rice Husk Ash (RHA),Rice husk,Furnace burning and grinding,Cooled inside furnace for about 24 hours; Grinding using a Los Angeles machine,75.0,,0.38,0.78,1.29,,3.3,0.22,1.5,,,,0.4,2.53,3.67,,Moisture contents: 2.15 %; MnO: 0.2 %; P2O5: 0.59 %; Total SiO2 + Fe2O3 + Al2O3: 77.58 %,,,10.0,90.0,42.5
P029,"10, 20, 30",10.0,30.0,Rice husk ash (RHA),Rice husks,Burning of rice husks,Burning temperature for RHA12 was slightly lower by approximately 50°C than for RHA8,91.31,mechanical,0.5375,0.215,0.155,low,0.995,0.42,1.475,Ball mill grinding,43.126667,Grinding in a lab ball mill,390.0,,4.835,"Cristobalite, SiO2","Moisture: RHA8 0.01, RHA12 0.01 (% by mass); P2O5: RHA8 0.74, RHA12 0.51 (% by mass); Cl: RHA8 910.00, RHA12 410.00 (ppm)",Cristobalite,,10.0,90.0,58.5
P079,"0, 10, 15, 20",0.0,20.0,Rice husk ash (RHA),Rice husk (RH),controlled,Incineration temperature: 650700 °C for ~2 hours; Secondary heat treatment: 200 °C in oven; Sieve size: #100,90.8,both,0.433333,0.6,0.11,high,0.07,1.7,,Sieving,33.4,Thermal: 650700 °C (2 h) and 200 °C; Mechanical: sieving through sieve #100,0.76,2.02,,"Quartz, graphite, coquimbite",,"Amorphous SiO2, Quartz, Graphite, Coquimbite",516.666667,10.0,90.0,41.7
P079,"0, 10, 15, 20",0.0,20.0,Rice husk ash (RHA),Rice husk (RH),controlled,Incineration temperature: 650700 °C for ~2 hours; Secondary heat treatment: 200 °C in oven; Sieve size: #100,90.8,both,0.433333,0.6,0.11,high,0.07,1.7,,Sieving,33.4,Thermal: 650700 °C (2 h) and 200 °C; Mechanical: sieving through sieve #100,0.76,2.02,,"Quartz, graphite, coquimbite",,"Amorphous SiO2, Quartz, Graphite, Coquimbite",516.666667,10.0,90.0,51.2
P079,"0, 10, 15, 20",0.0,20.0,Rice husk ash (RHA),Rice husk (RH),controlled,Incineration temperature: 650700 °C for ~2 hours; Secondary heat treatment: 200 °C in oven; Sieve size: #100,90.8,both,0.433333,0.6,0.11,high,0.07,1.7,,Sieving,33.4,Thermal: 650700 °C (2 h) and 200 °C; Mechanical: sieving through sieve #100,0.76,2.02,,"Quartz, graphite, coquimbite",,"Amorphous SiO2, Quartz, Graphite, Coquimbite",516.666667,10.0,90.0,59.3
P015,"0, 10, 20, 30",0.0,30.0,"Rice husk ash (RHA), ground RHA, non-ground RHA, residual rice husk ash (RHA)",Rice husk / Rice husk pellets,Incineration / burning of rice husk pellets in a boiler followed by ball mill grinding,Burning temperature: 600800,91.0,mechanical,0.35,0.41,0.35,Water requirement of non-ground RHA mortar: 117%; Water requirement of ground RHA mortar: 110%,,0.81,3.21,Ball mill grinding,,Grinding duration: 1 h (60 min),0.08,2.06,8.5,Mostly amorphous silica and partially crystalline silica (Cristobalite high-SiO2),P2O5: 0.98,Cristobalite high-SiO2,700.0,10.0,91.0,56.0
P015,"0, 10, 20, 30",0.0,30.0,"Rice husk ash (RHA), ground RHA, non-ground RHA, residual rice husk ash (RHA)",Rice husk / Rice husk pellets,Incineration / burning of rice husk pellets in a boiler followed by ball mill grinding,Burning temperature: 600800,91.0,mechanical,0.35,0.41,0.35,Water requirement of non-ground RHA mortar: 117%; Water requirement of ground RHA mortar: 110%,,0.81,3.21,Ball mill grinding,,Grinding duration: 1 h (60 min),0.08,2.06,8.5,Mostly amorphous silica and partially crystalline silica (Cristobalite high-SiO2),P2O5: 0.98,Cristobalite high-SiO2,700.0,10.0,91.0,67.0
P015,"0, 10, 20, 30",0.0,30.0,"Rice husk ash (RHA), ground RHA, non-ground RHA, residual rice husk ash (RHA)",Rice husk / Rice husk pellets,Incineration / burning of rice husk pellets in a boiler followed by ball mill grinding,Burning temperature: 600800,91.0,mechanical,0.35,0.41,0.35,Water requirement of non-ground RHA mortar: 117%; Water requirement of ground RHA mortar: 110%,,0.81,3.21,Ball mill grinding,,Grinding duration: 1 h (60 min),0.08,2.06,8.5,Mostly amorphous silica and partially crystalline silica (Cristobalite high-SiO2),P2O5: 0.98,Cristobalite high-SiO2,700.0,10.0,91.0,74.0
P018,"0, 5, 10, 15, 20, 30",0.0,30.0,Rice Husk Ash (RHA),Rice husk from Vietnam,controlled,"Vibrating ball mill grinding time: 30 min (for 9 µm), 60 min (for 6.3 µm), 90 min (for 5.6 µm); Planetary ball mill grinding time: 3 h (for 3.6 µm).",91.32,mechanical,0.19,,,high,,,,Ball milling (vibrating ball mill / planetary ball mill),87.96,,,,3.81,Amorphous,,,,10.0,91.0,178.0
P059,"8, 10, 12",8.0,12.0,Rice husk ash (RHA),Rice plant / Rice husk,Recalcination and Grinding,"Recalcination: 10°C/min heating rate, step 1 at 350°C for 3 h, step 2 at 600°C for 3 h; Grinding: Tumbling ball mill (300 rpm, 30 min) for RHA20; Vibratory mill (5 min) for RHA14; Vibratory mill (1 h) for RHA7",89.85,both,0.36,0.86,4.79,high,0.79,,1.38,Tumbling ball mill; Vibratory mill,87.133333,"Thermal: 350°C for 3 h then 600°C for 3 h; Mechanical: Tumbling ball mill for 30 min, Vibratory mill for 5 min or 1 h",,2.44,0.53,"Amorphous silica, Quartz",P2O5: 0.22; MnO: 0.24,Quartz,475.0,10.0,91.0,68.79
P070,"0, 2.5, 5, 7.5, 10",0.0,10.0,Rice Husk Ash (RHA) / RHA,Rice field / Rice husk,Natural combusting process,Uncontrolled burning temperature and time; sieved through No. 50 sieve,,,0.4,,,,,,,,,,,2.24,,,,,,10.0,91.0,41.62
P079,"0, 10, 15, 20",0.0,20.0,Rice husk ash (RHA),Rice husk (RH),controlled,Incineration temperature: 650700 °C for ~2 hours; Secondary heat treatment: 200 °C in oven; Sieve size: #100,90.8,both,0.433333,0.6,0.11,high,0.07,1.7,,Sieving,33.4,Thermal: 650700 °C (2 h) and 200 °C; Mechanical: sieving through sieve #100,0.76,2.02,,"Quartz, graphite, coquimbite",,"Amorphous SiO2, Quartz, Graphite, Coquimbite",516.666667,10.0,120.0,46.7
P079,"0, 10, 15, 20",0.0,20.0,Rice husk ash (RHA),Rice husk (RH),controlled,Incineration temperature: 650700 °C for ~2 hours; Secondary heat treatment: 200 °C in oven; Sieve size: #100,90.8,both,0.433333,0.6,0.11,high,0.07,1.7,,Sieving,33.4,Thermal: 650700 °C (2 h) and 200 °C; Mechanical: sieving through sieve #100,0.76,2.02,,"Quartz, graphite, coquimbite",,"Amorphous SiO2, Quartz, Graphite, Coquimbite",516.666667,10.0,120.0,55.6
P079,"0, 10, 15, 20",0.0,20.0,Rice husk ash (RHA),Rice husk (RH),controlled,Incineration temperature: 650700 °C for ~2 hours; Secondary heat treatment: 200 °C in oven; Sieve size: #100,90.8,both,0.433333,0.6,0.11,high,0.07,1.7,,Sieving,33.4,Thermal: 650700 °C (2 h) and 200 °C; Mechanical: sieving through sieve #100,0.76,2.02,,"Quartz, graphite, coquimbite",,"Amorphous SiO2, Quartz, Graphite, Coquimbite",516.666667,10.0,120.0,65.2
P002,"10, 20, 30",10.0,30.0,rice husk ash (RHA) / RHA passing #200 and #325 sieves,"rice husk, an agro-waste material / local market",Burning and grinding in a ball mill,Burning duration: 24 h; Ventilation: top and bottom; Grinding: ball mill; Sieving: over #200 and #325 sieves,80.0,both,0.314286,0.41,3.93,,3.82,0.25,1.45,Ball mill grinding,,Grinding time: 90 min; Burning temperature: 400-700°C,0.67,2.11,8.56,,,Crystalline structure,550.0,10.0,150.0,71.1
P002,"10, 20, 30",10.0,30.0,rice husk ash (RHA) / RHA passing #200 and #325 sieves,"rice husk, an agro-waste material / local market",Burning and grinding in a ball mill,Burning duration: 24 h; Ventilation: top and bottom; Grinding: ball mill; Sieving: over #200 and #325 sieves,80.0,both,0.314286,0.41,3.93,,3.82,0.25,1.45,Ball mill grinding,,Grinding time: 90 min; Burning temperature: 400-700°C,0.67,2.11,8.56,,,Crystalline structure,550.0,10.0,150.0,72.4
P009,"5, 10, 15, 20",5.0,20.0,Rice husk ash (TRHA and ChRHA),"Rice husk collected from rice mill ""Arrocera La Esmeralda"" located in Valle del Cauca, Southeastern Colombia",Thermal treatment (TRHA); Chemical-thermal attack (ChRHA),"Hydrochloric acid leaching (1 N, 24 h), water washing to neutral pH, drying",94.5,both,4.784,0.275,0.345,high,0.86,0.21,1.43,Ball milling,95.0,Ceramic balls used for ball milling,0.32,2120.0,0.23,Amorphous,"TiO2: 0.04 (TRHA), 0.02 (ChRHA); P2O5: 0.68 (TRHA), 0.11 (ChRHA); MnO: 0.19 (TRHA), 0.02 (ChRHA)",,600.0,10.0,180.0,42.7
P009,"5, 10, 15, 20",5.0,20.0,Rice husk ash (TRHA and ChRHA),"Rice husk collected from rice mill ""Arrocera La Esmeralda"" located in Valle del Cauca, Southeastern Colombia",Thermal treatment (TRHA); Chemical-thermal attack (ChRHA),"Hydrochloric acid leaching (1 N, 24 h), water washing to neutral pH, drying",94.5,both,4.784,0.275,0.345,high,0.86,0.21,1.43,Ball milling,95.0,Ceramic balls used for ball milling,0.32,2120.0,0.23,Amorphous,"TiO2: 0.04 (TRHA), 0.02 (ChRHA); P2O5: 0.68 (TRHA), 0.11 (ChRHA); MnO: 0.19 (TRHA), 0.02 (ChRHA)",,600.0,10.0,180.0,52.8
P073,"0, 5, 7, 10, 15, 20, 25, 30, 40, 50, 60",0.0,60.0,Rice Husk Ash (RHA),Rice husk,controlled,Combustion temperature 500 °C to 700 °C; Minimum grinding duration 1030 min,86.77625,both,,0.87625,1.045,high,1.07875,0.627143,2.438571,Mechanical grinding (automatic grinder / vibrating mill),88.333333,Thermal treatment: 500700 °C; Grinding: 1030 min (or up to 120 min in vibrating mill),0.374286,2.154,12.0,"Cristobalite, amorphous silica (SiO2)",,Amorphous silica and minor cristobalite,600.0,10.0,200.0,27.2
P059,"8, 10, 12",8.0,12.0,Rice husk ash (RHA),Rice plant / Rice husk,Recalcination and Grinding,"Recalcination: 10°C/min heating rate, step 1 at 350°C for 3 h, step 2 at 600°C for 3 h; Grinding: Tumbling ball mill (300 rpm, 30 min) for RHA20; Vibratory mill (5 min) for RHA14; Vibratory mill (1 h) for RHA7",89.85,both,0.36,0.86,4.79,high,0.79,,1.38,Tumbling ball mill; Vibratory mill,87.133333,"Thermal: 350°C for 3 h then 600°C for 3 h; Mechanical: Tumbling ball mill for 30 min, Vibratory mill for 5 min or 1 h",,2.44,0.53,"Amorphous silica, Quartz",P2O5: 0.22; MnO: 0.24,Quartz,475.0,12.0,3.0,52.17
P059,"8, 10, 12",8.0,12.0,Rice husk ash (RHA),Rice plant / Rice husk,Recalcination and Grinding,"Recalcination: 10°C/min heating rate, step 1 at 350°C for 3 h, step 2 at 600°C for 3 h; Grinding: Tumbling ball mill (300 rpm, 30 min) for RHA20; Vibratory mill (5 min) for RHA14; Vibratory mill (1 h) for RHA7",89.85,both,0.36,0.86,4.79,high,0.79,,1.38,Tumbling ball mill; Vibratory mill,87.133333,"Thermal: 350°C for 3 h then 600°C for 3 h; Mechanical: Tumbling ball mill for 30 min, Vibratory mill for 5 min or 1 h",,2.44,0.53,"Amorphous silica, Quartz",P2O5: 0.22; MnO: 0.24,Quartz,475.0,12.0,3.0,54.46
P059,"8, 10, 12",8.0,12.0,Rice husk ash (RHA),Rice plant / Rice husk,Recalcination and Grinding,"Recalcination: 10°C/min heating rate, step 1 at 350°C for 3 h, step 2 at 600°C for 3 h; Grinding: Tumbling ball mill (300 rpm, 30 min) for RHA20; Vibratory mill (5 min) for RHA14; Vibratory mill (1 h) for RHA7",89.85,both,0.36,0.86,4.79,high,0.79,,1.38,Tumbling ball mill; Vibratory mill,87.133333,"Thermal: 350°C for 3 h then 600°C for 3 h; Mechanical: Tumbling ball mill for 30 min, Vibratory mill for 5 min or 1 h",,2.44,0.53,"Amorphous silica, Quartz",P2O5: 0.22; MnO: 0.24,Quartz,475.0,12.0,7.0,57.32
P059,"8, 10, 12",8.0,12.0,Rice husk ash (RHA),Rice plant / Rice husk,Recalcination and Grinding,"Recalcination: 10°C/min heating rate, step 1 at 350°C for 3 h, step 2 at 600°C for 3 h; Grinding: Tumbling ball mill (300 rpm, 30 min) for RHA20; Vibratory mill (5 min) for RHA14; Vibratory mill (1 h) for RHA7",89.85,both,0.36,0.86,4.79,high,0.79,,1.38,Tumbling ball mill; Vibratory mill,87.133333,"Thermal: 350°C for 3 h then 600°C for 3 h; Mechanical: Tumbling ball mill for 30 min, Vibratory mill for 5 min or 1 h",,2.44,0.53,"Amorphous silica, Quartz",P2O5: 0.22; MnO: 0.24,Quartz,475.0,12.0,7.0,63.12
P059,"8, 10, 12",8.0,12.0,Rice husk ash (RHA),Rice plant / Rice husk,Recalcination and Grinding,"Recalcination: 10°C/min heating rate, step 1 at 350°C for 3 h, step 2 at 600°C for 3 h; Grinding: Tumbling ball mill (300 rpm, 30 min) for RHA20; Vibratory mill (5 min) for RHA14; Vibratory mill (1 h) for RHA7",89.85,both,0.36,0.86,4.79,high,0.79,,1.38,Tumbling ball mill; Vibratory mill,87.133333,"Thermal: 350°C for 3 h then 600°C for 3 h; Mechanical: Tumbling ball mill for 30 min, Vibratory mill for 5 min or 1 h",,2.44,0.53,"Amorphous silica, Quartz",P2O5: 0.22; MnO: 0.24,Quartz,475.0,12.0,28.0,61.01
P059,"8, 10, 12",8.0,12.0,Rice husk ash (RHA),Rice plant / Rice husk,Recalcination and Grinding,"Recalcination: 10°C/min heating rate, step 1 at 350°C for 3 h, step 2 at 600°C for 3 h; Grinding: Tumbling ball mill (300 rpm, 30 min) for RHA20; Vibratory mill (5 min) for RHA14; Vibratory mill (1 h) for RHA7",89.85,both,0.36,0.86,4.79,high,0.79,,1.38,Tumbling ball mill; Vibratory mill,87.133333,"Thermal: 350°C for 3 h then 600°C for 3 h; Mechanical: Tumbling ball mill for 30 min, Vibratory mill for 5 min or 1 h",,2.44,0.53,"Amorphous silica, Quartz",P2O5: 0.22; MnO: 0.24,Quartz,475.0,12.0,28.0,67.7
P059,"8, 10, 12",8.0,12.0,Rice husk ash (RHA),Rice plant / Rice husk,Recalcination and Grinding,"Recalcination: 10°C/min heating rate, step 1 at 350°C for 3 h, step 2 at 600°C for 3 h; Grinding: Tumbling ball mill (300 rpm, 30 min) for RHA20; Vibratory mill (5 min) for RHA14; Vibratory mill (1 h) for RHA7",89.85,both,0.36,0.86,4.79,high,0.79,,1.38,Tumbling ball mill; Vibratory mill,87.133333,"Thermal: 350°C for 3 h then 600°C for 3 h; Mechanical: Tumbling ball mill for 30 min, Vibratory mill for 5 min or 1 h",,2.44,0.53,"Amorphous silica, Quartz",P2O5: 0.22; MnO: 0.24,Quartz,475.0,12.0,91.0,72.69
P059,"8, 10, 12",8.0,12.0,Rice husk ash (RHA),Rice plant / Rice husk,Recalcination and Grinding,"Recalcination: 10°C/min heating rate, step 1 at 350°C for 3 h, step 2 at 600°C for 3 h; Grinding: Tumbling ball mill (300 rpm, 30 min) for RHA20; Vibratory mill (5 min) for RHA14; Vibratory mill (1 h) for RHA7",89.85,both,0.36,0.86,4.79,high,0.79,,1.38,Tumbling ball mill; Vibratory mill,87.133333,"Thermal: 350°C for 3 h then 600°C for 3 h; Mechanical: Tumbling ball mill for 30 min, Vibratory mill for 5 min or 1 h",,2.44,0.53,"Amorphous silica, Quartz",P2O5: 0.22; MnO: 0.24,Quartz,475.0,12.0,91.0,73.12
P050,"0, 5, 7.5, 10, 12.5, 15",0.0,15.0,Rice Husk Ash (RHA),Rice husk / Paddy,Burning of husk in boiler or ferrocement furnace,Temperature around 500800°C for 24 hours; air ducts provided to control temperature and reduce carbon content,85.0,thermal,0.4,,,"Pozzolanic behavior depends upon silica crystallization phase, silica content, size, and surface area of ash",,,,,85.0,"Controlled burning at 500800°C for 24 hours, cooled to ~52°C after 24 hours and ~25°C after 48 hours",,2.3,,,,,650.0,12.5,7.0,26.2
P057,"0, 5, 7.5, 10, 12.5, 15",0.0,15.0,Rice Husk Ash (RHA),Rice husk,Burning / Incineration,Burning temperature below 1440,91.432222,,,0.402222,1.007778,Active pozzolanic material,0.83,0.4375,2.154444,,,,0.111429,,5.17,,P2O5: ND; 0.48; ND; ND; 0.67; ND; 0.8; 2.43; ND TiO2: ND; 0.17; ND; ND; ND; ND; ND; ND; 0.16,,,12.5,7.0,26.2
P062,"0, 5, 7.5, 10, 12.5, 15",0.0,15.0,Rice husk ash (RHA),Rice husk,Charring in a ferrocation oven or boilers with air pipes/electrical ventilators,"Burned at about 50°-800°C for 24 h, around 52°C after 24 h, and around 25°C after 48 h",86.94,,0.39,0.1,0.2,high,1.25,0.4,2.225,,,,0.45,2.3,,,,Non crystalline,,12.5,7.0,26.0
P050,"0, 5, 7.5, 10, 12.5, 15",0.0,15.0,Rice Husk Ash (RHA),Rice husk / Paddy,Burning of husk in boiler or ferrocement furnace,Temperature around 500800°C for 24 hours; air ducts provided to control temperature and reduce carbon content,85.0,thermal,0.4,,,"Pozzolanic behavior depends upon silica crystallization phase, silica content, size, and surface area of ash",,,,,85.0,"Controlled burning at 500800°C for 24 hours, cooled to ~52°C after 24 hours and ~25°C after 48 hours",,2.3,,,,,650.0,12.5,28.0,39.3
P057,"0, 5, 7.5, 10, 12.5, 15",0.0,15.0,Rice Husk Ash (RHA),Rice husk,Burning / Incineration,Burning temperature below 1440,91.432222,,,0.402222,1.007778,Active pozzolanic material,0.83,0.4375,2.154444,,,,0.111429,,5.17,,P2O5: ND; 0.48; ND; ND; 0.67; ND; 0.8; 2.43; ND TiO2: ND; 0.17; ND; ND; ND; ND; ND; ND; 0.16,,,12.5,28.0,39.3
P062,"0, 5, 7.5, 10, 12.5, 15",0.0,15.0,Rice husk ash (RHA),Rice husk,Charring in a ferrocation oven or boilers with air pipes/electrical ventilators,"Burned at about 50°-800°C for 24 h, around 52°C after 24 h, and around 25°C after 48 h",86.94,,0.39,0.1,0.2,high,1.25,0.4,2.225,,,,0.45,2.3,,,,Non crystalline,,12.5,28.0,39.6
P077,"0, 7, 14",0.0,14.0,rice husk ash (RHA),Rice husk,controlled,Combustion at 550 °C; Ground for 30 min,83.1,mechanical,0.5,1.1,2.15,high,4.7,1.5,2.96,Mechanical grinding in a mechanical grinder,,30 min grinding duration,0.1,2.45,1.13,Amorphous SiO2 (broad peak at 2? = 22°),P2O5: 2.05,Amorphous SiO2,550.0,14.0,10.0,21.5
P077,"0, 7, 14",0.0,14.0,rice husk ash (RHA),Rice husk,controlled,Combustion at 550 °C; Ground for 30 min,83.1,mechanical,0.5,1.1,2.15,high,4.7,1.5,2.96,Mechanical grinding in a mechanical grinder,,30 min grinding duration,0.1,2.45,1.13,Amorphous SiO2 (broad peak at 2? = 22°),P2O5: 2.05,Amorphous SiO2,550.0,14.0,10.0,23.5
P077,"0, 7, 14",0.0,14.0,rice husk ash (RHA),Rice husk,controlled,Combustion at 550 °C; Ground for 30 min,83.1,mechanical,0.5,1.1,2.15,high,4.7,1.5,2.96,Mechanical grinding in a mechanical grinder,,30 min grinding duration,0.1,2.45,1.13,Amorphous SiO2 (broad peak at 2? = 22°),P2O5: 2.05,Amorphous SiO2,550.0,14.0,10.0,25.0
P077,"0, 7, 14",0.0,14.0,rice husk ash (RHA),Rice husk,controlled,Combustion at 550 °C; Ground for 30 min,83.1,mechanical,0.5,1.1,2.15,high,4.7,1.5,2.96,Mechanical grinding in a mechanical grinder,,30 min grinding duration,0.1,2.45,1.13,Amorphous SiO2 (broad peak at 2? = 22°),P2O5: 2.05,Amorphous SiO2,550.0,14.0,20.0,26.0
P077,"0, 7, 14",0.0,14.0,rice husk ash (RHA),Rice husk,controlled,Combustion at 550 °C; Ground for 30 min,83.1,mechanical,0.5,1.1,2.15,high,4.7,1.5,2.96,Mechanical grinding in a mechanical grinder,,30 min grinding duration,0.1,2.45,1.13,Amorphous SiO2 (broad peak at 2? = 22°),P2O5: 2.05,Amorphous SiO2,550.0,14.0,20.0,28.0
P077,"0, 7, 14",0.0,14.0,rice husk ash (RHA),Rice husk,controlled,Combustion at 550 °C; Ground for 30 min,83.1,mechanical,0.5,1.1,2.15,high,4.7,1.5,2.96,Mechanical grinding in a mechanical grinder,,30 min grinding duration,0.1,2.45,1.13,Amorphous SiO2 (broad peak at 2? = 22°),P2O5: 2.05,Amorphous SiO2,550.0,14.0,20.0,31.0
P077,"0, 7, 14",0.0,14.0,rice husk ash (RHA),Rice husk,controlled,Combustion at 550 °C; Ground for 30 min,83.1,mechanical,0.5,1.1,2.15,high,4.7,1.5,2.96,Mechanical grinding in a mechanical grinder,,30 min grinding duration,0.1,2.45,1.13,Amorphous SiO2 (broad peak at 2? = 22°),P2O5: 2.05,Amorphous SiO2,550.0,14.0,30.0,30.0
P077,"0, 7, 14",0.0,14.0,rice husk ash (RHA),Rice husk,controlled,Combustion at 550 °C; Ground for 30 min,83.1,mechanical,0.5,1.1,2.15,high,4.7,1.5,2.96,Mechanical grinding in a mechanical grinder,,30 min grinding duration,0.1,2.45,1.13,Amorphous SiO2 (broad peak at 2? = 22°),P2O5: 2.05,Amorphous SiO2,550.0,14.0,30.0,32.0
P077,"0, 7, 14",0.0,14.0,rice husk ash (RHA),Rice husk,controlled,Combustion at 550 °C; Ground for 30 min,83.1,mechanical,0.5,1.1,2.15,high,4.7,1.5,2.96,Mechanical grinding in a mechanical grinder,,30 min grinding duration,0.1,2.45,1.13,Amorphous SiO2 (broad peak at 2? = 22°),P2O5: 2.05,Amorphous SiO2,550.0,14.0,30.0,36.5
P001,"7, 10, 15",7.0,15.0,"Rice Husk Ash (RHA), RHA-650-60",Rice husks from North of Iran,controlled,Temperature of 650 °C and 60 minutes burning time,89.61,thermal,0.5,0.22,0.04,high,0.91,0.42,1.58,,90.0,Temperature of 650 °C and 60 minutes burning time,0.07,2.15,5.91,Quartz,"P2O5: 0.41, TiO2: 0.02",Quartz,650.0,15.0,3.0,20.0
P028,"0, 5, 10, 15, 20, 25, 30",0.0,30.0,Rice Husk Ash (RHA),Rice Husk,controlled,,83.6,,,0.64,0.76,,0.84,0.4,,,,,,,14.2,,Particles retained on 45 micron IS sieves (Wet Sieving): 27.13,,,15.0,3.0,12.0
P001,"7, 10, 15",7.0,15.0,"Rice Husk Ash (RHA), RHA-650-60",Rice husks from North of Iran,controlled,Temperature of 650 °C and 60 minutes burning time,89.61,thermal,0.5,0.22,0.04,high,0.91,0.42,1.58,,90.0,Temperature of 650 °C and 60 minutes burning time,0.07,2.15,5.91,Quartz,"P2O5: 0.41, TiO2: 0.02",Quartz,650.0,15.0,7.0,31.0
P010,"5, 10, 15, 20",5.0,20.0,Rice husk ash (RHA),Rice husk,controlled,Incineration temperature < 700 °C; Sieving through 150 µm and 33 µm; Grinding in Los Angeles mill for 30 min and 180 min,87.86,mechanical,0.4,0.93,0.68,high,1.3,0.35,2.37,Los Angeles mill grinding,95.0,Grinded using Los Angeles mill,0.12,,,,,,700.0,15.0,7.0,23.7
P014,15,15.0,15.0,Rice husk ash (RHA),Rice husk,Thermal combustion / burning,"Temperature: 700, Duration: 6, Heating rate: 10",91.645,mechanical,0.49,0.355,0.2425,high,0.4575,0.6425,2.04625,Laboratory ball mill grinding,,"Porcelain mill (14×23.5 cm), 150 g RHA batch, Porcelain balls (Ø30 mm: 20 pcs, Ø20 mm: 40 pcs, Ø10 mm: 300 pcs), Speed: 76 rev/min",0.0975,1.96,4.355,Quartz mineral group,,"Amorphous silica, quartz mineral group",700.0,15.0,7.0,21.8
P016,"0, 5, 10, 15",0.0,15.0,Rice Husk Ash,Rice Husk,Burning / Incineration,,82.5,,0.355,,,high,,,,,,,,2.27,,,,,,15.0,7.0,30.36
P016,"0, 5, 10, 15",0.0,15.0,Rice Husk Ash,Rice Husk,Burning / Incineration,,82.5,,0.355,,,high,,,,,,,,2.27,,,,,,15.0,7.0,37.37
P024,15,15.0,15.0,Rice Husk Ash (RHA),Rice Husk,Combustion and Grinding,Combustion temperature < 700 °C,80.05,mechanical,0.516667,0.54,,high,0.705,0.985,1.32,Ball or hammer mills grinding,-2.5,,0.795,2.11,,,P2O5: 0.01-2.69; SiO3: 0.1-1.23; Carbon: 2.71-6.42,Amorphous silica,,15.0,7.0,7.18
P024,15,15.0,15.0,Rice Husk Ash (RHA),Rice Husk,Combustion and Grinding,Combustion temperature < 700 °C,80.05,mechanical,0.516667,0.54,,high,0.705,0.985,1.32,Ball or hammer mills grinding,-2.5,,0.795,2.11,,,P2O5: 0.01-2.69; SiO3: 0.1-1.23; Carbon: 2.71-6.42,Amorphous silica,,15.0,7.0,7.26
P024,15,15.0,15.0,Rice Husk Ash (RHA),Rice Husk,Combustion and Grinding,Combustion temperature < 700 °C,80.05,mechanical,0.516667,0.54,,high,0.705,0.985,1.32,Ball or hammer mills grinding,-2.5,,0.795,2.11,,,P2O5: 0.01-2.69; SiO3: 0.1-1.23; Carbon: 2.71-6.42,Amorphous silica,,15.0,7.0,7.42
P028,"0, 5, 10, 15, 20, 25, 30",0.0,30.0,Rice Husk Ash (RHA),Rice Husk,controlled,,83.6,,,0.64,0.76,,0.84,0.4,,,,,,,14.2,,Particles retained on 45 micron IS sieves (Wet Sieving): 27.13,,,15.0,7.0,23.0
P031,"0, 5, 10, 15, 20, 25",0.0,25.0,Rice Husk Ash (RHA),Rice Husk,"Burnt under guided or enclosed place, ground, and sieved",Sieved through 600 ?m sieve,,mechanical,,,,,,,,Grinding,,,,,,,,,,15.0,7.0,11.24
P039,"0, 5, 10, 15, 20",0.0,20.0,Rice husk ash (RHA),"KGR Agro Fusions Private Limited, Ludhiana, Punjab (India)",,,90.4,,0.5,1.6,1.7,reactive pozzolanic material,,0.7,,,90.4,,,,,amorphous silica,alkali oxides: 3.2%,,,15.0,7.0,22.5
P039,"0, 5, 10, 15, 20",0.0,20.0,Rice husk ash (RHA),"KGR Agro Fusions Private Limited, Ludhiana, Punjab (India)",,,90.4,,0.5,1.6,1.7,reactive pozzolanic material,,0.7,,,90.4,,,,,amorphous silica,alkali oxides: 3.2%,,,15.0,7.0,24.1
P043,"0, 5, 10, 15, 20, 25",0.0,25.0,Rice husk ash (RHA),Rice husk,Laboratory mill burning,Temperature of 600°C for 5 h,86.73,thermal,0.4,0.61,0.04,high,0.39,0.08,0.01,,,"Temperature: 600°C, Duration: 5 h",9.76,,0.54,,"TiO2: NULL, P2O5: NULL",,600.0,15.0,7.0,56.43
P049,"0, 5, 10, 15, 20",0.0,20.0,Rice Husk Ash (RHA),Rice husk from Sakrand region,controlled,Sieved through #30 sieves,,both,,,,,,,,Sieving through #30 sieves,,Uncontrolled temperature burning; sieved through #30 sieves,,,,,,,,15.0,7.0,22.5
P050,"0, 5, 7.5, 10, 12.5, 15",0.0,15.0,Rice Husk Ash (RHA),Rice husk / Paddy,Burning of husk in boiler or ferrocement furnace,Temperature around 500800°C for 24 hours; air ducts provided to control temperature and reduce carbon content,85.0,thermal,0.4,,,"Pozzolanic behavior depends upon silica crystallization phase, silica content, size, and surface area of ash",,,,,85.0,"Controlled burning at 500800°C for 24 hours, cooled to ~52°C after 24 hours and ~25°C after 48 hours",,2.3,,,,,650.0,15.0,7.0,25.9
P051,"0, 5, 10, 15, 20",0.0,20.0,Rice Husk Ash (RHA),Rice Husk (RH),controlled,12kgs of RH loaded per batch; 20% recovered as RHA; RH laid flat 2-3cm thick on 28 ceramic hearth plates,93.47,both,,1.08,0.92,high,0.87,3.18,,Ball milling using a Los Angeles machine,,Free air supply through 4 holes during burning; slow cooling for 6-8 hours with furnace door ajar,,,,Amorphous,Titanium oxide (TiO2): 0.04,,500.0,15.0,7.0,24.448
P057,"0, 5, 7.5, 10, 12.5, 15",0.0,15.0,Rice Husk Ash (RHA),Rice husk,Burning / Incineration,Burning temperature below 1440,91.432222,,,0.402222,1.007778,Active pozzolanic material,0.83,0.4375,2.154444,,,,0.111429,,5.17,,P2O5: ND; 0.48; ND; ND; 0.67; ND; 0.8; 2.43; ND TiO2: ND; 0.17; ND; ND; ND; ND; ND; ND; 0.16,,,15.0,7.0,25.9
P062,"0, 5, 7.5, 10, 12.5, 15",0.0,15.0,Rice husk ash (RHA),Rice husk,Charring in a ferrocation oven or boilers with air pipes/electrical ventilators,"Burned at about 50°-800°C for 24 h, around 52°C after 24 h, and around 25°C after 48 h",86.94,,0.39,0.1,0.2,high,1.25,0.4,2.225,,,,0.45,2.3,,,,Non crystalline,,15.0,7.0,25.6
P065,"0, 5, 10, 15, 20, 25, 30",0.0,30.0,Rice Husk Ash (RHA),Rice husk,controlled,650,81.47,thermal,0.5,1.34,1.61,"Combined silica, alumina and ferric-oxides: 84.42",1.22,1.46,0.32,,81.47,650,0.08,2.06,4.92,,Manganese Oxide (MnO): 0.03,,650.0,15.0,7.0,12.8
P066,"0, 5, 10, 15, 20, 25",0.0,25.0,Rice husk ash,Rice husk / Paddy grains,Blazing,,87.5,,0.4,,,,,,,,87.5,,,,,,,,,15.0,7.0,17.8
P068,"0, 5, 10, 15, 20",0.0,20.0,Rice Husk Ash (RHA),Rice husk,Incineration in ferrocement furnace followed by grinding in Los Angeles machine,"Flame kept for ~1 h, smoldering for ~24 h, settling inside furnace for 24 h",75.24,,0.35,2.24,2.18,,2.42,2.28,1.72,,,,0.86,,12.99,,,,,15.0,7.0,43.61
P075,"0, 5, 10, 15, 20",0.0,20.0,Rice Husk Ash (RHA),Rice husk,controlled,"Temperature increasing gradually from 20°C/min up to 600°C/min for six hours, then allowed to cool at room temperature",92.76,thermal,0.55,1.98,0.79,,3.85,,0.22,,,Temperature increasing gradually from 20°C/min up to 600°C/min for 6 hours,0.4,2.12,,,,,600.0,15.0,7.0,23.72
P024,15,15.0,15.0,Rice Husk Ash (RHA),Rice Husk,Combustion and Grinding,Combustion temperature < 700 °C,80.05,mechanical,0.516667,0.54,,high,0.705,0.985,1.32,Ball or hammer mills grinding,-2.5,,0.795,2.11,,,P2O5: 0.01-2.69; SiO3: 0.1-1.23; Carbon: 2.71-6.42,Amorphous silica,,15.0,14.0,10.0
P024,15,15.0,15.0,Rice Husk Ash (RHA),Rice Husk,Combustion and Grinding,Combustion temperature < 700 °C,80.05,mechanical,0.516667,0.54,,high,0.705,0.985,1.32,Ball or hammer mills grinding,-2.5,,0.795,2.11,,,P2O5: 0.01-2.69; SiO3: 0.1-1.23; Carbon: 2.71-6.42,Amorphous silica,,15.0,14.0,19.778
P024,15,15.0,15.0,Rice Husk Ash (RHA),Rice Husk,Combustion and Grinding,Combustion temperature < 700 °C,80.05,mechanical,0.516667,0.54,,high,0.705,0.985,1.32,Ball or hammer mills grinding,-2.5,,0.795,2.11,,,P2O5: 0.01-2.69; SiO3: 0.1-1.23; Carbon: 2.71-6.42,Amorphous silica,,15.0,14.0,20.11
P031,"0, 5, 10, 15, 20, 25",0.0,25.0,Rice Husk Ash (RHA),Rice Husk,"Burnt under guided or enclosed place, ground, and sieved",Sieved through 600 ?m sieve,,mechanical,,,,,,,,Grinding,,,,,,,,,,15.0,14.0,12.55
P049,"0, 5, 10, 15, 20",0.0,20.0,Rice Husk Ash (RHA),Rice husk from Sakrand region,controlled,Sieved through #30 sieves,,both,,,,,,,,Sieving through #30 sieves,,Uncontrolled temperature burning; sieved through #30 sieves,,,,,,,,15.0,14.0,25.6
P066,"0, 5, 10, 15, 20, 25",0.0,25.0,Rice husk ash,Rice husk / Paddy grains,Blazing,,87.5,,0.4,,,,,,,,87.5,,,,,,,,,15.0,14.0,25.5
P075,"0, 5, 10, 15, 20",0.0,20.0,Rice Husk Ash (RHA),Rice husk,controlled,"Temperature increasing gradually from 20°C/min up to 600°C/min for six hours, then allowed to cool at room temperature",92.76,thermal,0.55,1.98,0.79,,3.85,,0.22,,,Temperature increasing gradually from 20°C/min up to 600°C/min for 6 hours,0.4,2.12,,,,,600.0,15.0,14.0,32.85
P024,15,15.0,15.0,Rice Husk Ash (RHA),Rice Husk,Combustion and Grinding,Combustion temperature < 700 °C,80.05,mechanical,0.516667,0.54,,high,0.705,0.985,1.32,Ball or hammer mills grinding,-2.5,,0.795,2.11,,,P2O5: 0.01-2.69; SiO3: 0.1-1.23; Carbon: 2.71-6.42,Amorphous silica,,15.0,21.0,14.05
P024,15,15.0,15.0,Rice Husk Ash (RHA),Rice Husk,Combustion and Grinding,Combustion temperature < 700 °C,80.05,mechanical,0.516667,0.54,,high,0.705,0.985,1.32,Ball or hammer mills grinding,-2.5,,0.795,2.11,,,P2O5: 0.01-2.69; SiO3: 0.1-1.23; Carbon: 2.71-6.42,Amorphous silica,,15.0,21.0,22.5
P024,15,15.0,15.0,Rice Husk Ash (RHA),Rice Husk,Combustion and Grinding,Combustion temperature < 700 °C,80.05,mechanical,0.516667,0.54,,high,0.705,0.985,1.32,Ball or hammer mills grinding,-2.5,,0.795,2.11,,,P2O5: 0.01-2.69; SiO3: 0.1-1.23; Carbon: 2.71-6.42,Amorphous silica,,15.0,21.0,23.0
P001,"7, 10, 15",7.0,15.0,"Rice Husk Ash (RHA), RHA-650-60",Rice husks from North of Iran,controlled,Temperature of 650 °C and 60 minutes burning time,89.61,thermal,0.5,0.22,0.04,high,0.91,0.42,1.58,,90.0,Temperature of 650 °C and 60 minutes burning time,0.07,2.15,5.91,Quartz,"P2O5: 0.41, TiO2: 0.02",Quartz,650.0,15.0,28.0,47.5
P009,"5, 10, 15, 20",5.0,20.0,Rice husk ash (TRHA and ChRHA),"Rice husk collected from rice mill ""Arrocera La Esmeralda"" located in Valle del Cauca, Southeastern Colombia",Thermal treatment (TRHA); Chemical-thermal attack (ChRHA),"Hydrochloric acid leaching (1 N, 24 h), water washing to neutral pH, drying",94.5,both,4.784,0.275,0.345,high,0.86,0.21,1.43,Ball milling,95.0,Ceramic balls used for ball milling,0.32,2120.0,0.23,Amorphous,"TiO2: 0.04 (TRHA), 0.02 (ChRHA); P2O5: 0.68 (TRHA), 0.11 (ChRHA); MnO: 0.19 (TRHA), 0.02 (ChRHA)",,600.0,15.0,28.0,34.4
P009,"5, 10, 15, 20",5.0,20.0,Rice husk ash (TRHA and ChRHA),"Rice husk collected from rice mill ""Arrocera La Esmeralda"" located in Valle del Cauca, Southeastern Colombia",Thermal treatment (TRHA); Chemical-thermal attack (ChRHA),"Hydrochloric acid leaching (1 N, 24 h), water washing to neutral pH, drying",94.5,both,4.784,0.275,0.345,high,0.86,0.21,1.43,Ball milling,95.0,Ceramic balls used for ball milling,0.32,2120.0,0.23,Amorphous,"TiO2: 0.04 (TRHA), 0.02 (ChRHA); P2O5: 0.68 (TRHA), 0.11 (ChRHA); MnO: 0.19 (TRHA), 0.02 (ChRHA)",,600.0,15.0,28.0,36.3
P010,"5, 10, 15, 20",5.0,20.0,Rice husk ash (RHA),Rice husk,controlled,Incineration temperature < 700 °C; Sieving through 150 µm and 33 µm; Grinding in Los Angeles mill for 30 min and 180 min,87.86,mechanical,0.4,0.93,0.68,high,1.3,0.35,2.37,Los Angeles mill grinding,95.0,Grinded using Los Angeles mill,0.12,,,,,,700.0,15.0,28.0,42.7
P014,15,15.0,15.0,Rice husk ash (RHA),Rice husk,Thermal combustion / burning,"Temperature: 700, Duration: 6, Heating rate: 10",91.645,mechanical,0.49,0.355,0.2425,high,0.4575,0.6425,2.04625,Laboratory ball mill grinding,,"Porcelain mill (14×23.5 cm), 150 g RHA batch, Porcelain balls (Ø30 mm: 20 pcs, Ø20 mm: 40 pcs, Ø10 mm: 300 pcs), Speed: 76 rev/min",0.0975,1.96,4.355,Quartz mineral group,,"Amorphous silica, quartz mineral group",700.0,15.0,28.0,31.8
P016,"0, 5, 10, 15",0.0,15.0,Rice Husk Ash,Rice Husk,Burning / Incineration,,82.5,,0.355,,,high,,,,,,,,2.27,,,,,,15.0,28.0,43.18
P016,"0, 5, 10, 15",0.0,15.0,Rice Husk Ash,Rice Husk,Burning / Incineration,,82.5,,0.355,,,high,,,,,,,,2.27,,,,,,15.0,28.0,50.46
P017,"0, 5, 10, 15, 20, 25, 30",0.0,30.0,Rice Husk Ash (RHA),Rice husk,controlled,Temperature in the range of 650°C,90.9,mechanical,0.53,0.6,0.83,,0.8,0.56,,Laboratory batch 2ball mill,,Ground in laboratory batch 2ball mill; passing through sieve No. 325 (sieve opening 45 µm),,,,"Amorphous silica, Cristobalite, Tridymite, Quartz",Na?O + K?O: 1.55,,,15.0,28.0,32.1
P020,"15, 25",15.0,25.0,"Natural RHA (NRHA), Grinded RHA (GRHA), Residual RHA",Rice husk / Open field burning residual RHA,uncontrolled,Ball mill grinding for 1 hour (for GRHA),94.94,mechanical,0.55,0.49,0.345,Important pozzolanic capacity (GRHA) / Pozzolanic contribution observed,1.285,0.425,1.425,Laboratory ball mill grinding (GRHA) / Aggregate-interparticle grinding during mixing (NRHA),,1 hour in laboratory ball mill (GRHA) / 2 to 8 minutes mixing with coarse aggregates (NRHA),0.1,,0.38,"Vitreous material, Cristobalite",,Cristobalite,,15.0,28.0,33.3
P024,15,15.0,15.0,Rice Husk Ash (RHA),Rice Husk,Combustion and Grinding,Combustion temperature < 700 °C,80.05,mechanical,0.516667,0.54,,high,0.705,0.985,1.32,Ball or hammer mills grinding,-2.5,,0.795,2.11,,,P2O5: 0.01-2.69; SiO3: 0.1-1.23; Carbon: 2.71-6.42,Amorphous silica,,15.0,28.0,18.65
P024,15,15.0,15.0,Rice Husk Ash (RHA),Rice Husk,Combustion and Grinding,Combustion temperature < 700 °C,80.05,mechanical,0.516667,0.54,,high,0.705,0.985,1.32,Ball or hammer mills grinding,-2.5,,0.795,2.11,,,P2O5: 0.01-2.69; SiO3: 0.1-1.23; Carbon: 2.71-6.42,Amorphous silica,,15.0,28.0,23.8
P024,15,15.0,15.0,Rice Husk Ash (RHA),Rice Husk,Combustion and Grinding,Combustion temperature < 700 °C,80.05,mechanical,0.516667,0.54,,high,0.705,0.985,1.32,Ball or hammer mills grinding,-2.5,,0.795,2.11,,,P2O5: 0.01-2.69; SiO3: 0.1-1.23; Carbon: 2.71-6.42,Amorphous silica,,15.0,28.0,24.5
P028,"0, 5, 10, 15, 20, 25, 30",0.0,30.0,Rice Husk Ash (RHA),Rice Husk,controlled,,83.6,,,0.64,0.76,,0.84,0.4,,,,,,,14.2,,Particles retained on 45 micron IS sieves (Wet Sieving): 27.13,,,15.0,28.0,33.0
P031,"0, 5, 10, 15, 20, 25",0.0,25.0,Rice Husk Ash (RHA),Rice Husk,"Burnt under guided or enclosed place, ground, and sieved",Sieved through 600 ?m sieve,,mechanical,,,,,,,,Grinding,,,,,,,,,,15.0,28.0,18.7
P039,"0, 5, 10, 15, 20",0.0,20.0,Rice husk ash (RHA),"KGR Agro Fusions Private Limited, Ludhiana, Punjab (India)",,,90.4,,0.5,1.6,1.7,reactive pozzolanic material,,0.7,,,90.4,,,,,amorphous silica,alkali oxides: 3.2%,,,15.0,28.0,35.3
P039,"0, 5, 10, 15, 20",0.0,20.0,Rice husk ash (RHA),"KGR Agro Fusions Private Limited, Ludhiana, Punjab (India)",,,90.4,,0.5,1.6,1.7,reactive pozzolanic material,,0.7,,,90.4,,,,,amorphous silica,alkali oxides: 3.2%,,,15.0,28.0,38.5
P049,"0, 5, 10, 15, 20",0.0,20.0,Rice Husk Ash (RHA),Rice husk from Sakrand region,controlled,Sieved through #30 sieves,,both,,,,,,,,Sieving through #30 sieves,,Uncontrolled temperature burning; sieved through #30 sieves,,,,,,,,15.0,28.0,30.4
P050,"0, 5, 7.5, 10, 12.5, 15",0.0,15.0,Rice Husk Ash (RHA),Rice husk / Paddy,Burning of husk in boiler or ferrocement furnace,Temperature around 500800°C for 24 hours; air ducts provided to control temperature and reduce carbon content,85.0,thermal,0.4,,,"Pozzolanic behavior depends upon silica crystallization phase, silica content, size, and surface area of ash",,,,,85.0,"Controlled burning at 500800°C for 24 hours, cooled to ~52°C after 24 hours and ~25°C after 48 hours",,2.3,,,,,650.0,15.0,28.0,38.85
P051,"0, 5, 10, 15, 20",0.0,20.0,Rice Husk Ash (RHA),Rice Husk (RH),controlled,12kgs of RH loaded per batch; 20% recovered as RHA; RH laid flat 2-3cm thick on 28 ceramic hearth plates,93.47,both,,1.08,0.92,high,0.87,3.18,,Ball milling using a Los Angeles machine,,Free air supply through 4 holes during burning; slow cooling for 6-8 hours with furnace door ajar,,,,Amorphous,Titanium oxide (TiO2): 0.04,,500.0,15.0,28.0,35.576
P057,"0, 5, 7.5, 10, 12.5, 15",0.0,15.0,Rice Husk Ash (RHA),Rice husk,Burning / Incineration,Burning temperature below 1440,91.432222,,,0.402222,1.007778,Active pozzolanic material,0.83,0.4375,2.154444,,,,0.111429,,5.17,,P2O5: ND; 0.48; ND; ND; 0.67; ND; 0.8; 2.43; ND TiO2: ND; 0.17; ND; ND; ND; ND; ND; ND; 0.16,,,15.0,28.0,38.85
P062,"0, 5, 7.5, 10, 12.5, 15",0.0,15.0,Rice husk ash (RHA),Rice husk,Charring in a ferrocation oven or boilers with air pipes/electrical ventilators,"Burned at about 50°-800°C for 24 h, around 52°C after 24 h, and around 25°C after 48 h",86.94,,0.39,0.1,0.2,high,1.25,0.4,2.225,,,,0.45,2.3,,,,Non crystalline,,15.0,28.0,38.6
P066,"0, 5, 10, 15, 20, 25",0.0,25.0,Rice husk ash,Rice husk / Paddy grains,Blazing,,87.5,,0.4,,,,,,,,87.5,,,,,,,,,15.0,28.0,28.0
P068,"0, 5, 10, 15, 20",0.0,20.0,Rice Husk Ash (RHA),Rice husk,Incineration in ferrocement furnace followed by grinding in Los Angeles machine,"Flame kept for ~1 h, smoldering for ~24 h, settling inside furnace for 24 h",75.24,,0.35,2.24,2.18,,2.42,2.28,1.72,,,,0.86,,12.99,,,,,15.0,28.0,63.95
P075,"0, 5, 10, 15, 20",0.0,20.0,Rice Husk Ash (RHA),Rice husk,controlled,"Temperature increasing gradually from 20°C/min up to 600°C/min for six hours, then allowed to cool at room temperature",92.76,thermal,0.55,1.98,0.79,,3.85,,0.22,,,Temperature increasing gradually from 20°C/min up to 600°C/min for 6 hours,0.4,2.12,,,,,600.0,15.0,28.0,37.12
P079,"0, 10, 15, 20",0.0,20.0,Rice husk ash (RHA),Rice husk (RH),controlled,Incineration temperature: 650700 °C for ~2 hours; Secondary heat treatment: 200 °C in oven; Sieve size: #100,90.8,both,0.433333,0.6,0.11,high,0.07,1.7,,Sieving,33.4,Thermal: 650700 °C (2 h) and 200 °C; Mechanical: sieving through sieve #100,0.76,2.02,,"Quartz, graphite, coquimbite",,"Amorphous SiO2, Quartz, Graphite, Coquimbite",516.666667,15.0,28.0,30.8
P079,"0, 10, 15, 20",0.0,20.0,Rice husk ash (RHA),Rice husk (RH),controlled,Incineration temperature: 650700 °C for ~2 hours; Secondary heat treatment: 200 °C in oven; Sieve size: #100,90.8,both,0.433333,0.6,0.11,high,0.07,1.7,,Sieving,33.4,Thermal: 650700 °C (2 h) and 200 °C; Mechanical: sieving through sieve #100,0.76,2.02,,"Quartz, graphite, coquimbite",,"Amorphous SiO2, Quartz, Graphite, Coquimbite",516.666667,15.0,28.0,37.5
P079,"0, 10, 15, 20",0.0,20.0,Rice husk ash (RHA),Rice husk (RH),controlled,Incineration temperature: 650700 °C for ~2 hours; Secondary heat treatment: 200 °C in oven; Sieve size: #100,90.8,both,0.433333,0.6,0.11,high,0.07,1.7,,Sieving,33.4,Thermal: 650700 °C (2 h) and 200 °C; Mechanical: sieving through sieve #100,0.76,2.02,,"Quartz, graphite, coquimbite",,"Amorphous SiO2, Quartz, Graphite, Coquimbite",516.666667,15.0,28.0,44.6
P001,"7, 10, 15",7.0,15.0,"Rice Husk Ash (RHA), RHA-650-60",Rice husks from North of Iran,controlled,Temperature of 650 °C and 60 minutes burning time,89.61,thermal,0.5,0.22,0.04,high,0.91,0.42,1.58,,90.0,Temperature of 650 °C and 60 minutes burning time,0.07,2.15,5.91,Quartz,"P2O5: 0.41, TiO2: 0.02",Quartz,650.0,15.0,56.0,56.0
P009,"5, 10, 15, 20",5.0,20.0,Rice husk ash (TRHA and ChRHA),"Rice husk collected from rice mill ""Arrocera La Esmeralda"" located in Valle del Cauca, Southeastern Colombia",Thermal treatment (TRHA); Chemical-thermal attack (ChRHA),"Hydrochloric acid leaching (1 N, 24 h), water washing to neutral pH, drying",94.5,both,4.784,0.275,0.345,high,0.86,0.21,1.43,Ball milling,95.0,Ceramic balls used for ball milling,0.32,2120.0,0.23,Amorphous,"TiO2: 0.04 (TRHA), 0.02 (ChRHA); P2O5: 0.68 (TRHA), 0.11 (ChRHA); MnO: 0.19 (TRHA), 0.02 (ChRHA)",,600.0,15.0,56.0,38.6
P009,"5, 10, 15, 20",5.0,20.0,Rice husk ash (TRHA and ChRHA),"Rice husk collected from rice mill ""Arrocera La Esmeralda"" located in Valle del Cauca, Southeastern Colombia",Thermal treatment (TRHA); Chemical-thermal attack (ChRHA),"Hydrochloric acid leaching (1 N, 24 h), water washing to neutral pH, drying",94.5,both,4.784,0.275,0.345,high,0.86,0.21,1.43,Ball milling,95.0,Ceramic balls used for ball milling,0.32,2120.0,0.23,Amorphous,"TiO2: 0.04 (TRHA), 0.02 (ChRHA); P2O5: 0.68 (TRHA), 0.11 (ChRHA); MnO: 0.19 (TRHA), 0.02 (ChRHA)",,600.0,15.0,56.0,40.7
P039,"0, 5, 10, 15, 20",0.0,20.0,Rice husk ash (RHA),"KGR Agro Fusions Private Limited, Ludhiana, Punjab (India)",,,90.4,,0.5,1.6,1.7,reactive pozzolanic material,,0.7,,,90.4,,,,,amorphous silica,alkali oxides: 3.2%,,,15.0,56.0,39.9
P039,"0, 5, 10, 15, 20",0.0,20.0,Rice husk ash (RHA),"KGR Agro Fusions Private Limited, Ludhiana, Punjab (India)",,,90.4,,0.5,1.6,1.7,reactive pozzolanic material,,0.7,,,90.4,,,,,amorphous silica,alkali oxides: 3.2%,,,15.0,56.0,44.0
P068,"0, 5, 10, 15, 20",0.0,20.0,Rice Husk Ash (RHA),Rice husk,Incineration in ferrocement furnace followed by grinding in Los Angeles machine,"Flame kept for ~1 h, smoldering for ~24 h, settling inside furnace for 24 h",75.24,,0.35,2.24,2.18,,2.42,2.28,1.72,,,,0.86,,12.99,,,,,15.0,56.0,65.35
P079,"0, 10, 15, 20",0.0,20.0,Rice husk ash (RHA),Rice husk (RH),controlled,Incineration temperature: 650700 °C for ~2 hours; Secondary heat treatment: 200 °C in oven; Sieve size: #100,90.8,both,0.433333,0.6,0.11,high,0.07,1.7,,Sieving,33.4,Thermal: 650700 °C (2 h) and 200 °C; Mechanical: sieving through sieve #100,0.76,2.02,,"Quartz, graphite, coquimbite",,"Amorphous SiO2, Quartz, Graphite, Coquimbite",516.666667,15.0,56.0,36.3
P079,"0, 10, 15, 20",0.0,20.0,Rice husk ash (RHA),Rice husk (RH),controlled,Incineration temperature: 650700 °C for ~2 hours; Secondary heat treatment: 200 °C in oven; Sieve size: #100,90.8,both,0.433333,0.6,0.11,high,0.07,1.7,,Sieving,33.4,Thermal: 650700 °C (2 h) and 200 °C; Mechanical: sieving through sieve #100,0.76,2.02,,"Quartz, graphite, coquimbite",,"Amorphous SiO2, Quartz, Graphite, Coquimbite",516.666667,15.0,56.0,41.9
P079,"0, 10, 15, 20",0.0,20.0,Rice husk ash (RHA),Rice husk (RH),controlled,Incineration temperature: 650700 °C for ~2 hours; Secondary heat treatment: 200 °C in oven; Sieve size: #100,90.8,both,0.433333,0.6,0.11,high,0.07,1.7,,Sieving,33.4,Thermal: 650700 °C (2 h) and 200 °C; Mechanical: sieving through sieve #100,0.76,2.02,,"Quartz, graphite, coquimbite",,"Amorphous SiO2, Quartz, Graphite, Coquimbite",516.666667,15.0,56.0,54.4
P001,"7, 10, 15",7.0,15.0,"Rice Husk Ash (RHA), RHA-650-60",Rice husks from North of Iran,controlled,Temperature of 650 °C and 60 minutes burning time,89.61,thermal,0.5,0.22,0.04,high,0.91,0.42,1.58,,90.0,Temperature of 650 °C and 60 minutes burning time,0.07,2.15,5.91,Quartz,"P2O5: 0.41, TiO2: 0.02",Quartz,650.0,15.0,90.0,58.4
P009,"5, 10, 15, 20",5.0,20.0,Rice husk ash (TRHA and ChRHA),"Rice husk collected from rice mill ""Arrocera La Esmeralda"" located in Valle del Cauca, Southeastern Colombia",Thermal treatment (TRHA); Chemical-thermal attack (ChRHA),"Hydrochloric acid leaching (1 N, 24 h), water washing to neutral pH, drying",94.5,both,4.784,0.275,0.345,high,0.86,0.21,1.43,Ball milling,95.0,Ceramic balls used for ball milling,0.32,2120.0,0.23,Amorphous,"TiO2: 0.04 (TRHA), 0.02 (ChRHA); P2O5: 0.68 (TRHA), 0.11 (ChRHA); MnO: 0.19 (TRHA), 0.02 (ChRHA)",,600.0,15.0,90.0,41.1
P009,"5, 10, 15, 20",5.0,20.0,Rice husk ash (TRHA and ChRHA),"Rice husk collected from rice mill ""Arrocera La Esmeralda"" located in Valle del Cauca, Southeastern Colombia",Thermal treatment (TRHA); Chemical-thermal attack (ChRHA),"Hydrochloric acid leaching (1 N, 24 h), water washing to neutral pH, drying",94.5,both,4.784,0.275,0.345,high,0.86,0.21,1.43,Ball milling,95.0,Ceramic balls used for ball milling,0.32,2120.0,0.23,Amorphous,"TiO2: 0.04 (TRHA), 0.02 (ChRHA); P2O5: 0.68 (TRHA), 0.11 (ChRHA); MnO: 0.19 (TRHA), 0.02 (ChRHA)",,600.0,15.0,90.0,42.7
P010,"5, 10, 15, 20",5.0,20.0,Rice husk ash (RHA),Rice husk,controlled,Incineration temperature < 700 °C; Sieving through 150 µm and 33 µm; Grinding in Los Angeles mill for 30 min and 180 min,87.86,mechanical,0.4,0.93,0.68,high,1.3,0.35,2.37,Los Angeles mill grinding,95.0,Grinded using Los Angeles mill,0.12,,,,,,700.0,15.0,90.0,37.9
P016,"0, 5, 10, 15",0.0,15.0,Rice Husk Ash,Rice Husk,Burning / Incineration,,82.5,,0.355,,,high,,,,,,,,2.27,,,,,,15.0,90.0,45.04
P016,"0, 5, 10, 15",0.0,15.0,Rice Husk Ash,Rice Husk,Burning / Incineration,,82.5,,0.355,,,high,,,,,,,,2.27,,,,,,15.0,90.0,52.5
P017,"0, 5, 10, 15, 20, 25, 30",0.0,30.0,Rice Husk Ash (RHA),Rice husk,controlled,Temperature in the range of 650°C,90.9,mechanical,0.53,0.6,0.83,,0.8,0.56,,Laboratory batch 2ball mill,,Ground in laboratory batch 2ball mill; passing through sieve No. 325 (sieve opening 45 µm),,,,"Amorphous silica, Cristobalite, Tridymite, Quartz",Na?O + K?O: 1.55,,,15.0,90.0,42.5
P079,"0, 10, 15, 20",0.0,20.0,Rice husk ash (RHA),Rice husk (RH),controlled,Incineration temperature: 650700 °C for ~2 hours; Secondary heat treatment: 200 °C in oven; Sieve size: #100,90.8,both,0.433333,0.6,0.11,high,0.07,1.7,,Sieving,33.4,Thermal: 650700 °C (2 h) and 200 °C; Mechanical: sieving through sieve #100,0.76,2.02,,"Quartz, graphite, coquimbite",,"Amorphous SiO2, Quartz, Graphite, Coquimbite",516.666667,15.0,90.0,45.3
P079,"0, 10, 15, 20",0.0,20.0,Rice husk ash (RHA),Rice husk (RH),controlled,Incineration temperature: 650700 °C for ~2 hours; Secondary heat treatment: 200 °C in oven; Sieve size: #100,90.8,both,0.433333,0.6,0.11,high,0.07,1.7,,Sieving,33.4,Thermal: 650700 °C (2 h) and 200 °C; Mechanical: sieving through sieve #100,0.76,2.02,,"Quartz, graphite, coquimbite",,"Amorphous SiO2, Quartz, Graphite, Coquimbite",516.666667,15.0,90.0,51.7
P079,"0, 10, 15, 20",0.0,20.0,Rice husk ash (RHA),Rice husk (RH),controlled,Incineration temperature: 650700 °C for ~2 hours; Secondary heat treatment: 200 °C in oven; Sieve size: #100,90.8,both,0.433333,0.6,0.11,high,0.07,1.7,,Sieving,33.4,Thermal: 650700 °C (2 h) and 200 °C; Mechanical: sieving through sieve #100,0.76,2.02,,"Quartz, graphite, coquimbite",,"Amorphous SiO2, Quartz, Graphite, Coquimbite",516.666667,15.0,90.0,61.0
P079,"0, 10, 15, 20",0.0,20.0,Rice husk ash (RHA),Rice husk (RH),controlled,Incineration temperature: 650700 °C for ~2 hours; Secondary heat treatment: 200 °C in oven; Sieve size: #100,90.8,both,0.433333,0.6,0.11,high,0.07,1.7,,Sieving,33.4,Thermal: 650700 °C (2 h) and 200 °C; Mechanical: sieving through sieve #100,0.76,2.02,,"Quartz, graphite, coquimbite",,"Amorphous SiO2, Quartz, Graphite, Coquimbite",516.666667,15.0,120.0,50.2
P079,"0, 10, 15, 20",0.0,20.0,Rice husk ash (RHA),Rice husk (RH),controlled,Incineration temperature: 650700 °C for ~2 hours; Secondary heat treatment: 200 °C in oven; Sieve size: #100,90.8,both,0.433333,0.6,0.11,high,0.07,1.7,,Sieving,33.4,Thermal: 650700 °C (2 h) and 200 °C; Mechanical: sieving through sieve #100,0.76,2.02,,"Quartz, graphite, coquimbite",,"Amorphous SiO2, Quartz, Graphite, Coquimbite",516.666667,15.0,120.0,59.0
P079,"0, 10, 15, 20",0.0,20.0,Rice husk ash (RHA),Rice husk (RH),controlled,Incineration temperature: 650700 °C for ~2 hours; Secondary heat treatment: 200 °C in oven; Sieve size: #100,90.8,both,0.433333,0.6,0.11,high,0.07,1.7,,Sieving,33.4,Thermal: 650700 °C (2 h) and 200 °C; Mechanical: sieving through sieve #100,0.76,2.02,,"Quartz, graphite, coquimbite",,"Amorphous SiO2, Quartz, Graphite, Coquimbite",516.666667,15.0,120.0,68.0
P009,"5, 10, 15, 20",5.0,20.0,Rice husk ash (TRHA and ChRHA),"Rice husk collected from rice mill ""Arrocera La Esmeralda"" located in Valle del Cauca, Southeastern Colombia",Thermal treatment (TRHA); Chemical-thermal attack (ChRHA),"Hydrochloric acid leaching (1 N, 24 h), water washing to neutral pH, drying",94.5,both,4.784,0.275,0.345,high,0.86,0.21,1.43,Ball milling,95.0,Ceramic balls used for ball milling,0.32,2120.0,0.23,Amorphous,"TiO2: 0.04 (TRHA), 0.02 (ChRHA); P2O5: 0.68 (TRHA), 0.11 (ChRHA); MnO: 0.19 (TRHA), 0.02 (ChRHA)",,600.0,15.0,180.0,43.5
P009,"5, 10, 15, 20",5.0,20.0,Rice husk ash (TRHA and ChRHA),"Rice husk collected from rice mill ""Arrocera La Esmeralda"" located in Valle del Cauca, Southeastern Colombia",Thermal treatment (TRHA); Chemical-thermal attack (ChRHA),"Hydrochloric acid leaching (1 N, 24 h), water washing to neutral pH, drying",94.5,both,4.784,0.275,0.345,high,0.86,0.21,1.43,Ball milling,95.0,Ceramic balls used for ball milling,0.32,2120.0,0.23,Amorphous,"TiO2: 0.04 (TRHA), 0.02 (ChRHA); P2O5: 0.68 (TRHA), 0.11 (ChRHA); MnO: 0.19 (TRHA), 0.02 (ChRHA)",,600.0,15.0,180.0,45.0
P017,"0, 5, 10, 15, 20, 25, 30",0.0,30.0,Rice Husk Ash (RHA),Rice husk,controlled,Temperature in the range of 650°C,90.9,mechanical,0.53,0.6,0.83,,0.8,0.56,,Laboratory batch 2ball mill,,Ground in laboratory batch 2ball mill; passing through sieve No. 325 (sieve opening 45 µm),,,,"Amorphous silica, Cristobalite, Tridymite, Quartz",Na?O + K?O: 1.55,,,15.0,270.0,46.4
P017,"0, 5, 10, 15, 20, 25, 30",0.0,30.0,Rice Husk Ash (RHA),Rice husk,controlled,Temperature in the range of 650°C,90.9,mechanical,0.53,0.6,0.83,,0.8,0.56,,Laboratory batch 2ball mill,,Ground in laboratory batch 2ball mill; passing through sieve No. 325 (sieve opening 45 µm),,,,"Amorphous silica, Cristobalite, Tridymite, Quartz",Na?O + K?O: 1.55,,,15.0,360.0,47.5
P015,"0, 10, 20, 30",0.0,30.0,"Rice husk ash (RHA), ground RHA, non-ground RHA, residual rice husk ash (RHA)",Rice husk / Rice husk pellets,Incineration / burning of rice husk pellets in a boiler followed by ball mill grinding,Burning temperature: 600800,91.0,mechanical,0.35,0.41,0.35,Water requirement of non-ground RHA mortar: 117%; Water requirement of ground RHA mortar: 110%,,0.81,3.21,Ball mill grinding,,Grinding duration: 1 h (60 min),0.08,2.06,8.5,Mostly amorphous silica and partially crystalline silica (Cristobalite high-SiO2),P2O5: 0.98,Cristobalite high-SiO2,700.0,20.0,1.0,26.0
P029,"10, 20, 30",10.0,30.0,Rice husk ash (RHA),Rice husks,Burning of rice husks,Burning temperature for RHA12 was slightly lower by approximately 50°C than for RHA8,91.31,mechanical,0.5375,0.215,0.155,low,0.995,0.42,1.475,Ball mill grinding,43.126667,Grinding in a lab ball mill,390.0,,4.835,"Cristobalite, SiO2","Moisture: RHA8 0.01, RHA12 0.01 (% by mass); P2O5: RHA8 0.74, RHA12 0.51 (% by mass); Cl: RHA8 910.00, RHA12 410.00 (ppm)",Cristobalite,,20.0,2.0,18.8
P029,"10, 20, 30",10.0,30.0,Rice husk ash (RHA),Rice husks,Burning of rice husks,Burning temperature for RHA12 was slightly lower by approximately 50°C than for RHA8,91.31,mechanical,0.5375,0.215,0.155,low,0.995,0.42,1.475,Ball mill grinding,43.126667,Grinding in a lab ball mill,390.0,,4.835,"Cristobalite, SiO2","Moisture: RHA8 0.01, RHA12 0.01 (% by mass); P2O5: RHA8 0.74, RHA12 0.51 (% by mass); Cl: RHA8 910.00, RHA12 410.00 (ppm)",Cristobalite,,20.0,2.0,18.9
P002,"10, 20, 30",10.0,30.0,rice husk ash (RHA) / RHA passing #200 and #325 sieves,"rice husk, an agro-waste material / local market",Burning and grinding in a ball mill,Burning duration: 24 h; Ventilation: top and bottom; Grinding: ball mill; Sieving: over #200 and #325 sieves,80.0,both,0.314286,0.41,3.93,,3.82,0.25,1.45,Ball mill grinding,,Grinding time: 90 min; Burning temperature: 400-700°C,0.67,2.11,8.56,,,Crystalline structure,550.0,20.0,3.0,35.3
P002,"10, 20, 30",10.0,30.0,rice husk ash (RHA) / RHA passing #200 and #325 sieves,"rice husk, an agro-waste material / local market",Burning and grinding in a ball mill,Burning duration: 24 h; Ventilation: top and bottom; Grinding: ball mill; Sieving: over #200 and #325 sieves,80.0,both,0.314286,0.41,3.93,,3.82,0.25,1.45,Ball mill grinding,,Grinding time: 90 min; Burning temperature: 400-700°C,0.67,2.11,8.56,,,Crystalline structure,550.0,20.0,3.0,46.7
P015,"0, 10, 20, 30",0.0,30.0,"Rice husk ash (RHA), ground RHA, non-ground RHA, residual rice husk ash (RHA)",Rice husk / Rice husk pellets,Incineration / burning of rice husk pellets in a boiler followed by ball mill grinding,Burning temperature: 600800,91.0,mechanical,0.35,0.41,0.35,Water requirement of non-ground RHA mortar: 117%; Water requirement of ground RHA mortar: 110%,,0.81,3.21,Ball mill grinding,,Grinding duration: 1 h (60 min),0.08,2.06,8.5,Mostly amorphous silica and partially crystalline silica (Cristobalite high-SiO2),P2O5: 0.98,Cristobalite high-SiO2,700.0,20.0,3.0,38.0
P018,"0, 5, 10, 15, 20, 30",0.0,30.0,Rice Husk Ash (RHA),Rice husk from Vietnam,controlled,"Vibrating ball mill grinding time: 30 min (for 9 µm), 60 min (for 6.3 µm), 90 min (for 5.6 µm); Planetary ball mill grinding time: 3 h (for 3.6 µm).",91.32,mechanical,0.19,,,high,,,,Ball milling (vibrating ball mill / planetary ball mill),87.96,,,,3.81,Amorphous,,,,20.0,3.0,122.0
P028,"0, 5, 10, 15, 20, 25, 30",0.0,30.0,Rice Husk Ash (RHA),Rice Husk,controlled,,83.6,,,0.64,0.76,,0.84,0.4,,,,,,,14.2,,Particles retained on 45 micron IS sieves (Wet Sieving): 27.13,,,20.0,3.0,4.0
P002,"10, 20, 30",10.0,30.0,rice husk ash (RHA) / RHA passing #200 and #325 sieves,"rice husk, an agro-waste material / local market",Burning and grinding in a ball mill,Burning duration: 24 h; Ventilation: top and bottom; Grinding: ball mill; Sieving: over #200 and #325 sieves,80.0,both,0.314286,0.41,3.93,,3.82,0.25,1.45,Ball mill grinding,,Grinding time: 90 min; Burning temperature: 400-700°C,0.67,2.11,8.56,,,Crystalline structure,550.0,20.0,7.0,26.3
P002,"10, 20, 30",10.0,30.0,rice husk ash (RHA) / RHA passing #200 and #325 sieves,"rice husk, an agro-waste material / local market",Burning and grinding in a ball mill,Burning duration: 24 h; Ventilation: top and bottom; Grinding: ball mill; Sieving: over #200 and #325 sieves,80.0,both,0.314286,0.41,3.93,,3.82,0.25,1.45,Ball mill grinding,,Grinding time: 90 min; Burning temperature: 400-700°C,0.67,2.11,8.56,,,Crystalline structure,550.0,20.0,7.0,33.8
P002,"10, 20, 30",10.0,30.0,rice husk ash (RHA) / RHA passing #200 and #325 sieves,"rice husk, an agro-waste material / local market",Burning and grinding in a ball mill,Burning duration: 24 h; Ventilation: top and bottom; Grinding: ball mill; Sieving: over #200 and #325 sieves,80.0,both,0.314286,0.41,3.93,,3.82,0.25,1.45,Ball mill grinding,,Grinding time: 90 min; Burning temperature: 400-700°C,0.67,2.11,8.56,,,Crystalline structure,550.0,20.0,7.0,46.8
P002,"10, 20, 30",10.0,30.0,rice husk ash (RHA) / RHA passing #200 and #325 sieves,"rice husk, an agro-waste material / local market",Burning and grinding in a ball mill,Burning duration: 24 h; Ventilation: top and bottom; Grinding: ball mill; Sieving: over #200 and #325 sieves,80.0,both,0.314286,0.41,3.93,,3.82,0.25,1.45,Ball mill grinding,,Grinding time: 90 min; Burning temperature: 400-700°C,0.67,2.11,8.56,,,Crystalline structure,550.0,20.0,7.0,56.0
P010,"5, 10, 15, 20",5.0,20.0,Rice husk ash (RHA),Rice husk,controlled,Incineration temperature < 700 °C; Sieving through 150 µm and 33 µm; Grinding in Los Angeles mill for 30 min and 180 min,87.86,mechanical,0.4,0.93,0.68,high,1.3,0.35,2.37,Los Angeles mill grinding,95.0,Grinded using Los Angeles mill,0.12,,,,,,700.0,20.0,7.0,21.5
P015,"0, 10, 20, 30",0.0,30.0,"Rice husk ash (RHA), ground RHA, non-ground RHA, residual rice husk ash (RHA)",Rice husk / Rice husk pellets,Incineration / burning of rice husk pellets in a boiler followed by ball mill grinding,Burning temperature: 600800,91.0,mechanical,0.35,0.41,0.35,Water requirement of non-ground RHA mortar: 117%; Water requirement of ground RHA mortar: 110%,,0.81,3.21,Ball mill grinding,,Grinding duration: 1 h (60 min),0.08,2.06,8.5,Mostly amorphous silica and partially crystalline silica (Cristobalite high-SiO2),P2O5: 0.98,Cristobalite high-SiO2,700.0,20.0,7.0,47.0
P018,"0, 5, 10, 15, 20, 30",0.0,30.0,Rice Husk Ash (RHA),Rice husk from Vietnam,controlled,"Vibrating ball mill grinding time: 30 min (for 9 µm), 60 min (for 6.3 µm), 90 min (for 5.6 µm); Planetary ball mill grinding time: 3 h (for 3.6 µm).",91.32,mechanical,0.19,,,high,,,,Ball milling (vibrating ball mill / planetary ball mill),87.96,,,,3.81,Amorphous,,,,20.0,7.0,143.0
P023,"0, 10, 20, 30, 40",0.0,40.0,Rice Husk Ash (RHA),Rice husk,Furnace burning and grinding,Cooled inside furnace for about 24 hours; Grinding using a Los Angeles machine,75.0,,0.38,0.78,1.29,,3.3,0.22,1.5,,,,0.4,2.53,3.67,,Moisture contents: 2.15 %; MnO: 0.2 %; P2O5: 0.59 %; Total SiO2 + Fe2O3 + Al2O3: 77.58 %,,,20.0,7.0,14.0
P023,"0, 10, 20, 30, 40",0.0,40.0,Rice Husk Ash (RHA),Rice husk,Furnace burning and grinding,Cooled inside furnace for about 24 hours; Grinding using a Los Angeles machine,75.0,,0.38,0.78,1.29,,3.3,0.22,1.5,,,,0.4,2.53,3.67,,Moisture contents: 2.15 %; MnO: 0.2 %; P2O5: 0.59 %; Total SiO2 + Fe2O3 + Al2O3: 77.58 %,,,20.0,7.0,16.0
P025,"10, 20, 25",10.0,25.0,Rice Husk Ash (RHA),Rice Husk,controlled,Burnt for approximately 48hrs; Temperature in the range of 400-600°C; Sieved through BS standard sieve size 75µm; Grey colour,,,,,,,,,,,,,,1.536667,,,,,,20.0,7.0,11.0
P028,"0, 5, 10, 15, 20, 25, 30",0.0,30.0,Rice Husk Ash (RHA),Rice Husk,controlled,,83.6,,,0.64,0.76,,0.84,0.4,,,,,,,14.2,,Particles retained on 45 micron IS sieves (Wet Sieving): 27.13,,,20.0,7.0,9.0
P029,"10, 20, 30",10.0,30.0,Rice husk ash (RHA),Rice husks,Burning of rice husks,Burning temperature for RHA12 was slightly lower by approximately 50°C than for RHA8,91.31,mechanical,0.5375,0.215,0.155,low,0.995,0.42,1.475,Ball mill grinding,43.126667,Grinding in a lab ball mill,390.0,,4.835,"Cristobalite, SiO2","Moisture: RHA8 0.01, RHA12 0.01 (% by mass); P2O5: RHA8 0.74, RHA12 0.51 (% by mass); Cl: RHA8 910.00, RHA12 410.00 (ppm)",Cristobalite,,20.0,7.0,31.3
P029,"10, 20, 30",10.0,30.0,Rice husk ash (RHA),Rice husks,Burning of rice husks,Burning temperature for RHA12 was slightly lower by approximately 50°C than for RHA8,91.31,mechanical,0.5375,0.215,0.155,low,0.995,0.42,1.475,Ball mill grinding,43.126667,Grinding in a lab ball mill,390.0,,4.835,"Cristobalite, SiO2","Moisture: RHA8 0.01, RHA12 0.01 (% by mass); P2O5: RHA8 0.74, RHA12 0.51 (% by mass); Cl: RHA8 910.00, RHA12 410.00 (ppm)",Cristobalite,,20.0,7.0,31.8
P031,"0, 5, 10, 15, 20, 25",0.0,25.0,Rice Husk Ash (RHA),Rice Husk,"Burnt under guided or enclosed place, ground, and sieved",Sieved through 600 ?m sieve,,mechanical,,,,,,,,Grinding,,,,,,,,,,20.0,7.0,10.86
P039,"0, 5, 10, 15, 20",0.0,20.0,Rice husk ash (RHA),"KGR Agro Fusions Private Limited, Ludhiana, Punjab (India)",,,90.4,,0.5,1.6,1.7,reactive pozzolanic material,,0.7,,,90.4,,,,,amorphous silica,alkali oxides: 3.2%,,,20.0,7.0,20.8
P039,"0, 5, 10, 15, 20",0.0,20.0,Rice husk ash (RHA),"KGR Agro Fusions Private Limited, Ludhiana, Punjab (India)",,,90.4,,0.5,1.6,1.7,reactive pozzolanic material,,0.7,,,90.4,,,,,amorphous silica,alkali oxides: 3.2%,,,20.0,7.0,21.3
P043,"0, 5, 10, 15, 20, 25",0.0,25.0,Rice husk ash (RHA),Rice husk,Laboratory mill burning,Temperature of 600°C for 5 h,86.73,thermal,0.4,0.61,0.04,high,0.39,0.08,0.01,,,"Temperature: 600°C, Duration: 5 h",9.76,,0.54,,"TiO2: NULL, P2O5: NULL",,600.0,20.0,7.0,56.67
P049,"0, 5, 10, 15, 20",0.0,20.0,Rice Husk Ash (RHA),Rice husk from Sakrand region,controlled,Sieved through #30 sieves,,both,,,,,,,,Sieving through #30 sieves,,Uncontrolled temperature burning; sieved through #30 sieves,,,,,,,,20.0,7.0,21.5
P051,"0, 5, 10, 15, 20",0.0,20.0,Rice Husk Ash (RHA),Rice Husk (RH),controlled,12kgs of RH loaded per batch; 20% recovered as RHA; RH laid flat 2-3cm thick on 28 ceramic hearth plates,93.47,both,,1.08,0.92,high,0.87,3.18,,Ball milling using a Los Angeles machine,,Free air supply through 4 holes during burning; slow cooling for 6-8 hours with furnace door ajar,,,,Amorphous,Titanium oxide (TiO2): 0.04,,500.0,20.0,7.0,20.184
P065,"0, 5, 10, 15, 20, 25, 30",0.0,30.0,Rice Husk Ash (RHA),Rice husk,controlled,650,81.47,thermal,0.5,1.34,1.61,"Combined silica, alumina and ferric-oxides: 84.42",1.22,1.46,0.32,,81.47,650,0.08,2.06,4.92,,Manganese Oxide (MnO): 0.03,,650.0,20.0,7.0,11.8
P066,"0, 5, 10, 15, 20, 25",0.0,25.0,Rice husk ash,Rice husk / Paddy grains,Blazing,,87.5,,0.4,,,,,,,,87.5,,,,,,,,,20.0,7.0,16.5
P068,"0, 5, 10, 15, 20",0.0,20.0,Rice Husk Ash (RHA),Rice husk,Incineration in ferrocement furnace followed by grinding in Los Angeles machine,"Flame kept for ~1 h, smoldering for ~24 h, settling inside furnace for 24 h",75.24,,0.35,2.24,2.18,,2.42,2.28,1.72,,,,0.86,,12.99,,,,,20.0,7.0,41.48
P075,"0, 5, 10, 15, 20",0.0,20.0,Rice Husk Ash (RHA),Rice husk,controlled,"Temperature increasing gradually from 20°C/min up to 600°C/min for six hours, then allowed to cool at room temperature",92.76,thermal,0.55,1.98,0.79,,3.85,,0.22,,,Temperature increasing gradually from 20°C/min up to 600°C/min for 6 hours,0.4,2.12,,,,,600.0,20.0,7.0,21.25
P015,"0, 10, 20, 30",0.0,30.0,"Rice husk ash (RHA), ground RHA, non-ground RHA, residual rice husk ash (RHA)",Rice husk / Rice husk pellets,Incineration / burning of rice husk pellets in a boiler followed by ball mill grinding,Burning temperature: 600800,91.0,mechanical,0.35,0.41,0.35,Water requirement of non-ground RHA mortar: 117%; Water requirement of ground RHA mortar: 110%,,0.81,3.21,Ball mill grinding,,Grinding duration: 1 h (60 min),0.08,2.06,8.5,Mostly amorphous silica and partially crystalline silica (Cristobalite high-SiO2),P2O5: 0.98,Cristobalite high-SiO2,700.0,20.0,14.0,52.0
P025,"10, 20, 25",10.0,25.0,Rice Husk Ash (RHA),Rice Husk,controlled,Burnt for approximately 48hrs; Temperature in the range of 400-600°C; Sieved through BS standard sieve size 75µm; Grey colour,,,,,,,,,,,,,,1.536667,,,,,,20.0,14.0,13.0
P031,"0, 5, 10, 15, 20, 25",0.0,25.0,Rice Husk Ash (RHA),Rice Husk,"Burnt under guided or enclosed place, ground, and sieved",Sieved through 600 ?m sieve,,mechanical,,,,,,,,Grinding,,,,,,,,,,20.0,14.0,11.51
P049,"0, 5, 10, 15, 20",0.0,20.0,Rice Husk Ash (RHA),Rice husk from Sakrand region,controlled,Sieved through #30 sieves,,both,,,,,,,,Sieving through #30 sieves,,Uncontrolled temperature burning; sieved through #30 sieves,,,,,,,,20.0,14.0,23.6
P066,"0, 5, 10, 15, 20, 25",0.0,25.0,Rice husk ash,Rice husk / Paddy grains,Blazing,,87.5,,0.4,,,,,,,,87.5,,,,,,,,,20.0,14.0,23.5
P075,"0, 5, 10, 15, 20",0.0,20.0,Rice Husk Ash (RHA),Rice husk,controlled,"Temperature increasing gradually from 20°C/min up to 600°C/min for six hours, then allowed to cool at room temperature",92.76,thermal,0.55,1.98,0.79,,3.85,,0.22,,,Temperature increasing gradually from 20°C/min up to 600°C/min for 6 hours,0.4,2.12,,,,,600.0,20.0,14.0,29.85
P025,"10, 20, 25",10.0,25.0,Rice Husk Ash (RHA),Rice Husk,controlled,Burnt for approximately 48hrs; Temperature in the range of 400-600°C; Sieved through BS standard sieve size 75µm; Grey colour,,,,,,,,,,,,,,1.536667,,,,,,20.0,21.0,18.0
P002,"10, 20, 30",10.0,30.0,rice husk ash (RHA) / RHA passing #200 and #325 sieves,"rice husk, an agro-waste material / local market",Burning and grinding in a ball mill,Burning duration: 24 h; Ventilation: top and bottom; Grinding: ball mill; Sieving: over #200 and #325 sieves,80.0,both,0.314286,0.41,3.93,,3.82,0.25,1.45,Ball mill grinding,,Grinding time: 90 min; Burning temperature: 400-700°C,0.67,2.11,8.56,,,Crystalline structure,550.0,20.0,28.0,36.7
P002,"10, 20, 30",10.0,30.0,rice husk ash (RHA) / RHA passing #200 and #325 sieves,"rice husk, an agro-waste material / local market",Burning and grinding in a ball mill,Burning duration: 24 h; Ventilation: top and bottom; Grinding: ball mill; Sieving: over #200 and #325 sieves,80.0,both,0.314286,0.41,3.93,,3.82,0.25,1.45,Ball mill grinding,,Grinding time: 90 min; Burning temperature: 400-700°C,0.67,2.11,8.56,,,Crystalline structure,550.0,20.0,28.0,45.0
P002,"10, 20, 30",10.0,30.0,rice husk ash (RHA) / RHA passing #200 and #325 sieves,"rice husk, an agro-waste material / local market",Burning and grinding in a ball mill,Burning duration: 24 h; Ventilation: top and bottom; Grinding: ball mill; Sieving: over #200 and #325 sieves,80.0,both,0.314286,0.41,3.93,,3.82,0.25,1.45,Ball mill grinding,,Grinding time: 90 min; Burning temperature: 400-700°C,0.67,2.11,8.56,,,Crystalline structure,550.0,20.0,28.0,57.3
P002,"10, 20, 30",10.0,30.0,rice husk ash (RHA) / RHA passing #200 and #325 sieves,"rice husk, an agro-waste material / local market",Burning and grinding in a ball mill,Burning duration: 24 h; Ventilation: top and bottom; Grinding: ball mill; Sieving: over #200 and #325 sieves,80.0,both,0.314286,0.41,3.93,,3.82,0.25,1.45,Ball mill grinding,,Grinding time: 90 min; Burning temperature: 400-700°C,0.67,2.11,8.56,,,Crystalline structure,550.0,20.0,28.0,70.2
P009,"5, 10, 15, 20",5.0,20.0,Rice husk ash (TRHA and ChRHA),"Rice husk collected from rice mill ""Arrocera La Esmeralda"" located in Valle del Cauca, Southeastern Colombia",Thermal treatment (TRHA); Chemical-thermal attack (ChRHA),"Hydrochloric acid leaching (1 N, 24 h), water washing to neutral pH, drying",94.5,both,4.784,0.275,0.345,high,0.86,0.21,1.43,Ball milling,95.0,Ceramic balls used for ball milling,0.32,2120.0,0.23,Amorphous,"TiO2: 0.04 (TRHA), 0.02 (ChRHA); P2O5: 0.68 (TRHA), 0.11 (ChRHA); MnO: 0.19 (TRHA), 0.02 (ChRHA)",,600.0,20.0,28.0,33.8
P009,"5, 10, 15, 20",5.0,20.0,Rice husk ash (TRHA and ChRHA),"Rice husk collected from rice mill ""Arrocera La Esmeralda"" located in Valle del Cauca, Southeastern Colombia",Thermal treatment (TRHA); Chemical-thermal attack (ChRHA),"Hydrochloric acid leaching (1 N, 24 h), water washing to neutral pH, drying",94.5,both,4.784,0.275,0.345,high,0.86,0.21,1.43,Ball milling,95.0,Ceramic balls used for ball milling,0.32,2120.0,0.23,Amorphous,"TiO2: 0.04 (TRHA), 0.02 (ChRHA); P2O5: 0.68 (TRHA), 0.11 (ChRHA); MnO: 0.19 (TRHA), 0.02 (ChRHA)",,600.0,20.0,28.0,36.3
P010,"5, 10, 15, 20",5.0,20.0,Rice husk ash (RHA),Rice husk,controlled,Incineration temperature < 700 °C; Sieving through 150 µm and 33 µm; Grinding in Los Angeles mill for 30 min and 180 min,87.86,mechanical,0.4,0.93,0.68,high,1.3,0.35,2.37,Los Angeles mill grinding,95.0,Grinded using Los Angeles mill,0.12,,,,,,700.0,20.0,28.0,36.7
P015,"0, 10, 20, 30",0.0,30.0,"Rice husk ash (RHA), ground RHA, non-ground RHA, residual rice husk ash (RHA)",Rice husk / Rice husk pellets,Incineration / burning of rice husk pellets in a boiler followed by ball mill grinding,Burning temperature: 600800,91.0,mechanical,0.35,0.41,0.35,Water requirement of non-ground RHA mortar: 117%; Water requirement of ground RHA mortar: 110%,,0.81,3.21,Ball mill grinding,,Grinding duration: 1 h (60 min),0.08,2.06,8.5,Mostly amorphous silica and partially crystalline silica (Cristobalite high-SiO2),P2O5: 0.98,Cristobalite high-SiO2,700.0,20.0,28.0,60.0
P017,"0, 5, 10, 15, 20, 25, 30",0.0,30.0,Rice Husk Ash (RHA),Rice husk,controlled,Temperature in the range of 650°C,90.9,mechanical,0.53,0.6,0.83,,0.8,0.56,,Laboratory batch 2ball mill,,Ground in laboratory batch 2ball mill; passing through sieve No. 325 (sieve opening 45 µm),,,,"Amorphous silica, Cristobalite, Tridymite, Quartz",Na?O + K?O: 1.55,,,20.0,28.0,30.8
P018,"0, 5, 10, 15, 20, 30",0.0,30.0,Rice Husk Ash (RHA),Rice husk from Vietnam,controlled,"Vibrating ball mill grinding time: 30 min (for 9 µm), 60 min (for 6.3 µm), 90 min (for 5.6 µm); Planetary ball mill grinding time: 3 h (for 3.6 µm).",91.32,mechanical,0.19,,,high,,,,Ball milling (vibrating ball mill / planetary ball mill),87.96,,,,3.81,Amorphous,,,,20.0,28.0,175.0
P023,"0, 10, 20, 30, 40",0.0,40.0,Rice Husk Ash (RHA),Rice husk,Furnace burning and grinding,Cooled inside furnace for about 24 hours; Grinding using a Los Angeles machine,75.0,,0.38,0.78,1.29,,3.3,0.22,1.5,,,,0.4,2.53,3.67,,Moisture contents: 2.15 %; MnO: 0.2 %; P2O5: 0.59 %; Total SiO2 + Fe2O3 + Al2O3: 77.58 %,,,20.0,28.0,24.0
P023,"0, 10, 20, 30, 40",0.0,40.0,Rice Husk Ash (RHA),Rice husk,Furnace burning and grinding,Cooled inside furnace for about 24 hours; Grinding using a Los Angeles machine,75.0,,0.38,0.78,1.29,,3.3,0.22,1.5,,,,0.4,2.53,3.67,,Moisture contents: 2.15 %; MnO: 0.2 %; P2O5: 0.59 %; Total SiO2 + Fe2O3 + Al2O3: 77.58 %,,,20.0,28.0,29.0
P025,"10, 20, 25",10.0,25.0,Rice Husk Ash (RHA),Rice Husk,controlled,Burnt for approximately 48hrs; Temperature in the range of 400-600°C; Sieved through BS standard sieve size 75µm; Grey colour,,,,,,,,,,,,,,1.536667,,,,,,20.0,28.0,20.0
P028,"0, 5, 10, 15, 20, 25, 30",0.0,30.0,Rice Husk Ash (RHA),Rice Husk,controlled,,83.6,,,0.64,0.76,,0.84,0.4,,,,,,,14.2,,Particles retained on 45 micron IS sieves (Wet Sieving): 27.13,,,20.0,28.0,17.0
P029,"10, 20, 30",10.0,30.0,Rice husk ash (RHA),Rice husks,Burning of rice husks,Burning temperature for RHA12 was slightly lower by approximately 50°C than for RHA8,91.31,mechanical,0.5375,0.215,0.155,low,0.995,0.42,1.475,Ball mill grinding,43.126667,Grinding in a lab ball mill,390.0,,4.835,"Cristobalite, SiO2","Moisture: RHA8 0.01, RHA12 0.01 (% by mass); P2O5: RHA8 0.74, RHA12 0.51 (% by mass); Cl: RHA8 910.00, RHA12 410.00 (ppm)",Cristobalite,,20.0,28.0,40.8
P029,"10, 20, 30",10.0,30.0,Rice husk ash (RHA),Rice husks,Burning of rice husks,Burning temperature for RHA12 was slightly lower by approximately 50°C than for RHA8,91.31,mechanical,0.5375,0.215,0.155,low,0.995,0.42,1.475,Ball mill grinding,43.126667,Grinding in a lab ball mill,390.0,,4.835,"Cristobalite, SiO2","Moisture: RHA8 0.01, RHA12 0.01 (% by mass); P2O5: RHA8 0.74, RHA12 0.51 (% by mass); Cl: RHA8 910.00, RHA12 410.00 (ppm)",Cristobalite,,20.0,28.0,44.7
P031,"0, 5, 10, 15, 20, 25",0.0,25.0,Rice Husk Ash (RHA),Rice Husk,"Burnt under guided or enclosed place, ground, and sieved",Sieved through 600 ?m sieve,,mechanical,,,,,,,,Grinding,,,,,,,,,,20.0,28.0,18.59
P039,"0, 5, 10, 15, 20",0.0,20.0,Rice husk ash (RHA),"KGR Agro Fusions Private Limited, Ludhiana, Punjab (India)",,,90.4,,0.5,1.6,1.7,reactive pozzolanic material,,0.7,,,90.4,,,,,amorphous silica,alkali oxides: 3.2%,,,20.0,28.0,33.1
P039,"0, 5, 10, 15, 20",0.0,20.0,Rice husk ash (RHA),"KGR Agro Fusions Private Limited, Ludhiana, Punjab (India)",,,90.4,,0.5,1.6,1.7,reactive pozzolanic material,,0.7,,,90.4,,,,,amorphous silica,alkali oxides: 3.2%,,,20.0,28.0,36.3
P048,"5, 7.5, 10, 14.3, 15, 20, 25, 30, 40, 50",5.0,50.0,"Rice Husk Ash (RHA), white rice husk ash, off-white rice husk ash, black rice husk ash",Rice husk / Rice paddy,controlled,Temperature: 500700°C; Heating rate: 10°C/min up to 700°C/min; Duration: ~6 h (or 3 h for muffle furnace); HCl treatment: 1 N for 24 h,90.275,both,0.408571,0.35,0.48,,0.95,0.4,2.355,Grinding,82.5,"Chemical activators: 1% K2SO4, 1% Na2SiO3 (by weight of cement)",0.37,2.11,5.2,"Cristobalite, Tridymite, Quartz",MnO: 0 - 0.2,,600.0,20.0,28.0,75.2
P049,"0, 5, 10, 15, 20",0.0,20.0,Rice Husk Ash (RHA),Rice husk from Sakrand region,controlled,Sieved through #30 sieves,,both,,,,,,,,Sieving through #30 sieves,,Uncontrolled temperature burning; sieved through #30 sieves,,,,,,,,20.0,28.0,25.9
P051,"0, 5, 10, 15, 20",0.0,20.0,Rice Husk Ash (RHA),Rice Husk (RH),controlled,12kgs of RH loaded per batch; 20% recovered as RHA; RH laid flat 2-3cm thick on 28 ceramic hearth plates,93.47,both,,1.08,0.92,high,0.87,3.18,,Ball milling using a Los Angeles machine,,Free air supply through 4 holes during burning; slow cooling for 6-8 hours with furnace door ajar,,,,Amorphous,Titanium oxide (TiO2): 0.04,,500.0,20.0,28.0,13.128
P058,"10, 20, 40",10.0,40.0,Rice Husk Ash (RHA) / Rice husk ash,Rice husks,controlled,U1: Burnt with timber; U2: Burnt with charcoal; C450/C650: Burnt in muffle oven,93.95,mechanical,0.5,0.4975,0.5025,high,1.085,0.4575,1.7625,Grinding in a ball mill,99.3,"Frequency: 15 Hz, 20 Hz, 25 Hz; Grinding time: 10 s, 20 s, 40 s",0.4425,2.2775,,"U1: Amorphous, Crystalline Quartz, Crystalline Sylvite, Crystalline Hydrophilite; U2: Amorphous, Crystalline Quartz, Crystalline Hydrophilite, Crystalline Hematite; C450: Amorphous, Crystalline Quartz, Crystalline Calcite; C650: Amorphous, Crystalline Quartz",Total Carbon (TC): U1: 0.88; U2: 0.56; C450: 0.66; C650: 0.59,"Quartz, Sylvite, Hydrophilite, Hematite, Calcite",600.0,20.0,28.0,52.5
P058,"10, 20, 40",10.0,40.0,Rice Husk Ash (RHA) / Rice husk ash,Rice husks,controlled,U1: Burnt with timber; U2: Burnt with charcoal; C450/C650: Burnt in muffle oven,93.95,mechanical,0.5,0.4975,0.5025,high,1.085,0.4575,1.7625,Grinding in a ball mill,99.3,"Frequency: 15 Hz, 20 Hz, 25 Hz; Grinding time: 10 s, 20 s, 40 s",0.4425,2.2775,,"U1: Amorphous, Crystalline Quartz, Crystalline Sylvite, Crystalline Hydrophilite; U2: Amorphous, Crystalline Quartz, Crystalline Hydrophilite, Crystalline Hematite; C450: Amorphous, Crystalline Quartz, Crystalline Calcite; C650: Amorphous, Crystalline Quartz",Total Carbon (TC): U1: 0.88; U2: 0.56; C450: 0.66; C650: 0.59,"Quartz, Sylvite, Hydrophilite, Hematite, Calcite",600.0,20.0,28.0,56.0
P058,"10, 20, 40",10.0,40.0,Rice Husk Ash (RHA) / Rice husk ash,Rice husks,controlled,U1: Burnt with timber; U2: Burnt with charcoal; C450/C650: Burnt in muffle oven,93.95,mechanical,0.5,0.4975,0.5025,high,1.085,0.4575,1.7625,Grinding in a ball mill,99.3,"Frequency: 15 Hz, 20 Hz, 25 Hz; Grinding time: 10 s, 20 s, 40 s",0.4425,2.2775,,"U1: Amorphous, Crystalline Quartz, Crystalline Sylvite, Crystalline Hydrophilite; U2: Amorphous, Crystalline Quartz, Crystalline Hydrophilite, Crystalline Hematite; C450: Amorphous, Crystalline Quartz, Crystalline Calcite; C650: Amorphous, Crystalline Quartz",Total Carbon (TC): U1: 0.88; U2: 0.56; C450: 0.66; C650: 0.59,"Quartz, Sylvite, Hydrophilite, Hematite, Calcite",600.0,20.0,28.0,59.0
P058,"10, 20, 40",10.0,40.0,Rice Husk Ash (RHA) / Rice husk ash,Rice husks,controlled,U1: Burnt with timber; U2: Burnt with charcoal; C450/C650: Burnt in muffle oven,93.95,mechanical,0.5,0.4975,0.5025,high,1.085,0.4575,1.7625,Grinding in a ball mill,99.3,"Frequency: 15 Hz, 20 Hz, 25 Hz; Grinding time: 10 s, 20 s, 40 s",0.4425,2.2775,,"U1: Amorphous, Crystalline Quartz, Crystalline Sylvite, Crystalline Hydrophilite; U2: Amorphous, Crystalline Quartz, Crystalline Hydrophilite, Crystalline Hematite; C450: Amorphous, Crystalline Quartz, Crystalline Calcite; C650: Amorphous, Crystalline Quartz",Total Carbon (TC): U1: 0.88; U2: 0.56; C450: 0.66; C650: 0.59,"Quartz, Sylvite, Hydrophilite, Hematite, Calcite",600.0,20.0,28.0,59.5
P066,"0, 5, 10, 15, 20, 25",0.0,25.0,Rice husk ash,Rice husk / Paddy grains,Blazing,,87.5,,0.4,,,,,,,,87.5,,,,,,,,,20.0,28.0,26.1
P068,"0, 5, 10, 15, 20",0.0,20.0,Rice Husk Ash (RHA),Rice husk,Incineration in ferrocement furnace followed by grinding in Los Angeles machine,"Flame kept for ~1 h, smoldering for ~24 h, settling inside furnace for 24 h",75.24,,0.35,2.24,2.18,,2.42,2.28,1.72,,,,0.86,,12.99,,,,,20.0,28.0,61.5
P073,"0, 5, 7, 10, 15, 20, 25, 30, 40, 50, 60",0.0,60.0,Rice Husk Ash (RHA),Rice husk,controlled,Combustion temperature 500 °C to 700 °C; Minimum grinding duration 1030 min,86.77625,both,,0.87625,1.045,high,1.07875,0.627143,2.438571,Mechanical grinding (automatic grinder / vibrating mill),88.333333,Thermal treatment: 500700 °C; Grinding: 1030 min (or up to 120 min in vibrating mill),0.374286,2.154,12.0,"Cristobalite, amorphous silica (SiO2)",,Amorphous silica and minor cristobalite,600.0,20.0,28.0,37.71
P073,"0, 5, 7, 10, 15, 20, 25, 30, 40, 50, 60",0.0,60.0,Rice Husk Ash (RHA),Rice husk,controlled,Combustion temperature 500 °C to 700 °C; Minimum grinding duration 1030 min,86.77625,both,,0.87625,1.045,high,1.07875,0.627143,2.438571,Mechanical grinding (automatic grinder / vibrating mill),88.333333,Thermal treatment: 500700 °C; Grinding: 1030 min (or up to 120 min in vibrating mill),0.374286,2.154,12.0,"Cristobalite, amorphous silica (SiO2)",,Amorphous silica and minor cristobalite,600.0,20.0,28.0,60.2
P075,"0, 5, 10, 15, 20",0.0,20.0,Rice Husk Ash (RHA),Rice husk,controlled,"Temperature increasing gradually from 20°C/min up to 600°C/min for six hours, then allowed to cool at room temperature",92.76,thermal,0.55,1.98,0.79,,3.85,,0.22,,,Temperature increasing gradually from 20°C/min up to 600°C/min for 6 hours,0.4,2.12,,,,,600.0,20.0,28.0,34.9
P079,"0, 10, 15, 20",0.0,20.0,Rice husk ash (RHA),Rice husk (RH),controlled,Incineration temperature: 650700 °C for ~2 hours; Secondary heat treatment: 200 °C in oven; Sieve size: #100,90.8,both,0.433333,0.6,0.11,high,0.07,1.7,,Sieving,33.4,Thermal: 650700 °C (2 h) and 200 °C; Mechanical: sieving through sieve #100,0.76,2.02,,"Quartz, graphite, coquimbite",,"Amorphous SiO2, Quartz, Graphite, Coquimbite",516.666667,20.0,28.0,28.2
P079,"0, 10, 15, 20",0.0,20.0,Rice husk ash (RHA),Rice husk (RH),controlled,Incineration temperature: 650700 °C for ~2 hours; Secondary heat treatment: 200 °C in oven; Sieve size: #100,90.8,both,0.433333,0.6,0.11,high,0.07,1.7,,Sieving,33.4,Thermal: 650700 °C (2 h) and 200 °C; Mechanical: sieving through sieve #100,0.76,2.02,,"Quartz, graphite, coquimbite",,"Amorphous SiO2, Quartz, Graphite, Coquimbite",516.666667,20.0,28.0,33.4
P079,"0, 10, 15, 20",0.0,20.0,Rice husk ash (RHA),Rice husk (RH),controlled,Incineration temperature: 650700 °C for ~2 hours; Secondary heat treatment: 200 °C in oven; Sieve size: #100,90.8,both,0.433333,0.6,0.11,high,0.07,1.7,,Sieving,33.4,Thermal: 650700 °C (2 h) and 200 °C; Mechanical: sieving through sieve #100,0.76,2.02,,"Quartz, graphite, coquimbite",,"Amorphous SiO2, Quartz, Graphite, Coquimbite",516.666667,20.0,28.0,41.8
P009,"5, 10, 15, 20",5.0,20.0,Rice husk ash (TRHA and ChRHA),"Rice husk collected from rice mill ""Arrocera La Esmeralda"" located in Valle del Cauca, Southeastern Colombia",Thermal treatment (TRHA); Chemical-thermal attack (ChRHA),"Hydrochloric acid leaching (1 N, 24 h), water washing to neutral pH, drying",94.5,both,4.784,0.275,0.345,high,0.86,0.21,1.43,Ball milling,95.0,Ceramic balls used for ball milling,0.32,2120.0,0.23,Amorphous,"TiO2: 0.04 (TRHA), 0.02 (ChRHA); P2O5: 0.68 (TRHA), 0.11 (ChRHA); MnO: 0.19 (TRHA), 0.02 (ChRHA)",,600.0,20.0,56.0,37.4
P009,"5, 10, 15, 20",5.0,20.0,Rice husk ash (TRHA and ChRHA),"Rice husk collected from rice mill ""Arrocera La Esmeralda"" located in Valle del Cauca, Southeastern Colombia",Thermal treatment (TRHA); Chemical-thermal attack (ChRHA),"Hydrochloric acid leaching (1 N, 24 h), water washing to neutral pH, drying",94.5,both,4.784,0.275,0.345,high,0.86,0.21,1.43,Ball milling,95.0,Ceramic balls used for ball milling,0.32,2120.0,0.23,Amorphous,"TiO2: 0.04 (TRHA), 0.02 (ChRHA); P2O5: 0.68 (TRHA), 0.11 (ChRHA); MnO: 0.19 (TRHA), 0.02 (ChRHA)",,600.0,20.0,56.0,40.3
P015,"0, 10, 20, 30",0.0,30.0,"Rice husk ash (RHA), ground RHA, non-ground RHA, residual rice husk ash (RHA)",Rice husk / Rice husk pellets,Incineration / burning of rice husk pellets in a boiler followed by ball mill grinding,Burning temperature: 600800,91.0,mechanical,0.35,0.41,0.35,Water requirement of non-ground RHA mortar: 117%; Water requirement of ground RHA mortar: 110%,,0.81,3.21,Ball mill grinding,,Grinding duration: 1 h (60 min),0.08,2.06,8.5,Mostly amorphous silica and partially crystalline silica (Cristobalite high-SiO2),P2O5: 0.98,Cristobalite high-SiO2,700.0,20.0,56.0,61.0
P023,"0, 10, 20, 30, 40",0.0,40.0,Rice Husk Ash (RHA),Rice husk,Furnace burning and grinding,Cooled inside furnace for about 24 hours; Grinding using a Los Angeles machine,75.0,,0.38,0.78,1.29,,3.3,0.22,1.5,,,,0.4,2.53,3.67,,Moisture contents: 2.15 %; MnO: 0.2 %; P2O5: 0.59 %; Total SiO2 + Fe2O3 + Al2O3: 77.58 %,,,20.0,56.0,30.0
P023,"0, 10, 20, 30, 40",0.0,40.0,Rice Husk Ash (RHA),Rice husk,Furnace burning and grinding,Cooled inside furnace for about 24 hours; Grinding using a Los Angeles machine,75.0,,0.38,0.78,1.29,,3.3,0.22,1.5,,,,0.4,2.53,3.67,,Moisture contents: 2.15 %; MnO: 0.2 %; P2O5: 0.59 %; Total SiO2 + Fe2O3 + Al2O3: 77.58 %,,,20.0,56.0,34.5
P023,"0, 10, 20, 30, 40",0.0,40.0,Rice Husk Ash (RHA),Rice husk,Furnace burning and grinding,Cooled inside furnace for about 24 hours; Grinding using a Los Angeles machine,75.0,,0.38,0.78,1.29,,3.3,0.22,1.5,,,,0.4,2.53,3.67,,Moisture contents: 2.15 %; MnO: 0.2 %; P2O5: 0.59 %; Total SiO2 + Fe2O3 + Al2O3: 77.58 %,,,20.0,56.0,35.0
P039,"0, 5, 10, 15, 20",0.0,20.0,Rice husk ash (RHA),"KGR Agro Fusions Private Limited, Ludhiana, Punjab (India)",,,90.4,,0.5,1.6,1.7,reactive pozzolanic material,,0.7,,,90.4,,,,,amorphous silica,alkali oxides: 3.2%,,,20.0,56.0,38.0
P039,"0, 5, 10, 15, 20",0.0,20.0,Rice husk ash (RHA),"KGR Agro Fusions Private Limited, Ludhiana, Punjab (India)",,,90.4,,0.5,1.6,1.7,reactive pozzolanic material,,0.7,,,90.4,,,,,amorphous silica,alkali oxides: 3.2%,,,20.0,56.0,42.2
P058,"10, 20, 40",10.0,40.0,Rice Husk Ash (RHA) / Rice husk ash,Rice husks,controlled,U1: Burnt with timber; U2: Burnt with charcoal; C450/C650: Burnt in muffle oven,93.95,mechanical,0.5,0.4975,0.5025,high,1.085,0.4575,1.7625,Grinding in a ball mill,99.3,"Frequency: 15 Hz, 20 Hz, 25 Hz; Grinding time: 10 s, 20 s, 40 s",0.4425,2.2775,,"U1: Amorphous, Crystalline Quartz, Crystalline Sylvite, Crystalline Hydrophilite; U2: Amorphous, Crystalline Quartz, Crystalline Hydrophilite, Crystalline Hematite; C450: Amorphous, Crystalline Quartz, Crystalline Calcite; C650: Amorphous, Crystalline Quartz",Total Carbon (TC): U1: 0.88; U2: 0.56; C450: 0.66; C650: 0.59,"Quartz, Sylvite, Hydrophilite, Hematite, Calcite",600.0,20.0,56.0,53.5
P058,"10, 20, 40",10.0,40.0,Rice Husk Ash (RHA) / Rice husk ash,Rice husks,controlled,U1: Burnt with timber; U2: Burnt with charcoal; C450/C650: Burnt in muffle oven,93.95,mechanical,0.5,0.4975,0.5025,high,1.085,0.4575,1.7625,Grinding in a ball mill,99.3,"Frequency: 15 Hz, 20 Hz, 25 Hz; Grinding time: 10 s, 20 s, 40 s",0.4425,2.2775,,"U1: Amorphous, Crystalline Quartz, Crystalline Sylvite, Crystalline Hydrophilite; U2: Amorphous, Crystalline Quartz, Crystalline Hydrophilite, Crystalline Hematite; C450: Amorphous, Crystalline Quartz, Crystalline Calcite; C650: Amorphous, Crystalline Quartz",Total Carbon (TC): U1: 0.88; U2: 0.56; C450: 0.66; C650: 0.59,"Quartz, Sylvite, Hydrophilite, Hematite, Calcite",600.0,20.0,56.0,56.5
P058,"10, 20, 40",10.0,40.0,Rice Husk Ash (RHA) / Rice husk ash,Rice husks,controlled,U1: Burnt with timber; U2: Burnt with charcoal; C450/C650: Burnt in muffle oven,93.95,mechanical,0.5,0.4975,0.5025,high,1.085,0.4575,1.7625,Grinding in a ball mill,99.3,"Frequency: 15 Hz, 20 Hz, 25 Hz; Grinding time: 10 s, 20 s, 40 s",0.4425,2.2775,,"U1: Amorphous, Crystalline Quartz, Crystalline Sylvite, Crystalline Hydrophilite; U2: Amorphous, Crystalline Quartz, Crystalline Hydrophilite, Crystalline Hematite; C450: Amorphous, Crystalline Quartz, Crystalline Calcite; C650: Amorphous, Crystalline Quartz",Total Carbon (TC): U1: 0.88; U2: 0.56; C450: 0.66; C650: 0.59,"Quartz, Sylvite, Hydrophilite, Hematite, Calcite",600.0,20.0,56.0,60.5
P068,"0, 5, 10, 15, 20",0.0,20.0,Rice Husk Ash (RHA),Rice husk,Incineration in ferrocement furnace followed by grinding in Los Angeles machine,"Flame kept for ~1 h, smoldering for ~24 h, settling inside furnace for 24 h",75.24,,0.35,2.24,2.18,,2.42,2.28,1.72,,,,0.86,,12.99,,,,,20.0,56.0,63.77
P079,"0, 10, 15, 20",0.0,20.0,Rice husk ash (RHA),Rice husk (RH),controlled,Incineration temperature: 650700 °C for ~2 hours; Secondary heat treatment: 200 °C in oven; Sieve size: #100,90.8,both,0.433333,0.6,0.11,high,0.07,1.7,,Sieving,33.4,Thermal: 650700 °C (2 h) and 200 °C; Mechanical: sieving through sieve #100,0.76,2.02,,"Quartz, graphite, coquimbite",,"Amorphous SiO2, Quartz, Graphite, Coquimbite",516.666667,20.0,56.0,35.1
P079,"0, 10, 15, 20",0.0,20.0,Rice husk ash (RHA),Rice husk (RH),controlled,Incineration temperature: 650700 °C for ~2 hours; Secondary heat treatment: 200 °C in oven; Sieve size: #100,90.8,both,0.433333,0.6,0.11,high,0.07,1.7,,Sieving,33.4,Thermal: 650700 °C (2 h) and 200 °C; Mechanical: sieving through sieve #100,0.76,2.02,,"Quartz, graphite, coquimbite",,"Amorphous SiO2, Quartz, Graphite, Coquimbite",516.666667,20.0,56.0,36.3
P079,"0, 10, 15, 20",0.0,20.0,Rice husk ash (RHA),Rice husk (RH),controlled,Incineration temperature: 650700 °C for ~2 hours; Secondary heat treatment: 200 °C in oven; Sieve size: #100,90.8,both,0.433333,0.6,0.11,high,0.07,1.7,,Sieving,33.4,Thermal: 650700 °C (2 h) and 200 °C; Mechanical: sieving through sieve #100,0.76,2.02,,"Quartz, graphite, coquimbite",,"Amorphous SiO2, Quartz, Graphite, Coquimbite",516.666667,20.0,56.0,48.2
P009,"5, 10, 15, 20",5.0,20.0,Rice husk ash (TRHA and ChRHA),"Rice husk collected from rice mill ""Arrocera La Esmeralda"" located in Valle del Cauca, Southeastern Colombia",Thermal treatment (TRHA); Chemical-thermal attack (ChRHA),"Hydrochloric acid leaching (1 N, 24 h), water washing to neutral pH, drying",94.5,both,4.784,0.275,0.345,high,0.86,0.21,1.43,Ball milling,95.0,Ceramic balls used for ball milling,0.32,2120.0,0.23,Amorphous,"TiO2: 0.04 (TRHA), 0.02 (ChRHA); P2O5: 0.68 (TRHA), 0.11 (ChRHA); MnO: 0.19 (TRHA), 0.02 (ChRHA)",,600.0,20.0,90.0,40.0
P009,"5, 10, 15, 20",5.0,20.0,Rice husk ash (TRHA and ChRHA),"Rice husk collected from rice mill ""Arrocera La Esmeralda"" located in Valle del Cauca, Southeastern Colombia",Thermal treatment (TRHA); Chemical-thermal attack (ChRHA),"Hydrochloric acid leaching (1 N, 24 h), water washing to neutral pH, drying",94.5,both,4.784,0.275,0.345,high,0.86,0.21,1.43,Ball milling,95.0,Ceramic balls used for ball milling,0.32,2120.0,0.23,Amorphous,"TiO2: 0.04 (TRHA), 0.02 (ChRHA); P2O5: 0.68 (TRHA), 0.11 (ChRHA); MnO: 0.19 (TRHA), 0.02 (ChRHA)",,600.0,20.0,90.0,42.3
P010,"5, 10, 15, 20",5.0,20.0,Rice husk ash (RHA),Rice husk,controlled,Incineration temperature < 700 °C; Sieving through 150 µm and 33 µm; Grinding in Los Angeles mill for 30 min and 180 min,87.86,mechanical,0.4,0.93,0.68,high,1.3,0.35,2.37,Los Angeles mill grinding,95.0,Grinded using Los Angeles mill,0.12,,,,,,700.0,20.0,90.0,41.3
P017,"0, 5, 10, 15, 20, 25, 30",0.0,30.0,Rice Husk Ash (RHA),Rice husk,controlled,Temperature in the range of 650°C,90.9,mechanical,0.53,0.6,0.83,,0.8,0.56,,Laboratory batch 2ball mill,,Ground in laboratory batch 2ball mill; passing through sieve No. 325 (sieve opening 45 µm),,,,"Amorphous silica, Cristobalite, Tridymite, Quartz",Na?O + K?O: 1.55,,,20.0,90.0,41.7
P023,"0, 10, 20, 30, 40",0.0,40.0,Rice Husk Ash (RHA),Rice husk,Furnace burning and grinding,Cooled inside furnace for about 24 hours; Grinding using a Los Angeles machine,75.0,,0.38,0.78,1.29,,3.3,0.22,1.5,,,,0.4,2.53,3.67,,Moisture contents: 2.15 %; MnO: 0.2 %; P2O5: 0.59 %; Total SiO2 + Fe2O3 + Al2O3: 77.58 %,,,20.0,90.0,33.0
P023,"0, 10, 20, 30, 40",0.0,40.0,Rice Husk Ash (RHA),Rice husk,Furnace burning and grinding,Cooled inside furnace for about 24 hours; Grinding using a Los Angeles machine,75.0,,0.38,0.78,1.29,,3.3,0.22,1.5,,,,0.4,2.53,3.67,,Moisture contents: 2.15 %; MnO: 0.2 %; P2O5: 0.59 %; Total SiO2 + Fe2O3 + Al2O3: 77.58 %,,,20.0,90.0,38.0
P029,"10, 20, 30",10.0,30.0,Rice husk ash (RHA),Rice husks,Burning of rice husks,Burning temperature for RHA12 was slightly lower by approximately 50°C than for RHA8,91.31,mechanical,0.5375,0.215,0.155,low,0.995,0.42,1.475,Ball mill grinding,43.126667,Grinding in a lab ball mill,390.0,,4.835,"Cristobalite, SiO2","Moisture: RHA8 0.01, RHA12 0.01 (% by mass); P2O5: RHA8 0.74, RHA12 0.51 (% by mass); Cl: RHA8 910.00, RHA12 410.00 (ppm)",Cristobalite,,20.0,90.0,55.7
P029,"10, 20, 30",10.0,30.0,Rice husk ash (RHA),Rice husks,Burning of rice husks,Burning temperature for RHA12 was slightly lower by approximately 50°C than for RHA8,91.31,mechanical,0.5375,0.215,0.155,low,0.995,0.42,1.475,Ball mill grinding,43.126667,Grinding in a lab ball mill,390.0,,4.835,"Cristobalite, SiO2","Moisture: RHA8 0.01, RHA12 0.01 (% by mass); P2O5: RHA8 0.74, RHA12 0.51 (% by mass); Cl: RHA8 910.00, RHA12 410.00 (ppm)",Cristobalite,,20.0,90.0,57.2
P079,"0, 10, 15, 20",0.0,20.0,Rice husk ash (RHA),Rice husk (RH),controlled,Incineration temperature: 650700 °C for ~2 hours; Secondary heat treatment: 200 °C in oven; Sieve size: #100,90.8,both,0.433333,0.6,0.11,high,0.07,1.7,,Sieving,33.4,Thermal: 650700 °C (2 h) and 200 °C; Mechanical: sieving through sieve #100,0.76,2.02,,"Quartz, graphite, coquimbite",,"Amorphous SiO2, Quartz, Graphite, Coquimbite",516.666667,20.0,90.0,40.0
P079,"0, 10, 15, 20",0.0,20.0,Rice husk ash (RHA),Rice husk (RH),controlled,Incineration temperature: 650700 °C for ~2 hours; Secondary heat treatment: 200 °C in oven; Sieve size: #100,90.8,both,0.433333,0.6,0.11,high,0.07,1.7,,Sieving,33.4,Thermal: 650700 °C (2 h) and 200 °C; Mechanical: sieving through sieve #100,0.76,2.02,,"Quartz, graphite, coquimbite",,"Amorphous SiO2, Quartz, Graphite, Coquimbite",516.666667,20.0,90.0,48.7
P079,"0, 10, 15, 20",0.0,20.0,Rice husk ash (RHA),Rice husk (RH),controlled,Incineration temperature: 650700 °C for ~2 hours; Secondary heat treatment: 200 °C in oven; Sieve size: #100,90.8,both,0.433333,0.6,0.11,high,0.07,1.7,,Sieving,33.4,Thermal: 650700 °C (2 h) and 200 °C; Mechanical: sieving through sieve #100,0.76,2.02,,"Quartz, graphite, coquimbite",,"Amorphous SiO2, Quartz, Graphite, Coquimbite",516.666667,20.0,90.0,56.8
P015,"0, 10, 20, 30",0.0,30.0,"Rice husk ash (RHA), ground RHA, non-ground RHA, residual rice husk ash (RHA)",Rice husk / Rice husk pellets,Incineration / burning of rice husk pellets in a boiler followed by ball mill grinding,Burning temperature: 600800,91.0,mechanical,0.35,0.41,0.35,Water requirement of non-ground RHA mortar: 117%; Water requirement of ground RHA mortar: 110%,,0.81,3.21,Ball mill grinding,,Grinding duration: 1 h (60 min),0.08,2.06,8.5,Mostly amorphous silica and partially crystalline silica (Cristobalite high-SiO2),P2O5: 0.98,Cristobalite high-SiO2,700.0,20.0,91.0,69.0
P018,"0, 5, 10, 15, 20, 30",0.0,30.0,Rice Husk Ash (RHA),Rice husk from Vietnam,controlled,"Vibrating ball mill grinding time: 30 min (for 9 µm), 60 min (for 6.3 µm), 90 min (for 5.6 µm); Planetary ball mill grinding time: 3 h (for 3.6 µm).",91.32,mechanical,0.19,,,high,,,,Ball milling (vibrating ball mill / planetary ball mill),87.96,,,,3.81,Amorphous,,,,20.0,91.0,186.0
P079,"0, 10, 15, 20",0.0,20.0,Rice husk ash (RHA),Rice husk (RH),controlled,Incineration temperature: 650700 °C for ~2 hours; Secondary heat treatment: 200 °C in oven; Sieve size: #100,90.8,both,0.433333,0.6,0.11,high,0.07,1.7,,Sieving,33.4,Thermal: 650700 °C (2 h) and 200 °C; Mechanical: sieving through sieve #100,0.76,2.02,,"Quartz, graphite, coquimbite",,"Amorphous SiO2, Quartz, Graphite, Coquimbite",516.666667,20.0,120.0,45.5
P079,"0, 10, 15, 20",0.0,20.0,Rice husk ash (RHA),Rice husk (RH),controlled,Incineration temperature: 650700 °C for ~2 hours; Secondary heat treatment: 200 °C in oven; Sieve size: #100,90.8,both,0.433333,0.6,0.11,high,0.07,1.7,,Sieving,33.4,Thermal: 650700 °C (2 h) and 200 °C; Mechanical: sieving through sieve #100,0.76,2.02,,"Quartz, graphite, coquimbite",,"Amorphous SiO2, Quartz, Graphite, Coquimbite",516.666667,20.0,120.0,51.8
P079,"0, 10, 15, 20",0.0,20.0,Rice husk ash (RHA),Rice husk (RH),controlled,Incineration temperature: 650700 °C for ~2 hours; Secondary heat treatment: 200 °C in oven; Sieve size: #100,90.8,both,0.433333,0.6,0.11,high,0.07,1.7,,Sieving,33.4,Thermal: 650700 °C (2 h) and 200 °C; Mechanical: sieving through sieve #100,0.76,2.02,,"Quartz, graphite, coquimbite",,"Amorphous SiO2, Quartz, Graphite, Coquimbite",516.666667,20.0,120.0,63.5
P002,"10, 20, 30",10.0,30.0,rice husk ash (RHA) / RHA passing #200 and #325 sieves,"rice husk, an agro-waste material / local market",Burning and grinding in a ball mill,Burning duration: 24 h; Ventilation: top and bottom; Grinding: ball mill; Sieving: over #200 and #325 sieves,80.0,both,0.314286,0.41,3.93,,3.82,0.25,1.45,Ball mill grinding,,Grinding time: 90 min; Burning temperature: 400-700°C,0.67,2.11,8.56,,,Crystalline structure,550.0,20.0,150.0,57.4
P002,"10, 20, 30",10.0,30.0,rice husk ash (RHA) / RHA passing #200 and #325 sieves,"rice husk, an agro-waste material / local market",Burning and grinding in a ball mill,Burning duration: 24 h; Ventilation: top and bottom; Grinding: ball mill; Sieving: over #200 and #325 sieves,80.0,both,0.314286,0.41,3.93,,3.82,0.25,1.45,Ball mill grinding,,Grinding time: 90 min; Burning temperature: 400-700°C,0.67,2.11,8.56,,,Crystalline structure,550.0,20.0,150.0,70.3
P009,"5, 10, 15, 20",5.0,20.0,Rice husk ash (TRHA and ChRHA),"Rice husk collected from rice mill ""Arrocera La Esmeralda"" located in Valle del Cauca, Southeastern Colombia",Thermal treatment (TRHA); Chemical-thermal attack (ChRHA),"Hydrochloric acid leaching (1 N, 24 h), water washing to neutral pH, drying",94.5,both,4.784,0.275,0.345,high,0.86,0.21,1.43,Ball milling,95.0,Ceramic balls used for ball milling,0.32,2120.0,0.23,Amorphous,"TiO2: 0.04 (TRHA), 0.02 (ChRHA); P2O5: 0.68 (TRHA), 0.11 (ChRHA); MnO: 0.19 (TRHA), 0.02 (ChRHA)",,600.0,20.0,180.0,42.7
P009,"5, 10, 15, 20",5.0,20.0,Rice husk ash (TRHA and ChRHA),"Rice husk collected from rice mill ""Arrocera La Esmeralda"" located in Valle del Cauca, Southeastern Colombia",Thermal treatment (TRHA); Chemical-thermal attack (ChRHA),"Hydrochloric acid leaching (1 N, 24 h), water washing to neutral pH, drying",94.5,both,4.784,0.275,0.345,high,0.86,0.21,1.43,Ball milling,95.0,Ceramic balls used for ball milling,0.32,2120.0,0.23,Amorphous,"TiO2: 0.04 (TRHA), 0.02 (ChRHA); P2O5: 0.68 (TRHA), 0.11 (ChRHA); MnO: 0.19 (TRHA), 0.02 (ChRHA)",,600.0,20.0,180.0,45.0
P017,"0, 5, 10, 15, 20, 25, 30",0.0,30.0,Rice Husk Ash (RHA),Rice husk,controlled,Temperature in the range of 650°C,90.9,mechanical,0.53,0.6,0.83,,0.8,0.56,,Laboratory batch 2ball mill,,Ground in laboratory batch 2ball mill; passing through sieve No. 325 (sieve opening 45 µm),,,,"Amorphous silica, Cristobalite, Tridymite, Quartz",Na?O + K?O: 1.55,,,20.0,270.0,46.7
P017,"0, 5, 10, 15, 20, 25, 30",0.0,30.0,Rice Husk Ash (RHA),Rice husk,controlled,Temperature in the range of 650°C,90.9,mechanical,0.53,0.6,0.83,,0.8,0.56,,Laboratory batch 2ball mill,,Ground in laboratory batch 2ball mill; passing through sieve No. 325 (sieve opening 45 µm),,,,"Amorphous silica, Cristobalite, Tridymite, Quartz",Na?O + K?O: 1.55,,,20.0,360.0,47.8
P072,25,25.0,25.0,Rice Husk Ash (RHA),"Sundried RHA collected in Bagamoyo, Tanzania",Burning in a muffle oven and grinding in a ball mill,Burned in small amounts to ensure homogeneous combustion and oxidizing environment; ground in small batches of 10 g,94.97,both,0.5,0.58,0.97,high,0.83,0.57,1.66,"Grinding in a ball mill (Cryomill, Retsch, Germany)",14.466667,Controlled laboratory muffle oven burning and ball mill grinding,0.58,2.29,,"Quartz, microlin, C3S, C2S, C3A, Portlandite, Ettringite",,Crystalline phases and back-calculated amorphous phases (C-S-H),650.0,25.0,2.0,25.1
P028,"0, 5, 10, 15, 20, 25, 30",0.0,30.0,Rice Husk Ash (RHA),Rice Husk,controlled,,83.6,,,0.64,0.76,,0.84,0.4,,,,,,,14.2,,Particles retained on 45 micron IS sieves (Wet Sieving): 27.13,,,25.0,3.0,1.0
P025,"10, 20, 25",10.0,25.0,Rice Husk Ash (RHA),Rice Husk,controlled,Burnt for approximately 48hrs; Temperature in the range of 400-600°C; Sieved through BS standard sieve size 75µm; Grey colour,,,,,,,,,,,,,,1.536667,,,,,,25.0,7.0,10.0
P028,"0, 5, 10, 15, 20, 25, 30",0.0,30.0,Rice Husk Ash (RHA),Rice Husk,controlled,,83.6,,,0.64,0.76,,0.84,0.4,,,,,,,14.2,,Particles retained on 45 micron IS sieves (Wet Sieving): 27.13,,,25.0,7.0,4.0
P031,"0, 5, 10, 15, 20, 25",0.0,25.0,Rice Husk Ash (RHA),Rice Husk,"Burnt under guided or enclosed place, ground, and sieved",Sieved through 600 ?m sieve,,mechanical,,,,,,,,Grinding,,,,,,,,,,25.0,7.0,7.95
P043,"0, 5, 10, 15, 20, 25",0.0,25.0,Rice husk ash (RHA),Rice husk,Laboratory mill burning,Temperature of 600°C for 5 h,86.73,thermal,0.4,0.61,0.04,high,0.39,0.08,0.01,,,"Temperature: 600°C, Duration: 5 h",9.76,,0.54,,"TiO2: NULL, P2O5: NULL",,600.0,25.0,7.0,54.35
P065,"0, 5, 10, 15, 20, 25, 30",0.0,30.0,Rice Husk Ash (RHA),Rice husk,controlled,650,81.47,thermal,0.5,1.34,1.61,"Combined silica, alumina and ferric-oxides: 84.42",1.22,1.46,0.32,,81.47,650,0.08,2.06,4.92,,Manganese Oxide (MnO): 0.03,,650.0,25.0,7.0,10.4
P066,"0, 5, 10, 15, 20, 25",0.0,25.0,Rice husk ash,Rice husk / Paddy grains,Blazing,,87.5,,0.4,,,,,,,,87.5,,,,,,,,,25.0,7.0,15.8
P072,25,25.0,25.0,Rice Husk Ash (RHA),"Sundried RHA collected in Bagamoyo, Tanzania",Burning in a muffle oven and grinding in a ball mill,Burned in small amounts to ensure homogeneous combustion and oxidizing environment; ground in small batches of 10 g,94.97,both,0.5,0.58,0.97,high,0.83,0.57,1.66,"Grinding in a ball mill (Cryomill, Retsch, Germany)",14.466667,Controlled laboratory muffle oven burning and ball mill grinding,0.58,2.29,,"Quartz, microlin, C3S, C2S, C3A, Portlandite, Ettringite",,Crystalline phases and back-calculated amorphous phases (C-S-H),650.0,25.0,7.0,51.2
P025,"10, 20, 25",10.0,25.0,Rice Husk Ash (RHA),Rice Husk,controlled,Burnt for approximately 48hrs; Temperature in the range of 400-600°C; Sieved through BS standard sieve size 75µm; Grey colour,,,,,,,,,,,,,,1.536667,,,,,,25.0,14.0,12.0
P031,"0, 5, 10, 15, 20, 25",0.0,25.0,Rice Husk Ash (RHA),Rice Husk,"Burnt under guided or enclosed place, ground, and sieved",Sieved through 600 ?m sieve,,mechanical,,,,,,,,Grinding,,,,,,,,,,25.0,14.0,8.98
P066,"0, 5, 10, 15, 20, 25",0.0,25.0,Rice husk ash,Rice husk / Paddy grains,Blazing,,87.5,,0.4,,,,,,,,87.5,,,,,,,,,25.0,14.0,22.7
P025,"10, 20, 25",10.0,25.0,Rice Husk Ash (RHA),Rice Husk,controlled,Burnt for approximately 48hrs; Temperature in the range of 400-600°C; Sieved through BS standard sieve size 75µm; Grey colour,,,,,,,,,,,,,,1.536667,,,,,,25.0,21.0,14.0
P017,"0, 5, 10, 15, 20, 25, 30",0.0,30.0,Rice Husk Ash (RHA),Rice husk,controlled,Temperature in the range of 650°C,90.9,mechanical,0.53,0.6,0.83,,0.8,0.56,,Laboratory batch 2ball mill,,Ground in laboratory batch 2ball mill; passing through sieve No. 325 (sieve opening 45 µm),,,,"Amorphous silica, Cristobalite, Tridymite, Quartz",Na?O + K?O: 1.55,,,25.0,28.0,29.7
P025,"10, 20, 25",10.0,25.0,Rice Husk Ash (RHA),Rice Husk,controlled,Burnt for approximately 48hrs; Temperature in the range of 400-600°C; Sieved through BS standard sieve size 75µm; Grey colour,,,,,,,,,,,,,,1.536667,,,,,,25.0,28.0,19.0
P028,"0, 5, 10, 15, 20, 25, 30",0.0,30.0,Rice Husk Ash (RHA),Rice Husk,controlled,,83.6,,,0.64,0.76,,0.84,0.4,,,,,,,14.2,,Particles retained on 45 micron IS sieves (Wet Sieving): 27.13,,,25.0,28.0,9.0
P031,"0, 5, 10, 15, 20, 25",0.0,25.0,Rice Husk Ash (RHA),Rice Husk,"Burnt under guided or enclosed place, ground, and sieved",Sieved through 600 ?m sieve,,mechanical,,,,,,,,Grinding,,,,,,,,,,25.0,28.0,13.29
P060,"0, 25, 50, 100",0.0,100.0,Pulverized rice husk ash (RHA),Rice husk (protecting outer cover of paddy),Burning and ball milling,Ball milling speed: 300; Grinding duration: 5,,mechanical,0.2,,,high,,,,Grinding / Ball milling,,Ball mill speed: 300; Duration: 5,,,,Cristobalite,,Cristobalite,,25.0,28.0,98.08
P066,"0, 5, 10, 15, 20, 25",0.0,25.0,Rice husk ash,Rice husk / Paddy grains,Blazing,,87.5,,0.4,,,,,,,,87.5,,,,,,,,,25.0,28.0,25.2
P072,25,25.0,25.0,Rice Husk Ash (RHA),"Sundried RHA collected in Bagamoyo, Tanzania",Burning in a muffle oven and grinding in a ball mill,Burned in small amounts to ensure homogeneous combustion and oxidizing environment; ground in small batches of 10 g,94.97,both,0.5,0.58,0.97,high,0.83,0.57,1.66,"Grinding in a ball mill (Cryomill, Retsch, Germany)",14.466667,Controlled laboratory muffle oven burning and ball mill grinding,0.58,2.29,,"Quartz, microlin, C3S, C2S, C3A, Portlandite, Ettringite",,Crystalline phases and back-calculated amorphous phases (C-S-H),650.0,25.0,28.0,60.3
P017,"0, 5, 10, 15, 20, 25, 30",0.0,30.0,Rice Husk Ash (RHA),Rice husk,controlled,Temperature in the range of 650°C,90.9,mechanical,0.53,0.6,0.83,,0.8,0.56,,Laboratory batch 2ball mill,,Ground in laboratory batch 2ball mill; passing through sieve No. 325 (sieve opening 45 µm),,,,"Amorphous silica, Cristobalite, Tridymite, Quartz",Na?O + K?O: 1.55,,,25.0,90.0,38.5
P072,25,25.0,25.0,Rice Husk Ash (RHA),"Sundried RHA collected in Bagamoyo, Tanzania",Burning in a muffle oven and grinding in a ball mill,Burned in small amounts to ensure homogeneous combustion and oxidizing environment; ground in small batches of 10 g,94.97,both,0.5,0.58,0.97,high,0.83,0.57,1.66,"Grinding in a ball mill (Cryomill, Retsch, Germany)",14.466667,Controlled laboratory muffle oven burning and ball mill grinding,0.58,2.29,,"Quartz, microlin, C3S, C2S, C3A, Portlandite, Ettringite",,Crystalline phases and back-calculated amorphous phases (C-S-H),650.0,25.0,90.0,66.1
P017,"0, 5, 10, 15, 20, 25, 30",0.0,30.0,Rice Husk Ash (RHA),Rice husk,controlled,Temperature in the range of 650°C,90.9,mechanical,0.53,0.6,0.83,,0.8,0.56,,Laboratory batch 2ball mill,,Ground in laboratory batch 2ball mill; passing through sieve No. 325 (sieve opening 45 µm),,,,"Amorphous silica, Cristobalite, Tridymite, Quartz",Na?O + K?O: 1.55,,,25.0,270.0,45.6
P017,"0, 5, 10, 15, 20, 25, 30",0.0,30.0,Rice Husk Ash (RHA),Rice husk,controlled,Temperature in the range of 650°C,90.9,mechanical,0.53,0.6,0.83,,0.8,0.56,,Laboratory batch 2ball mill,,Ground in laboratory batch 2ball mill; passing through sieve No. 325 (sieve opening 45 µm),,,,"Amorphous silica, Cristobalite, Tridymite, Quartz",Na?O + K?O: 1.55,,,25.0,360.0,43.7
P015,"0, 10, 20, 30",0.0,30.0,"Rice husk ash (RHA), ground RHA, non-ground RHA, residual rice husk ash (RHA)",Rice husk / Rice husk pellets,Incineration / burning of rice husk pellets in a boiler followed by ball mill grinding,Burning temperature: 600800,91.0,mechanical,0.35,0.41,0.35,Water requirement of non-ground RHA mortar: 117%; Water requirement of ground RHA mortar: 110%,,0.81,3.21,Ball mill grinding,,Grinding duration: 1 h (60 min),0.08,2.06,8.5,Mostly amorphous silica and partially crystalline silica (Cristobalite high-SiO2),P2O5: 0.98,Cristobalite high-SiO2,700.0,30.0,1.0,19.0
P029,"10, 20, 30",10.0,30.0,Rice husk ash (RHA),Rice husks,Burning of rice husks,Burning temperature for RHA12 was slightly lower by approximately 50°C than for RHA8,91.31,mechanical,0.5375,0.215,0.155,low,0.995,0.42,1.475,Ball mill grinding,43.126667,Grinding in a lab ball mill,390.0,,4.835,"Cristobalite, SiO2","Moisture: RHA8 0.01, RHA12 0.01 (% by mass); P2O5: RHA8 0.74, RHA12 0.51 (% by mass); Cl: RHA8 910.00, RHA12 410.00 (ppm)",Cristobalite,,30.0,2.0,14.9
P029,"10, 20, 30",10.0,30.0,Rice husk ash (RHA),Rice husks,Burning of rice husks,Burning temperature for RHA12 was slightly lower by approximately 50°C than for RHA8,91.31,mechanical,0.5375,0.215,0.155,low,0.995,0.42,1.475,Ball mill grinding,43.126667,Grinding in a lab ball mill,390.0,,4.835,"Cristobalite, SiO2","Moisture: RHA8 0.01, RHA12 0.01 (% by mass); P2O5: RHA8 0.74, RHA12 0.51 (% by mass); Cl: RHA8 910.00, RHA12 410.00 (ppm)",Cristobalite,,30.0,2.0,15.5
P002,"10, 20, 30",10.0,30.0,rice husk ash (RHA) / RHA passing #200 and #325 sieves,"rice husk, an agro-waste material / local market",Burning and grinding in a ball mill,Burning duration: 24 h; Ventilation: top and bottom; Grinding: ball mill; Sieving: over #200 and #325 sieves,80.0,both,0.314286,0.41,3.93,,3.82,0.25,1.45,Ball mill grinding,,Grinding time: 90 min; Burning temperature: 400-700°C,0.67,2.11,8.56,,,Crystalline structure,550.0,30.0,3.0,31.5
P002,"10, 20, 30",10.0,30.0,rice husk ash (RHA) / RHA passing #200 and #325 sieves,"rice husk, an agro-waste material / local market",Burning and grinding in a ball mill,Burning duration: 24 h; Ventilation: top and bottom; Grinding: ball mill; Sieving: over #200 and #325 sieves,80.0,both,0.314286,0.41,3.93,,3.82,0.25,1.45,Ball mill grinding,,Grinding time: 90 min; Burning temperature: 400-700°C,0.67,2.11,8.56,,,Crystalline structure,550.0,30.0,3.0,43.1
P015,"0, 10, 20, 30",0.0,30.0,"Rice husk ash (RHA), ground RHA, non-ground RHA, residual rice husk ash (RHA)",Rice husk / Rice husk pellets,Incineration / burning of rice husk pellets in a boiler followed by ball mill grinding,Burning temperature: 600800,91.0,mechanical,0.35,0.41,0.35,Water requirement of non-ground RHA mortar: 117%; Water requirement of ground RHA mortar: 110%,,0.81,3.21,Ball mill grinding,,Grinding duration: 1 h (60 min),0.08,2.06,8.5,Mostly amorphous silica and partially crystalline silica (Cristobalite high-SiO2),P2O5: 0.98,Cristobalite high-SiO2,700.0,30.0,3.0,32.0
P028,"0, 5, 10, 15, 20, 25, 30",0.0,30.0,Rice Husk Ash (RHA),Rice Husk,controlled,,83.6,,,0.64,0.76,,0.84,0.4,,,,,,,14.2,,Particles retained on 45 micron IS sieves (Wet Sieving): 27.13,,,30.0,3.0,1.0
P002,"10, 20, 30",10.0,30.0,rice husk ash (RHA) / RHA passing #200 and #325 sieves,"rice husk, an agro-waste material / local market",Burning and grinding in a ball mill,Burning duration: 24 h; Ventilation: top and bottom; Grinding: ball mill; Sieving: over #200 and #325 sieves,80.0,both,0.314286,0.41,3.93,,3.82,0.25,1.45,Ball mill grinding,,Grinding time: 90 min; Burning temperature: 400-700°C,0.67,2.11,8.56,,,Crystalline structure,550.0,30.0,7.0,24.2
P002,"10, 20, 30",10.0,30.0,rice husk ash (RHA) / RHA passing #200 and #325 sieves,"rice husk, an agro-waste material / local market",Burning and grinding in a ball mill,Burning duration: 24 h; Ventilation: top and bottom; Grinding: ball mill; Sieving: over #200 and #325 sieves,80.0,both,0.314286,0.41,3.93,,3.82,0.25,1.45,Ball mill grinding,,Grinding time: 90 min; Burning temperature: 400-700°C,0.67,2.11,8.56,,,Crystalline structure,550.0,30.0,7.0,32.5
P002,"10, 20, 30",10.0,30.0,rice husk ash (RHA) / RHA passing #200 and #325 sieves,"rice husk, an agro-waste material / local market",Burning and grinding in a ball mill,Burning duration: 24 h; Ventilation: top and bottom; Grinding: ball mill; Sieving: over #200 and #325 sieves,80.0,both,0.314286,0.41,3.93,,3.82,0.25,1.45,Ball mill grinding,,Grinding time: 90 min; Burning temperature: 400-700°C,0.67,2.11,8.56,,,Crystalline structure,550.0,30.0,7.0,39.3
P002,"10, 20, 30",10.0,30.0,rice husk ash (RHA) / RHA passing #200 and #325 sieves,"rice husk, an agro-waste material / local market",Burning and grinding in a ball mill,Burning duration: 24 h; Ventilation: top and bottom; Grinding: ball mill; Sieving: over #200 and #325 sieves,80.0,both,0.314286,0.41,3.93,,3.82,0.25,1.45,Ball mill grinding,,Grinding time: 90 min; Burning temperature: 400-700°C,0.67,2.11,8.56,,,Crystalline structure,550.0,30.0,7.0,51.7
P015,"0, 10, 20, 30",0.0,30.0,"Rice husk ash (RHA), ground RHA, non-ground RHA, residual rice husk ash (RHA)",Rice husk / Rice husk pellets,Incineration / burning of rice husk pellets in a boiler followed by ball mill grinding,Burning temperature: 600800,91.0,mechanical,0.35,0.41,0.35,Water requirement of non-ground RHA mortar: 117%; Water requirement of ground RHA mortar: 110%,,0.81,3.21,Ball mill grinding,,Grinding duration: 1 h (60 min),0.08,2.06,8.5,Mostly amorphous silica and partially crystalline silica (Cristobalite high-SiO2),P2O5: 0.98,Cristobalite high-SiO2,700.0,30.0,7.0,43.0
P023,"0, 10, 20, 30, 40",0.0,40.0,Rice Husk Ash (RHA),Rice husk,Furnace burning and grinding,Cooled inside furnace for about 24 hours; Grinding using a Los Angeles machine,75.0,,0.38,0.78,1.29,,3.3,0.22,1.5,,,,0.4,2.53,3.67,,Moisture contents: 2.15 %; MnO: 0.2 %; P2O5: 0.59 %; Total SiO2 + Fe2O3 + Al2O3: 77.58 %,,,30.0,7.0,11.0
P023,"0, 10, 20, 30, 40",0.0,40.0,Rice Husk Ash (RHA),Rice husk,Furnace burning and grinding,Cooled inside furnace for about 24 hours; Grinding using a Los Angeles machine,75.0,,0.38,0.78,1.29,,3.3,0.22,1.5,,,,0.4,2.53,3.67,,Moisture contents: 2.15 %; MnO: 0.2 %; P2O5: 0.59 %; Total SiO2 + Fe2O3 + Al2O3: 77.58 %,,,30.0,7.0,14.0
P028,"0, 5, 10, 15, 20, 25, 30",0.0,30.0,Rice Husk Ash (RHA),Rice Husk,controlled,,83.6,,,0.64,0.76,,0.84,0.4,,,,,,,14.2,,Particles retained on 45 micron IS sieves (Wet Sieving): 27.13,,,30.0,7.0,4.0
P029,"10, 20, 30",10.0,30.0,Rice husk ash (RHA),Rice husks,Burning of rice husks,Burning temperature for RHA12 was slightly lower by approximately 50°C than for RHA8,91.31,mechanical,0.5375,0.215,0.155,low,0.995,0.42,1.475,Ball mill grinding,43.126667,Grinding in a lab ball mill,390.0,,4.835,"Cristobalite, SiO2","Moisture: RHA8 0.01, RHA12 0.01 (% by mass); P2O5: RHA8 0.74, RHA12 0.51 (% by mass); Cl: RHA8 910.00, RHA12 410.00 (ppm)",Cristobalite,,30.0,7.0,24.8
P029,"10, 20, 30",10.0,30.0,Rice husk ash (RHA),Rice husks,Burning of rice husks,Burning temperature for RHA12 was slightly lower by approximately 50°C than for RHA8,91.31,mechanical,0.5375,0.215,0.155,low,0.995,0.42,1.475,Ball mill grinding,43.126667,Grinding in a lab ball mill,390.0,,4.835,"Cristobalite, SiO2","Moisture: RHA8 0.01, RHA12 0.01 (% by mass); P2O5: RHA8 0.74, RHA12 0.51 (% by mass); Cl: RHA8 910.00, RHA12 410.00 (ppm)",Cristobalite,,30.0,7.0,25.3
P065,"0, 5, 10, 15, 20, 25, 30",0.0,30.0,Rice Husk Ash (RHA),Rice husk,controlled,650,81.47,thermal,0.5,1.34,1.61,"Combined silica, alumina and ferric-oxides: 84.42",1.22,1.46,0.32,,81.47,650,0.08,2.06,4.92,,Manganese Oxide (MnO): 0.03,,650.0,30.0,7.0,9.8
P015,"0, 10, 20, 30",0.0,30.0,"Rice husk ash (RHA), ground RHA, non-ground RHA, residual rice husk ash (RHA)",Rice husk / Rice husk pellets,Incineration / burning of rice husk pellets in a boiler followed by ball mill grinding,Burning temperature: 600800,91.0,mechanical,0.35,0.41,0.35,Water requirement of non-ground RHA mortar: 117%; Water requirement of ground RHA mortar: 110%,,0.81,3.21,Ball mill grinding,,Grinding duration: 1 h (60 min),0.08,2.06,8.5,Mostly amorphous silica and partially crystalline silica (Cristobalite high-SiO2),P2O5: 0.98,Cristobalite high-SiO2,700.0,30.0,14.0,51.0
P002,"10, 20, 30",10.0,30.0,rice husk ash (RHA) / RHA passing #200 and #325 sieves,"rice husk, an agro-waste material / local market",Burning and grinding in a ball mill,Burning duration: 24 h; Ventilation: top and bottom; Grinding: ball mill; Sieving: over #200 and #325 sieves,80.0,both,0.314286,0.41,3.93,,3.82,0.25,1.45,Ball mill grinding,,Grinding time: 90 min; Burning temperature: 400-700°C,0.67,2.11,8.56,,,Crystalline structure,550.0,30.0,28.0,31.0
P002,"10, 20, 30",10.0,30.0,rice husk ash (RHA) / RHA passing #200 and #325 sieves,"rice husk, an agro-waste material / local market",Burning and grinding in a ball mill,Burning duration: 24 h; Ventilation: top and bottom; Grinding: ball mill; Sieving: over #200 and #325 sieves,80.0,both,0.314286,0.41,3.93,,3.82,0.25,1.45,Ball mill grinding,,Grinding time: 90 min; Burning temperature: 400-700°C,0.67,2.11,8.56,,,Crystalline structure,550.0,30.0,28.0,39.7
P002,"10, 20, 30",10.0,30.0,rice husk ash (RHA) / RHA passing #200 and #325 sieves,"rice husk, an agro-waste material / local market",Burning and grinding in a ball mill,Burning duration: 24 h; Ventilation: top and bottom; Grinding: ball mill; Sieving: over #200 and #325 sieves,80.0,both,0.314286,0.41,3.93,,3.82,0.25,1.45,Ball mill grinding,,Grinding time: 90 min; Burning temperature: 400-700°C,0.67,2.11,8.56,,,Crystalline structure,550.0,30.0,28.0,47.7
P002,"10, 20, 30",10.0,30.0,rice husk ash (RHA) / RHA passing #200 and #325 sieves,"rice husk, an agro-waste material / local market",Burning and grinding in a ball mill,Burning duration: 24 h; Ventilation: top and bottom; Grinding: ball mill; Sieving: over #200 and #325 sieves,80.0,both,0.314286,0.41,3.93,,3.82,0.25,1.45,Ball mill grinding,,Grinding time: 90 min; Burning temperature: 400-700°C,0.67,2.11,8.56,,,Crystalline structure,550.0,30.0,28.0,63.0
P015,"0, 10, 20, 30",0.0,30.0,"Rice husk ash (RHA), ground RHA, non-ground RHA, residual rice husk ash (RHA)",Rice husk / Rice husk pellets,Incineration / burning of rice husk pellets in a boiler followed by ball mill grinding,Burning temperature: 600800,91.0,mechanical,0.35,0.41,0.35,Water requirement of non-ground RHA mortar: 117%; Water requirement of ground RHA mortar: 110%,,0.81,3.21,Ball mill grinding,,Grinding duration: 1 h (60 min),0.08,2.06,8.5,Mostly amorphous silica and partially crystalline silica (Cristobalite high-SiO2),P2O5: 0.98,Cristobalite high-SiO2,700.0,30.0,28.0,54.0
P017,"0, 5, 10, 15, 20, 25, 30",0.0,30.0,Rice Husk Ash (RHA),Rice husk,controlled,Temperature in the range of 650°C,90.9,mechanical,0.53,0.6,0.83,,0.8,0.56,,Laboratory batch 2ball mill,,Ground in laboratory batch 2ball mill; passing through sieve No. 325 (sieve opening 45 µm),,,,"Amorphous silica, Cristobalite, Tridymite, Quartz",Na?O + K?O: 1.55,,,30.0,28.0,26.6
P023,"0, 10, 20, 30, 40",0.0,40.0,Rice Husk Ash (RHA),Rice husk,Furnace burning and grinding,Cooled inside furnace for about 24 hours; Grinding using a Los Angeles machine,75.0,,0.38,0.78,1.29,,3.3,0.22,1.5,,,,0.4,2.53,3.67,,Moisture contents: 2.15 %; MnO: 0.2 %; P2O5: 0.59 %; Total SiO2 + Fe2O3 + Al2O3: 77.58 %,,,30.0,28.0,20.0
P023,"0, 10, 20, 30, 40",0.0,40.0,Rice Husk Ash (RHA),Rice husk,Furnace burning and grinding,Cooled inside furnace for about 24 hours; Grinding using a Los Angeles machine,75.0,,0.38,0.78,1.29,,3.3,0.22,1.5,,,,0.4,2.53,3.67,,Moisture contents: 2.15 %; MnO: 0.2 %; P2O5: 0.59 %; Total SiO2 + Fe2O3 + Al2O3: 77.58 %,,,30.0,28.0,25.0
P028,"0, 5, 10, 15, 20, 25, 30",0.0,30.0,Rice Husk Ash (RHA),Rice Husk,controlled,,83.6,,,0.64,0.76,,0.84,0.4,,,,,,,14.2,,Particles retained on 45 micron IS sieves (Wet Sieving): 27.13,,,30.0,28.0,6.0
P029,"10, 20, 30",10.0,30.0,Rice husk ash (RHA),Rice husks,Burning of rice husks,Burning temperature for RHA12 was slightly lower by approximately 50°C than for RHA8,91.31,mechanical,0.5375,0.215,0.155,low,0.995,0.42,1.475,Ball mill grinding,43.126667,Grinding in a lab ball mill,390.0,,4.835,"Cristobalite, SiO2","Moisture: RHA8 0.01, RHA12 0.01 (% by mass); P2O5: RHA8 0.74, RHA12 0.51 (% by mass); Cl: RHA8 910.00, RHA12 410.00 (ppm)",Cristobalite,,30.0,28.0,39.7
P029,"10, 20, 30",10.0,30.0,Rice husk ash (RHA),Rice husks,Burning of rice husks,Burning temperature for RHA12 was slightly lower by approximately 50°C than for RHA8,91.31,mechanical,0.5375,0.215,0.155,low,0.995,0.42,1.475,Ball mill grinding,43.126667,Grinding in a lab ball mill,390.0,,4.835,"Cristobalite, SiO2","Moisture: RHA8 0.01, RHA12 0.01 (% by mass); P2O5: RHA8 0.74, RHA12 0.51 (% by mass); Cl: RHA8 910.00, RHA12 410.00 (ppm)",Cristobalite,,30.0,28.0,39.8
P073,"0, 5, 7, 10, 15, 20, 25, 30, 40, 50, 60",0.0,60.0,Rice Husk Ash (RHA),Rice husk,controlled,Combustion temperature 500 °C to 700 °C; Minimum grinding duration 1030 min,86.77625,both,,0.87625,1.045,high,1.07875,0.627143,2.438571,Mechanical grinding (automatic grinder / vibrating mill),88.333333,Thermal treatment: 500700 °C; Grinding: 1030 min (or up to 120 min in vibrating mill),0.374286,2.154,12.0,"Cristobalite, amorphous silica (SiO2)",,Amorphous silica and minor cristobalite,600.0,30.0,28.0,37.8
P015,"0, 10, 20, 30",0.0,30.0,"Rice husk ash (RHA), ground RHA, non-ground RHA, residual rice husk ash (RHA)",Rice husk / Rice husk pellets,Incineration / burning of rice husk pellets in a boiler followed by ball mill grinding,Burning temperature: 600800,91.0,mechanical,0.35,0.41,0.35,Water requirement of non-ground RHA mortar: 117%; Water requirement of ground RHA mortar: 110%,,0.81,3.21,Ball mill grinding,,Grinding duration: 1 h (60 min),0.08,2.06,8.5,Mostly amorphous silica and partially crystalline silica (Cristobalite high-SiO2),P2O5: 0.98,Cristobalite high-SiO2,700.0,30.0,56.0,60.0
P023,"0, 10, 20, 30, 40",0.0,40.0,Rice Husk Ash (RHA),Rice husk,Furnace burning and grinding,Cooled inside furnace for about 24 hours; Grinding using a Los Angeles machine,75.0,,0.38,0.78,1.29,,3.3,0.22,1.5,,,,0.4,2.53,3.67,,Moisture contents: 2.15 %; MnO: 0.2 %; P2O5: 0.59 %; Total SiO2 + Fe2O3 + Al2O3: 77.58 %,,,30.0,56.0,25.0
P023,"0, 10, 20, 30, 40",0.0,40.0,Rice Husk Ash (RHA),Rice husk,Furnace burning and grinding,Cooled inside furnace for about 24 hours; Grinding using a Los Angeles machine,75.0,,0.38,0.78,1.29,,3.3,0.22,1.5,,,,0.4,2.53,3.67,,Moisture contents: 2.15 %; MnO: 0.2 %; P2O5: 0.59 %; Total SiO2 + Fe2O3 + Al2O3: 77.58 %,,,30.0,56.0,31.0
P023,"0, 10, 20, 30, 40",0.0,40.0,Rice Husk Ash (RHA),Rice husk,Furnace burning and grinding,Cooled inside furnace for about 24 hours; Grinding using a Los Angeles machine,75.0,,0.38,0.78,1.29,,3.3,0.22,1.5,,,,0.4,2.53,3.67,,Moisture contents: 2.15 %; MnO: 0.2 %; P2O5: 0.59 %; Total SiO2 + Fe2O3 + Al2O3: 77.58 %,,,30.0,90.0,29.0
P023,"0, 10, 20, 30, 40",0.0,40.0,Rice Husk Ash (RHA),Rice husk,Furnace burning and grinding,Cooled inside furnace for about 24 hours; Grinding using a Los Angeles machine,75.0,,0.38,0.78,1.29,,3.3,0.22,1.5,,,,0.4,2.53,3.67,,Moisture contents: 2.15 %; MnO: 0.2 %; P2O5: 0.59 %; Total SiO2 + Fe2O3 + Al2O3: 77.58 %,,,30.0,90.0,33.0
P023,"0, 10, 20, 30, 40",0.0,40.0,Rice Husk Ash (RHA),Rice husk,Furnace burning and grinding,Cooled inside furnace for about 24 hours; Grinding using a Los Angeles machine,75.0,,0.38,0.78,1.29,,3.3,0.22,1.5,,,,0.4,2.53,3.67,,Moisture contents: 2.15 %; MnO: 0.2 %; P2O5: 0.59 %; Total SiO2 + Fe2O3 + Al2O3: 77.58 %,,,30.0,90.0,35.0
P029,"10, 20, 30",10.0,30.0,Rice husk ash (RHA),Rice husks,Burning of rice husks,Burning temperature for RHA12 was slightly lower by approximately 50°C than for RHA8,91.31,mechanical,0.5375,0.215,0.155,low,0.995,0.42,1.475,Ball mill grinding,43.126667,Grinding in a lab ball mill,390.0,,4.835,"Cristobalite, SiO2","Moisture: RHA8 0.01, RHA12 0.01 (% by mass); P2O5: RHA8 0.74, RHA12 0.51 (% by mass); Cl: RHA8 910.00, RHA12 410.00 (ppm)",Cristobalite,,30.0,90.0,48.1
P029,"10, 20, 30",10.0,30.0,Rice husk ash (RHA),Rice husks,Burning of rice husks,Burning temperature for RHA12 was slightly lower by approximately 50°C than for RHA8,91.31,mechanical,0.5375,0.215,0.155,low,0.995,0.42,1.475,Ball mill grinding,43.126667,Grinding in a lab ball mill,390.0,,4.835,"Cristobalite, SiO2","Moisture: RHA8 0.01, RHA12 0.01 (% by mass); P2O5: RHA8 0.74, RHA12 0.51 (% by mass); Cl: RHA8 910.00, RHA12 410.00 (ppm)",Cristobalite,,30.0,90.0,48.5
P015,"0, 10, 20, 30",0.0,30.0,"Rice husk ash (RHA), ground RHA, non-ground RHA, residual rice husk ash (RHA)",Rice husk / Rice husk pellets,Incineration / burning of rice husk pellets in a boiler followed by ball mill grinding,Burning temperature: 600800,91.0,mechanical,0.35,0.41,0.35,Water requirement of non-ground RHA mortar: 117%; Water requirement of ground RHA mortar: 110%,,0.81,3.21,Ball mill grinding,,Grinding duration: 1 h (60 min),0.08,2.06,8.5,Mostly amorphous silica and partially crystalline silica (Cristobalite high-SiO2),P2O5: 0.98,Cristobalite high-SiO2,700.0,30.0,91.0,64.0
P002,"10, 20, 30",10.0,30.0,rice husk ash (RHA) / RHA passing #200 and #325 sieves,"rice husk, an agro-waste material / local market",Burning and grinding in a ball mill,Burning duration: 24 h; Ventilation: top and bottom; Grinding: ball mill; Sieving: over #200 and #325 sieves,80.0,both,0.314286,0.41,3.93,,3.82,0.25,1.45,Ball mill grinding,,Grinding time: 90 min; Burning temperature: 400-700°C,0.67,2.11,8.56,,,Crystalline structure,550.0,30.0,150.0,48.8
P002,"10, 20, 30",10.0,30.0,rice husk ash (RHA) / RHA passing #200 and #325 sieves,"rice husk, an agro-waste material / local market",Burning and grinding in a ball mill,Burning duration: 24 h; Ventilation: top and bottom; Grinding: ball mill; Sieving: over #200 and #325 sieves,80.0,both,0.314286,0.41,3.93,,3.82,0.25,1.45,Ball mill grinding,,Grinding time: 90 min; Burning temperature: 400-700°C,0.67,2.11,8.56,,,Crystalline structure,550.0,30.0,150.0,63.2
P023,"0, 10, 20, 30, 40",0.0,40.0,Rice Husk Ash (RHA),Rice husk,Furnace burning and grinding,Cooled inside furnace for about 24 hours; Grinding using a Los Angeles machine,75.0,,0.38,0.78,1.29,,3.3,0.22,1.5,,,,0.4,2.53,3.67,,Moisture contents: 2.15 %; MnO: 0.2 %; P2O5: 0.59 %; Total SiO2 + Fe2O3 + Al2O3: 77.58 %,,,40.0,7.0,9.0
P023,"0, 10, 20, 30, 40",0.0,40.0,Rice Husk Ash (RHA),Rice husk,Furnace burning and grinding,Cooled inside furnace for about 24 hours; Grinding using a Los Angeles machine,75.0,,0.38,0.78,1.29,,3.3,0.22,1.5,,,,0.4,2.53,3.67,,Moisture contents: 2.15 %; MnO: 0.2 %; P2O5: 0.59 %; Total SiO2 + Fe2O3 + Al2O3: 77.58 %,,,40.0,7.0,11.0
P023,"0, 10, 20, 30, 40",0.0,40.0,Rice Husk Ash (RHA),Rice husk,Furnace burning and grinding,Cooled inside furnace for about 24 hours; Grinding using a Los Angeles machine,75.0,,0.38,0.78,1.29,,3.3,0.22,1.5,,,,0.4,2.53,3.67,,Moisture contents: 2.15 %; MnO: 0.2 %; P2O5: 0.59 %; Total SiO2 + Fe2O3 + Al2O3: 77.58 %,,,40.0,7.0,13.0
P023,"0, 10, 20, 30, 40",0.0,40.0,Rice Husk Ash (RHA),Rice husk,Furnace burning and grinding,Cooled inside furnace for about 24 hours; Grinding using a Los Angeles machine,75.0,,0.38,0.78,1.29,,3.3,0.22,1.5,,,,0.4,2.53,3.67,,Moisture contents: 2.15 %; MnO: 0.2 %; P2O5: 0.59 %; Total SiO2 + Fe2O3 + Al2O3: 77.58 %,,,40.0,28.0,17.0
P023,"0, 10, 20, 30, 40",0.0,40.0,Rice Husk Ash (RHA),Rice husk,Furnace burning and grinding,Cooled inside furnace for about 24 hours; Grinding using a Los Angeles machine,75.0,,0.38,0.78,1.29,,3.3,0.22,1.5,,,,0.4,2.53,3.67,,Moisture contents: 2.15 %; MnO: 0.2 %; P2O5: 0.59 %; Total SiO2 + Fe2O3 + Al2O3: 77.58 %,,,40.0,28.0,20.0
P023,"0, 10, 20, 30, 40",0.0,40.0,Rice Husk Ash (RHA),Rice husk,Furnace burning and grinding,Cooled inside furnace for about 24 hours; Grinding using a Los Angeles machine,75.0,,0.38,0.78,1.29,,3.3,0.22,1.5,,,,0.4,2.53,3.67,,Moisture contents: 2.15 %; MnO: 0.2 %; P2O5: 0.59 %; Total SiO2 + Fe2O3 + Al2O3: 77.58 %,,,40.0,28.0,23.0
P058,"10, 20, 40",10.0,40.0,Rice Husk Ash (RHA) / Rice husk ash,Rice husks,controlled,U1: Burnt with timber; U2: Burnt with charcoal; C450/C650: Burnt in muffle oven,93.95,mechanical,0.5,0.4975,0.5025,high,1.085,0.4575,1.7625,Grinding in a ball mill,99.3,"Frequency: 15 Hz, 20 Hz, 25 Hz; Grinding time: 10 s, 20 s, 40 s",0.4425,2.2775,,"U1: Amorphous, Crystalline Quartz, Crystalline Sylvite, Crystalline Hydrophilite; U2: Amorphous, Crystalline Quartz, Crystalline Hydrophilite, Crystalline Hematite; C450: Amorphous, Crystalline Quartz, Crystalline Calcite; C650: Amorphous, Crystalline Quartz",Total Carbon (TC): U1: 0.88; U2: 0.56; C450: 0.66; C650: 0.59,"Quartz, Sylvite, Hydrophilite, Hematite, Calcite",600.0,40.0,28.0,48.0
P058,"10, 20, 40",10.0,40.0,Rice Husk Ash (RHA) / Rice husk ash,Rice husks,controlled,U1: Burnt with timber; U2: Burnt with charcoal; C450/C650: Burnt in muffle oven,93.95,mechanical,0.5,0.4975,0.5025,high,1.085,0.4575,1.7625,Grinding in a ball mill,99.3,"Frequency: 15 Hz, 20 Hz, 25 Hz; Grinding time: 10 s, 20 s, 40 s",0.4425,2.2775,,"U1: Amorphous, Crystalline Quartz, Crystalline Sylvite, Crystalline Hydrophilite; U2: Amorphous, Crystalline Quartz, Crystalline Hydrophilite, Crystalline Hematite; C450: Amorphous, Crystalline Quartz, Crystalline Calcite; C650: Amorphous, Crystalline Quartz",Total Carbon (TC): U1: 0.88; U2: 0.56; C450: 0.66; C650: 0.59,"Quartz, Sylvite, Hydrophilite, Hematite, Calcite",600.0,40.0,28.0,50.0
P058,"10, 20, 40",10.0,40.0,Rice Husk Ash (RHA) / Rice husk ash,Rice husks,controlled,U1: Burnt with timber; U2: Burnt with charcoal; C450/C650: Burnt in muffle oven,93.95,mechanical,0.5,0.4975,0.5025,high,1.085,0.4575,1.7625,Grinding in a ball mill,99.3,"Frequency: 15 Hz, 20 Hz, 25 Hz; Grinding time: 10 s, 20 s, 40 s",0.4425,2.2775,,"U1: Amorphous, Crystalline Quartz, Crystalline Sylvite, Crystalline Hydrophilite; U2: Amorphous, Crystalline Quartz, Crystalline Hydrophilite, Crystalline Hematite; C450: Amorphous, Crystalline Quartz, Crystalline Calcite; C650: Amorphous, Crystalline Quartz",Total Carbon (TC): U1: 0.88; U2: 0.56; C450: 0.66; C650: 0.59,"Quartz, Sylvite, Hydrophilite, Hematite, Calcite",600.0,40.0,28.0,52.5
P058,"10, 20, 40",10.0,40.0,Rice Husk Ash (RHA) / Rice husk ash,Rice husks,controlled,U1: Burnt with timber; U2: Burnt with charcoal; C450/C650: Burnt in muffle oven,93.95,mechanical,0.5,0.4975,0.5025,high,1.085,0.4575,1.7625,Grinding in a ball mill,99.3,"Frequency: 15 Hz, 20 Hz, 25 Hz; Grinding time: 10 s, 20 s, 40 s",0.4425,2.2775,,"U1: Amorphous, Crystalline Quartz, Crystalline Sylvite, Crystalline Hydrophilite; U2: Amorphous, Crystalline Quartz, Crystalline Hydrophilite, Crystalline Hematite; C450: Amorphous, Crystalline Quartz, Crystalline Calcite; C650: Amorphous, Crystalline Quartz",Total Carbon (TC): U1: 0.88; U2: 0.56; C450: 0.66; C650: 0.59,"Quartz, Sylvite, Hydrophilite, Hematite, Calcite",600.0,40.0,28.0,64.5
P023,"0, 10, 20, 30, 40",0.0,40.0,Rice Husk Ash (RHA),Rice husk,Furnace burning and grinding,Cooled inside furnace for about 24 hours; Grinding using a Los Angeles machine,75.0,,0.38,0.78,1.29,,3.3,0.22,1.5,,,,0.4,2.53,3.67,,Moisture contents: 2.15 %; MnO: 0.2 %; P2O5: 0.59 %; Total SiO2 + Fe2O3 + Al2O3: 77.58 %,,,40.0,56.0,22.0
P023,"0, 10, 20, 30, 40",0.0,40.0,Rice Husk Ash (RHA),Rice husk,Furnace burning and grinding,Cooled inside furnace for about 24 hours; Grinding using a Los Angeles machine,75.0,,0.38,0.78,1.29,,3.3,0.22,1.5,,,,0.4,2.53,3.67,,Moisture contents: 2.15 %; MnO: 0.2 %; P2O5: 0.59 %; Total SiO2 + Fe2O3 + Al2O3: 77.58 %,,,40.0,56.0,26.0
P023,"0, 10, 20, 30, 40",0.0,40.0,Rice Husk Ash (RHA),Rice husk,Furnace burning and grinding,Cooled inside furnace for about 24 hours; Grinding using a Los Angeles machine,75.0,,0.38,0.78,1.29,,3.3,0.22,1.5,,,,0.4,2.53,3.67,,Moisture contents: 2.15 %; MnO: 0.2 %; P2O5: 0.59 %; Total SiO2 + Fe2O3 + Al2O3: 77.58 %,,,40.0,56.0,28.0
P058,"10, 20, 40",10.0,40.0,Rice Husk Ash (RHA) / Rice husk ash,Rice husks,controlled,U1: Burnt with timber; U2: Burnt with charcoal; C450/C650: Burnt in muffle oven,93.95,mechanical,0.5,0.4975,0.5025,high,1.085,0.4575,1.7625,Grinding in a ball mill,99.3,"Frequency: 15 Hz, 20 Hz, 25 Hz; Grinding time: 10 s, 20 s, 40 s",0.4425,2.2775,,"U1: Amorphous, Crystalline Quartz, Crystalline Sylvite, Crystalline Hydrophilite; U2: Amorphous, Crystalline Quartz, Crystalline Hydrophilite, Crystalline Hematite; C450: Amorphous, Crystalline Quartz, Crystalline Calcite; C650: Amorphous, Crystalline Quartz",Total Carbon (TC): U1: 0.88; U2: 0.56; C450: 0.66; C650: 0.59,"Quartz, Sylvite, Hydrophilite, Hematite, Calcite",600.0,40.0,56.0,52.0
P058,"10, 20, 40",10.0,40.0,Rice Husk Ash (RHA) / Rice husk ash,Rice husks,controlled,U1: Burnt with timber; U2: Burnt with charcoal; C450/C650: Burnt in muffle oven,93.95,mechanical,0.5,0.4975,0.5025,high,1.085,0.4575,1.7625,Grinding in a ball mill,99.3,"Frequency: 15 Hz, 20 Hz, 25 Hz; Grinding time: 10 s, 20 s, 40 s",0.4425,2.2775,,"U1: Amorphous, Crystalline Quartz, Crystalline Sylvite, Crystalline Hydrophilite; U2: Amorphous, Crystalline Quartz, Crystalline Hydrophilite, Crystalline Hematite; C450: Amorphous, Crystalline Quartz, Crystalline Calcite; C650: Amorphous, Crystalline Quartz",Total Carbon (TC): U1: 0.88; U2: 0.56; C450: 0.66; C650: 0.59,"Quartz, Sylvite, Hydrophilite, Hematite, Calcite",600.0,40.0,56.0,55.0
P058,"10, 20, 40",10.0,40.0,Rice Husk Ash (RHA) / Rice husk ash,Rice husks,controlled,U1: Burnt with timber; U2: Burnt with charcoal; C450/C650: Burnt in muffle oven,93.95,mechanical,0.5,0.4975,0.5025,high,1.085,0.4575,1.7625,Grinding in a ball mill,99.3,"Frequency: 15 Hz, 20 Hz, 25 Hz; Grinding time: 10 s, 20 s, 40 s",0.4425,2.2775,,"U1: Amorphous, Crystalline Quartz, Crystalline Sylvite, Crystalline Hydrophilite; U2: Amorphous, Crystalline Quartz, Crystalline Hydrophilite, Crystalline Hematite; C450: Amorphous, Crystalline Quartz, Crystalline Calcite; C650: Amorphous, Crystalline Quartz",Total Carbon (TC): U1: 0.88; U2: 0.56; C450: 0.66; C650: 0.59,"Quartz, Sylvite, Hydrophilite, Hematite, Calcite",600.0,40.0,56.0,60.5
P058,"10, 20, 40",10.0,40.0,Rice Husk Ash (RHA) / Rice husk ash,Rice husks,controlled,U1: Burnt with timber; U2: Burnt with charcoal; C450/C650: Burnt in muffle oven,93.95,mechanical,0.5,0.4975,0.5025,high,1.085,0.4575,1.7625,Grinding in a ball mill,99.3,"Frequency: 15 Hz, 20 Hz, 25 Hz; Grinding time: 10 s, 20 s, 40 s",0.4425,2.2775,,"U1: Amorphous, Crystalline Quartz, Crystalline Sylvite, Crystalline Hydrophilite; U2: Amorphous, Crystalline Quartz, Crystalline Hydrophilite, Crystalline Hematite; C450: Amorphous, Crystalline Quartz, Crystalline Calcite; C650: Amorphous, Crystalline Quartz",Total Carbon (TC): U1: 0.88; U2: 0.56; C450: 0.66; C650: 0.59,"Quartz, Sylvite, Hydrophilite, Hematite, Calcite",600.0,40.0,56.0,63.5
P023,"0, 10, 20, 30, 40",0.0,40.0,Rice Husk Ash (RHA),Rice husk,Furnace burning and grinding,Cooled inside furnace for about 24 hours; Grinding using a Los Angeles machine,75.0,,0.38,0.78,1.29,,3.3,0.22,1.5,,,,0.4,2.53,3.67,,Moisture contents: 2.15 %; MnO: 0.2 %; P2O5: 0.59 %; Total SiO2 + Fe2O3 + Al2O3: 77.58 %,,,40.0,90.0,26.0
P023,"0, 10, 20, 30, 40",0.0,40.0,Rice Husk Ash (RHA),Rice husk,Furnace burning and grinding,Cooled inside furnace for about 24 hours; Grinding using a Los Angeles machine,75.0,,0.38,0.78,1.29,,3.3,0.22,1.5,,,,0.4,2.53,3.67,,Moisture contents: 2.15 %; MnO: 0.2 %; P2O5: 0.59 %; Total SiO2 + Fe2O3 + Al2O3: 77.58 %,,,40.0,90.0,29.0
P023,"0, 10, 20, 30, 40",0.0,40.0,Rice Husk Ash (RHA),Rice husk,Furnace burning and grinding,Cooled inside furnace for about 24 hours; Grinding using a Los Angeles machine,75.0,,0.38,0.78,1.29,,3.3,0.22,1.5,,,,0.4,2.53,3.67,,Moisture contents: 2.15 %; MnO: 0.2 %; P2O5: 0.59 %; Total SiO2 + Fe2O3 + Al2O3: 77.58 %,,,40.0,90.0,32.0
P060,"0, 25, 50, 100",0.0,100.0,Pulverized rice husk ash (RHA),Rice husk (protecting outer cover of paddy),Burning and ball milling,Ball milling speed: 300; Grinding duration: 5,,mechanical,0.2,,,high,,,,Grinding / Ball milling,,Ball mill speed: 300; Duration: 5,,,,Cristobalite,,Cristobalite,,50.0,28.0,108.57
P060,"0, 25, 50, 100",0.0,100.0,Pulverized rice husk ash (RHA),Rice husk (protecting outer cover of paddy),Burning and ball milling,Ball milling speed: 300; Grinding duration: 5,,mechanical,0.2,,,high,,,,Grinding / Ball milling,,Ball mill speed: 300; Duration: 5,,,,Cristobalite,,Cristobalite,,100.0,28.0,97.24
