paper_id,Paper Title,Mix ID,Replacement Level,Activation Method,Key Processing Parameters,Reported Strength
0,Mechanical behaviour of concrete made with fine recycled concrete aggregates,RC,0% FRA replacement (Fine Natural Aggregate control),,"Standard laboratory mixing (10 min in Stage 1, 20 min in Stage 2/3)","Compressive Strength (28d): 59.4 MPa (Stage 1) / 59.3 MPa (Stage 2/3)
Compressive Strength Evolution (Graph-Derived): ~47.0 MPa (7d) / ~59.3 MPa (28d) / ~60.0 MPa (56d)
Split Tensile Strength (31d): 3.85 MPa
Modulus of Elasticity (31d): 35.5 GPa"
0,Mechanical behaviour of concrete made with fine recycled concrete aggregates,C10R,10% FRA replacement,,"Standard laboratory mixing (10 min in Stage 1, 20 min in Stage 2/3)",Compressive Strength (28d): 62.2 MPa (Stage 1) / 59.0 MPa (Stage 2/3)
0,Mechanical behaviour of concrete made with fine recycled concrete aggregates,C20R,20% FRA replacement,,"Standard laboratory mixing (10 min in Stage 1, 20 min in Stage 2/3)",Compressive Strength (28d): 58.4 MPa (Stage 1) / 57.3 MPa (Stage 2/3)
0,Mechanical behaviour of concrete made with fine recycled concrete aggregates,C30R,30% FRA replacement,,"Standard laboratory mixing (10 min in Stage 1, 20 min in Stage 2/3)","Compressive Strength (28d): 61.3 MPa (Stage 1) / 57.1 MPa (Stage 2/3)
Compressive Strength Evolution (Graph-Derived): ~46.0 MPa (7d) / ~57.1 MPa (28d) / ~61.5 MPa (56d)
Split Tensile Strength (31d): 3.65 MPa
Modulus of Elasticity (31d): 34.2 GPa"
0,Mechanical behaviour of concrete made with fine recycled concrete aggregates,C50R,50% FRA replacement,,"Standard laboratory mixing (10 min in Stage 1, 20 min in Stage 2/3)",Compressive Strength (28d): 60.8 MPa (Stage 1) / 58.8 MPa (Stage 2/3)
0,Mechanical behaviour of concrete made with fine recycled concrete aggregates,C100R,100% FRA replacement,,"Standard laboratory mixing (10 min in Stage 1, 20 min in Stage 2/3)","Compressive Strength (28d): 61.0 MPa (Stage 1) / 54.8 MPa (Stage 2/3)
Compressive Strength Evolution (Graph-Derived): ~42.0 MPa (7d) / ~54.8 MPa (28d) / ~62.0 MPa (56d)
Split Tensile Strength (31d): 2.95 MPa
Modulus of Elasticity (31d): 28.9 GPa"
1,Durability performance of concrete made with fine recycled concrete aggregates,RC,0%,,,59.3 MPa
1,Durability performance of concrete made with fine recycled concrete aggregates,GOR (C30R),30%,,"Crushed in impact crusher, screened to ≤1.19 mm",57.3 MPa
1,Durability performance of concrete made with fine recycled concrete aggregates,C100R,100%,,"Crushed in impact crusher, screened to ≤1.19 mm",54.8 MPa
2,Evaluating and Optimizing Recycled Concrete Fines in PCC Mixtures Containing Supplementary Cementitious Materials,Control (0% Fines),"50% Slag, 0% Fines",,Baseline mix,100% baseline strength reference
2,Evaluating and Optimizing Recycled Concrete Fines in PCC Mixtures Containing Supplementary Cementitious Materials,Fine Type A (5.0%),"50% Slag, 5.0% RCF",,Dried at 40°C,"3-day: +19%, 28-day: +1%"
2,Evaluating and Optimizing Recycled Concrete Fines in PCC Mixtures Containing Supplementary Cementitious Materials,Fine Type B (7.5%),"50% Slag, 7.5% RCF",,Dried at 40°C,"3-day: +19%, 28-day: +11%"
2,Evaluating and Optimizing Recycled Concrete Fines in PCC Mixtures Containing Supplementary Cementitious Materials,Fine Type C (2.5%),"50% Slag, 2.5% RCF",,Dried at 40°C,"3-day: +8%, 28-day: +6%"
2,Evaluating and Optimizing Recycled Concrete Fines in PCC Mixtures Containing Supplementary Cementitious Materials,Fine Type D (2.5%),"50% Slag, 2.5% RCF",,Dried at 40°C,"3-day: +10%, 28-day: +3%"
2,Evaluating and Optimizing Recycled Concrete Fines in PCC Mixtures Containing Supplementary Cementitious Materials,Fine Type E (2.5%),"50% Slag, 2.5% RCF",,Dried at 40°C,"3-day: +6%, 28-day: +8%"
2,Evaluating and Optimizing Recycled Concrete Fines in PCC Mixtures Containing Supplementary Cementitious Materials,Fine Type F (2.5%),"50% Slag, 2.5% RCF",,Dried at 40°C,"3-day: +8%, 28-day: 0%"
2,Evaluating and Optimizing Recycled Concrete Fines in PCC Mixtures Containing Supplementary Cementitious Materials,Fine Type G (7.5%),"50% Slag, 7.5% RCF",,"Wet slurry, ~15% solids","3-day: +11%, 28-day: -2%"
2,Evaluating and Optimizing Recycled Concrete Fines in PCC Mixtures Containing Supplementary Cementitious Materials,Fine Type H (5.0%),"50% Slag, 5.0% RCF",,Dried at 40°C,"3-day: +8%, 28-day: -2%"
2,Evaluating and Optimizing Recycled Concrete Fines in PCC Mixtures Containing Supplementary Cementitious Materials,Control (0% Fines),"37.5% Slag, 0% Fines",,Baseline mix,100% baseline strength reference
2,Evaluating and Optimizing Recycled Concrete Fines in PCC Mixtures Containing Supplementary Cementitious Materials,Fine Type A (5.0%),"37.5% Slag, 5.0% RCF",,Dried at 40°C,"3-day: +5%, 28-day: +9%"
2,Evaluating and Optimizing Recycled Concrete Fines in PCC Mixtures Containing Supplementary Cementitious Materials,Fine Type B (7.5%),"37.5% Slag, 7.5% RCF",,Dried at 40°C,"3-day: +2%, 28-day: +4%"
2,Evaluating and Optimizing Recycled Concrete Fines in PCC Mixtures Containing Supplementary Cementitious Materials,Fine Type C (2.5%),"37.5% Slag, 2.5% RCF",,Dried at 40°C,"3-day: +12%, 28-day: -6%"
2,Evaluating and Optimizing Recycled Concrete Fines in PCC Mixtures Containing Supplementary Cementitious Materials,Fine Type D (2.5%),"37.5% Slag, 2.5% RCF",,Dried at 40°C,"3-day: +4%, 28-day: +6%"
2,Evaluating and Optimizing Recycled Concrete Fines in PCC Mixtures Containing Supplementary Cementitious Materials,Fine Type E (5.0%),"37.5% Slag, 5.0% RCF",,Dried at 40°C,"3-day: +24%, 28-day: +28%"
2,Evaluating and Optimizing Recycled Concrete Fines in PCC Mixtures Containing Supplementary Cementitious Materials,Fine Type F (2.5%),"37.5% Slag, 2.5% RCF",,Dried at 40°C,"3-day: +19%, 28-day: +21%"
2,Evaluating and Optimizing Recycled Concrete Fines in PCC Mixtures Containing Supplementary Cementitious Materials,Fine Type H (5.0%),"37.5% Slag, 5.0% RCF",,Dried at 40°C,"3-day: +14%, 28-day: +21%"
2,Evaluating and Optimizing Recycled Concrete Fines in PCC Mixtures Containing Supplementary Cementitious Materials,Control (0% Fines),"25% Slag, 0% Fines",,Baseline mix,100% baseline strength reference
2,Evaluating and Optimizing Recycled Concrete Fines in PCC Mixtures Containing Supplementary Cementitious Materials,Fine Type A (5.0%),"25% Slag, 5.0% RCF",,Dried at 40°C,"3-day: 0%, 28-day: +4%"
2,Evaluating and Optimizing Recycled Concrete Fines in PCC Mixtures Containing Supplementary Cementitious Materials,Fine Type B (2.5%),"25% Slag, 2.5% RCF",,Dried at 40°C,"3-day: +18%, 28-day: +16%"
2,Evaluating and Optimizing Recycled Concrete Fines in PCC Mixtures Containing Supplementary Cementitious Materials,Fine Type C (1.3%),"25% Slag, 1.3% RCF",,Dried at 40°C,"3-day: +57%, 28-day: +18%"
2,Evaluating and Optimizing Recycled Concrete Fines in PCC Mixtures Containing Supplementary Cementitious Materials,Fine Type D (5.0%),"25% Slag, 5.0% RCF",,Dried at 40°C,"3-day: +12%, 28-day: +21%"
2,Evaluating and Optimizing Recycled Concrete Fines in PCC Mixtures Containing Supplementary Cementitious Materials,Fine Type E (5.0%),"25% Slag, 5.0% RCF",,Dried at 40°C,"3-day: +6%, 28-day: -8%"
2,Evaluating and Optimizing Recycled Concrete Fines in PCC Mixtures Containing Supplementary Cementitious Materials,Fine Type F (5.0%),"25% Slag, 5.0% RCF",,Dried at 40°C,"3-day: +8%, 28-day: +9%"
2,Evaluating and Optimizing Recycled Concrete Fines in PCC Mixtures Containing Supplementary Cementitious Materials,Fine Type H (7.5%),"25% Slag, 7.5% RCF",,Dried at 40°C,"3-day: +4%, 28-day: +16%"
3,Utilization of waste concrete powder as a substitution material for cement,WCP1 - 0% (Control),0%,,Fixed W/B: 0.55,Graphically reported in Fig. 11
3,Utilization of waste concrete powder as a substitution material for cement,WCP1 - 15%,15%,,Fixed W/B: 0.55,Graphically reported in Fig. 11 (28-day: 28% decrease)
3,Utilization of waste concrete powder as a substitution material for cement,WCP1 - 30%,30%,,Fixed W/B: 0.55,Graphically reported in Fig. 11
3,Utilization of waste concrete powder as a substitution material for cement,WCP1 - 45%,45%,,Fixed W/B: 0.55,Graphically reported in Fig. 11 (28-day: 73% decrease)
3,Utilization of waste concrete powder as a substitution material for cement,WCP2 - 0% (Control),0%,,Fixed W/B: 0.55,Graphically reported in Fig. 12
3,Utilization of waste concrete powder as a substitution material for cement,WCP2 - 15%,15%,,Fixed W/B: 0.55,Graphically reported in Fig. 12 (28-day: 25% decrease)
3,Utilization of waste concrete powder as a substitution material for cement,WCP2 - 30%,30%,,Fixed W/B: 0.55,Graphically reported in Fig. 12
3,Utilization of waste concrete powder as a substitution material for cement,WCP2 - 45%,45%,,Fixed W/B: 0.55,Graphically reported in Fig. 12 (28-day: 64% decrease)
4,A study on development of recycled cement made from waste cementitious powder,S0,0% fine aggregate addition,Sintering / Calcination,"Firing Temp: 1200–1450 °C, Time: 60–90 min",32.87 MPa (90-day)
4,A study on development of recycled cement made from waste cementitious powder,S10,10% fine aggregate addition,Sintering / Calcination,"Firing Temp: 1200–1450 °C, Time: 60–90 min",26.79 MPa (90-day)
4,A study on development of recycled cement made from waste cementitious powder,S30,30% fine aggregate addition,Sintering / Calcination,"Firing Temp: 1200–1450 °C, Time: 60–90 min",24.75 MPa (90-day)
4,A study on development of recycled cement made from waste cementitious powder,S50,50% fine aggregate addition,Sintering / Calcination,"Firing Temp: 1200–1450 °C, Time: 60–90 min",44.32% of OPC (90-day)
4,A study on development of recycled cement made from waste cementitious powder,S65,65% fine aggregate addition,Sintering / Calcination,"Firing Temp: 1200–1450 °C, Time: 60–90 min",46.51% of OPC (90-day)
5,Reuse of recycled crushed concrete fines as mineral addition in cementitious materials,Ref,0%,,,"2 days: 26.6 ± 0.89 MPa
7 days: 36.8 ± 0.26 MPa
28 days: 45.8 ± 1.45 MPa
90 days: 52.0 ± 2.15 MPa"
5,Reuse of recycled crushed concrete fines as mineral addition in cementitious materials,RCCF 25,25% (by volume),,Concrete crushed and sieved at 80 μm,"2 days: 24.8 ± 1.32 MPa
7 days: 32.7 ± 0.27 MPa
28 days: 38.4 ± 0.46 MPa
90 days: 38.7 ± 2.24 MPa"
5,Reuse of recycled crushed concrete fines as mineral addition in cementitious materials,RCCF 50,50% (by volume),,Concrete crushed and sieved at 80 μm,"2 days: 10.7 ± 0.14 MPa
7 days: 14.0 ± 0.06 MPa
28 days: 16.4 ± 0.19 MPa
90 days: 17.3 ± 0.91 MPa"
5,Reuse of recycled crushed concrete fines as mineral addition in cementitious materials,RCCF 75,75% (by volume),,Concrete crushed and sieved at 80 μm,"2 days: 2.5 ± 0.05 MPa
7 days: 5.7 ± 0.23 MPa
28 days: 4.2 ± 0.19 MPa
90 days: 4.6 ± 0.91 MPa"
6,Influence of fine recycled concrete aggregates on the properties of mortars,RM-0.5-S,100% (Sand Replacement),,Presaturated 24 h before mixing,Compressive: 45.22 MPa; Flexural: 8.76 MPa
6,Influence of fine recycled concrete aggregates on the properties of mortars,RM-0.5-D,100% (Sand Replacement),,Heated at 105 °C for 24 h (Dried),Compressive: 49.84 MPa; Flexural: 8.78 MPa
6,Influence of fine recycled concrete aggregates on the properties of mortars,RM-0.55-S,100% (Sand Replacement),,Presaturated 24 h before mixing,Compressive: 43.01 MPa; Flexural: 8.10 MPa
6,Influence of fine recycled concrete aggregates on the properties of mortars,RM-0.55-D,100% (Sand Replacement),,Heated at 105 °C for 24 h (Dried),Compressive: 45.34 MPa; Flexural: 8.15 MPa
6,Influence of fine recycled concrete aggregates on the properties of mortars,RM-0.6-S,100% (Sand Replacement),,Presaturated 24 h before mixing,Compressive: 41.96 MPa; Flexural: 7.72 MPa
6,Influence of fine recycled concrete aggregates on the properties of mortars,RM-0.6-D,100% (Sand Replacement),,Heated at 105 °C for 24 h (Dried),Compressive: 43.76 MPa; Flexural: 7.80 MPa
6,Influence of fine recycled concrete aggregates on the properties of mortars,RM-0.5-10,10% (Sand Replacement),,Presaturated 24 h before mixing,Compressive: 66.63 MPa; Flexural: 13.06 MPa
6,Influence of fine recycled concrete aggregates on the properties of mortars,RM-0.5-20,20% (Sand Replacement),,Presaturated 24 h before mixing,Compressive: 64.58 MPa; Flexural: 12.05 MPa
6,Influence of fine recycled concrete aggregates on the properties of mortars,RM-0.5-30,30% (Sand Replacement),,Presaturated 24 h before mixing,Compressive: 57.23 MPa; Flexural: 10.86 MPa
6,Influence of fine recycled concrete aggregates on the properties of mortars,RM-0.5-50,50% (Sand Replacement),,Presaturated 24 h before mixing,Compressive: 53.84 MPa; Flexural: 10.53 MPa
6,Influence of fine recycled concrete aggregates on the properties of mortars,RM-0.5-100,100% (Sand Replacement),,Presaturated 24 h before mixing,Compressive: 42.09 MPa; Flexural: 8.54 MPa
6,Influence of fine recycled concrete aggregates on the properties of mortars,RM-0.6-10,10% (Sand Replacement),,Presaturated 24 h before mixing,Compressive: 51.17 MPa; Flexural: 10.55 MPa
6,Influence of fine recycled concrete aggregates on the properties of mortars,RM-0.6-20,20% (Sand Replacement),,Presaturated 24 h before mixing,Compressive: 49.32 MPa; Flexural: 10.21 MPa
6,Influence of fine recycled concrete aggregates on the properties of mortars,RM-0.6-30,30% (Sand Replacement),,Presaturated 24 h before mixing,Compressive: 47.37 MPa; Flexural: 10.00 MPa
6,Influence of fine recycled concrete aggregates on the properties of mortars,RM-0.6-50,50% (Sand Replacement),,Presaturated 24 h before mixing,Compressive: 46.92 MPa; Flexural: 9.16 MPa
6,Influence of fine recycled concrete aggregates on the properties of mortars,RM-0.6-100,100% (Sand Replacement),,Presaturated 24 h before mixing,Compressive: 39.14 MPa; Flexural: 8.00 MPa
6,Influence of fine recycled concrete aggregates on the properties of mortars,RM-0.5-0/0.63,29.31% by volume,,Fraction 0/0.63 mm replaced; Presaturated,Compressive: 45.55 MPa; Flexural: 10.19 MPa
6,Influence of fine recycled concrete aggregates on the properties of mortars,RM-0.5-0.63/1.25,20.50% by volume,,Fraction 0.63/1.25 mm replaced; Presaturated,Compressive: 52.54 MPa; Flexural: 9.66 MPa
6,Influence of fine recycled concrete aggregates on the properties of mortars,RM-0.5-1.25/2.5,32.08% by volume,,Fraction 1.25/2.5 mm replaced; Presaturated,Compressive: 52.22 MPa; Flexural: 9.83 MPa
6,Influence of fine recycled concrete aggregates on the properties of mortars,RM-0.5-2.5/5,17.79% by volume,,Fraction 2.5/5 mm replaced; Presaturated,Compressive: 58.32 MPa; Flexural: 11.22 MPa
6,Influence of fine recycled concrete aggregates on the properties of mortars,RM-0.6-0/0.63,29.31% by volume,,Fraction 0/0.63 mm replaced; Presaturated,Compressive: 44.29 MPa; Flexural: 9.24 MPa
6,Influence of fine recycled concrete aggregates on the properties of mortars,RM-0.6-0.63/1.25,20.50% by volume,,Fraction 0.63/1.25 mm replaced; Presaturated,Compressive: 50.06 MPa; Flexural: 9.67 MPa
6,Influence of fine recycled concrete aggregates on the properties of mortars,RM-0.6-1.25/2.5,32.08% by volume,,Fraction 1.25/2.5 mm replaced; Presaturated,Compressive: 50.85 MPa; Flexural: 9.77 MPa
6,Influence of fine recycled concrete aggregates on the properties of mortars,RM-0.6-2.5/5,17.79% by volume,,Fraction 2.5/5 mm replaced; Presaturated,Compressive: 52.08 MPa; Flexural: 10.38 MPa
7,PROPERTIES AND MICROSTRUCTURE OF CEMENT PASTE INCLUDING RECYCLED CONCRETE POWDER,CEM (ref),0%,,,52.1 MPa (Compressive) / 4.0 MPa (Flexural)
7,PROPERTIES AND MICROSTRUCTURE OF CEMENT PASTE INCLUDING RECYCLED CONCRETE POWDER,RCP 5 (5%),5 wt%,Mechanical Activation,Milled at high speed,57.3 MPa (Compressive) / 4.3 MPa (Flexural)
7,PROPERTIES AND MICROSTRUCTURE OF CEMENT PASTE INCLUDING RECYCLED CONCRETE POWDER,RCP 10 (10%),10 wt%,Mechanical Activation,Milled at high speed,50.2 MPa (Compressive) / 4.2 MPa (Flexural)
7,PROPERTIES AND MICROSTRUCTURE OF CEMENT PASTE INCLUDING RECYCLED CONCRETE POWDER,RCP 15 (15%),15 wt%,Mechanical Activation,Milled at high speed,51.8 MPa (Compressive) / 5.0 MPa (Flexural)
7,PROPERTIES AND MICROSTRUCTURE OF CEMENT PASTE INCLUDING RECYCLED CONCRETE POWDER,RCP 20 (20%),20 wt%,Mechanical Activation,Milled at high speed,56.9 MPa (Compressive) / 3.8 MPa (Flexural)
7,PROPERTIES AND MICROSTRUCTURE OF CEMENT PASTE INCLUDING RECYCLED CONCRETE POWDER,RCP 25 (25%),25 wt%,Mechanical Activation,Milled at high speed,50.1 MPa (Compressive) / 3.3 MPa (Flexural)
8,Influence of increasing amount of recycled concrete powder on mechanical properties of cement paste,CEM (ref),0 wt.%,,,Compressive: 76.6 MPa; Flexural: 3.0 MPa
8,Influence of increasing amount of recycled concrete powder on mechanical properties of cement paste,RCP 10,10 wt.%,Mechanical activation (milling),High speed mill,Compressive: 50.2 MPa; Flexural: 4.2 MPa
8,Influence of increasing amount of recycled concrete powder on mechanical properties of cement paste,RCP 20,20 wt.%,Mechanical activation (milling),High speed mill,Compressive: 56.9 MPa; Flexural: 3.8 MPa
8,Influence of increasing amount of recycled concrete powder on mechanical properties of cement paste,RCP 30,30 wt.%,Mechanical activation (milling),High speed mill,Compressive: 45.7 MPa; Flexural: 2.8 MPa
8,Influence of increasing amount of recycled concrete powder on mechanical properties of cement paste,RCP 40,40 wt.%,Mechanical activation (milling),High speed mill,Compressive: 38.8 MPa; Flexural: 2.9 MPa
8,Influence of increasing amount of recycled concrete powder on mechanical properties of cement paste,RCP 50,50 wt.%,Mechanical activation (milling),High speed mill,Compressive: 25.4 MPa; Flexural: 3.5 MPa
9,Recycled cement,OPC,0%,,Control Mix,"1D: ~8 MPa, 7D: ~28 MPa, 28D: ~35.5 MPa"
9,Recycled cement,#1,100%,Thermal,Burn Temperature: 120 °C; Passed Sieve: 150 mm,"1D: ~1 MPa, 7D: ~4 MPa, 28D: ~5 MPa"
9,Recycled cement,#2,100%,Thermal,Burn Temperature: 450 °C; Passed Sieve: 150 mm,"1D: ~4 MPa, 7D: ~27 MPa, 28D: ~35 MPa"
9,Recycled cement,#3,100%,Thermal,Burn Temperature: 750 °C; Passed Sieve: 150 mm,"1D: ~1 MPa, 7D: ~14 MPa, 28D: ~21.5 MPa"
9,Recycled cement,#4,100%,Thermal,Burn Temperature: 1100 °C; Passed Sieve: 150 mm,"1D: ~1 MPa, 7D: ~1.5 MPa, 28D: ~4.5 MPa"
9,Recycled cement,#5,100%,Thermal,Burn Temperature: 450 °C; Passed Sieve: 300 mm,"1D: ~10 MPa, 7D: ~23 MPa, 28D: ~32.5 MPa"
9,Recycled cement,#6,70%,Thermal,Burn Temperature: 450 °C; Passed Sieve: 300 mm; 30% GGBS added,"1D: ~7 MPa, 7D: ~28 MPa, 28D: ~38 MPa"
10,Mechanical properties of concrete mixed with recycled powder produced from construction and demolition waste,RPC-0%RP (NC) (w/b 0.4),0%,,w/b = 0.4,~48.5 MPa
10,Mechanical properties of concrete mixed with recycled powder produced from construction and demolition waste,RPC-15%RP (w/b 0.4),15%,,w/b = 0.4,~47.3 MPa
10,Mechanical properties of concrete mixed with recycled powder produced from construction and demolition waste,RPC-30%RP (w/b 0.4),30%,,w/b = 0.4,~44.8 MPa
10,Mechanical properties of concrete mixed with recycled powder produced from construction and demolition waste,RPC-45%RP (w/b 0.4),45%,,w/b = 0.4,~38.3 MPa
10,Mechanical properties of concrete mixed with recycled powder produced from construction and demolition waste,RPC-15%RP+15%FA (w/b 0.4),15% RP + 15% Fly Ash,,w/b = 0.4,~45.0 MPa
10,Mechanical properties of concrete mixed with recycled powder produced from construction and demolition waste,RPC-0%RP (NC) (w/b 0.5),0%,,w/b = 0.5,~34.0 MPa
10,Mechanical properties of concrete mixed with recycled powder produced from construction and demolition waste,RPC-15%RP (w/b 0.5),15%,,w/b = 0.5,~36.0 MPa
10,Mechanical properties of concrete mixed with recycled powder produced from construction and demolition waste,RPC-30%RP (w/b 0.5),30%,,w/b = 0.5,~33.0 MPa
10,Mechanical properties of concrete mixed with recycled powder produced from construction and demolition waste,RPC-45%RP (w/b 0.5),45%,,w/b = 0.5,~25.4 MPa
10,Mechanical properties of concrete mixed with recycled powder produced from construction and demolition waste,RPC-15%RP+15%FA (w/b 0.5),15% RP + 15% Fly Ash,,w/b = 0.5,~35.5 MPa
11,The Properties of Composites with Recycled Cement Mortar Used as a Supplementary Cementitious Material,Series 1,25%,Thermal & Mechanical,Calcination: 350 °C for 40 min; Grinding: 15 min,~30.0 MPa (Graph-derived)
11,The Properties of Composites with Recycled Cement Mortar Used as a Supplementary Cementitious Material,Series 2,25%,Thermal & Mechanical,Calcination: 350 °C for 80 min; Grinding: 15 min,~32.0 MPa (Graph-derived)
11,The Properties of Composites with Recycled Cement Mortar Used as a Supplementary Cementitious Material,Series 3,25%,Thermal & Mechanical,Calcination: 650 °C for 40 min; Grinding: 15 min,~43.0 MPa (Graph-derived)
11,The Properties of Composites with Recycled Cement Mortar Used as a Supplementary Cementitious Material,Series 4,25%,Thermal & Mechanical,Calcination: 650 °C for 80 min; Grinding: 15 min,~44.0 MPa (Graph-derived)
11,The Properties of Composites with Recycled Cement Mortar Used as a Supplementary Cementitious Material,Series 5,25%,Thermal & Mechanical,Calcination: 288 °C for 60 min; Grinding: 15 min,~29.5 MPa (Graph-derived)
11,The Properties of Composites with Recycled Cement Mortar Used as a Supplementary Cementitious Material,Series 6,25%,Thermal & Mechanical,Calcination: 712 °C for 60 min; Grinding: 15 min,~41.5 MPa (Graph-derived)
11,The Properties of Composites with Recycled Cement Mortar Used as a Supplementary Cementitious Material,Series 7,25%,Thermal & Mechanical,Calcination: 500 °C for 30 min; Grinding: 15 min,~34.0 MPa (Graph-derived)
11,The Properties of Composites with Recycled Cement Mortar Used as a Supplementary Cementitious Material,Series 8,25%,Thermal & Mechanical,Calcination: 500 °C for 90 min; Grinding: 15 min,~38.0 MPa (Graph-derived)
11,The Properties of Composites with Recycled Cement Mortar Used as a Supplementary Cementitious Material,Series 9,25%,Thermal & Mechanical,Calcination: 500 °C for 60 min; Grinding: 15 min,~36.2 MPa (Graph-derived)
11,The Properties of Composites with Recycled Cement Mortar Used as a Supplementary Cementitious Material,Series 10,25%,Thermal & Mechanical,Calcination: 500 °C for 60 min; Grinding: 15 min,~36.2 MPa (Graph-derived)
11,The Properties of Composites with Recycled Cement Mortar Used as a Supplementary Cementitious Material,Series 11 (Control),0%,,Standard Portland cement mortar mix,~41.0 MPa (Graph-derived)
11,The Properties of Composites with Recycled Cement Mortar Used as a Supplementary Cementitious Material,Series 12 (Control),25%,Mechanical only (No Thermal),Untreated raw RCM; Grinding: 15 min,~24.0 MPa (Graph-derived)
12,Construction and demolition waste as partial cement replacement,CTL,0%,,,"Compressive Strength:
7 d: 45.3 +/- 1.3 MPa
28 d: 54.6 +/- 1.2 MPa
90 d: 60.3 +/- 2.9 MPa"
12,Construction and demolition waste as partial cement replacement,CDWg5,5%,,Ground in a ball mill for 80 h,"Compressive Strength:
7 d: 42.1 +/- 0.8 MPa
28 d: 49.4 +/- 0.4 MPa
90 d: 55.5 +/- 1.8 MPa"
12,Construction and demolition waste as partial cement replacement,CDWg10,10%,,Ground in a ball mill for 80 h,"Compressive Strength:
7 d: 37.5 +/- 0.8 MPa
28 d: 45.7 +/- 1.7 MPa
90 d: 54.1 +/- 1.7 MPa"
13,Rheological and Mechanical Properties of Ultra-High-Performance Concrete Containing Fine Recycled Concrete Aggregates,N100R0,0 wt.% fine RCA,,w/b: 0.18,177.13 MPa
13,Rheological and Mechanical Properties of Ultra-High-Performance Concrete Containing Fine Recycled Concrete Aggregates,N80R20,20 wt.% fine RCA,,w/b: 0.18,179.78 MPa
13,Rheological and Mechanical Properties of Ultra-High-Performance Concrete Containing Fine Recycled Concrete Aggregates,N60R40,40 wt.% fine RCA,,w/b: 0.18,184.26 MPa
13,Rheological and Mechanical Properties of Ultra-High-Performance Concrete Containing Fine Recycled Concrete Aggregates,N40R60,60 wt.% fine RCA,,w/b: 0.18,180.32 MPa
13,Rheological and Mechanical Properties of Ultra-High-Performance Concrete Containing Fine Recycled Concrete Aggregates,N20R80,80 wt.% fine RCA,,w/b: 0.18,177.30 MPa
13,Rheological and Mechanical Properties of Ultra-High-Performance Concrete Containing Fine Recycled Concrete Aggregates,N0R100,100 wt.% fine RCA,,w/b: 0.18,173.05 MPa
14,Investigation of recycled powder as supplementary cementitious material,Control mix,0%,,w/b = 0.5,28 d Compressive Strength: ~63.7 MPa [GRAPH-DERIVED from Fig. 5]
14,Investigation of recycled powder as supplementary cementitious material,FA,30% (Fly ash),,w/b = 0.5,28 d Compressive Strength: ~45.7 MPa [GRAPH-DERIVED from Fig. 5]
14,Investigation of recycled powder as supplementary cementitious material,SS,30% (Standard sand),,w/b = 0.5,28 d Compressive Strength: ~31.3 MPa [GRAPH-DERIVED from Fig. 5]
14,Investigation of recycled powder as supplementary cementitious material,GS,30% (Ground sand),,w/b = 0.5,28 d Compressive Strength: ~40.8 MPa [GRAPH-DERIVED from Fig. 5]
14,Investigation of recycled powder as supplementary cementitious material,RP,30% (Recycled powder),,w/b = 0.5,28 d Compressive Strength: ~45.4 MPa [GRAPH-DERIVED from Fig. 5]
14,Investigation of recycled powder as supplementary cementitious material,NaOH-0,30% (Recycled powder),,w/b = 0.5,See NaOH-0 trends in Fig. 10
14,Investigation of recycled powder as supplementary cementitious material,NaOH-1,30% (Recycled powder),0.5% NaOH by mass of RP,w/b = 0.5,See NaOH-1 trends in Fig. 10
14,Investigation of recycled powder as supplementary cementitious material,NaOH-2,30% (Recycled powder),1.0% NaOH by mass of RP,w/b = 0.5,See NaOH-2 trends in Fig. 10
14,Investigation of recycled powder as supplementary cementitious material,NaOH-3,30% (Recycled powder),1.5% NaOH by mass of RP,w/b = 0.5,See NaOH-3 trends in Fig. 10
14,Investigation of recycled powder as supplementary cementitious material,NaOH-4,30% (Recycled powder),2.0% NaOH by mass of RP,w/b = 0.5,See NaOH-4 trends in Fig. 10
14,Investigation of recycled powder as supplementary cementitious material,CaO-0,30% (Recycled powder),,w/b = 0.5,See CaO-0 trends in Fig. 12
14,Investigation of recycled powder as supplementary cementitious material,CaO-1,30% (Recycled powder),3% CaO by mass of RP,w/b = 0.5,See CaO-1 trends in Fig. 12
14,Investigation of recycled powder as supplementary cementitious material,CaO-2,30% (Recycled powder),6% CaO by mass of RP,w/b = 0.5,See CaO-2 trends in Fig. 12
14,Investigation of recycled powder as supplementary cementitious material,CaO-3,30% (Recycled powder),9% CaO by mass of RP,w/b = 0.5,See CaO-3 trends in Fig. 12
14,Investigation of recycled powder as supplementary cementitious material,CaO-4,30% (Recycled powder),12% CaO by mass of RP,w/b = 0.5,See CaO-4 trends in Fig. 12
14,Investigation of recycled powder as supplementary cementitious material,Na2SO4-0,30% (Recycled powder),,w/b = 0.5,See Na2SO4-0 trends in Fig. 13
14,Investigation of recycled powder as supplementary cementitious material,Na2SO4-1,30% (Recycled powder),0.5% Na2SO4 by mass of RP,w/b = 0.5,See Na2SO4-1 trends in Fig. 13
14,Investigation of recycled powder as supplementary cementitious material,Na2SO4-2,30% (Recycled powder),1.0% Na2SO4 by mass of RP,w/b = 0.5,See Na2SO4-2 trends in Fig. 13
14,Investigation of recycled powder as supplementary cementitious material,Na2SO4-3,30% (Recycled powder),1.5% Na2SO4 by mass of RP,w/b = 0.5,See Na2SO4-3 trends in Fig. 13
14,Investigation of recycled powder as supplementary cementitious material,Na2SO4-4,30% (Recycled powder),2.0% Na2SO4 by mass of RP,w/b = 0.5,See Na2SO4-4 trends in Fig. 13
14,Investigation of recycled powder as supplementary cementitious material,TGA-CT,0%,,"Paste mix (Cement: 200g, Water: 100g)",
14,Investigation of recycled powder as supplementary cementitious material,TGA-RP,30% (Recycled powder),,"Paste mix (Cement: 140g, RP: 60g, Water: 100g)",
14,Investigation of recycled powder as supplementary cementitious material,NaOH-0-NRP,0%,,Control for activation comparison,See Fig. 15
14,Investigation of recycled powder as supplementary cementitious material,NaOH-1-NRP,0%,0.5% NaOH by mass of 30% cement,Control for activation comparison,See Fig. 15
14,Investigation of recycled powder as supplementary cementitious material,CaO-0-NRP,0%,,Control for activation comparison,See Fig. 16
14,Investigation of recycled powder as supplementary cementitious material,CaO-3-NRP,0%,9% CaO by mass of 30% cement,Control for activation comparison,See Fig. 16
15,Thermal Performance of Concrete with Recycled Concrete Powder as Partial Cement Replacement and Recycled CDW Aggregate,NAC,0%,,Target workability S2,42.8 ± 1.1 MPa
15,Thermal Performance of Concrete with Recycled Concrete Powder as Partial Cement Replacement and Recycled CDW Aggregate,N10/0 (also reported as R10/0),10%,,"Target workability S2, Max GRC size 147 um",34.8 ± 1.4 MPa
15,Thermal Performance of Concrete with Recycled Concrete Powder as Partial Cement Replacement and Recycled CDW Aggregate,N25/0 (also reported as R25/0),25%,,"Target workability S2, Max GRC size 147 um",26.5 ± 0.9 MPa
15,Thermal Performance of Concrete with Recycled Concrete Powder as Partial Cement Replacement and Recycled CDW Aggregate,R0/50,0%,,"Target workability S2, 50% MRA",28.5 ± 1.2 MPa
15,Thermal Performance of Concrete with Recycled Concrete Powder as Partial Cement Replacement and Recycled CDW Aggregate,R10/50,10%,,"Target workability S2, 50% MRA, Max GRC size 147 um",26.9 ± 1.4 MPa
15,Thermal Performance of Concrete with Recycled Concrete Powder as Partial Cement Replacement and Recycled CDW Aggregate,R25/50,25%,,"Target workability S2, 50% MRA, Max GRC size 147 um",18.3 ± 0.9 MPa
16,Mechanical behaviour of structural concrete with ground recycled concrete cement and mixed recycled aggregate,NAC,0%,,,46.6 ± 1.2 MPa
16,Mechanical behaviour of structural concrete with ground recycled concrete cement and mixed recycled aggregate,N10/0,10%,,Ball-grinding for 2 h at 60 rpm,37.8 ± 1.4 MPa
16,Mechanical behaviour of structural concrete with ground recycled concrete cement and mixed recycled aggregate,N25/0,25%,,Ball-grinding for 2 h at 60 rpm,27.7 ± 0.9 MPa
16,Mechanical behaviour of structural concrete with ground recycled concrete cement and mixed recycled aggregate,R0/50,0%,,,34.8 ± 1.2 MPa
16,Mechanical behaviour of structural concrete with ground recycled concrete cement and mixed recycled aggregate,R10/50,10%,,Ball-grinding for 2 h at 60 rpm,32.8 ± 1.4 MPa
16,Mechanical behaviour of structural concrete with ground recycled concrete cement and mixed recycled aggregate,R25/50,25%,,Ball-grinding for 2 h at 60 rpm,23.3 ± 0.9 MPa
17,Mortars with thermo activated recycled cement: Fresh and mechanical characterisation,MA0,0,,"Control mix, w/b = 0.50",65.1
17,Mortars with thermo activated recycled cement: Fresh and mechanical characterisation,MA20,20,Thermal,"Coarse Powder (CP), Activated at 700 °C, w/b = 0.50",59.7
17,Mortars with thermo activated recycled cement: Fresh and mechanical characterisation,MA50,50,Thermal,"Coarse Powder (CP), Activated at 700 °C, w/b = 0.56",47.1
17,Mortars with thermo activated recycled cement: Fresh and mechanical characterisation,MA100,100,Thermal,"Coarse Powder (CP), Activated at 700 °C, w/b = 0.67",23.1
17,Mortars with thermo activated recycled cement: Fresh and mechanical characterisation,MB0,0,,"Control mix, w/b = 0.67",44.2
17,Mortars with thermo activated recycled cement: Fresh and mechanical characterisation,NT20,20,,"Non-treated RC filler, w/b = 0.50",48.4
17,Mortars with thermo activated recycled cement: Fresh and mechanical characterisation,MC0,0,,"Control mix, w/b = 0.58",51.3
17,Mortars with thermo activated recycled cement: Fresh and mechanical characterisation,MC20,20,Thermal,"Coarse Powder (CP), Activated at 700 °C, w/b = 0.58",45.6
17,Mortars with thermo activated recycled cement: Fresh and mechanical characterisation,MC50,50,Thermal,"Coarse Powder (CP), Activated at 700 °C, w/b = 0.58",39.7
17,Mortars with thermo activated recycled cement: Fresh and mechanical characterisation,MC100,100,Thermal,"Coarse Powder (CP), Activated at 700 °C, w/b = 0.58, 1% SP",27.1
17,Mortars with thermo activated recycled cement: Fresh and mechanical characterisation,MD0,0,,"Control mix, w/b = 0.40, 0.4% SP",76.5
17,Mortars with thermo activated recycled cement: Fresh and mechanical characterisation,MD20,20,Thermal,"Coarse Powder (CP), Activated at 700 °C, w/b = 0.40, 1.3% SP",74.9
17,Mortars with thermo activated recycled cement: Fresh and mechanical characterisation,MD50,50,Thermal,"Coarse Powder (CP), Activated at 700 °C, w/b = 0.40, 2% SP",66.9
17,Mortars with thermo activated recycled cement: Fresh and mechanical characterisation,MFP400,100,Thermal,"Fine Powder (FP), Activated at 400 °C, w/b = 0.70",1.2
17,Mortars with thermo activated recycled cement: Fresh and mechanical characterisation,MFP500,100,Thermal,"Fine Powder (FP), Activated at 500 °C, w/b = 0.70",9.3
17,Mortars with thermo activated recycled cement: Fresh and mechanical characterisation,MFP600,100,Thermal,"Fine Powder (FP), Activated at 600 °C, w/b = 0.70",21.6
17,Mortars with thermo activated recycled cement: Fresh and mechanical characterisation,MFP700,100,Thermal,"Fine Powder (FP), Activated at 700 °C, w/b = 0.72",15.9
17,Mortars with thermo activated recycled cement: Fresh and mechanical characterisation,MFP800,100,Thermal,"Fine Powder (FP), Activated at 800 °C, w/b = 0.76",26.4
17,Mortars with thermo activated recycled cement: Fresh and mechanical characterisation,MFP900,100,Thermal,"Fine Powder (FP), Activated at 900 °C, w/b = 0.77",24.6
18,Strength enhancement of artificial aggregate prepared with waste concrete powder and its impact on concrete properties,S1,0%,,"Coarse aggregate: Natural aggregate (1114 kg/m³), W/C = 0.5","3d: 26.9 MPa
7d: 38.8 MPa
28d: 43.5 MPa"
18,Strength enhancement of artificial aggregate prepared with waste concrete powder and its impact on concrete properties,S2,100% coarse aggregate replacement,"Chemical activation within WCPA pellet structure (10% Cement, 20% Slag, 3% Ca(OH)2) + CO2 Curing","Coarse aggregate: C10G20CH3 aggregate (723 kg/m³), W/C = 0.5","3d: 14.9 MPa
7d: 19.8 MPa
28d: 27.8 MPa"
18,Strength enhancement of artificial aggregate prepared with waste concrete powder and its impact on concrete properties,S3,100% coarse aggregate replacement,"Chemical activation within WCPA pellet structure (20% Cement, 20% Slag, 3% Ca(OH)2) + CO2 Curing","Coarse aggregate: C20G20CH3 aggregate (758 kg/m³), W/C = 0.5","3d: 16.6 MPa
7d: 21.4 MPa
28d: 31.8 MPa"
18,Strength enhancement of artificial aggregate prepared with waste concrete powder and its impact on concrete properties,S4,100% coarse aggregate replacement,,"Coarse aggregate: Ceramsite (231 kg/m³), W/C = 0.5","3d: 11.4 MPa
7d: 13.6 MPa
28d: 15.8 MPa"
19,Use of concrete fine fraction waste as a replacement of Portland cement,Mortar RC1-15%,15%,,"Comminuted, retained sieve #200 (0.074 mm)",
19,Use of concrete fine fraction waste as a replacement of Portland cement,Mortar RC1-25%,25%,,"Comminuted, retained sieve #200 (0.074 mm)",
19,Use of concrete fine fraction waste as a replacement of Portland cement,Mortar RC1-50%,50%,,"Comminuted, retained sieve #200 (0.074 mm)",
19,Use of concrete fine fraction waste as a replacement of Portland cement,Mortar RC2-15%,15%,,"Comminuted, retained sieve #325 (0.044 mm)",~32 MPa (28-day)  *(Graph-derived)
19,Use of concrete fine fraction waste as a replacement of Portland cement,Mortar RC2-25%,25%,,"Comminuted, retained sieve #325 (0.044 mm)",~28 MPa (28-day)  *(Graph-derived)
19,Use of concrete fine fraction waste as a replacement of Portland cement,Mortar RC2-50%,50%,,"Comminuted, retained sieve #325 (0.044 mm)",
19,Use of concrete fine fraction waste as a replacement of Portland cement,Mortar RC3-15%,15%,,"Comminuted, passed sieve #325 (bottom)",~31 MPa (28-day)  *(Graph-derived)
19,Use of concrete fine fraction waste as a replacement of Portland cement,Mortar RC3-25%,25%,,"Comminuted, passed sieve #325 (bottom)",~25.5 MPa (28-day)  *(Graph-derived)
19,Use of concrete fine fraction waste as a replacement of Portland cement,Mortar RC4-15%,15%,,"Comminuted, passed sieve #100 (sum blend)",~27 MPa (7d); ~34 MPa (28d); ~33.5 MPa (91d)  *(Graph-derived)
19,Use of concrete fine fraction waste as a replacement of Portland cement,Mortar RC4-25%,25%,,"Comminuted, passed sieve #100 (sum blend)",~24.8 MPa (7d); ~29 MPa (28d); ~32 MPa (91d)  *(Graph-derived)
19,Use of concrete fine fraction waste as a replacement of Portland cement,Mortar RC4-50%,50%,,"Comminuted, passed sieve #100 (sum blend)",~10.5 MPa (7d); ~15.8 MPa (28d); ~16.5 MPa (91d)  *(Graph-derived)
19,Use of concrete fine fraction waste as a replacement of Portland cement,Concrete-0% (REF),0%,,Control reference concrete mix,~40 MPa (28d); ~45.5 MPa (91d)  *(Graph-derived)
19,Use of concrete fine fraction waste as a replacement of Portland cement,Concrete RC4-15%,15%,,"Comminuted, passed sieve #100",~34.5 MPa (28d); ~38.2 MPa (91d)  *(Graph-derived)
19,Use of concrete fine fraction waste as a replacement of Portland cement,Concrete RC4-25%,25%,,"Comminuted, passed sieve #100",~31.5 MPa (28d); ~36.5 MPa (91d)  *(Graph-derived)
20,"Surface characterization of carbonated recycled concrete fines and its effect on the rheology, hydration and strength development of cement paste",PC,0%,,w/b = 0.4,
20,"Surface characterization of carbonated recycled concrete fines and its effect on the rheology, hydration and strength development of cement paste",R1,30% RP,,w/b = 0.4,
20,"Surface characterization of carbonated recycled concrete fines and its effect on the rheology, hydration and strength development of cement paste",C1,30% CRP,Carbonation,"Chamber at 20±2°C, 70±5% RH, 20±3% CO2, 0.1 MPa, 12 days; w/b = 0.4",
20,"Surface characterization of carbonated recycled concrete fines and its effect on the rheology, hydration and strength development of cement paste",R2,40% RP,,w/b = 0.4,
20,"Surface characterization of carbonated recycled concrete fines and its effect on the rheology, hydration and strength development of cement paste",C2,40% CRP,Carbonation,"Chamber at 20±2°C, 70±5% RH, 20±3% CO2, 0.1 MPa, 12 days; w/b = 0.4",
21,Study on Properties of Waste Concrete Powder by Thermal Treatment and Application in Mortar,E-0,0%,,Reference Mortar,"Compressive: 29.41 MPa (3d), 46.82 MPa (7d), 55.34 MPa (28d)
Flexural: 5.44 MPa (3d), 7.27 MPa (7d), 8.79 MPa (28d)"
21,Study on Properties of Waste Concrete Powder by Thermal Treatment and Application in Mortar,E-1,30%,Thermal Treatment: 0 °C,Heated for 3 h,"Compressive: 17.68 MPa (3d), 25.16 MPa (7d), 41.91 MPa (28d)
Flexural: 3.58 MPa (3d), 4.43 MPa (7d), 4.63 MPa (28d)"
21,Study on Properties of Waste Concrete Powder by Thermal Treatment and Application in Mortar,E-2,30%,Thermal Treatment: 200 °C,Heated for 3 h,"Compressive: 14.34 MPa (3d), 26.20 MPa (7d), 38.98 MPa (28d)
Flexural: 3.33 MPa (3d), 5.72 MPa (7d), 6.18 MPa (28d)"
21,Study on Properties of Waste Concrete Powder by Thermal Treatment and Application in Mortar,E-3,30%,Thermal Treatment: 400 °C,Heated for 3 h,"Compressive: 14.97 MPa (3d), 29.92 MPa (7d), 42.64 MPa (28d)
Flexural: 3.66 MPa (3d), 6.52 MPa (7d), 7.06 MPa (28d)"
21,Study on Properties of Waste Concrete Powder by Thermal Treatment and Application in Mortar,E-4,30%,Thermal Treatment: 600 °C,Heated for 3 h,"Compressive: 16.68 MPa (3d), 23.16 MPa (7d), 39.82 MPa (28d)
Flexural: 3.81 MPa (3d), 5.15 MPa (7d), 5.89 MPa (28d)"
21,Study on Properties of Waste Concrete Powder by Thermal Treatment and Application in Mortar,E-5,30%,Thermal Treatment: 700 °C,Heated for 3 h,"Compressive: 23.71 MPa (3d), 33.43 MPa (7d), 47.71 MPa (28d)
Flexural: 4.91 MPa (3d), 6.42 MPa (7d), 6.83 MPa (28d)"
21,Study on Properties of Waste Concrete Powder by Thermal Treatment and Application in Mortar,E-6,30%,Thermal Treatment: 800 °C,Heated for 3 h,"Compressive: 17.53 MPa (3d), 28.44 MPa (7d), 36.98 MPa (28d)
Flexural: 3.96 MPa (3d), 5.36 MPa (7d), 6.23 MPa (28d)"
22,The utilization of eco-friendly recycled powder from concrete and brick waste in new concrete: A critical review,RCP concrete (w/b=0.35),0%,Mechanical Grinding,w/b = 0.35,65.96 MPa
22,The utilization of eco-friendly recycled powder from concrete and brick waste in new concrete: A critical review,RCP concrete (w/b=0.35),10%,Mechanical Grinding,w/b = 0.35,60.69 MPa
22,The utilization of eco-friendly recycled powder from concrete and brick waste in new concrete: A critical review,RCP concrete (w/b=0.35),20%,Mechanical Grinding,w/b = 0.35,59.19 MPa
22,The utilization of eco-friendly recycled powder from concrete and brick waste in new concrete: A critical review,RCP concrete (w/b=0.35),30%,Mechanical Grinding,w/b = 0.35,56.18 MPa
22,The utilization of eco-friendly recycled powder from concrete and brick waste in new concrete: A critical review,RCP concrete (w/b=0.35),40%,Mechanical Grinding,w/b = 0.35,45.64 MPa
22,The utilization of eco-friendly recycled powder from concrete and brick waste in new concrete: A critical review,RCP concrete (w/b=0.40),0%,Mechanical Grinding,w/b = 0.40,61.68 MPa
22,The utilization of eco-friendly recycled powder from concrete and brick waste in new concrete: A critical review,RCP concrete (w/b=0.40),10%,Mechanical Grinding,w/b = 0.40,58.32 MPa
22,The utilization of eco-friendly recycled powder from concrete and brick waste in new concrete: A critical review,RCP concrete (w/b=0.40),20%,Mechanical Grinding,w/b = 0.40,49.44 MPa
22,The utilization of eco-friendly recycled powder from concrete and brick waste in new concrete: A critical review,RCP concrete (w/b=0.40),30%,Mechanical Grinding,w/b = 0.40,38.88 MPa
22,The utilization of eco-friendly recycled powder from concrete and brick waste in new concrete: A critical review,RCP concrete (w/b=0.40),40%,Mechanical Grinding,w/b = 0.40,38.40 MPa
22,The utilization of eco-friendly recycled powder from concrete and brick waste in new concrete: A critical review,RCP concrete (w/b=0.54),0%,Mechanical Grinding,w/b = 0.54,38.1 MPa
22,The utilization of eco-friendly recycled powder from concrete and brick waste in new concrete: A critical review,RCP concrete (w/b=0.54),10%,Mechanical Grinding,w/b = 0.54,43.2 MPa
22,The utilization of eco-friendly recycled powder from concrete and brick waste in new concrete: A critical review,RCP concrete (w/b=0.54),20%,Mechanical Grinding,w/b = 0.54,32.6 MPa
22,The utilization of eco-friendly recycled powder from concrete and brick waste in new concrete: A critical review,RCP concrete (w/b=0.54),30%,Mechanical Grinding,w/b = 0.54,31.3 MPa
22,The utilization of eco-friendly recycled powder from concrete and brick waste in new concrete: A critical review,RCP concrete (w/b=0.61),0%,Mechanical Grinding,w/b = 0.61,33.5 MPa
22,The utilization of eco-friendly recycled powder from concrete and brick waste in new concrete: A critical review,RCP concrete (w/b=0.61),10%,Mechanical Grinding,w/b = 0.61,33.7 MPa
22,The utilization of eco-friendly recycled powder from concrete and brick waste in new concrete: A critical review,RCP concrete (w/b=0.61),20%,Mechanical Grinding,w/b = 0.61,27.1 MPa
22,The utilization of eco-friendly recycled powder from concrete and brick waste in new concrete: A critical review,RCP concrete (w/b=0.61),30%,Mechanical Grinding,w/b = 0.61,22.0 MPa
22,The utilization of eco-friendly recycled powder from concrete and brick waste in new concrete: A critical review,RCP-RBP concrete (w/b=0.40),0%,Mechanical Grinding,w/b = 0.40,48.2 MPa
22,The utilization of eco-friendly recycled powder from concrete and brick waste in new concrete: A critical review,RCP-RBP concrete (w/b=0.40),15%,Mechanical Grinding,w/b = 0.40,47.1 MPa
22,The utilization of eco-friendly recycled powder from concrete and brick waste in new concrete: A critical review,RCP-RBP concrete (w/b=0.40),30%,Mechanical Grinding,w/b = 0.40,44.4 MPa
22,The utilization of eco-friendly recycled powder from concrete and brick waste in new concrete: A critical review,RCP-RBP concrete (w/b=0.40),45%,Mechanical Grinding,w/b = 0.40,38.1 MPa
22,The utilization of eco-friendly recycled powder from concrete and brick waste in new concrete: A critical review,RCP-RBP concrete (w/b=0.50),0%,Mechanical Grinding,w/b = 0.50,34.8 MPa
22,The utilization of eco-friendly recycled powder from concrete and brick waste in new concrete: A critical review,RCP-RBP concrete (w/b=0.50),15%,Mechanical Grinding,w/b = 0.50,36.9 MPa
22,The utilization of eco-friendly recycled powder from concrete and brick waste in new concrete: A critical review,RCP-RBP concrete (w/b=0.50),30%,Mechanical Grinding,w/b = 0.50,34.0 MPa
22,The utilization of eco-friendly recycled powder from concrete and brick waste in new concrete: A critical review,RCP-RBP concrete (w/b=0.50),45%,Mechanical Grinding,w/b = 0.50,26.1 MPa
23,Wet-milling disposal of autoclaved aerated concrete demolition waste - A comparison with classical supplementary cementitious materials,WA30,30%,Mechanical activation via wet-milling,Ground in water environment at 3000 r/min for 120 min (D50 = 2.33 μm),1d: ~31 MPa; 3d: ~50.5 MPa; 7d: ~54.5 MPa; 28d: ~64.5 MPa (Graph-derived)
23,Wet-milling disposal of autoclaved aerated concrete demolition waste - A comparison with classical supplementary cementitious materials,RA30,30%,None (coarse raw material),Crushed to a median particle size (D50) of 142 μm,1d: ~15 MPa; 3d: ~38.5 MPa; 7d: ~46 MPa; 28d: ~52 MPa (Graph-derived)
24,"Utilization of Recycled Concrete Powder in Cement Composite: Strength, Microstructure and Hydration Characteristics",J0 / S0,0%,,,49.3 MPa / 8.5 MPa
24,"Utilization of Recycled Concrete Powder in Cement Composite: Strength, Microstructure and Hydration Characteristics",J1 / S1,10% RCP,,"Ball milling for 30 min, <0.15 mm",43.6 MPa / 8.2 MPa
24,"Utilization of Recycled Concrete Powder in Cement Composite: Strength, Microstructure and Hydration Characteristics",J2 / S2,20% RCP,,"Ball milling for 30 min, <0.15 mm",42.6 MPa / 7.5 MPa
24,"Utilization of Recycled Concrete Powder in Cement Composite: Strength, Microstructure and Hydration Characteristics",J3 / S3,30% RCP,,"Ball milling for 30 min, <0.15 mm",33.7 MPa / 7.0 MPa
24,"Utilization of Recycled Concrete Powder in Cement Composite: Strength, Microstructure and Hydration Characteristics",J4 / S4,40% RCP,,"Ball milling for 30 min, <0.15 mm",27.8 MPa / 6.5 MPa
24,"Utilization of Recycled Concrete Powder in Cement Composite: Strength, Microstructure and Hydration Characteristics",F11 / FS11,"30% total (21% RCP, 9% FA+SF; FA:SF = 3:2)",,"Ball milling for 30 min, <0.15 mm",36.2 MPa / 8.5 MPa
24,"Utilization of Recycled Concrete Powder in Cement Composite: Strength, Microstructure and Hydration Characteristics",F12 / FS12,"30% total (15% RCP, 15% FA+SF; FA:SF = 3:2)",,"Ball milling for 30 min, <0.15 mm",50.6 MPa / 9.0 MPa
24,"Utilization of Recycled Concrete Powder in Cement Composite: Strength, Microstructure and Hydration Characteristics",F21 / FS21,"30% total (21% RCP, 9% FA+SF; FA:SF = 4:1)",,"Ball milling for 30 min, <0.15 mm",33.8 MPa / 7.1 MPa
24,"Utilization of Recycled Concrete Powder in Cement Composite: Strength, Microstructure and Hydration Characteristics",F22 / FS22,"30% total (15% RCP, 15% FA+SF; FA:SF = 4:1)",,"Ball milling for 30 min, <0.15 mm",40.2 MPa / 7.2 MPa
26,Investigation of using recycled powder from the preparation of recycled aggregate as a supplementary cementitious material,Control,0%,,,"28-Day: ~42.5 MPa
90-Day: ~50.5 MPa (GRAPH-DERIVED)"
26,Investigation of using recycled powder from the preparation of recycled aggregate as a supplementary cementitious material,RCP-III,30%,,"Grinding fineness: 63±2%
Blaine SSA: 476 m²/kg","28-Day: ~28.5 MPa
90-Day: ~36.5 MPa (GRAPH-DERIVED)"
26,Investigation of using recycled powder from the preparation of recycled aggregate as a supplementary cementitious material,RCP-II,30%,,"Grinding fineness: 79+2%
Blaine SSA: 553 m²/kg","28-Day: ~30.0 MPa
90-Day: ~37.0 MPa (GRAPH-DERIVED)"
26,Investigation of using recycled powder from the preparation of recycled aggregate as a supplementary cementitious material,RCP-I,30%,,"Grinding fineness: 94±2%
Blaine SSA: 701 m²/kg","28-Day: ~31.0 MPa
90-Day: ~38.0 MPa (GRAPH-DERIVED)"
26,Investigation of using recycled powder from the preparation of recycled aggregate as a supplementary cementitious material,RCP-S,30%,,"Grinding fineness: 100%
Blaine SSA: 821 m²/kg","28-Day: ~32.0 MPa
90-Day: ~39.0 MPa (GRAPH-DERIVED)"
27,Comparison of technical properties of cement pastes with different activated recycled powder from construction and demolition waste,Control,0%,,"Pure cement paste, w/b = 0.30",56.42 / 70.92 / 104.83
27,Comparison of technical properties of cement pastes with different activated recycled powder from construction and demolition waste,NHRP-10,10%,,"Natural HRP, untreated",22.50* / 39.50* / 68.20
27,Comparison of technical properties of cement pastes with different activated recycled powder from construction and demolition waste,NHRP-20,20%,,"Natural HRP, untreated",17.10* / 33.76* / 54.52
27,Comparison of technical properties of cement pastes with different activated recycled powder from construction and demolition waste,NHRP-30,30%,,"Natural HRP, untreated",15.10* / 28.00* / 48.50
27,Comparison of technical properties of cement pastes with different activated recycled powder from construction and demolition waste,NHRP-40,40%,,"Natural HRP, untreated",11.60* / 23.70* / 43.00
27,Comparison of technical properties of cement pastes with different activated recycled powder from construction and demolition waste,NHRP-50,50%,,"Natural HRP, untreated",8.70* / 18.00* / 35.00
27,Comparison of technical properties of cement pastes with different activated recycled powder from construction and demolition waste,HRP-1-10,10%,Mechanical,Ball milled 30 min,22.00* / 42.00* / 72.10
27,Comparison of technical properties of cement pastes with different activated recycled powder from construction and demolition waste,HRP-1-20,20%,Mechanical,Ball milled 30 min,19.80* / 36.80* / 63.20
27,Comparison of technical properties of cement pastes with different activated recycled powder from construction and demolition waste,HRP-1-30,30%,Mechanical,Ball milled 30 min,15.50* / 30.80* / 51.00
27,Comparison of technical properties of cement pastes with different activated recycled powder from construction and demolition waste,HRP-1-40,40%,Mechanical,Ball milled 30 min,10.80* / 25.20* / 52.80
27,Comparison of technical properties of cement pastes with different activated recycled powder from construction and demolition waste,HRP-1-50,50%,Mechanical,Ball milled 30 min,9.00* / 22.50* / 42.50
27,Comparison of technical properties of cement pastes with different activated recycled powder from construction and demolition waste,HRP-2-10,10%,Mechanical + Chemical,Milled 30 min + 0.1% grinding aid,23.50* / 45.20* / 75.00
27,Comparison of technical properties of cement pastes with different activated recycled powder from construction and demolition waste,HRP-2-20,20%,Mechanical + Chemical,Milled 30 min + 0.1% grinding aid,23.25 / 40.01 / 73.46
27,Comparison of technical properties of cement pastes with different activated recycled powder from construction and demolition waste,HRP-2-30,30%,Mechanical + Chemical,Milled 30 min + 0.1% grinding aid,20.50* / 33.20* / 65.40
27,Comparison of technical properties of cement pastes with different activated recycled powder from construction and demolition waste,HRP-2-40,40%,Mechanical + Chemical,Milled 30 min + 0.1% grinding aid,16.00* / 30.30* / 51.80
27,Comparison of technical properties of cement pastes with different activated recycled powder from construction and demolition waste,HRP-2-50,50%,Mechanical + Chemical,Milled 30 min + 0.1% grinding aid,12.90* / 27.00* / 47.50
27,Comparison of technical properties of cement pastes with different activated recycled powder from construction and demolition waste,HRP-3-10,10%,Mechanical + Nano,Milled 30 min + 5% solid nano-CaCO3 slurry,23.00* / 40.50* / 69.50
27,Comparison of technical properties of cement pastes with different activated recycled powder from construction and demolition waste,HRP-3-20,20%,Mechanical + Nano,Milled 30 min + 5% solid nano-CaCO3 slurry,17.90* / 37.80* / 66.80
27,Comparison of technical properties of cement pastes with different activated recycled powder from construction and demolition waste,HRP-3-30,30%,Mechanical + Nano,Milled 30 min + 5% solid nano-CaCO3 slurry,16.20* / 34.80* / 56.50
27,Comparison of technical properties of cement pastes with different activated recycled powder from construction and demolition waste,HRP-3-40,40%,Mechanical + Nano,Milled 30 min + 5% solid nano-CaCO3 slurry,12.40* / 28.50* / 49.20
27,Comparison of technical properties of cement pastes with different activated recycled powder from construction and demolition waste,HRP-3-50,50%,Mechanical + Nano,Milled 30 min + 5% solid nano-CaCO3 slurry,10.20* / 25.40* / 37.50
28,Use of fine recycled concrete aggregates in concrete: A critical review,"Evangelista [26, 29, 97]",0% to 100%,,"Lab, jaw crusher",Compressive: 54.8–59.3 MPa; Tensile: 2.95–3.85 MPa
28,Use of fine recycled concrete aggregates in concrete: A critical review,Carro-Lόpez [31],0% to 100%,,Field,Compressive: 40.0–80.0 MPa
28,Use of fine recycled concrete aggregates in concrete: A critical review,Khatib [28],0% to 100%,,Field,Compressive: 30.0–46.7 MPa
28,Use of fine recycled concrete aggregates in concrete: A critical review,"Sarhat [33, 34]",0% to 100%,,Field (37-year-old parent concrete),Compressive: 40.0–42.0 MPa; Tensile: 3.00–3.40 MPa
28,Use of fine recycled concrete aggregates in concrete: A critical review,Levy [98],0% to 100%,,Field (6-month-old parent concrete),Compressive: 46.3–56.1 MPa
28,Use of fine recycled concrete aggregates in concrete: A critical review,Kou [34] (w/c=0.53),0% to 100%,,Field,Compressive: 38.7–44.5 MPa; Tensile: 2.40–2.90 MPa
28,Use of fine recycled concrete aggregates in concrete: A critical review,Kou [34] (w/c=0.44),0% to 100%,,Field,Compressive: 53.2–64.3 MPa; Tensile: 2.90–3.50 MPa
28,Use of fine recycled concrete aggregates in concrete: A critical review,Dapena [19],0% to 10%,,Field,Compressive: 45.9–52.0 MPa
28,Use of fine recycled concrete aggregates in concrete: A critical review,Yaprak [100],0% to 100%,,Lab,Compressive: 29.0–45.0 MPa
28,Use of fine recycled concrete aggregates in concrete: A critical review,Zega [30],0% to 30%,,Field,Compressive: 41.4–43.6 MPa; Tensile: 4.00–4.40 MPa
28,Use of fine recycled concrete aggregates in concrete: A critical review,Pereira [35] (Plain),0% to 100%,,"Lab, jaw crusher",Compressive: 37.6–40.0 MPa; Tensile: 2.60–2.90 MPa
28,Use of fine recycled concrete aggregates in concrete: A critical review,Pereira [35] (+SP1),0% to 100%,Superplasticizer,Lignosulfonate SP,Compressive: 45.1–53.7 MPa; Tensile: 3.00–3.70 MPa
28,Use of fine recycled concrete aggregates in concrete: A critical review,Pereira [35] (+SP2),0% to 100%,Superplasticizer,Modified Polycarboxylates,Compressive: 63.0–65.4 MPa; Tensile: 3.40–4.50 MPa
28,Use of fine recycled concrete aggregates in concrete: A critical review,Geng [101],0% to 80%,,Field,Compressive: 21.5–46.7 MPa
28,Use of fine recycled concrete aggregates in concrete: A critical review,Kim [102],0% to 100%,,Field,Compressive: 27.4–31.5 MPa; Tensile: 2.58–2.80 MPa
28,Use of fine recycled concrete aggregates in concrete: A critical review,Khoshkenari [103] (AW),0% to 100%,,Lab (30 MPa parent concrete),Compressive: 27.9–38.0 MPa; Tensile: 2.80–4.20 MPa
28,Use of fine recycled concrete aggregates in concrete: A critical review,Khoshkenari [103] (SP),0% to 100%,Superplasticizer,Silica Fume + Naphthalene formal.,Compressive: 32.8–38.0 MPa; Tensile: 3.20–4.20 MPa
28,Use of fine recycled concrete aggregates in concrete: A critical review,"Cartuxo [104, 105] (Plain)",0% to 100%,,"Lab, jaw crusher",Compressive: 41.20–51.17 MPa
28,Use of fine recycled concrete aggregates in concrete: A critical review,"Cartuxo [104, 105] (SP1)",0% to 100%,Superplasticizer,Sikament 400 plus,Compressive: 47.36–66.79 MPa
28,Use of fine recycled concrete aggregates in concrete: A critical review,"Cartuxo [104, 105] (SP2)",0% to 100%,Superplasticizer,SikaPlast 898,Compressive: 64.72–80.64 MPa
28,Use of fine recycled concrete aggregates in concrete: A critical review,Zhang [107],0% to 100%,Pre-carbonation,Carbonated fRCA,Compressive: Reported across aging cycles
28,Use of fine recycled concrete aggregates in concrete: A critical review,Yildirim [108],0% to 100%,Pre-carbonation,50% and 100% Pre-carbonation,Compressive: 32.26–38.28 MPa; Tensile: 2.39–3.28 MPa
28,Use of fine recycled concrete aggregates in concrete: A critical review,Mardani-Aghabaglou [109],0% to 60%,,"Lab, hammer crusher",Compressive: Close to control mix
28,Use of fine recycled concrete aggregates in concrete: A critical review,Bogas [110] (NC),0% to 100%,,"Lab, jaw crusher",Compressive: 43.1–50.2 MPa
28,Use of fine recycled concrete aggregates in concrete: A critical review,Bogas [110] (HC+SP),0% to 100%,Superplasticizer,Polycarboxylate SP,Compressive: 58.8–81.0 MPa
28,Use of fine recycled concrete aggregates in concrete: A critical review,Bogas [110] (HC+SP+AEA),0% to 100%,Multi-Admixture,Polycarboxylate SP + Air Entraining,Compressive: 44.9–67.9 MPa
28,Use of fine recycled concrete aggregates in concrete: A critical review,Bendimerad [111],0% to 30%,,Field,Compressive: 29.0–31.4 MPa
28,Use of fine recycled concrete aggregates in concrete: A critical review,"Fan [27, 57] (Single-stage)",0% to 100%,,Field,Compressive: 37.8–56.3 MPa
28,Use of fine recycled concrete aggregates in concrete: A critical review,"Fan [27, 57] (Multi-stage)",0% to 100%,,Field,Compressive: 49.6–56.3 MPa
28,Use of fine recycled concrete aggregates in concrete: A critical review,Kumar [113],0% to 100%,,Field,Compressive: 35.21–40.72 MPa; Tensile: 3.70–3.97 MPa
28,Use of fine recycled concrete aggregates in concrete: A critical review,"Evangelista [114, 115]",0% to 100%,Slurry Coating,"CO2, SF, FA, nano-SiO2 coatings",Compressive: 30.7–33.6 MPa; Tensile: 2.84–3.42 MPa
28,Use of fine recycled concrete aggregates in concrete: A critical review,Zhang [37],0% to 100%,Slurry Coating,"FA, Slag, Polyvinyl Alcohol coating",Compressive: 108.0–122.0 MPa
29,Environmental perspectives of recycled concrete powder as cement replacement,RCP 0,0%,,"Powder fraction size: 0–0,063 mm",51.6 MPa
29,Environmental perspectives of recycled concrete powder as cement replacement,RCP 10,10%,,"Powder fraction size: 0–0,063 mm",41.3 MPa
29,Environmental perspectives of recycled concrete powder as cement replacement,RCP 20,20%,,"Powder fraction size: 0–0,063 mm",31.7 MPa
29,Environmental perspectives of recycled concrete powder as cement replacement,RCP 30,30%,,"Powder fraction size: 0–0,063 mm",22.8 MPa
29,Environmental perspectives of recycled concrete powder as cement replacement,RCP 40,40%,,"Powder fraction size: 0–0,063 mm",13.6 MPa
29,Environmental perspectives of recycled concrete powder as cement replacement,RCP 50,50%,,"Powder fraction size: 0–0,063 mm",10.0 MPa
30,Utilizing thermal activation treatment to improve the properties of waste cementitious powder and its newmade cementitious materials,M-0WCP/M-0WMP/M-0WPP,0%,,,37.08 MPa / 8.62 MPa
30,Utilizing thermal activation treatment to improve the properties of waste cementitious powder and its newmade cementitious materials,M-30WCP-20C,30%,None (Room temperature),20 °C,27.32 MPa / 6.68 MPa
30,Utilizing thermal activation treatment to improve the properties of waste cementitious powder and its newmade cementitious materials,M-30WCP-600C,30%,Thermal Activation,"600 °C, 2 h duration",28.89 MPa / 6.82 MPa
30,Utilizing thermal activation treatment to improve the properties of waste cementitious powder and its newmade cementitious materials,M-30WCP-800C,30%,Thermal Activation,"800 °C, 2 h duration",32.16 MPa / 7.73 MPa
30,Utilizing thermal activation treatment to improve the properties of waste cementitious powder and its newmade cementitious materials,M-30WCP-1000C,30%,Thermal Activation,"1000 °C, 2 h duration",31.55 MPa / 7.56 MPa
30,Utilizing thermal activation treatment to improve the properties of waste cementitious powder and its newmade cementitious materials,M-30WCP-1200C,30%,Thermal Activation,"1200 °C, 2 h duration",20.25 MPa / 4.95 MPa
30,Utilizing thermal activation treatment to improve the properties of waste cementitious powder and its newmade cementitious materials,M-30WMP-20C,30%,None (Room temperature),20 °C,27.1 MPa / 6.57 MPa
30,Utilizing thermal activation treatment to improve the properties of waste cementitious powder and its newmade cementitious materials,M-30WMP-600C,30%,Thermal Activation,"600 °C, 2 h duration",28.76 MPa / 6.91 MPa
30,Utilizing thermal activation treatment to improve the properties of waste cementitious powder and its newmade cementitious materials,M-30WMP-800C,30%,Thermal Activation,"800 °C, 2 h duration",27.9 MPa / 6.51 MPa
30,Utilizing thermal activation treatment to improve the properties of waste cementitious powder and its newmade cementitious materials,M-30WMP-1000C,30%,Thermal Activation,"1000 °C, 2 h duration",23.89 MPa / 5.92 MPa
30,Utilizing thermal activation treatment to improve the properties of waste cementitious powder and its newmade cementitious materials,M-30WMP-1200C,30%,Thermal Activation,"1200 °C, 2 h duration",22.63 MPa / 5.37 MPa
30,Utilizing thermal activation treatment to improve the properties of waste cementitious powder and its newmade cementitious materials,M-30WPP-20C,30%,None (Room temperature),20 °C,26.59 MPa / 6.44 MPa
30,Utilizing thermal activation treatment to improve the properties of waste cementitious powder and its newmade cementitious materials,M-30WPP-600C,30%,Thermal Activation,"600 °C, 2 h duration",33.4 MPa / 7.73 MPa
30,Utilizing thermal activation treatment to improve the properties of waste cementitious powder and its newmade cementitious materials,M-30WPP-800C,30%,Thermal Activation,"800 °C, 2 h duration",31.83 MPa / 7.56 MPa
30,Utilizing thermal activation treatment to improve the properties of waste cementitious powder and its newmade cementitious materials,M-30WPP-1000C,30%,Thermal Activation,"1000 °C, 2 h duration",31.16 MPa / 7.03 MPa
30,Utilizing thermal activation treatment to improve the properties of waste cementitious powder and its newmade cementitious materials,M-30WPP-1200C,30%,Thermal Activation,"1200 °C, 2 h duration",22.25 MPa / 4.54 MPa
31,CO2 mineralization of demolished concrete wastes into a supplementary cementitious material – a new CCU approach for the cement industry,CEM-cRCP_I,40%,Wet carbonation / Aqueous mineralization,Ground Portland cement paste (CEM-I); 10% CO2 gas flow at ambient T and normal pressure,"Graph-derived (Fig 5B):
1d (~10 MPa)
2d (~19 MPa)
7d (~40 MPa)
28d (~48 MPa)
90d (~50 MPa)"
31,CO2 mineralization of demolished concrete wastes into a supplementary cementitious material – a new CCU approach for the cement industry,CEM-cRCP_III,40%,Wet carbonation / Aqueous mineralization,Ground slag-containing composite cement paste (CEM-III); 10% CO2 gas flow at ambient T and normal pressure,"Graph-derived (Fig 5B):
1d (~10.5 MPa)
2d (~20 MPa)
7d (~42 MPa)
28d (~51 MPa)
90d (~55 MPa)"
32,Evaluation of waste concrete recycled powder (WCRP) on the preparation of low-exothermic cement,J0,0%,,Control Mix,~31.7 MPa
32,Evaluation of waste concrete recycled powder (WCRP) on the preparation of low-exothermic cement,J1,10% WCRP,Mechanical Grinding,30 min ball milling,29.58 MPa
32,Evaluation of waste concrete recycled powder (WCRP) on the preparation of low-exothermic cement,J2,20% WCRP,Mechanical Grinding,30 min ball milling,~24.0 MPa
32,Evaluation of waste concrete recycled powder (WCRP) on the preparation of low-exothermic cement,J3,30% WCRP,Mechanical Grinding,30 min ball milling,~22.5 MPa
32,Evaluation of waste concrete recycled powder (WCRP) on the preparation of low-exothermic cement,J4,40% WCRP,Mechanical Grinding,30 min ball milling,~18.2 MPa
32,Evaluation of waste concrete recycled powder (WCRP) on the preparation of low-exothermic cement,J5,10% FA,,Class I fly ash,
32,Evaluation of waste concrete recycled powder (WCRP) on the preparation of low-exothermic cement,J6,10% SF,,Silica fume,
32,Evaluation of waste concrete recycled powder (WCRP) on the preparation of low-exothermic cement,JF11,21% WCRP + 9% (FA+SF),Mechanical Grinding,FA:SF ratio = 3:2,~24.2 MPa
32,Evaluation of waste concrete recycled powder (WCRP) on the preparation of low-exothermic cement,JF12,15% WCRP + 15% (FA+SF),Mechanical Grinding,FA:SF ratio = 3:2,~36.0 MPa
32,Evaluation of waste concrete recycled powder (WCRP) on the preparation of low-exothermic cement,JF21,28% WCRP + 12% (FA+SF),Mechanical Grinding,FA:SF ratio = 3:2,~19.5 MPa
32,Evaluation of waste concrete recycled powder (WCRP) on the preparation of low-exothermic cement,JF22,20% WCRP + 20% (FA+SF),Mechanical Grinding,FA:SF ratio = 3:2,~26.8 MPa
32,Evaluation of waste concrete recycled powder (WCRP) on the preparation of low-exothermic cement,JF31,21% WCRP + 9% (FA+SF),Mechanical Grinding,FA:SF ratio = 4:1,~23.5 MPa
32,Evaluation of waste concrete recycled powder (WCRP) on the preparation of low-exothermic cement,JF32,15% WCRP + 15% (FA+SF),Mechanical Grinding,FA:SF ratio = 4:1,~30.2 MPa
32,Evaluation of waste concrete recycled powder (WCRP) on the preparation of low-exothermic cement,JF41,60% OPC + 28% WCRP + 12% (FA+SF),Mechanical Grinding,FA:SF ratio = 4:1,~18.5 MPa
32,Evaluation of waste concrete recycled powder (WCRP) on the preparation of low-exothermic cement,JF42,60% OPC + 20% WCRP + 20% (FA+SF),Mechanical Grinding,FA:SF ratio = 4:1,~23.1 MPa
33,Developing circular concrete: Acid treatment of waste concrete fines,Silica-rich residue blend,30%,,Tested in Frattini test (8 days at 40 °C),
34,Role of recycled concrete powder as sand replacement in the properties of cement mortar,REF,0%,,No RCP used,See Figure 8 & Figure 9
34,Role of recycled concrete powder as sand replacement in the properties of cement mortar,RCPP-W4-10%,0%,,"Parent paste W/C = 0.4, particle size < 150 μm",See Figure 8 & Figure 9
34,Role of recycled concrete powder as sand replacement in the properties of cement mortar,RCPP-W4-20%,0%,,"Parent paste W/C = 0.4, particle size < 150 μm",See Figure 8 & Figure 9
34,Role of recycled concrete powder as sand replacement in the properties of cement mortar,RCPP-W4-30%,0%,,"Parent paste W/C = 0.4, particle size < 150 μm",See Figure 8 & Figure 9
34,Role of recycled concrete powder as sand replacement in the properties of cement mortar,RCPP-W5-10%,0%,,"Parent paste W/C = 0.5, particle size < 150 μm",See Figure 8 & Figure 9
34,Role of recycled concrete powder as sand replacement in the properties of cement mortar,RCPP-W5-20%,0%,,"Parent paste W/C = 0.5, particle size < 150 μm",See Figure 8 & Figure 9
34,Role of recycled concrete powder as sand replacement in the properties of cement mortar,RCPP-W5-30%,0%,,"Parent paste W/C = 0.5, particle size < 150 μm",See Figure 8 & Figure 9
34,Role of recycled concrete powder as sand replacement in the properties of cement mortar,RCPP-W6-10%,0%,,"Parent paste W/C = 0.6, particle size < 150 μm",See Figure 8 & Figure 9
34,Role of recycled concrete powder as sand replacement in the properties of cement mortar,RCPP-W6-20%,0%,,"Parent paste W/C = 0.6, particle size < 150 μm",See Figure 8 & Figure 9
34,Role of recycled concrete powder as sand replacement in the properties of cement mortar,RCPP-W6-30%,0%,,"Parent paste W/C = 0.6, particle size < 150 μm",See Figure 8 & Figure 9
34,Role of recycled concrete powder as sand replacement in the properties of cement mortar,RCMP-W5-10%,0%,,"Parent mortar W/C = 0.5, A/C = 3, size < 150 μm",See Figure 8 & Figure 9
34,Role of recycled concrete powder as sand replacement in the properties of cement mortar,RCMP-W5-20%,0%,,"Parent mortar W/C = 0.5, A/C = 3, size < 150 μm",See Figure 8 & Figure 9
34,Role of recycled concrete powder as sand replacement in the properties of cement mortar,RCMP-W5-30%,0%,,"Parent mortar W/C = 0.5, A/C = 3, size < 150 μm",See Figure 8 & Figure 9
35,Closed-loop recycling of C&D waste: Mechanical properties of concrete with the repeatedly recycled C&D powder as partial cement replacement,NAC,0%,,Control mixture with natural aggregates,36.8 MPa
35,Closed-loop recycling of C&D waste: Mechanical properties of concrete with the repeatedly recycled C&D powder as partial cement replacement,RPC1-10%,10%,,"1st generation RP, particle size < 150 µm",~36.5 MPa (Graph-derived)
35,Closed-loop recycling of C&D waste: Mechanical properties of concrete with the repeatedly recycled C&D powder as partial cement replacement,RPC1-20%,20%,,"1st generation RP, particle size < 150 µm",~34.0 MPa (Graph-derived)
35,Closed-loop recycling of C&D waste: Mechanical properties of concrete with the repeatedly recycled C&D powder as partial cement replacement,RPC1-30%,30%,,"1st generation RP, particle size < 150 µm",~26.0 MPa (Graph-derived)
35,Closed-loop recycling of C&D waste: Mechanical properties of concrete with the repeatedly recycled C&D powder as partial cement replacement,RPC2-10%,10%,,"2nd generation RP, particle size < 150 µm",~35.5 MPa (Graph-derived)
35,Closed-loop recycling of C&D waste: Mechanical properties of concrete with the repeatedly recycled C&D powder as partial cement replacement,RPC2-20%,20%,,"2nd generation RP, particle size < 150 µm",~32.5 MPa (Graph-derived)
35,Closed-loop recycling of C&D waste: Mechanical properties of concrete with the repeatedly recycled C&D powder as partial cement replacement,RPC2-30%,30%,,"2nd generation RP, particle size < 150 µm",~26.0 MPa (Graph-derived)
35,Closed-loop recycling of C&D waste: Mechanical properties of concrete with the repeatedly recycled C&D powder as partial cement replacement,RPC3-10%,10%,,"3rd generation RP, particle size < 150 µm",~34.0 MPa (Graph-derived)
35,Closed-loop recycling of C&D waste: Mechanical properties of concrete with the repeatedly recycled C&D powder as partial cement replacement,RPC3-20%,20%,,"3rd generation RP, particle size < 150 µm",~31.5 MPa (Graph-derived)
35,Closed-loop recycling of C&D waste: Mechanical properties of concrete with the repeatedly recycled C&D powder as partial cement replacement,RPC3-30%,30%,,"3rd generation RP, particle size < 150 µm",~26.2 MPa (Graph-derived)
36,"Recycled concrete fine powder (RFP) as cement partial replacement: Influences on the physical properties, hydration characteristics, and microstructure of blended cement",0% RFP (Table 4 / Fig 11),0%,,Ground to median particle size 22.7 µm (cement benchmark),"Flexural: 5.4 MPa (3d), 7.3 MPa (7d), 8.6 MPa (28d)
* Compressive: 21.0 MPa (3d), 35.1 MPa (7d), 43.9 MPa (28d)"
36,"Recycled concrete fine powder (RFP) as cement partial replacement: Influences on the physical properties, hydration characteristics, and microstructure of blended cement",10% RFP (Table 4 / Fig 11),10%,Mechanical Activation (Ball milling),Ball milled for 60 min to median size 22.7 µm,"Flexural: 5.7 MPa (3d), 6.6 MPa (7d), 7.3 MPa (28d)
* Compressive: 24.7 MPa (3d), 32.8 MPa (7d), 43.5 MPa (28d)"
36,"Recycled concrete fine powder (RFP) as cement partial replacement: Influences on the physical properties, hydration characteristics, and microstructure of blended cement",30% RFP (Table 4 / Fig 11),30%,Mechanical Activation (Ball milling),Ball milled for 60 min to median size 22.7 µm,"Flexural: 4.5 MPa (3d), 4.7 MPa (7d), 6.7 MPa (28d)
* Compressive: 19.1 MPa (3d), 24.0 MPa (7d), 33.3 MPa (28d)"
36,"Recycled concrete fine powder (RFP) as cement partial replacement: Influences on the physical properties, hydration characteristics, and microstructure of blended cement",50% RFP (Table 4 / Fig 11),50%,Mechanical Activation (Ball milling),Ball milled for 60 min to median size 22.7 µm,"Flexural: 3.5 MPa (3d), 3.6 MPa (7d), 5.4 MPa (28d)
* Compressive: 11.5 MPa (3d), 15.2 MPa (7d), 20.5 MPa (28d)"
36,"Recycled concrete fine powder (RFP) as cement partial replacement: Influences on the physical properties, hydration characteristics, and microstructure of blended cement",70% RFP (Fig 9 / Table 5),70%,Mechanical Activation (Ball milling),Ball milled for 60 min to median size 22.7 µm,
36,"Recycled concrete fine powder (RFP) as cement partial replacement: Influences on the physical properties, hydration characteristics, and microstructure of blended cement",90% RFP (Fig 9 / Table 5),90%,Mechanical Activation (Ball milling),Ball milled for 60 min to median size 22.7 µm,
37,Effect of Recycled Mixed Powder on the Mechanical Properties and Microstructure of Concrete,0% Control,0%,,No RMP added,"7d Compressive Strength: ~29.1 MPa;
28d Compressive Strength: ~33.6 MPa (GRAPH-DERIVED)"
37,Effect of Recycled Mixed Powder on the Mechanical Properties and Microstructure of Concrete,15% (8:2),15%,Mechanical activation,"Mass ratio of RBP:RCP = 8:2; RBP ground 10 min, RCP ground 30 min","7d Compressive Strength: ~25.7 MPa;
28d Compressive Strength: ~30.5 MPa (GRAPH-DERIVED)"
37,Effect of Recycled Mixed Powder on the Mechanical Properties and Microstructure of Concrete,15% (6:4),15%,Mechanical activation,"Mass ratio of RBP:RCP = 6:4; RBP ground 10 min, RCP ground 30 min","7d Compressive Strength: ~27.4 MPa;
28d Compressive Strength: ~35.0 MPa (GRAPH-DERIVED)"
37,Effect of Recycled Mixed Powder on the Mechanical Properties and Microstructure of Concrete,30% (8:2),30%,Mechanical activation,"Mass ratio of RBP:RCP = 8:2; RBP ground 10 min, RCP ground 30 min","7d Compressive Strength: ~20.0 MPa;
28d Compressive Strength: ~27.0 MPa (GRAPH-DERIVED)"
37,Effect of Recycled Mixed Powder on the Mechanical Properties and Microstructure of Concrete,30% (6:4),30%,Mechanical activation,"Mass ratio of RBP:RCP = 6:4; RBP ground 10 min, RCP ground 30 min","7d Compressive Strength: ~22.5 MPa;
28d Compressive Strength: ~28.2 MPa (GRAPH-DERIVED)"
37,Effect of Recycled Mixed Powder on the Mechanical Properties and Microstructure of Concrete,45% (8:2),45%,Mechanical activation,"Mass ratio of RBP:RCP = 8:2; RBP ground 10 min, RCP ground 30 min","7d Compressive Strength: ~19.2 MPa;
28d Compressive Strength: ~21.2 MPa (GRAPH-DERIVED)"
37,Effect of Recycled Mixed Powder on the Mechanical Properties and Microstructure of Concrete,45% (6:4),45%,Mechanical activation,"Mass ratio of RBP:RCP = 6:4; RBP ground 10 min, RCP ground 30 min","7d Compressive Strength: ~20.3 MPa;
28d Compressive Strength: ~24.2 MPa (GRAPH-DERIVED)"
38,Economical and eco-friendly masonry mortar containing waste concrete powder as a supplementary cementitious material,O100-W0,0%,,Water/binder ratio: 0.60,39.7 MPa
38,Economical and eco-friendly masonry mortar containing waste concrete powder as a supplementary cementitious material,O85-W15,15%,,Water/binder ratio: 0.60,34.6 MPa
38,Economical and eco-friendly masonry mortar containing waste concrete powder as a supplementary cementitious material,O70-W30,30%,,Water/binder ratio: 0.60,26.8 MPa
38,Economical and eco-friendly masonry mortar containing waste concrete powder as a supplementary cementitious material,O60-W40,40%,,Water/binder ratio: 0.60,20.1 MPa
38,Economical and eco-friendly masonry mortar containing waste concrete powder as a supplementary cementitious material,O40-W60,60%,,Water/binder ratio: 0.60,15.8 MPa
38,Economical and eco-friendly masonry mortar containing waste concrete powder as a supplementary cementitious material,O25-W75,75%,,Water/binder ratio: 0.60,5.8 MPa
38,Economical and eco-friendly masonry mortar containing waste concrete powder as a supplementary cementitious material,O0-W100,100%,,Water/binder ratio: 0.60,1.6 MPa
39,Eco-friendly treatment of recycled concrete fines as supplementary cementitious materials,Control,0%,,w/b = 0.5,39.17 MPa
39,Eco-friendly treatment of recycled concrete fines as supplementary cementitious materials,5%RCF (Untreated),5%,,w/b = 0.5,Graph-derived (~91.2% of Control)
39,Eco-friendly treatment of recycled concrete fines as supplementary cementitious materials,5%RCF (0.1%–1% TA),5%,Tannic Acid Treatment,0.1% to 1.0% TA concentration,Graph-derived (~96% to 101.4% of Control)
39,Eco-friendly treatment of recycled concrete fines as supplementary cementitious materials,10%RCF (Untreated),10%,,w/b = 0.5,Graph-derived (100% of untreated base level / lower than control)
39,Eco-friendly treatment of recycled concrete fines as supplementary cementitious materials,10%RCF (0.1% TA),10%,Tannic Acid Treatment,0.1% TA concentration,112.2% of untreated RCF mortar
39,Eco-friendly treatment of recycled concrete fines as supplementary cementitious materials,10%RCF (0.3% TA),10%,Tannic Acid Treatment,0.3% TA concentration,125.6% of untreated RCF mortar
39,Eco-friendly treatment of recycled concrete fines as supplementary cementitious materials,10%RCF (0.5% TA),10%,Tannic Acid Treatment,0.5% TA concentration,126.3% of untreated RCF mortar
39,Eco-friendly treatment of recycled concrete fines as supplementary cementitious materials,10%RCF (0.75% TA),10%,Tannic Acid Treatment,0.75% TA concentration,117.3% of untreated RCF mortar
39,Eco-friendly treatment of recycled concrete fines as supplementary cementitious materials,10%RCF (1.0% TA),10%,Tannic Acid Treatment,1.0% TA concentration,113.1% of untreated RCF mortar
39,Eco-friendly treatment of recycled concrete fines as supplementary cementitious materials,15%RCF (Untreated),15%,,w/b = 0.5,Graph-derived (100% of untreated base level)
39,Eco-friendly treatment of recycled concrete fines as supplementary cementitious materials,15%RCF (0.1% TA),15%,Tannic Acid Treatment,0.1% TA concentration,114.7% of untreated RCF mortar
39,Eco-friendly treatment of recycled concrete fines as supplementary cementitious materials,15%RCF (0.3% TA),15%,Tannic Acid Treatment,0.3% TA concentration,121.2% of untreated RCF mortar
39,Eco-friendly treatment of recycled concrete fines as supplementary cementitious materials,15%RCF (0.5% TA),15%,Tannic Acid Treatment,0.5% TA concentration,126.5% of untreated RCF mortar
39,Eco-friendly treatment of recycled concrete fines as supplementary cementitious materials,15%RCF (0.75% TA),15%,Tannic Acid Treatment,0.75% TA concentration,126.3% of untreated RCF mortar
39,Eco-friendly treatment of recycled concrete fines as supplementary cementitious materials,15%RCF (1.0% TA),15%,Tannic Acid Treatment,1.0% TA concentration,118.2% of untreated RCF mortar
39,Eco-friendly treatment of recycled concrete fines as supplementary cementitious materials,20%RCF (Untreated),20%,,w/b = 0.5,Graph-derived (~92.9% of untreated base level)
39,Eco-friendly treatment of recycled concrete fines as supplementary cementitious materials,20%RCF (0.1%–1% TA),20%,Tannic Acid Treatment,0.1% to 1.0% TA concentration,Graph-derived (~104.3% to 110.5% of untreated RCF mortar)
40,High-temperature CO2 for accelerating the carbonation of recycled concrete fines,Pure cement paste,0%,,Baseline mix design,100% SAI at all ages
40,High-temperature CO2 for accelerating the carbonation of recycled concrete fines,CRCF-20°C,20%,Carbonation at 20°C,"20% CO2, 30 min duration",~78.5% SAI at 28 days
40,High-temperature CO2 for accelerating the carbonation of recycled concrete fines,CRCF-60°C,20%,Carbonation at 60°C,"20% CO2, 30 min duration",88.9% SAI at 28 days
40,High-temperature CO2 for accelerating the carbonation of recycled concrete fines,CRCF-100°C,20%,Carbonation at 100°C,"20% CO2, 30 min duration",97.9% SAI at 28 days
40,High-temperature CO2 for accelerating the carbonation of recycled concrete fines,CRCF-140°C,20%,Carbonation at 140°C,"20% CO2, 30 min duration",95.6% SAI at 28 days
41,Early-age behavior and mechanical properties of cement-based materials with various types and fineness of recycled powder,M-0RPP,0%,,w/b = 0.50,100% (Control baseline)
41,Early-age behavior and mechanical properties of cement-based materials with various types and fineness of recycled powder,M-7.5RPP,7.5%,,"w/b = 0.50, fine powder",2.6% lower than plain
41,Early-age behavior and mechanical properties of cement-based materials with various types and fineness of recycled powder,M-15RPP,15%,,"w/b = 0.50, fine powder",
41,Early-age behavior and mechanical properties of cement-based materials with various types and fineness of recycled powder,M-30RPP,30%,,"w/b = 0.50, fine powder",
41,Early-age behavior and mechanical properties of cement-based materials with various types and fineness of recycled powder,M-45RPP,45%,,"w/b = 0.50, fine powder",40.1% lower than plain
41,Early-age behavior and mechanical properties of cement-based materials with various types and fineness of recycled powder,M-0RMP,0%,,w/b = 0.50,100% (Control baseline)
41,Early-age behavior and mechanical properties of cement-based materials with various types and fineness of recycled powder,M-7.5RMP,7.5%,,"w/b = 0.50, fine powder",2.6% higher than plain
41,Early-age behavior and mechanical properties of cement-based materials with various types and fineness of recycled powder,M-15RMP,15%,,"w/b = 0.50, fine powder",2.3% lower than plain
41,Early-age behavior and mechanical properties of cement-based materials with various types and fineness of recycled powder,M-30RMP,30%,,"w/b = 0.50, fine powder",21.1% lower than plain
41,Early-age behavior and mechanical properties of cement-based materials with various types and fineness of recycled powder,M-45RMP,45%,,"w/b = 0.50, fine powder",38.1% lower than plain
41,Early-age behavior and mechanical properties of cement-based materials with various types and fineness of recycled powder,M-0RCP,0%,,w/b = 0.50,100% (Control baseline)
41,Early-age behavior and mechanical properties of cement-based materials with various types and fineness of recycled powder,M-7.5RCP,7.5%,,"w/b = 0.50, fine powder",0.8% lower than plain
41,Early-age behavior and mechanical properties of cement-based materials with various types and fineness of recycled powder,M-15RCP,15%,,"w/b = 0.50, fine powder",6.2% lower than plain
41,Early-age behavior and mechanical properties of cement-based materials with various types and fineness of recycled powder,M-30RCP,30%,,"w/b = 0.50, fine powder",22.2% lower than plain
41,Early-age behavior and mechanical properties of cement-based materials with various types and fineness of recycled powder,M-45RCP,45%,,"w/b = 0.50, fine powder",37.9% lower than plain
42,Influence of recycled powder derived from waste concrete on mechanical and thermal properties of foam concrete,NFC-1,0%,,w/b = 0.6,~2.04 MPa (GRAPH-DERIVED)
42,Influence of recycled powder derived from waste concrete on mechanical and thermal properties of foam concrete,RPFC10-1,10%,,w/b = 0.6,~1.67 MPa (GRAPH-DERIVED)
42,Influence of recycled powder derived from waste concrete on mechanical and thermal properties of foam concrete,RPFC20-1,20%,,w/b = 0.6,~1.50 MPa (GRAPH-DERIVED)
42,Influence of recycled powder derived from waste concrete on mechanical and thermal properties of foam concrete,RPFC30-1,30%,,w/b = 0.6,~1.32 MPa (GRAPH-DERIVED)
42,Influence of recycled powder derived from waste concrete on mechanical and thermal properties of foam concrete,RPFC40-1,40%,,w/b = 0.6,~0.88 MPa (GRAPH-DERIVED)
42,Influence of recycled powder derived from waste concrete on mechanical and thermal properties of foam concrete,NFC-II,0%,,w/b = 0.6,~1.90 MPa (GRAPH-DERIVED)
42,Influence of recycled powder derived from waste concrete on mechanical and thermal properties of foam concrete,RPFC10-II,10%,,w/b = 0.6,~1.50 MPa (GRAPH-DERIVED)
42,Influence of recycled powder derived from waste concrete on mechanical and thermal properties of foam concrete,RPFC20-11,20%,,w/b = 0.6,~1.30 MPa (GRAPH-DERIVED)
42,Influence of recycled powder derived from waste concrete on mechanical and thermal properties of foam concrete,RPFC30-II,30%,,w/b = 0.6,~1.20 MPa (GRAPH-DERIVED)
42,Influence of recycled powder derived from waste concrete on mechanical and thermal properties of foam concrete,RPFC40-II,40%,,w/b = 0.6,~0.76 MPa (GRAPH-DERIVED)
43,Effects of recycled aggregate combinations and recycled powder contents on fracture behavior of fully recycled aggregate concrete,NAC,0%,,No RP processing,"fcu: 67.6 MPa, fst: 3.63 MPa"
43,Effects of recycled aggregate combinations and recycled powder contents on fracture behavior of fully recycled aggregate concrete,FCRAC,0%,,No RP processing,"fcu: 64.6 MPa, fst: 2.71 MPa"
43,Effects of recycled aggregate combinations and recycled powder contents on fracture behavior of fully recycled aggregate concrete,FFRAC,0%,,No RP processing,"fcu: 57.9 MPa, fst: 2.83 MPa"
43,Effects of recycled aggregate combinations and recycled powder contents on fracture behavior of fully recycled aggregate concrete,FRAC,0%,,No RP processing,"fcu: 58.3 MPa, fst: 2.22 MPa"
43,Effects of recycled aggregate combinations and recycled powder contents on fracture behavior of fully recycled aggregate concrete,FRAC-10,10%,Mechanical activation,Grinding time: 30 min in ball mill,"fcu: 58.4 MPa, fst: 2.19 MPa"
43,Effects of recycled aggregate combinations and recycled powder contents on fracture behavior of fully recycled aggregate concrete,FRAC-20,20%,Mechanical activation,Grinding time: 30 min in ball mill,"fcu: 56.9 MPa, fst: 2.08 MPa"
43,Effects of recycled aggregate combinations and recycled powder contents on fracture behavior of fully recycled aggregate concrete,FRAC-30,30%,Mechanical activation,Grinding time: 30 min in ball mill,"fcu: 52.7 MPa, fst: 1.95 MPa"
44,Influence of fine recycled concrete aggregates use on the hydration kinetics and mechanical-microstructural properties of hydrated cement: Experimental and numerical approaches,Mref,0% vol (0% wt.),,Water/Binder ratio = 0.40,"7d: ~82 MPa, 28d: ~88 MPa, 56d: ~92 MPa (GRAPH-DERIVED)"
44,Influence of fine recycled concrete aggregates use on the hydration kinetics and mechanical-microstructural properties of hydrated cement: Experimental and numerical approaches,MSF 10 / MSF10,10% vol (7.6% wt.),,"Water/Binder ratio = 0.41, Sieve size < 45 µm, Drying @ 40°C","7d: ~74 MPa, 28d: ~89 MPa, 56d: ~92 MPa (GRAPH-DERIVED)"
44,Influence of fine recycled concrete aggregates use on the hydration kinetics and mechanical-microstructural properties of hydrated cement: Experimental and numerical approaches,MSF 20 / MSF20,20% vol (15.6% wt.),,"Water/Binder ratio = 0.42, Sieve size < 45 µm, Drying @ 40°C","7d: ~54 MPa, 28d: ~71 MPa, 56d: ~74 MPa (GRAPH-DERIVED)"
44,Influence of fine recycled concrete aggregates use on the hydration kinetics and mechanical-microstructural properties of hydrated cement: Experimental and numerical approaches,MSF 30 / MSF30,30% vol (24.1% wt.),,"Water/Binder ratio = 0.43, Sieve size < 45 µm, Drying @ 40°C","7d: ~51 MPa, 28d: ~59 MPa, 56d: ~65 MPa (GRAPH-DERIVED)"
45,The utilization of recycled concrete powder as supplementary cementitious material in cement-based materials: A systematic literature review,RCP-Control / Literature Review Matrix,,,Systematic Literature Review of 103 compiled articles analyzing RCP as SCM,
46,Mechanical properties evaluation of sustainable engineered cementitious composites containing recycled fine powders,RGP0,0%,,RMP replacement for sand,42.3 MPa / 14.56 MPa
46,Mechanical properties evaluation of sustainable engineered cementitious composites containing recycled fine powders,RGP10,10%,,RGP particle size: 0-75 µm,42.2 MPa / 14.02 MPa
46,Mechanical properties evaluation of sustainable engineered cementitious composites containing recycled fine powders,RGP20,20%,,RGP particle size: 0-75 µm,36.7 MPa / 12.40 MPa
46,Mechanical properties evaluation of sustainable engineered cementitious composites containing recycled fine powders,RGP30,30%,,RGP particle size: 0-75 µm,32.4 MPa / 11.24 MPa
46,Mechanical properties evaluation of sustainable engineered cementitious composites containing recycled fine powders,Fibre1.25,30%,,PE Fibre: 1.25 vol%,29.3 MPa / 9.09 MPa
46,Mechanical properties evaluation of sustainable engineered cementitious composites containing recycled fine powders,Fibre1.5,30%,,PE Fibre: 1.5 vol%,31.2 MPa / 9.95 MPa
46,Mechanical properties evaluation of sustainable engineered cementitious composites containing recycled fine powders,Fibre1.75,30%,,PE Fibre: 1.75 vol%,33.4 MPa / 10.96 MPa
46,Mechanical properties evaluation of sustainable engineered cementitious composites containing recycled fine powders,FibreL6,30%,,PE Fibre length: 6 mm,28.6 MPa / 9.90 MPa
46,Mechanical properties evaluation of sustainable engineered cementitious composites containing recycled fine powders,FibreL12,30%,,PE Fibre length: 12 mm,31.1 MPa / 9.92 MPa
46,Mechanical properties evaluation of sustainable engineered cementitious composites containing recycled fine powders,PS150,30%,,RGP particle size: 75-150 µm,29.4 MPa / 9.61 MPa
46,Mechanical properties evaluation of sustainable engineered cementitious composites containing recycled fine powders,PS 300,30%,,RGP particle size: 150-300 µm,26.6 MPa / 7.64 MPa
47,Investigation of Waste Perlite and Recycled Concrete Powders as Supplementary Cementitious Materials,REF,0%,,"Cement: 450 g, Sand: 1350 g, Water: 225 g, w/b: 0.5","Flexural Strength (MPa): 1d=2.7, 3d=5.2, 7d=7.1, 28d=7.6, 56d=8.2; Compressive Strength (MPa): 1d=11.2, 3d=30.7, 7d=43.1, 28d=62.5, 56d=75.5"
47,Investigation of Waste Perlite and Recycled Concrete Powders as Supplementary Cementitious Materials,RCP15,15%,,"Cement: 382.5 g, RCP: 67.5 g, Sand: 1350 g, Water: 225 g, w/b: 0.5; Crushed by jaw crusher and sieved passing 63 µm","Flexural Strength (MPa): 1d=2.4, 3d=4.5, 7d=6.0, 28d=6.6, 56d=7.4; Compressive Strength (MPa): 1d=9.0, 3d=23.3, 7d=35.5, 28d=48.0, 56d=59.0"
47,Investigation of Waste Perlite and Recycled Concrete Powders as Supplementary Cementitious Materials,RCP30,30%,,"Cement: 315 g, RCP: 135 g, Sand: 1350 g, Water: 225 g, w/b: 0.5; Crushed by jaw crusher and sieved passing 63 µm","Flexural Strength (MPa): 1d=1.7, 3d=3.7, 7d=5.0, 28d=6.4, 56d=6.2; Compressive Strength (MPa): 1d=6.3, 3d=17.7, 7d=27.3, 28d=35.5, 56d=42.7"
47,Investigation of Waste Perlite and Recycled Concrete Powders as Supplementary Cementitious Materials,RCP45,45%,,"Cement: 247.5 g, RCP: 202.5 g, Sand: 1350 g, Water: 225 g, w/b: 0.5; Crushed by jaw crusher and sieved passing 63 µm","Flexural Strength (MPa): 1d=1.1, 3d=2.5, 7d=3.5, 28d=4.2, 56d=5.5; Compressive Strength (MPa): 1d=3.5, 3d=9.7, 7d=16.2, 28d=19.8, 56d=34.0"
47,Investigation of Waste Perlite and Recycled Concrete Powders as Supplementary Cementitious Materials,WPP-C15,15%,,"Cement: 382.5 g, WPP-C: 67.5 g, Sand: 1350 g, Water: 225 g, w/b: 0.5; Collected from cyclone dust","Flexural Strength (MPa): 1d=2.6, 3d=4.4, 7d=5.6, 28d=6.5, 56d=8.0; Compressive Strength (MPa): 1d=9.5, 3d=22.8, 7d=33.8, 28d=47.5, 56d=62.8"
47,Investigation of Waste Perlite and Recycled Concrete Powders as Supplementary Cementitious Materials,WPP-C30,30%,,"Cement: 315 g, WPP-C: 135 g, Sand: 1350 g, Water: 225 g, w/b: 0.5; Collected from cyclone dust","Flexural Strength (MPa): 1d=1.8, 3d=3.7, 7d=4.8, 28d=5.6, 56d=7.1; Compressive Strength (MPa): 1d=6.7, 3d=18.0, 7d=25.3, 28d=33.5, 56d=45.5"
47,Investigation of Waste Perlite and Recycled Concrete Powders as Supplementary Cementitious Materials,WPP-C45,45%,,"Cement: 247.5 g, WPP-C: 202.5 g, Sand: 1350 g, Water: 225 g, w/b: 0.5; Collected from cyclone dust","Flexural Strength (MPa): 1d=1.1, 3d=2.3, 7d=2.8, 28d=3.5, 56d=5.0; Compressive Strength (MPa): 1d=3.6, 3d=9.4, 7d=10.8, 28d=17.0, 56d=25.5"
47,Investigation of Waste Perlite and Recycled Concrete Powders as Supplementary Cementitious Materials,WPP-SZ15,15%,,"Cement: 382.5 g, WPP-SZ: 67.5 g, Sand: 1350 g, Water: 225 g, w/b: 0.5; Collected from baghouse","Flexural Strength (MPa): 1d=2.6, 3d=5.0, 7d=5.5, 28d=7.6, 56d=8.2; Compressive Strength (MPa): 1d=10.5, 3d=28.8, 7d=37.5, 28d=52.0, 56d=64.8"
47,Investigation of Waste Perlite and Recycled Concrete Powders as Supplementary Cementitious Materials,WPP-SZ30,30%,,"Cement: 315 g, WPP-SZ: 135 g, Sand: 1350 g, Water: 225 g, w/b: 0.5; Collected from baghouse","Flexural Strength (MPa): 1d=2.0, 3d=4.2, 7d=4.8, 28d=6.0, 56d=8.0; Compressive Strength (MPa): 1d=8.5, 3d=22.0, 7d=27.0, 28d=43.0, 56d=58.0"
47,Investigation of Waste Perlite and Recycled Concrete Powders as Supplementary Cementitious Materials,WPP-SZ45,45%,,"Cement: 247.5 g, WPP-SZ: 202.5 g, Sand: 1350 g, Water: 225 g, w/b: 0.5; Collected from baghouse","Flexural Strength (MPa): 1d=1.4, 3d=3.1, 7d=3.5, 28d=5.2, 56d=6.8; Compressive Strength (MPa): 1d=5.2, 3d=13.8, 7d=17.0, 28d=30.0, 56d=41.8"
48,Rheological and early hydration of cementitious material containing recycled concrete powders collected from recycled aggregates,C0,0 vol.% / 0 wt.%,,,24 h Flexural: ~3.8 MPa; 24 h Compressive: ~14.5 MPa
48,Rheological and early hydration of cementitious material containing recycled concrete powders collected from recycled aggregates,RCP10,10 vol.% / 8.2 wt.%,,"Crushing, ball milling (>4.75 mm aggregate up to 7 min), sieved through 0.15 mm",24 h Flexural: ~3.4 MPa; 24 h Compressive: ~12.3 MPa
48,Rheological and early hydration of cementitious material containing recycled concrete powders collected from recycled aggregates,RCP20,20 vol.% / 16.5 wt.%,,"Crushing, ball milling (>4.75 mm aggregate up to 7 min), sieved through 0.15 mm",24 h Flexural: ~3.2 MPa; 24 h Compressive: ~11.2 MPa
48,Rheological and early hydration of cementitious material containing recycled concrete powders collected from recycled aggregates,RCP30,30 vol.% / 24.7 wt.%,,"Crushing, ball milling (>4.75 mm aggregate up to 7 min), sieved through 0.15 mm",24 h Flexural: ~2.8 MPa; 24 h Compressive: ~9.8 MPa
48,Rheological and early hydration of cementitious material containing recycled concrete powders collected from recycled aggregates,RMP10,10 vol.% / 8.2 wt.%,,"Crushing, ball milling (>4.75 mm aggregate up to 7 min), sieved through 0.075 mm",24 h Flexural: ~3.5 MPa; 24 h Compressive: ~12.5 MPa
48,Rheological and early hydration of cementitious material containing recycled concrete powders collected from recycled aggregates,RMP20,20 vol.% / 16.5 wt.%,,"Crushing, ball milling (>4.75 mm aggregate up to 7 min), sieved through 0.075 mm",24 h Flexural: ~3.3 MPa; 24 h Compressive: ~11.8 MPa
48,Rheological and early hydration of cementitious material containing recycled concrete powders collected from recycled aggregates,RMP30,30 vol.% / 24.7 wt.%,,"Crushing, ball milling (>4.75 mm aggregate up to 7 min), sieved through 0.075 mm",24 h Flexural: ~2.8 MPa; 24 h Compressive: ~10.1 MPa
48,Rheological and early hydration of cementitious material containing recycled concrete powders collected from recycled aggregates,RFP10,10 vol.% / 8.0 wt.%,,"Crushing, ball milling (>4.75 mm aggregate up to 7 min), sieved through 0.045 mm",24 h Flexural: ~3.8 MPa; 24 h Compressive: ~15.2 MPa
48,Rheological and early hydration of cementitious material containing recycled concrete powders collected from recycled aggregates,RFP20,20 vol.% / 16.1 wt.%,,"Crushing, ball milling (>4.75 mm aggregate up to 7 min), sieved through 0.045 mm",24 h Flexural: ~3.4 MPa; 24 h Compressive: ~13.1 MPa
48,Rheological and early hydration of cementitious material containing recycled concrete powders collected from recycled aggregates,RFP30,30 vol.% / 24.1 wt.%,,"Crushing, ball milling (>4.75 mm aggregate up to 7 min), sieved through 0.045 mm",24 h Flexural: ~2.8 MPa; 24 h Compressive: ~10.2 MPa
49,Application and Texture of Ground RC as Supplementary Cementitious Material,Ref,0 wt%,,,Compressive Strength: 54.9 MPa; Flexural Strength: 8.6 MPa
49,Application and Texture of Ground RC as Supplementary Cementitious Material,L - 10%,10 wt%,,Reference limestone filler complying to EN 12620,Compressive Strength: 45.1 MPa; Flexural Strength: 8.1 MPa
49,Application and Texture of Ground RC as Supplementary Cementitious Material,L - 20%,20 wt%,,Reference limestone filler complying to EN 12620,Compressive Strength: 40.8 MPa; Flexural Strength: 7.3 MPa
49,Application and Texture of Ground RC as Supplementary Cementitious Material,L - 30%,30 wt%,,Reference limestone filler complying to EN 12620,Compressive Strength: 33.7 MPa; Flexural Strength: 6.4 MPa
49,Application and Texture of Ground RC as Supplementary Cementitious Material,R1 - 10%,10 wt%,Mechanical Grinding,"Planetary ball mill Pulverisette 6, 600 rpm, 10 min, m=150 g, 1 cycle",Compressive Strength: 47.2 MPa; Flexural Strength: 8.4 MPa
49,Application and Texture of Ground RC as Supplementary Cementitious Material,R1 - 20%,20 wt%,Mechanical Grinding,"Planetary ball mill Pulverisette 6, 600 rpm, 10 min, m=150 g, 1 cycle",Compressive Strength: 41.3 MPa; Flexural Strength: 7.6 MPa
49,Application and Texture of Ground RC as Supplementary Cementitious Material,R1 - 30%,30 wt%,Mechanical Grinding,"Planetary ball mill Pulverisette 6, 600 rpm, 10 min, m=150 g, 1 cycle",Compressive Strength: 34.2 MPa; Flexural Strength: 7.0 MPa
49,Application and Texture of Ground RC as Supplementary Cementitious Material,R2 - 10%,10 wt%,Mechanical Grinding,"Planetary ball mill Pulverisette 6, 600 rpm, 10 min, m=150 g, 1 cycle",Compressive Strength: 43.4 MPa; Flexural Strength: 7.8 MPa
49,Application and Texture of Ground RC as Supplementary Cementitious Material,R2 - 20%,20 wt%,Mechanical Grinding,"Planetary ball mill Pulverisette 6, 600 rpm, 10 min, m=150 g, 1 cycle",Compressive Strength: 38.7 MPa; Flexural Strength: 7.1 MPa
49,Application and Texture of Ground RC as Supplementary Cementitious Material,R2 - 30%,30 wt%,Mechanical Grinding,"Planetary ball mill Pulverisette 6, 600 rpm, 10 min, m=150 g, 1 cycle",Compressive Strength: 31.5 MPa; Flexural Strength: 6.6 MPa
49,Application and Texture of Ground RC as Supplementary Cementitious Material,R3 - 10%,10 wt%,Mechanical Grinding,"Planetary ball mill Pulverisette 6, 600 rpm, 10 min, m=150 g, 1 cycle",Compressive Strength: 44.1 MPa; Flexural Strength: 8.2 MPa
49,Application and Texture of Ground RC as Supplementary Cementitious Material,R3 - 20%,20 wt%,Mechanical Grinding,"Planetary ball mill Pulverisette 6, 600 rpm, 10 min, m=150 g, 1 cycle",Compressive Strength: 38.1 MPa; Flexural Strength: 6.9 MPa
49,Application and Texture of Ground RC as Supplementary Cementitious Material,R3 - 30%,30 wt%,Mechanical Grinding,"Planetary ball mill Pulverisette 6, 600 rpm, 10 min, m=150 g, 1 cycle",Compressive Strength: 33.9 MPa; Flexural Strength: 6.9 MPa
49,Application and Texture of Ground RC as Supplementary Cementitious Material,R4 - 10%,10 wt%,Mechanical Grinding,"Planetary ball mill Pulverisette 6, 600 rpm, 10 min, m=150 g, 2 cycles",Compressive Strength: 39.0 MPa; Flexural Strength: 7.4 MPa
49,Application and Texture of Ground RC as Supplementary Cementitious Material,R4 - 20%,20 wt%,Mechanical Grinding,"Planetary ball mill Pulverisette 6, 600 rpm, 10 min, m=150 g, 2 cycles",Compressive Strength: 32.7 MPa; Flexural Strength: 6.6 MPa
49,Application and Texture of Ground RC as Supplementary Cementitious Material,R4 - 30%,30 wt%,Mechanical Grinding,"Planetary ball mill Pulverisette 6, 600 rpm, 10 min, m=150 g, 2 cycles",Compressive Strength: 26.7 MPa; Flexural Strength: 5.8 MPa
49,Application and Texture of Ground RC as Supplementary Cementitious Material,R5 - 10%,10 wt%,Mechanical Grinding,"Planetary ball mill Pulverisette 6, 600 rpm, 10 min, m=150 g, 2 cycles",Compressive Strength: 40.8 MPa; Flexural Strength: 7.2 MPa
49,Application and Texture of Ground RC as Supplementary Cementitious Material,R5 - 20%,20 wt%,Mechanical Grinding,"Planetary ball mill Pulverisette 6, 600 rpm, 10 min, m=150 g, 2 cycles",Compressive Strength: 34.5 MPa; Flexural Strength: 6.6 MPa
49,Application and Texture of Ground RC as Supplementary Cementitious Material,R5 - 30%,30 wt%,Mechanical Grinding,"Planetary ball mill Pulverisette 6, 600 rpm, 10 min, m=150 g, 2 cycles",Compressive Strength: 28.2 MPa; Flexural Strength: 6.0 MPa
49,Application and Texture of Ground RC as Supplementary Cementitious Material,R6 - 10%,10 wt%,Mechanical Grinding,"Planetary ball mill Pulverisette 6, 600 rpm, 10 min, m=150 g, 2 cycles",Compressive Strength: 43.7 MPa; Flexural Strength: 7.9 MPa
49,Application and Texture of Ground RC as Supplementary Cementitious Material,R6 - 20%,20 wt%,Mechanical Grinding,"Planetary ball mill Pulverisette 6, 600 rpm, 10 min, m=150 g, 2 cycles",Compressive Strength: 36.6 MPa; Flexural Strength: 7.1 MPa
49,Application and Texture of Ground RC as Supplementary Cementitious Material,R6 - 30%,30 wt%,Mechanical Grinding,"Planetary ball mill Pulverisette 6, 600 rpm, 10 min, m=150 g, 2 cycles",Compressive Strength: 30.4 MPa; Flexural Strength: 5.9 MPa
50,Characteristics of waste concrete powders from multi-recycled coarse aggregate concrete and their effects as cement replacements,Reference,0%,,ASTM C109 mix design; w/b = 0.484,Compressive: 34.7 MPa; Flexural: 7.99 MPa
50,Characteristics of waste concrete powders from multi-recycled coarse aggregate concrete and their effects as cement replacements,RCPM1-10,10% (RCP1),,Produced from 1st gen RAC1; size < 0.15 mm; w/b = 0.484,Compressive: 32.2 MPa; Flexural: 7.78 MPa
50,Characteristics of waste concrete powders from multi-recycled coarse aggregate concrete and their effects as cement replacements,RCPM1-20,20% (RCP1),,Produced from 1st gen RAC1; size < 0.15 mm; w/b = 0.484,Compressive: 29.5 MPa; Flexural: 7.11 MPa
50,Characteristics of waste concrete powders from multi-recycled coarse aggregate concrete and their effects as cement replacements,RCPM1-30,30% (RCP1),,Produced from 1st gen RAC1; size < 0.15 mm; w/b = 0.484,Compressive: 22.8 MPa; Flexural: 6.95 MPa
50,Characteristics of waste concrete powders from multi-recycled coarse aggregate concrete and their effects as cement replacements,RCPM2-10,10% (RCP2),,Produced from 2nd gen RAC2; size < 0.15 mm; w/b = 0.484,Compressive: 29.5 MPa; Flexural: 6.95 MPa
50,Characteristics of waste concrete powders from multi-recycled coarse aggregate concrete and their effects as cement replacements,RCPM2-20,20% (RCP2),,Produced from 2nd gen RAC2; size < 0.15 mm; w/b = 0.484,Compressive: 24.8 MPa; Flexural: 6.71 MPa
50,Characteristics of waste concrete powders from multi-recycled coarse aggregate concrete and their effects as cement replacements,RCPM2-30,30% (RCP2),,Produced from 2nd gen RAC2; size < 0.15 mm; w/b = 0.484,Compressive: 22.4 MPa; Flexural: 6.23 MPa
50,Characteristics of waste concrete powders from multi-recycled coarse aggregate concrete and their effects as cement replacements,RCPM3-10,10% (RCP3),,Produced from 3rd gen RAC3; size < 0.15 mm; w/b = 0.484,Compressive: 16.2 MPa; Flexural: 5.67 MPa
50,Characteristics of waste concrete powders from multi-recycled coarse aggregate concrete and their effects as cement replacements,RCPM3-20,20% (RCP3),,Produced from 3rd gen RAC3; size < 0.15 mm; w/b = 0.484,Compressive: 15.4 MPa; Flexural: 4.15 MPa
50,Characteristics of waste concrete powders from multi-recycled coarse aggregate concrete and their effects as cement replacements,RCPM3-30,30% (RCP3),,Produced from 3rd gen RAC3; size < 0.15 mm; w/b = 0.484,Compressive: 10.9 MPa; Flexural: 3.03 MPa
51,"Effects of recycled concrete powders on the rheology, setting and early age strength of cement paste",Cement,0%,,"w/b = 0.45, no superplasticizer",12.00 MPa (1 day)
51,"Effects of recycled concrete powders on the rheology, setting and early age strength of cement paste",C/RCPI10,10% RCPI,,"w/b = 0.45, particle size < 75 µm, crushed, ground, air-separated",7.88 MPa (1 day)
51,"Effects of recycled concrete powders on the rheology, setting and early age strength of cement paste",C/RCPI20,20% RCPI,,"w/b = 0.45, particle size < 75 µm, crushed, ground, air-separated",6.84 MPa (1 day)
51,"Effects of recycled concrete powders on the rheology, setting and early age strength of cement paste",C/RCPI30,30% RCPI,,"w/b = 0.45, particle size < 75 µm, crushed, ground, air-separated",5.92 MPa (1 day)
51,"Effects of recycled concrete powders on the rheology, setting and early age strength of cement paste",C/RCPII10,10% RCPII,,"w/b = 0.45, particle size < 75 µm, crushed, ground, air-separated",10.98 MPa (1 day)
51,"Effects of recycled concrete powders on the rheology, setting and early age strength of cement paste",C/RCPII20,20% RCPII,,"w/b = 0.45, particle size < 75 µm, crushed, ground, air-separated",7.81 MPa (1 day)
51,"Effects of recycled concrete powders on the rheology, setting and early age strength of cement paste",C/RCPII30,30% RCPII,,"w/b = 0.45, particle size < 75 µm, crushed, ground, air-separated",5.94 MPa (1 day)
52,Effects of recycled micro-powders mixing methods on the properties of recycled concrete,RAC,0%,,Control recycled concrete mix (w/b = 0.35),7d Compressive: 36.8 MPa (GRAPH-DERIVED) / 28d Compressive: 43.2 MPa (GRAPH-DERIVED) / 56d Compressive: 48.3 MPa (GRAPH-DERIVED)
52,Effects of recycled micro-powders mixing methods on the properties of recycled concrete,RPAC1,5.5%,,Direct mixing of micro-powders into concrete,7d Compressive: 33.6 MPa (GRAPH-DERIVED) / 28d Compressive: 42.2 MPa (GRAPH-DERIVED) / 56d Compressive: 47.7 MPa (GRAPH-DERIVED)
52,Effects of recycled micro-powders mixing methods on the properties of recycled concrete,FPAC1,5.5%,Mechanical (Ball milling adhesion),Micro-powders adhered to aggregate surface via ball mill (2% by mass of coarse aggregate),7d Compressive: 35.8 MPa (GRAPH-DERIVED) / 28d Compressive: 43.1 MPa (GRAPH-DERIVED) / 56d Compressive: 49.6 MPa (GRAPH-DERIVED)
52,Effects of recycled micro-powders mixing methods on the properties of recycled concrete,RPAC2,11%,,Direct mixing of micro-powders into concrete,7d Compressive: 31.8 MPa (GRAPH-DERIVED) / 28d Compressive: 38.0 MPa (GRAPH-DERIVED) / 56d Compressive: 44.6 MPa (GRAPH-DERIVED)
52,Effects of recycled micro-powders mixing methods on the properties of recycled concrete,FPAC2,11%,Mechanical (Ball milling adhesion),Micro-powders adhered to aggregate surface via ball mill (4% by mass of coarse aggregate),28d Compressive: 44.75 MPa; 56d Compressive: 51.85 MPa
52,Effects of recycled micro-powders mixing methods on the properties of recycled concrete,RPAC3,16.5%,,Direct mixing of micro-powders into concrete,7d Compressive: 27.5 MPa (GRAPH-DERIVED) / 28d Compressive: 36.6 MPa (GRAPH-DERIVED) / 56d Compressive: 41.9 MPa (GRAPH-DERIVED)
52,Effects of recycled micro-powders mixing methods on the properties of recycled concrete,FPAC3,16.5%,Mechanical (Ball milling adhesion),Micro-powders adhered to aggregate surface via ball mill (6% by mass of coarse aggregate),7d Compressive: 31.4 MPa (GRAPH-DERIVED) / 28d Compressive: 42.1 MPa (GRAPH-DERIVED) / 56d Compressive: 48.8 MPa (GRAPH-DERIVED)
52,Effects of recycled micro-powders mixing methods on the properties of recycled concrete,RPAC4,22%,,Direct mixing of micro-powders into concrete,7d Compressive: 23.6 MPa (GRAPH-DERIVED) / 28d Compressive: 31.0 MPa (GRAPH-DERIVED) / 56d Compressive: 37.3 MPa (GRAPH-DERIVED)
52,Effects of recycled micro-powders mixing methods on the properties of recycled concrete,FPAC4,22%,Mechanical (Ball milling adhesion),Micro-powders adhered to aggregate surface via ball mill (8% by mass of coarse aggregate),7d Compressive: 28.6 MPa (GRAPH-DERIVED) / 28d Compressive: 35.1 MPa (GRAPH-DERIVED) / 56d Compressive: 42.1 MPa (GRAPH-DERIVED)
53,"Utilizing heat-mechanical synergistic treatment for separating concrete waste into high-quality recycled aggregate, active recycled powder and new concrete",C-Control,0%,,"w/b = 0.50, Cement: 360 kg/m³, Water: 180 kg/m³",GRAPH-DERIVED: ~43.5 MPa
53,"Utilizing heat-mechanical synergistic treatment for separating concrete waste into high-quality recycled aggregate, active recycled powder and new concrete",C-10ARP-600C,10% ARP-600C,Heat-Mechanical,"600 °C heat treatment for 2 h, ball milling",GRAPH-DERIVED: ~42.0 MPa
53,"Utilizing heat-mechanical synergistic treatment for separating concrete waste into high-quality recycled aggregate, active recycled powder and new concrete",C-20ARP-600C,20% ARP-600C,Heat-Mechanical,"600 °C heat treatment for 2 h, ball milling",GRAPH-DERIVED: ~38.5 MPa
53,"Utilizing heat-mechanical synergistic treatment for separating concrete waste into high-quality recycled aggregate, active recycled powder and new concrete",C-30ARP-600C,30% ARP-600C,Heat-Mechanical,"600 °C heat treatment for 2 h, ball milling",GRAPH-DERIVED: ~32.5 MPa
53,"Utilizing heat-mechanical synergistic treatment for separating concrete waste into high-quality recycled aggregate, active recycled powder and new concrete",C-10ARP-800C,10% ARP-800C,Heat-Mechanical,"800 °C heat treatment for 2 h, ball milling",GRAPH-DERIVED: ~44.0 MPa
53,"Utilizing heat-mechanical synergistic treatment for separating concrete waste into high-quality recycled aggregate, active recycled powder and new concrete",C-20ARP-800C,20% ARP-800C,Heat-Mechanical,"800 °C heat treatment for 2 h, ball milling",GRAPH-DERIVED: ~40.5 MPa
53,"Utilizing heat-mechanical synergistic treatment for separating concrete waste into high-quality recycled aggregate, active recycled powder and new concrete",C-30ARP-800C,30% ARP-800C,Heat-Mechanical,"800 °C heat treatment for 2 h, ball milling",GRAPH-DERIVED: ~34.5 MPa
54,Total recycling of concrete waste using accelerated carbonation: A review,Blended Cement Paste (w/b 0.55),30%,Enforced / Wet / Dry Carbonation,Carbonated RCP incorporation,~43 MPa
54,Total recycling of concrete waste using accelerated carbonation: A review,Blended Cement Paste (w/b 0.40),30%,Enforced / Wet / Dry Carbonation,Carbonated RCP incorporation,~50 MPa
54,Total recycling of concrete waste using accelerated carbonation: A review,Blended Cement Paste (w/b 0.30),30%,Enforced / Wet / Dry Carbonation,Carbonated RCP incorporation,~61 MPa
54,Total recycling of concrete waste using accelerated carbonation: A review,C40 Concrete,100% (Aggregate substitution),Accelerated Carbonation,Fully carbonated RCAs and RCFs without adjusting cement content,C40 Grade / Comparable to reference
54,Total recycling of concrete waste using accelerated carbonation: A review,Raw RCP Control (30% replacement),30%,Uncarbonated (Raw),Raw RCP incorporation,31% reduction in 28d compressive strength
55,The effect of recycled concrete powder (RCP) from precast concrete plant on fresh and mechanical properties of cementitious pastes,CP,0%,,w/c = 0.4,"1d: 17.94 MPa, 7d: 42.29 MPa, 28d: 47.53 MPa, 120d: 57.46 MPa"
55,The effect of recycled concrete powder (RCP) from precast concrete plant on fresh and mechanical properties of cementitious pastes,C10,10%,Mechanical activation (ball mill grinding),"Sieving (<150 µm), Ball mill grinding for ~30 min at 300 rpm, w/c = 0.4","1d: 13.55 MPa, 7d: 40.00 MPa, 28d: 45.78 MPa, 120d: 55.13 MPa"
55,The effect of recycled concrete powder (RCP) from precast concrete plant on fresh and mechanical properties of cementitious pastes,C20,20%,Mechanical activation (ball mill grinding),"Sieving (<150 µm), Ball mill grinding for ~30 min at 300 rpm, w/c = 0.4","1d: 11.86 MPa, 7d: 32.94 MPa, 28d: 42.38 MPa, 120d: 50.93 MPa"
55,The effect of recycled concrete powder (RCP) from precast concrete plant on fresh and mechanical properties of cementitious pastes,C30,30%,Mechanical activation (ball mill grinding),"Sieving (<150 µm), Ball mill grinding for ~30 min at 300 rpm, w/c = 0.4","1d: 10.23 MPa, 7d: 27.84 MPa, 28d: 35.38 MPa, 120d: 39.48 MPa"
56,Concrete powder waste as a substitution for Portland cement for environment-friendly cement production,Reference,0%,,w/c = 0.48,28 days: 46.70 MPa; 91 days: 50.40 MPa
56,Concrete powder waste as a substitution for Portland cement for environment-friendly cement production,7% RCP 0h,7%,,"Primary grinding (#100 mesh, <0.15 mm), w/c = 0.48",28 days: 30.36 MPa; 91 days: 31.04 MPa
56,Concrete powder waste as a substitution for Portland cement for environment-friendly cement production,7% RCP 0.5h,7%,Mechanical,"Planetary ball mill 500 rpm for 0.5 h, w/c = 0.48",28 days: 38.26 MPa; 91 days: 41.66 MPa
56,Concrete powder waste as a substitution for Portland cement for environment-friendly cement production,7% RCP 2h,7%,Mechanical,"Planetary ball mill 500 rpm for 2 h, w/c = 0.48",28 days: 38.78 MPa; 91 days: 42.35 MPa
56,Concrete powder waste as a substitution for Portland cement for environment-friendly cement production,7% RCP 6h,7%,Mechanical,"Planetary ball mill 500 rpm for 6 h, w/c = 0.48",28 days: 43.95 MPa; 91 days: 48.88 MPa
56,Concrete powder waste as a substitution for Portland cement for environment-friendly cement production,15% RCP 0h,15%,,"Primary grinding (#100 mesh, <0.15 mm), w/c = 0.48",28 days: 34.23 MPa; 91 days: 33.42 MPa
56,Concrete powder waste as a substitution for Portland cement for environment-friendly cement production,15% RCP 0.5h,15%,Mechanical,"Planetary ball mill 500 rpm for 0.5 h, w/c = 0.48",28 days: 36.35 MPa; 91 days: 33.40 MPa
56,Concrete powder waste as a substitution for Portland cement for environment-friendly cement production,15% RCP 2h,15%,Mechanical,"Planetary ball mill 500 rpm for 2 h, w/c = 0.48",28 days: 39.33 MPa; 91 days: 46.93 MPa
56,Concrete powder waste as a substitution for Portland cement for environment-friendly cement production,15% RCP 6h,15%,Mechanical,"Planetary ball mill 500 rpm for 6 h, w/c = 0.48",28 days: 33.49 MPa; 91 days: 38.50 MPa
56,Concrete powder waste as a substitution for Portland cement for environment-friendly cement production,25% RCP 0h,25%,,"Primary grinding (#100 mesh, <0.15 mm), w/c = 0.48",28 days: 29.03 MPa; 91 days: 32.04 MPa
56,Concrete powder waste as a substitution for Portland cement for environment-friendly cement production,25% RCP 0.5h,25%,Mechanical,"Planetary ball mill 500 rpm for 0.5 h, w/c = 0.48",28 days: 27.60 MPa; 91 days: 30.69 MPa
56,Concrete powder waste as a substitution for Portland cement for environment-friendly cement production,25% RCP 2h,25%,Mechanical,"Planetary ball mill 500 rpm for 2 h, w/c = 0.48",28 days: 27.06 MPa; 91 days: 33.76 MPa
56,Concrete powder waste as a substitution for Portland cement for environment-friendly cement production,25% RCP 6h,25%,Mechanical,"Planetary ball mill 500 rpm for 6 h, w/c = 0.48",28 days: 24.14 MPa; 91 days: 29.90 MPa
57,Use of recycled fine aggregates and recycled powders in sustainable recycled concrete,Control,0% RP / 0% RFA,,"Cement: 440.0 kg/m³, NFA: 722.8 kg/m³, w/c: 0.36",
57,Use of recycled fine aggregates and recycled powders in sustainable recycled concrete,RPC1,15% RP (cement replacement),Mechanical Grinding,"Cement: 374.7 kg/m³, RP: 65.3 kg/m³, SP: 2.84%",
57,Use of recycled fine aggregates and recycled powders in sustainable recycled concrete,RPC2,30% RP (cement replacement),Mechanical Grinding,"Cement: 308.4 kg/m³, RP: 131.6 kg/m³, SP: 3.52%",
57,Use of recycled fine aggregates and recycled powders in sustainable recycled concrete,RPC3,15% RP + 15% FA (cement replacement),Mechanical Grinding,"Cement: 308.4 kg/m³, FA: 66.3 kg/m³, RP: 65.3 kg/m³, SP: 2.50%",
57,Use of recycled fine aggregates and recycled powders in sustainable recycled concrete,RFC1,25% RFA (NFA replacement),,"Cement: 440.0 kg/m³, RFA: 147.7 kg/m³, Additional water: 6.2 kg/m³, SP: 2.65%",
57,Use of recycled fine aggregates and recycled powders in sustainable recycled concrete,RFC2,50% RFA (NFA replacement),,"Cement: 440.0 kg/m³, RFA: 295.4 kg/m³, Additional water: 12.4 kg/m³, SP: 3.30%",
57,Use of recycled fine aggregates and recycled powders in sustainable recycled concrete,RFC3,75% RFA (NFA replacement),,"Cement: 440.0 kg/m³, RFA: 443.1 kg/m³, Additional water: 18.6 kg/m³, SP: 4.24%",
57,Use of recycled fine aggregates and recycled powders in sustainable recycled concrete,RFC4,100% RFA (NFA replacement),,"Cement: 440.0 kg/m³, RFA: 590.8 kg/m³, Additional water: 24.8 kg/m³, SP: 6.11%",
58,Fine demolition wastes as Supplementary cementitious materials for CO2 reduced cement production,REF,0%,,"Pure Portland Cement mortar (CEM I 52.5 R), w/b = 0.5, s/b = 3",7d: 50.87 MPa; 28d: 60.22 MPa; 90d: 65.94 MPa
58,Fine demolition wastes as Supplementary cementitious materials for CO2 reduced cement production,CSN,20%,,"Dried at room temperature; 0/125 µm fraction; w/b = 0.5, s/b = 3",7d: 39.20 MPa; 28d: 47.23 MPa; 90d: 52.94 MPa
58,Fine demolition wastes as Supplementary cementitious materials for CO2 reduced cement production,CS105,20%,Thermal (Drying),"Dried at 105 °C to constant mass; 0/125 µm fraction; w/b = 0.5, s/b = 3",7d: 38.98 MPa; 28d: 50.19 MPa; 90d: 55.84 MPa
58,Fine demolition wastes as Supplementary cementitious materials for CO2 reduced cement production,CS400,20%,Thermal Calcination,"Calcined at 400 °C for 2 h (heating rate 10 °C/min); 0/125 µm fraction; w/b = 0.5, s/b = 3",7d: 39.36 MPa; 28d: 51.19 MPa; 90d: 56.44 MPa
58,Fine demolition wastes as Supplementary cementitious materials for CO2 reduced cement production,CS500,20%,Thermal Calcination,"Calcined at 500 °C for 2 h (heating rate 10 °C/min); 0/125 µm fraction; w/b = 0.5, s/b = 3",7d: 41.65 MPa; 28d: 53.45 MPa; 90d: 59.47 MPa
58,Fine demolition wastes as Supplementary cementitious materials for CO2 reduced cement production,MSN,20%,,"Dried at room temperature; 0/125 µm fraction; w/b = 0.5, s/b = 3",7d: 37.98 MPa; 28d: 46.25 MPa; 90d: 51.33 MPa
58,Fine demolition wastes as Supplementary cementitious materials for CO2 reduced cement production,MS105,20%,Thermal (Drying),"Dried at 105 °C to constant mass; 0/125 µm fraction; w/b = 0.5, s/b = 3",7d: 39.15 MPa; 28d: 49.56 MPa; 90d: 56.10 MPa
58,Fine demolition wastes as Supplementary cementitious materials for CO2 reduced cement production,MS400,20%,Thermal Calcination,"Calcined at 400 °C for 2 h (heating rate 10 °C/min); 0/125 µm fraction; w/b = 0.5, s/b = 3",7d: 39.02 MPa; 28d: 51.06 MPa; 90d: 56.50 MPa
58,Fine demolition wastes as Supplementary cementitious materials for CO2 reduced cement production,MS500,20%,Thermal Calcination,"Calcined at 500 °C for 2 h (heating rate 10 °C/min); 0/125 µm fraction; w/b = 0.5, s/b = 3",7d: 41.01 MPa; 28d: 52.28 MPa; 90d: 57.88 MPa
58,Fine demolition wastes as Supplementary cementitious materials for CO2 reduced cement production,WMN,20%,,"Dried at room temperature; 0/125 µm fraction; w/b = 0.5, s/b = 3",7d: 38.11 MPa; 28d: 47.12 MPa; 90d: 52.63 MPa
58,Fine demolition wastes as Supplementary cementitious materials for CO2 reduced cement production,WM105,20%,Thermal (Drying),"Dried at 105 °C to constant mass; 0/125 µm fraction; w/b = 0.5, s/b = 3",7d: 37.93 MPa; 28d: 47.79 MPa; 90d: 53.09 MPa
58,Fine demolition wastes as Supplementary cementitious materials for CO2 reduced cement production,WM400,20%,Thermal Calcination,"Calcined at 400 °C for 2 h (heating rate 10 °C/min); 0/125 µm fraction; w/b = 0.5, s/b = 3",7d: 39.74 MPa; 28d: 50.12 MPa; 90d: 55.13 MPa
58,Fine demolition wastes as Supplementary cementitious materials for CO2 reduced cement production,WM500,20%,Thermal Calcination,"Calcined at 500 °C for 2 h (heating rate 10 °C/min); 0/125 µm fraction; w/b = 0.5, s/b = 3",7d: 41.08 MPa; 28d: 51.38 MPa; 90d: 56.44 MPa
59,Effect of thermo-mechanical activation of waste concrete powder (WCP) on the characteristics of cement mixtures,C100,0%,,Water/Binder = 0.35,"7d: ~56 MPa, 28d: ~72.5 MPa, 56d: ~74 MPa (Graph-derived)"
59,Effect of thermo-mechanical activation of waste concrete powder (WCP) on the characteristics of cement mixtures,AW10,10%,As Received (None),Water/Binder = 0.35,"7d: ~37 MPa, 28d: ~54 MPa, 56d: ~56 MPa (Graph-derived)"
59,Effect of thermo-mechanical activation of waste concrete powder (WCP) on the characteristics of cement mixtures,AW20,20%,As Received (None),Water/Binder = 0.35,"7d: ~31 MPa, 28d: ~52 MPa, 56d: ~50 MPa (Graph-derived)"
59,Effect of thermo-mechanical activation of waste concrete powder (WCP) on the characteristics of cement mixtures,AW30,30%,As Received (None),Water/Binder = 0.35,"7d: ~18.5 MPa, 28d: ~40 MPa, 56d: ~40 MPa (Graph-derived)"
59,Effect of thermo-mechanical activation of waste concrete powder (WCP) on the characteristics of cement mixtures,AW40,40%,As Received (None),Water/Binder = 0.35,"7d: ~11.5 MPa, 28d: ~28 MPa, 56d: ~28.5 MPa (Graph-derived)"
59,Effect of thermo-mechanical activation of waste concrete powder (WCP) on the characteristics of cement mixtures,MW10,10%,Mechanical Grinding,"Ball milling for 2 h, ball-to-material ratio 5:1, Water/Binder = 0.35","7d: ~54.5 MPa, 28d: ~64 MPa, 56d: ~69.5 MPa (Graph-derived)"
59,Effect of thermo-mechanical activation of waste concrete powder (WCP) on the characteristics of cement mixtures,MW20,20%,Mechanical Grinding,"Ball milling for 2 h, ball-to-material ratio 5:1, Water/Binder = 0.35","7d: ~48 MPa, 28d: ~59 MPa, 56d: ~58 MPa (Graph-derived)"
59,Effect of thermo-mechanical activation of waste concrete powder (WCP) on the characteristics of cement mixtures,MW30,30%,Mechanical Grinding,"Ball milling for 2 h, ball-to-material ratio 5:1, Water/Binder = 0.35","7d: ~44 MPa, 28d: ~51 MPa, 56d: ~44.5 MPa (Graph-derived)"
59,Effect of thermo-mechanical activation of waste concrete powder (WCP) on the characteristics of cement mixtures,MW40,40%,Mechanical Grinding,"Ball milling for 2 h, ball-to-material ratio 5:1, Water/Binder = 0.35","7d: ~39 MPa, 28d: ~45.5 MPa, 56d: ~44.5 MPa (Graph-derived)"
59,Effect of thermo-mechanical activation of waste concrete powder (WCP) on the characteristics of cement mixtures,BMW10,10%,Thermo-mechanical,"Calcination at 650 °C for 2 h + Ball milling for 2 h, Water/Binder = 0.35","7d: ~53.5 MPa, 28d: ~60.5 MPa, 56d: ~64.5 MPa (Graph-derived)"
59,Effect of thermo-mechanical activation of waste concrete powder (WCP) on the characteristics of cement mixtures,BMW20,20%,Thermo-mechanical,"Calcination at 650 °C for 2 h + Ball milling for 2 h, Water/Binder = 0.35","7d: ~54.5 MPa, 28d: ~65.5 MPa, 56d: ~62.5 MPa (Graph-derived)"
59,Effect of thermo-mechanical activation of waste concrete powder (WCP) on the characteristics of cement mixtures,BMW30,30%,Thermo-mechanical,"Calcination at 650 °C for 2 h + Ball milling for 2 h, Water/Binder = 0.35","7d: ~57 MPa, 28d: ~65 MPa, 56d: ~61 MPa (Graph-derived)"
59,Effect of thermo-mechanical activation of waste concrete powder (WCP) on the characteristics of cement mixtures,BMW40,40%,Thermo-mechanical,"Calcination at 650 °C for 2 h + Ball milling for 2 h, Water/Binder = 0.35","7d: ~51.5 MPa, 28d: ~65 MPa, 56d: ~59.5 MPa (Graph-derived)"
60,Micro-macro characterizations of mortar containing construction waste fines as replacement of cement and sand: A comparative study,M-Control,0%,Un-activated,"w/b = 0.5, Cement:Sand = 1:2",37.8 MPa
60,Micro-macro characterizations of mortar containing construction waste fines as replacement of cement and sand: A comparative study,M-WCF-5C,5% Cement,Un-activated,"Ground WCF (<0.15 mm), w/b = 0.5",37.3 MPa
60,Micro-macro characterizations of mortar containing construction waste fines as replacement of cement and sand: A comparative study,M-WCF-10C,10% Cement,Un-activated,"Ground WCF (<0.15 mm), w/b = 0.5",33.8 MPa
60,Micro-macro characterizations of mortar containing construction waste fines as replacement of cement and sand: A comparative study,M-WCF-20C,20% Cement,Un-activated,"Ground WCF (<0.15 mm), w/b = 0.5",31.8 MPa
60,Micro-macro characterizations of mortar containing construction waste fines as replacement of cement and sand: A comparative study,M-WCF-30C,30% Cement,Un-activated,"Ground WCF (<0.15 mm), w/b = 0.5",29.0 MPa
60,Micro-macro characterizations of mortar containing construction waste fines as replacement of cement and sand: A comparative study,M-WCF-5S,5% Sand,Un-activated,"Ground WCF (<0.15 mm), w/c = 0.5",39.2 MPa
60,Micro-macro characterizations of mortar containing construction waste fines as replacement of cement and sand: A comparative study,M-WCF-10S,10% Sand,Un-activated,"Ground WCF (<0.15 mm), w/c = 0.5",40.3 MPa
60,Micro-macro characterizations of mortar containing construction waste fines as replacement of cement and sand: A comparative study,M-WCF-20S,20% Sand,Un-activated,"Ground WCF (<0.15 mm), w/c = 0.5",47.5 MPa
60,Micro-macro characterizations of mortar containing construction waste fines as replacement of cement and sand: A comparative study,M-WCF-30S,30% Sand,Un-activated,"Ground WCF (<0.15 mm), w/c = 0.5",51.0 MPa
60,Micro-macro characterizations of mortar containing construction waste fines as replacement of cement and sand: A comparative study,M-WCF-10S+10C,10% Cement + 10% Sand,Un-activated,"Ground WCF (<0.15 mm), w/b = 0.5",41.7 MPa
61,Supplementary cementitious materials based on recycled concrete paste,L (Reference),0 wt.-% SCM (38.2 wt.-% Limestone replacement),,Reference limestone composite cement,Reported graphically in Fig. 7
61,Supplementary cementitious materials based on recycled concrete paste,A_c,38.2 wt.-%,Enforced Carbonation,"Wet slurry carbonation, 6 h, 300 l/h CO2, dried at 105 °C, ground",Reported graphically in Fig. 7
61,Supplementary cementitious materials based on recycled concrete paste,B_c,38.2 wt.-%,Enforced Carbonation,"Wet slurry carbonation, 6 h, 300 l/h CO2, dried at 105 °C, ground",Reported graphically in Fig. 7
61,Supplementary cementitious materials based on recycled concrete paste,C_c,38.2 wt.-%,Enforced Carbonation,"Wet slurry carbonation, 6 h, 300 l/h CO2, dried at 105 °C, ground",Reported graphically in Fig. 7
61,Supplementary cementitious materials based on recycled concrete paste,A_ac,38.2 wt.-%,Autoclaving and Carbonation,"Autoclaved at 200 °C for 16 h (w/s=2), followed by wet carbonation (6 h), dried, ground",Reported graphically in Fig. 7
61,Supplementary cementitious materials based on recycled concrete paste,B_ac,38.2 wt.-%,Autoclaving and Carbonation,"Autoclaved at 200 °C for 16 h (w/s=2), followed by wet carbonation (6 h), dried, ground",Reported graphically in Fig. 7
61,Supplementary cementitious materials based on recycled concrete paste,C_ac,38.2 wt.-%,Autoclaving and Carbonation,"Autoclaved at 200 °C for 16 h (w/s=2), followed by wet carbonation (6 h), dried, ground",Reported graphically in Fig. 7
61,Supplementary cementitious materials based on recycled concrete paste,A_g,38.2 wt.-%,Glass Production (Vitrification),"Induction furnace melting at 1400 - 1800 °C, ice-water quenching, dried, ground",Reported graphically in Fig. 7
61,Supplementary cementitious materials based on recycled concrete paste,B_g,38.2 wt.-%,Glass Production (Vitrification),"Induction furnace melting at 1400 - 1800 °C, ice-water quenching, dried, ground",Reported graphically in Fig. 7
61,Supplementary cementitious materials based on recycled concrete paste,C_g,38.2 wt.-%,Glass Production (Vitrification),"Induction furnace melting at 1400 - 1800 °C, ice-water quenching, dried, ground",Reported graphically in Fig. 7
62,"Roles of carbonated recycled fines and aggregates in hydration, microstructure and mechanical properties of concrete: A critical review",Plain Paste (C-L),0%,,w/b = 0.40 (or unactivated control),52.1 MPa (28 d) [or 61.0 MPa (28 d)]
62,"Roles of carbonated recycled fines and aggregates in hydration, microstructure and mechanical properties of concrete: A critical review",RCF 10%,10%,None (Uncarbonated),RCF/b = 0.10,~1.05 to 1.15 relative strength ratio
62,"Roles of carbonated recycled fines and aggregates in hydration, microstructure and mechanical properties of concrete: A critical review",RCF 20%,20%,None (Uncarbonated),RCF/b = 0.20,~1.10 to 1.20 relative strength ratio
62,"Roles of carbonated recycled fines and aggregates in hydration, microstructure and mechanical properties of concrete: A critical review",RCF 30%,30%,None (Uncarbonated),RCF/b = 0.30,~0.90 to 1.05 relative strength ratio
62,"Roles of carbonated recycled fines and aggregates in hydration, microstructure and mechanical properties of concrete: A critical review",CRCF 10%,10%,Accelerated Carbonation (Gas-Solid / Aqueous),"CO2 pressure = 0–0.4 MPa, RH = 50–70%, Temp = 20–100 °C, Time = 0.5–72 h",Up to +23.6% (1 d) strength increase over control; >1.0 strength ratio at 28 d
62,"Roles of carbonated recycled fines and aggregates in hydration, microstructure and mechanical properties of concrete: A critical review",CRCF 20%,20%,Accelerated Carbonation (Gas-Solid / Aqueous),"CO2 pressure = 0–0.4 MPa, RH = 50–70%, Temp = 20–100 °C, Time = 0.5–72 h",Strength ratio up to 1.46 (Peak relative strength)
62,"Roles of carbonated recycled fines and aggregates in hydration, microstructure and mechanical properties of concrete: A critical review",CRCF 30%,30%,Accelerated Carbonation (Gas-Solid / Aqueous),"CO2 pressure = 0–0.4 MPa, RH = 50–70%, Temp = 20–100 °C, Time = 0.5–72 h",Reduced strength ratio relative to 20% due to clinker dilution
62,"Roles of carbonated recycled fines and aggregates in hydration, microstructure and mechanical properties of concrete: A critical review",CRCF 10% (Type I - Fly Ash),10%,Carbonation of Recycled Fly Ash Cement,Blend with 50% Fly Ash,>1.0 strength ratio up to 28 d
62,"Roles of carbonated recycled fines and aggregates in hydration, microstructure and mechanical properties of concrete: A critical review",CRCF 20% (Type I - Fly Ash),20%,Carbonation of Recycled Fly Ash Cement,Blend with 50% Fly Ash,Lower early strength ratio than 10% replacement
62,"Roles of carbonated recycled fines and aggregates in hydration, microstructure and mechanical properties of concrete: A critical review",CRCF 30% (Type I - Fly Ash),30%,Carbonation of Recycled Fly Ash Cement,Blend with 50% Fly Ash,Lower relative strength than 10% replacement
62,"Roles of carbonated recycled fines and aggregates in hydration, microstructure and mechanical properties of concrete: A critical review",CRCF 10% (Type II - Slag),10%,Carbonation of Recycled Slag Cement,Blend with 50% Blast Furnace Slag,+29.2% strength increase at 3 d curing age
62,"Roles of carbonated recycled fines and aggregates in hydration, microstructure and mechanical properties of concrete: A critical review",CRCF 20% (Type II - Slag),20%,Carbonation of Recycled Slag Cement,Blend with 50% Blast Furnace Slag,Enhanced early-age strength
62,"Roles of carbonated recycled fines and aggregates in hydration, microstructure and mechanical properties of concrete: A critical review",CRCF 30% (Type II - Slag),30%,Carbonation of Recycled Slag Cement,Blend with 50% Blast Furnace Slag,Lower late-age relative strength ratio
63,Recycled Construction and Demolition Waste as Supplementary Cementing Materials in Eco-Friendly Concrete,OPC (Reference Paste/Mortar),0%,,"Standard mix design, w/cm = 0.50",Mortar 28 days Compressive Strength: 39.48 MPa
63,Recycled Construction and Demolition Waste as Supplementary Cementing Materials in Eco-Friendly Concrete,25CBW (Paste/Mortar),25%,Mechanical (Grinding),"Crushed <4.75 mm, ball milled 100% <75 µm, w/cm = 0.50",Mortar 28 days Compressive Strength: 33.17 MPa
63,Recycled Construction and Demolition Waste as Supplementary Cementing Materials in Eco-Friendly Concrete,OPC Concrete,0%,,"Cementitious = 350 kg/m³, w/cm = 0.50, coarse agg = 1050 kg/m³, fine agg = 807 kg/m³, SP = 0.24%","Compressive Strength (Graph-Derived, Figure 6):
2 days: ~8.0 MPa
7 days: ~23.0 MPa
28 days: ~30.0 MPa
90 days: ~35.0 MPa

Splitting Tensile Strength (Graph-Derived, Figure 6):
2 days: ~1.2 MPa
7 days: ~2.0 MPa
28 days: ~2.6 MPa
90 days: ~2.8 MPa"
63,Recycled Construction and Demolition Waste as Supplementary Cementing Materials in Eco-Friendly Concrete,25CBW Concrete,25%,Mechanical (Grinding),"Cementitious = 350 kg/m³, w/cm = 0.50, coarse agg = 1050 kg/m³, fine agg = 806.5 kg/m³, SP = 0.25%, milled CBW passing 75 µm","Compressive Strength (Graph-Derived, Figure 6):
2 days: ~6.0 MPa (<0.75 relative)
7 days: ~19.5 MPa (>0.75 relative)
28 days: ~28.5 MPa (0.95 relative)
90 days: ~33.5 MPa (0.95 relative)

Splitting Tensile Strength (Graph-Derived, Figure 6):
2 days: ~0.8 MPa (<0.75 relative)
7 days: ~2.0 MPa
28 days: ~2.2 MPa (0.85 relative)
90 days: ~2.4 MPa (0.85 relative)"
64,Physical-chemical characterization of construction and demolition waste powder with thermomechanical activation for use as supplementary cementitious material,0h0°C,25% (Paste) / NBR 5752 (Mortar),Unactivated (Fresh),"Calcination: None, Milling: None",21.3 MPa (PAI: 81%)
64,Physical-chemical characterization of construction and demolition waste powder with thermomechanical activation for use as supplementary cementitious material,0h600°C,NBR 5752 (Mortar),Thermal,"Calcination: 600 °C for 2 h, Milling: None",22.6 MPa (PAI: 87%)
64,Physical-chemical characterization of construction and demolition waste powder with thermomechanical activation for use as supplementary cementitious material,0h700°C,25% (Paste) / NBR 5752 (Mortar),Thermal,"Calcination: 700 °C for 2 h, Milling: None",23.3 MPa (PAI: 92%)
64,Physical-chemical characterization of construction and demolition waste powder with thermomechanical activation for use as supplementary cementitious material,0h800°C,25% (Paste) / NBR 5752 (Mortar),Thermal,"Calcination: 800 °C for 2 h, Milling: None",24.8 MPa (PAI: 95%)
64,Physical-chemical characterization of construction and demolition waste powder with thermomechanical activation for use as supplementary cementitious material,0h900°C,NBR 5752 (Mortar),Thermal,"Calcination: 900 °C for 2 h, Milling: None",21.6 MPa (PAI: 82%)
64,Physical-chemical characterization of construction and demolition waste powder with thermomechanical activation for use as supplementary cementitious material,5h0°C,25% (Paste) / NBR 5752 (Mortar),Mechanical,"Calcination: None, Milling: 5 h",20.6 MPa (PAI: 77%)
64,Physical-chemical characterization of construction and demolition waste powder with thermomechanical activation for use as supplementary cementitious material,5h600°C,NBR 5752 (Mortar),Thermomechanical,"Calcination: 600 °C for 2 h, Milling: 5 h",22.8 MPa (PAI: 88%)
64,Physical-chemical characterization of construction and demolition waste powder with thermomechanical activation for use as supplementary cementitious material,5h700°C,25% (Paste) / NBR 5752 (Mortar),Thermomechanical,"Calcination: 700 °C for 2 h, Milling: 5 h",26.0 MPa (PAI: 95%)
64,Physical-chemical characterization of construction and demolition waste powder with thermomechanical activation for use as supplementary cementitious material,5h800°C,25% (Paste) / NBR 5752 (Mortar),Thermomechanical,"Calcination: 800 °C for 2 h, Milling: 5 h",26.4 MPa (PAI: 97%)
64,Physical-chemical characterization of construction and demolition waste powder with thermomechanical activation for use as supplementary cementitious material,5h900°C,NBR 5752 (Mortar),Thermomechanical,"Calcination: 900 °C for 2 h, Milling: 5 h",24.0 MPa (PAI: 91%)
65,Ureolytic bacteria-assisted recycling of waste concrete fines,G-B-14,100% WCF-G (0% Cement),MICP using S. pasteurii DSM 33,"14 days MICP treatment, 10 ml bacteria, 10 ml biocementation solution, 30 days drying at 28°C; Mean elastic stiffness k = 3.558 N/mm",
65,Ureolytic bacteria-assisted recycling of waste concrete fines,G-B-30,100% WCF-G (0% Cement),MICP using S. pasteurii DSM 33,"30 days MICP treatment, 10 ml bacteria, 10 ml biocementation solution, 30 days drying at 28°C; Mean elastic stiffness k = 8.060 N/mm",
65,Ureolytic bacteria-assisted recycling of waste concrete fines,G-B-60,100% WCF-G (0% Cement),MICP using S. pasteurii DSM 33,"60 days MICP treatment, 10 ml bacteria, 10 ml biocementation solution, 30 days drying at 28°C; Mean elastic stiffness k = 9.123 N/mm",
65,Ureolytic bacteria-assisted recycling of waste concrete fines,G-B-90,100% WCF-G (0% Cement),MICP using S. pasteurii DSM 33,"90 days MICP treatment, 10 ml bacteria, 10 ml biocementation solution, 30 days drying at 28°C; Mean elastic stiffness k = 11.992 N/mm",
65,Ureolytic bacteria-assisted recycling of waste concrete fines,G-S-90,100% WCF-G (0% Cement),"Sterile Control (Saline solution, No MICP)","90 days treatment with 10 ml saline solution, 30 days drying at 28°C; Mean elastic stiffness k = 5.942 N/mm",
65,Ureolytic bacteria-assisted recycling of waste concrete fines,H-B-14,100% WCF-H (0% Cement),MICP using S. pasteurii DSM 33,"14 days MICP treatment, 10 ml bacteria, 10 ml biocementation solution, 30 days drying at 28°C; Mean elastic stiffness k = 5.011 N/mm",
65,Ureolytic bacteria-assisted recycling of waste concrete fines,H-B-30,100% WCF-H (0% Cement),MICP using S. pasteurii DSM 33,"30 days MICP treatment, 10 ml bacteria, 10 ml biocementation solution, 30 days drying at 28°C; Mean elastic stiffness k = 5.947 N/mm",
65,Ureolytic bacteria-assisted recycling of waste concrete fines,H-B-60,100% WCF-H (0% Cement),MICP using S. pasteurii DSM 33,"60 days MICP treatment, 10 ml bacteria, 10 ml biocementation solution, 30 days drying at 28°C; Mean elastic stiffness k = 7.732 N/mm",
65,Ureolytic bacteria-assisted recycling of waste concrete fines,H-B-90,100% WCF-H (0% Cement),MICP using S. pasteurii DSM 33,"90 days MICP treatment, 10 ml bacteria, 10 ml biocementation solution, 30 days drying at 28°C; Mean elastic stiffness k = 7.479 N/mm",
65,Ureolytic bacteria-assisted recycling of waste concrete fines,H-S-90,100% WCF-H (0% Cement),"Sterile Control (Saline solution, No MICP)","90 days treatment with 10 ml saline solution, 30 days drying at 28°C; Mean elastic stiffness k = 8.330 N/mm",
66,Enhancing the Mechanical and Durability Properties of Fully Recycled Aggregate Concrete Using Carbonated Recycled Fine Aggregates,C-RFC0,0%,,"Cement: 319 kg/m³, RCA: 906 kg/m³, RFA: 658 kg/m³, C-RFA: 0 kg/m³",38.45 MPa
66,Enhancing the Mechanical and Durability Properties of Fully Recycled Aggregate Concrete Using Carbonated Recycled Fine Aggregates,C-RFC25,25%,Accelerated Carbonation,"Cement: 319 kg/m³, RCA: 906 kg/m³, RFA: 493 kg/m³, C-RFA: 171 kg/m³",40.25 MPa
66,Enhancing the Mechanical and Durability Properties of Fully Recycled Aggregate Concrete Using Carbonated Recycled Fine Aggregates,C-RFC50,50%,Accelerated Carbonation,"Cement: 319 kg/m³, RCA: 906 kg/m³, RFA: 329 kg/m³, C-RFA: 342 kg/m³",42.5 MPa
66,Enhancing the Mechanical and Durability Properties of Fully Recycled Aggregate Concrete Using Carbonated Recycled Fine Aggregates,C-RFC75,75%,Accelerated Carbonation,"Cement: 319 kg/m³, RCA: 906 kg/m³, RFA: 164 kg/m³, C-RFA: 513 kg/m³",45.05 MPa
66,Enhancing the Mechanical and Durability Properties of Fully Recycled Aggregate Concrete Using Carbonated Recycled Fine Aggregates,C-RFC100,100%,Accelerated Carbonation,"Cement: 319 kg/m³, RCA: 906 kg/m³, RFA: 0 kg/m³, C-RFA: 685 kg/m³",46.05 MPa (in Figure 5) / 46.8 MPa (in Text Section 3.2.2)
67,A Review of the Utilization of Recycled Powder from Concrete Waste as a Cement Partial Replacement in Cement-Based Materials: Fundamental Properties and Activation Methods,Dun et al. [168],30%,Mechanical,Ball milling for 100 min,AI = 57%
67,A Review of the Utilization of Recycled Powder from Concrete Waste as a Cement Partial Replacement in Cement-Based Materials: Fundamental Properties and Activation Methods,Jagadesh et al. [203],25%,Mechanical,Ground recycled concrete powder,SAI > 75%
67,A Review of the Utilization of Recycled Powder from Concrete Waste as a Cement Partial Replacement in Cement-Based Materials: Fundamental Properties and Activation Methods,Li et al. [35],30%,Mechanical,Ground recycled concrete powder,SAI > 70% at 28 d
67,A Review of the Utilization of Recycled Powder from Concrete Waste as a Cement Partial Replacement in Cement-Based Materials: Fundamental Properties and Activation Methods,Zhang et al. [52],30%,Mechanical,Grinding duration: 45 min,SAI > 60%
67,A Review of the Utilization of Recycled Powder from Concrete Waste as a Cement Partial Replacement in Cement-Based Materials: Fundamental Properties and Activation Methods,Zhang et al. [52],30%,Mechanical,Grinding duration: 75 min,SAI = 69.22%
67,A Review of the Utilization of Recycled Powder from Concrete Waste as a Cement Partial Replacement in Cement-Based Materials: Fundamental Properties and Activation Methods,Zhang et al. [52],30%,Thermal,Thermal treatment temperature: 800 °C,AI > 80%
67,A Review of the Utilization of Recycled Powder from Concrete Waste as a Cement Partial Replacement in Cement-Based Materials: Fundamental Properties and Activation Methods,Xu et al. [174],,Mechanical + Thermal,Temperature: 750 °C; Grinding duration: 10 min,Maximum compressive strength achieved
67,A Review of the Utilization of Recycled Powder from Concrete Waste as a Cement Partial Replacement in Cement-Based Materials: Fundamental Properties and Activation Methods,Wu et al. [250],,Thermal,Temperature: 600 °C – 800 °C,Optimal thermal activation efficiency
67,A Review of the Utilization of Recycled Powder from Concrete Waste as a Cement Partial Replacement in Cement-Based Materials: Fundamental Properties and Activation Methods,Chen et al. [231],30%,Thermal,Temperature: 700 °C,AI = 77.4%
67,A Review of the Utilization of Recycled Powder from Concrete Waste as a Cement Partial Replacement in Cement-Based Materials: Fundamental Properties and Activation Methods,Ma et al. [255],30%,Mechanical (Control),RCP dried at 20 °C,AI = 72.6%
67,A Review of the Utilization of Recycled Powder from Concrete Waste as a Cement Partial Replacement in Cement-Based Materials: Fundamental Properties and Activation Methods,Ma et al. [255],30%,Thermal,RCP heated at 600 °C,AI = 75.0%
67,A Review of the Utilization of Recycled Powder from Concrete Waste as a Cement Partial Replacement in Cement-Based Materials: Fundamental Properties and Activation Methods,Ma et al. [255],30%,Thermal,RCP heated at 800 °C,AI = 90.4%
67,A Review of the Utilization of Recycled Powder from Concrete Waste as a Cement Partial Replacement in Cement-Based Materials: Fundamental Properties and Activation Methods,Tokareva et al. [211],30%,Thermal,Temperature: 500 °C; Curing duration: 90 d,10% increase in SAI
67,A Review of the Utilization of Recycled Powder from Concrete Waste as a Cement Partial Replacement in Cement-Based Materials: Fundamental Properties and Activation Methods,Kaliyavaradhan et al. [219],20%,CO2 (Carbonation),w/s = 0.4; Carbonation duration: 90 h,SAI > 75% at 7 d and 28 d
67,A Review of the Utilization of Recycled Powder from Concrete Waste as a Cement Partial Replacement in Cement-Based Materials: Fundamental Properties and Activation Methods,Dong et al. [169],30%,Mechanical (Control),Untreated RHCP,AI = 53.5% (approx. graph-derived)
67,A Review of the Utilization of Recycled Powder from Concrete Waste as a Cement Partial Replacement in Cement-Based Materials: Fundamental Properties and Activation Methods,Dong et al. [169],30%,CO2 (Gas-solid carbonation),Normal temperature/pressure; CO2: 19.98%,AI = 56.3%
67,A Review of the Utilization of Recycled Powder from Concrete Waste as a Cement Partial Replacement in Cement-Based Materials: Fundamental Properties and Activation Methods,Dong et al. [169],30%,CO2 (Liquid-solid carbonation),Normal temperature/pressure; CO2: 19.98%,AI = 60.2%
67,A Review of the Utilization of Recycled Powder from Concrete Waste as a Cement Partial Replacement in Cement-Based Materials: Fundamental Properties and Activation Methods,Dong et al. [169],30%,Biomineralization (MICP),Bacillus strain with carbonic anhydrase,AI = 76.4%
68,REUSE OF FINE CONCRETE DEMOLITION WASTES AS A SUPPLEMENTARY CEMENTITIOUS MATERIAL IN CONCRETE,Substitution 0% (Control),0%,,Finely crushed CDW,"3d: 13.44 MPa, 7d: 27.25 MPa, 28d: 32.00 MPa"
68,REUSE OF FINE CONCRETE DEMOLITION WASTES AS A SUPPLEMENTARY CEMENTITIOUS MATERIAL IN CONCRETE,Substitution 2.5%,2.5%,,Finely crushed CDW,"3d: 13.27 MPa, 7d: 27.18 MPa, 28d: 31.60 MPa"
68,REUSE OF FINE CONCRETE DEMOLITION WASTES AS A SUPPLEMENTARY CEMENTITIOUS MATERIAL IN CONCRETE,Substitution 5%,5%,,Finely crushed CDW,"3d: 12.13 MPa, 7d: 25.82 MPa, 28d: 30.03 MPa"
68,REUSE OF FINE CONCRETE DEMOLITION WASTES AS A SUPPLEMENTARY CEMENTITIOUS MATERIAL IN CONCRETE,Substitution 7.5%,7.5%,,Finely crushed CDW,"3d: 11.69 MPa, 7d: 23.94 MPa, 28d: 27.84 MPa"
68,REUSE OF FINE CONCRETE DEMOLITION WASTES AS A SUPPLEMENTARY CEMENTITIOUS MATERIAL IN CONCRETE,Substitution 10%,10%,,Finely crushed CDW,"3d: 11.04 MPa, 7d: 22.52 MPa, 28d: 26.19 MPa"
68,REUSE OF FINE CONCRETE DEMOLITION WASTES AS A SUPPLEMENTARY CEMENTITIOUS MATERIAL IN CONCRETE,Substitution 12.5%,12.5%,,Finely crushed CDW,"3d: 7.37 MPa, 7d: 15.08 MPa, 28d: 17.54 MPa"
68,REUSE OF FINE CONCRETE DEMOLITION WASTES AS A SUPPLEMENTARY CEMENTITIOUS MATERIAL IN CONCRETE,Substitution 15%,15%,,Finely crushed CDW,"3d: 7.31 MPa, 7d: 14.96 MPa, 28d: 17.40 MPa"
68,REUSE OF FINE CONCRETE DEMOLITION WASTES AS A SUPPLEMENTARY CEMENTITIOUS MATERIAL IN CONCRETE,Substitution 20%,20%,,Finely crushed CDW,"3d: 6.72 MPa, 7d: 13.75 MPa, 28d: 16.00 MPa"
68,REUSE OF FINE CONCRETE DEMOLITION WASTES AS A SUPPLEMENTARY CEMENTITIOUS MATERIAL IN CONCRETE,Addition 0% (Control),0% (Addition without substitution),,Finely crushed CDW,"3d: 13.44 MPa, 7d: 27.25 MPa, 28d: 32.00 MPa"
68,REUSE OF FINE CONCRETE DEMOLITION WASTES AS A SUPPLEMENTARY CEMENTITIOUS MATERIAL IN CONCRETE,Addition 2.5%,2.5% (Addition without substitution),,Finely crushed CDW,"3d: 13.65 MPa, 7d: 27.95 MPa, 28d: 32.50 MPa"
68,REUSE OF FINE CONCRETE DEMOLITION WASTES AS A SUPPLEMENTARY CEMENTITIOUS MATERIAL IN CONCRETE,Addition 5%,5% (Addition without substitution),,Finely crushed CDW,"3d: 14.58 MPa, 7d: 29.80 MPa, 28d: 34.60 MPa"
68,REUSE OF FINE CONCRETE DEMOLITION WASTES AS A SUPPLEMENTARY CEMENTITIOUS MATERIAL IN CONCRETE,Addition 7.5%,7.5% (Addition without substitution),,Finely crushed CDW,"3d: 14.30 MPa, 7d: 29.33 MPa, 28d: 34.10 MPa"
68,REUSE OF FINE CONCRETE DEMOLITION WASTES AS A SUPPLEMENTARY CEMENTITIOUS MATERIAL IN CONCRETE,Addition 10%,10% (Addition without substitution),,Finely crushed CDW,"3d: 15.18 MPa, 7d: 31.00 MPa, 28d: 36.20 MPa"
68,REUSE OF FINE CONCRETE DEMOLITION WASTES AS A SUPPLEMENTARY CEMENTITIOUS MATERIAL IN CONCRETE,Addition 12.5%,12.5% (Addition without substitution),,Finely crushed CDW,"3d: 13.90 MPa, 7d: 28.55 MPa, 28d: 33.20 MPa"
68,REUSE OF FINE CONCRETE DEMOLITION WASTES AS A SUPPLEMENTARY CEMENTITIOUS MATERIAL IN CONCRETE,Addition 15%,15% (Addition without substitution),,Finely crushed CDW,"3d: 12.60 MPa, 7d: 25.80 MPa, 28d: 30.00 MPa"
68,REUSE OF FINE CONCRETE DEMOLITION WASTES AS A SUPPLEMENTARY CEMENTITIOUS MATERIAL IN CONCRETE,Addition 20%,20% (Addition without substitution),,Finely crushed CDW,"3d: 12.00 MPa, 7d: 24.60 MPa, 28d: 28.00 MPa"
69,Thermal activation of multi-recycled concrete powder as supplementary cementitious material for repeated and waste-free recycling,Reference,0%,,Standard OPC Mortar,~54.0 MPa (Compressive) / 10.5 MPa (Flexural)
69,Thermal activation of multi-recycled concrete powder as supplementary cementitious material for repeated and waste-free recycling,R1-RT-10,10%,Untreated (RT),"1-time recycled RCP, Untreated",~53.9 MPa (Compressive)
69,Thermal activation of multi-recycled concrete powder as supplementary cementitious material for repeated and waste-free recycling,R1-200-10,10%,Thermal,Heated at 200 °C for 2 h,~51.9 MPa (Compressive)
69,Thermal activation of multi-recycled concrete powder as supplementary cementitious material for repeated and waste-free recycling,R1-400-10,10%,Thermal,Heated at 400 °C for 2 h,~52.5 MPa (Compressive)
69,Thermal activation of multi-recycled concrete powder as supplementary cementitious material for repeated and waste-free recycling,R1-600-10,10%,Thermal,Heated at 600 °C for 2 h,~55.2 MPa (Compressive)
69,Thermal activation of multi-recycled concrete powder as supplementary cementitious material for repeated and waste-free recycling,R1-800-10,10%,Thermal,Heated at 800 °C for 2 h,~55.5 MPa (Compressive)
69,Thermal activation of multi-recycled concrete powder as supplementary cementitious material for repeated and waste-free recycling,R1-RT-20,20%,Untreated (RT),"1-time recycled RCP, Untreated",~41.6 MPa (Compressive)
69,Thermal activation of multi-recycled concrete powder as supplementary cementitious material for repeated and waste-free recycling,R1-200-20,20%,Thermal,Heated at 200 °C for 2 h,~39.9 MPa (Compressive)
69,Thermal activation of multi-recycled concrete powder as supplementary cementitious material for repeated and waste-free recycling,R1-400-20,20%,Thermal,Heated at 400 °C for 2 h,~42.1 MPa (Compressive)
69,Thermal activation of multi-recycled concrete powder as supplementary cementitious material for repeated and waste-free recycling,R1-600-20,20%,Thermal,Heated at 600 °C for 2 h,~44.8 MPa (Compressive)
69,Thermal activation of multi-recycled concrete powder as supplementary cementitious material for repeated and waste-free recycling,R1-800-20,20%,Thermal,Heated at 800 °C for 2 h,~46.9 MPa (Compressive)
69,Thermal activation of multi-recycled concrete powder as supplementary cementitious material for repeated and waste-free recycling,R1-RT-30,30%,Untreated (RT),"1-time recycled RCP, Untreated",~35.5 MPa (Compressive)
69,Thermal activation of multi-recycled concrete powder as supplementary cementitious material for repeated and waste-free recycling,R1-200-30,30%,Thermal,Heated at 200 °C for 2 h,~35.4 MPa (Compressive)
69,Thermal activation of multi-recycled concrete powder as supplementary cementitious material for repeated and waste-free recycling,R1-400-30,30%,Thermal,Heated at 400 °C for 2 h,~36.1 MPa (Compressive)
69,Thermal activation of multi-recycled concrete powder as supplementary cementitious material for repeated and waste-free recycling,R1-600-30,30%,Thermal,Heated at 600 °C for 2 h,~38.3 MPa (Compressive)
69,Thermal activation of multi-recycled concrete powder as supplementary cementitious material for repeated and waste-free recycling,R1-800-30,30%,Thermal,Heated at 800 °C for 2 h,~40.7 MPa (Compressive)
69,Thermal activation of multi-recycled concrete powder as supplementary cementitious material for repeated and waste-free recycling,R2-RT-10,10%,Untreated (RT),"2-times recycled RCP, Untreated",~52.1 MPa (Compressive)
69,Thermal activation of multi-recycled concrete powder as supplementary cementitious material for repeated and waste-free recycling,R2-200-10,10%,Thermal,Heated at 200 °C for 2 h,~50.8 MPa (Compressive)
69,Thermal activation of multi-recycled concrete powder as supplementary cementitious material for repeated and waste-free recycling,R2-400-10,10%,Thermal,Heated at 400 °C for 2 h,~50.9 MPa (Compressive)
69,Thermal activation of multi-recycled concrete powder as supplementary cementitious material for repeated and waste-free recycling,R2-600-10,10%,Thermal,Heated at 600 °C for 2 h,~52.5 MPa (Compressive)
69,Thermal activation of multi-recycled concrete powder as supplementary cementitious material for repeated and waste-free recycling,R2-800-10,10%,Thermal,Heated at 800 °C for 2 h,~53.6 MPa (Compressive)
69,Thermal activation of multi-recycled concrete powder as supplementary cementitious material for repeated and waste-free recycling,R2-RT-20,20%,Untreated (RT),"2-times recycled RCP, Untreated",~38.8 MPa (Compressive)
69,Thermal activation of multi-recycled concrete powder as supplementary cementitious material for repeated and waste-free recycling,R2-200-20,20%,Thermal,Heated at 200 °C for 2 h,~38.1 MPa (Compressive)
69,Thermal activation of multi-recycled concrete powder as supplementary cementitious material for repeated and waste-free recycling,R2-400-20,20%,Thermal,Heated at 400 °C for 2 h,~38.6 MPa (Compressive)
69,Thermal activation of multi-recycled concrete powder as supplementary cementitious material for repeated and waste-free recycling,R2-600-20,20%,Thermal,Heated at 600 °C for 2 h,~40.1 MPa (Compressive)
69,Thermal activation of multi-recycled concrete powder as supplementary cementitious material for repeated and waste-free recycling,R2-800-20,20%,Thermal,Heated at 800 °C for 2 h,~43.5 MPa (Compressive)
69,Thermal activation of multi-recycled concrete powder as supplementary cementitious material for repeated and waste-free recycling,R2-RT-30,30%,Untreated (RT),"2-times recycled RCP, Untreated",~34.1 MPa (Compressive)
69,Thermal activation of multi-recycled concrete powder as supplementary cementitious material for repeated and waste-free recycling,R2-200-30,30%,Thermal,Heated at 200 °C for 2 h,~33.8 MPa (Compressive)
69,Thermal activation of multi-recycled concrete powder as supplementary cementitious material for repeated and waste-free recycling,R2-400-30,30%,Thermal,Heated at 400 °C for 2 h,~34.3 MPa (Compressive)
69,Thermal activation of multi-recycled concrete powder as supplementary cementitious material for repeated and waste-free recycling,R2-600-30,30%,Thermal,Heated at 600 °C for 2 h,~37.0 MPa (Compressive)
69,Thermal activation of multi-recycled concrete powder as supplementary cementitious material for repeated and waste-free recycling,R2-800-30,30%,Thermal,Heated at 800 °C for 2 h,~40.1 MPa (Compressive)
69,Thermal activation of multi-recycled concrete powder as supplementary cementitious material for repeated and waste-free recycling,R3-RT-10,10%,Untreated (RT),"3-times recycled RCP, Untreated",~50.5 MPa (Compressive)
69,Thermal activation of multi-recycled concrete powder as supplementary cementitious material for repeated and waste-free recycling,R3-200-10,10%,Thermal,Heated at 200 °C for 2 h,~49.4 MPa (Compressive)
69,Thermal activation of multi-recycled concrete powder as supplementary cementitious material for repeated and waste-free recycling,R3-400-10,10%,Thermal,Heated at 400 °C for 2 h,~48.6 MPa (Compressive)
69,Thermal activation of multi-recycled concrete powder as supplementary cementitious material for repeated and waste-free recycling,R3-600-10,10%,Thermal,Heated at 600 °C for 2 h,~50.2 MPa (Compressive)
69,Thermal activation of multi-recycled concrete powder as supplementary cementitious material for repeated and waste-free recycling,R3-800-10,10%,Thermal,Heated at 800 °C for 2 h,~52.8 MPa (Compressive)
69,Thermal activation of multi-recycled concrete powder as supplementary cementitious material for repeated and waste-free recycling,R3-RT-20,20%,Untreated (RT),"3-times recycled RCP, Untreated",~34.3 MPa (Compressive)
69,Thermal activation of multi-recycled concrete powder as supplementary cementitious material for repeated and waste-free recycling,R3-200-20,20%,Thermal,Heated at 200 °C for 2 h,~33.6 MPa (Compressive)
69,Thermal activation of multi-recycled concrete powder as supplementary cementitious material for repeated and waste-free recycling,R3-400-20,20%,Thermal,Heated at 400 °C for 2 h,~33.8 MPa (Compressive)
69,Thermal activation of multi-recycled concrete powder as supplementary cementitious material for repeated and waste-free recycling,R3-600-20,20%,Thermal,Heated at 600 °C for 2 h,~36.2 MPa (Compressive)
69,Thermal activation of multi-recycled concrete powder as supplementary cementitious material for repeated and waste-free recycling,R3-800-20,20%,Thermal,Heated at 800 °C for 2 h,~40.8 MPa (Compressive)
69,Thermal activation of multi-recycled concrete powder as supplementary cementitious material for repeated and waste-free recycling,R3-RT-30,30%,Untreated (RT),"3-times recycled RCP, Untreated",~30.0 MPa (Compressive)
69,Thermal activation of multi-recycled concrete powder as supplementary cementitious material for repeated and waste-free recycling,R3-200-30,30%,Thermal,Heated at 200 °C for 2 h,~30.2 MPa (Compressive)
69,Thermal activation of multi-recycled concrete powder as supplementary cementitious material for repeated and waste-free recycling,R3-400-30,30%,Thermal,Heated at 400 °C for 2 h,~31.0 MPa (Compressive)
69,Thermal activation of multi-recycled concrete powder as supplementary cementitious material for repeated and waste-free recycling,R3-600-30,30%,Thermal,Heated at 600 °C for 2 h,~33.1 MPa (Compressive)
69,Thermal activation of multi-recycled concrete powder as supplementary cementitious material for repeated and waste-free recycling,R3-800-30,30%,Thermal,Heated at 800 °C for 2 h,~35.0 MPa (Compressive)
69,Thermal activation of Multi-Recycled Concrete Powder as Supplementary Cementitious Material for Repeated and waste-free Recycling,Ref,0%,,Standard mortar without RCP; w/b = 0.5,Compressive: 53.8 MPa; Flexural: 10.5 MPa
69,Thermal activation of Multi-Recycled Concrete Powder as Supplementary Cementitious Material for Repeated and waste-free Recycling,R1-RT-10,10%,Untreated (RT),RCP1; Non-treated (23°C),Compressive: ~53.7 MPa; Flexural: ~9.6 MPa
69,Thermal activation of Multi-Recycled Concrete Powder as Supplementary Cementitious Material for Repeated and waste-free Recycling,R1-200-10,10%,Thermal Treatment,"RCP1; 200°C, 2h",Compressive: ~51.8 MPa; Flexural: ~9.1 MPa
69,Thermal activation of Multi-Recycled Concrete Powder as Supplementary Cementitious Material for Repeated and waste-free Recycling,R1-400-10,10%,Thermal Treatment,"RCP1; 400°C, 2h",Compressive: ~51.8 MPa; Flexural: ~9.6 MPa
69,Thermal activation of Multi-Recycled Concrete Powder as Supplementary Cementitious Material for Repeated and waste-free Recycling,R1-600-10,10%,Thermal Treatment,"RCP1; 600°C, 2h",Compressive: ~55.1 MPa; Flexural: ~9.9 MPa
69,Thermal activation of Multi-Recycled Concrete Powder as Supplementary Cementitious Material for Repeated and waste-free Recycling,R1-800-10,10%,Thermal Treatment,"RCP1; 800°C, 2h",Compressive: ~55.5 MPa; Flexural: ~10.5 MPa
69,Thermal activation of Multi-Recycled Concrete Powder as Supplementary Cementitious Material for Repeated and waste-free Recycling,R1-RT-20,20%,Untreated (RT),RCP1; Non-treated (23°C),Compressive: ~41.5 MPa; Flexural: ~8.8 MPa
69,Thermal activation of Multi-Recycled Concrete Powder as Supplementary Cementitious Material for Repeated and waste-free Recycling,R1-200-20,20%,Thermal Treatment,"RCP1; 200°C, 2h",Compressive: ~39.8 MPa; Flexural: ~8.1 MPa
69,Thermal activation of Multi-Recycled Concrete Powder as Supplementary Cementitious Material for Repeated and waste-free Recycling,R1-400-20,20%,Thermal Treatment,"RCP1; 400°C, 2h",Compressive: ~42.3 MPa; Flexural: ~8.6 MPa
69,Thermal activation of Multi-Recycled Concrete Powder as Supplementary Cementitious Material for Repeated and waste-free Recycling,R1-600-20,20%,Thermal Treatment,"RCP1; 600°C, 2h",Compressive: ~45.1 MPa; Flexural: ~9.3 MPa
69,Thermal activation of Multi-Recycled Concrete Powder as Supplementary Cementitious Material for Repeated and waste-free Recycling,R1-800-20,20%,Thermal Treatment,"RCP1; 800°C, 2h",Compressive: ~47.0 MPa; Flexural: ~9.8 MPa
69,Thermal activation of Multi-Recycled Concrete Powder as Supplementary Cementitious Material for Repeated and waste-free Recycling,R1-RT-30,30%,Untreated (RT),RCP1; Non-treated (23°C),Compressive: ~35.3 MPa; Flexural: ~8.2 MPa
69,Thermal activation of Multi-Recycled Concrete Powder as Supplementary Cementitious Material for Repeated and waste-free Recycling,R1-200-30,30%,Thermal Treatment,"RCP1; 200°C, 2h",Compressive: ~35.2 MPa; Flexural: ~8.2 MPa
69,Thermal activation of Multi-Recycled Concrete Powder as Supplementary Cementitious Material for Repeated and waste-free Recycling,R1-400-30,30%,Thermal Treatment,"RCP1; 400°C, 2h",Compressive: ~36.0 MPa; Flexural: ~8.2 MPa
69,Thermal activation of Multi-Recycled Concrete Powder as Supplementary Cementitious Material for Repeated and waste-free Recycling,R1-600-30,30%,Thermal Treatment,"RCP1; 600°C, 2h",Compressive: ~38.3 MPa; Flexural: ~8.4 MPa
69,Thermal activation of Multi-Recycled Concrete Powder as Supplementary Cementitious Material for Repeated and waste-free Recycling,R1-800-30,30%,Thermal Treatment,"RCP1; 800°C, 2h",Compressive: ~40.6 MPa; Flexural: ~8.6 MPa
69,Thermal activation of Multi-Recycled Concrete Powder as Supplementary Cementitious Material for Repeated and waste-free Recycling,R2-RT-10,10%,Untreated (RT),RCP2; Non-treated (23°C),Compressive: ~51.9 MPa; Flexural: ~8.9 MPa
69,Thermal activation of Multi-Recycled Concrete Powder as Supplementary Cementitious Material for Repeated and waste-free Recycling,R2-200-10,10%,Thermal Treatment,"RCP2; 200°C, 2h",Compressive: ~50.8 MPa; Flexural: ~8.9 MPa
69,Thermal activation of Multi-Recycled Concrete Powder as Supplementary Cementitious Material for Repeated and waste-free Recycling,R2-400-10,10%,Thermal Treatment,"RCP2; 400°C, 2h",Compressive: ~50.8 MPa; Flexural: ~8.9 MPa
69,Thermal activation of Multi-Recycled Concrete Powder as Supplementary Cementitious Material for Repeated and waste-free Recycling,R2-600-10,10%,Thermal Treatment,"RCP2; 600°C, 2h",Compressive: ~52.8 MPa; Flexural: ~9.5 MPa
69,Thermal activation of Multi-Recycled Concrete Powder as Supplementary Cementitious Material for Repeated and waste-free Recycling,R2-800-10,10%,Thermal Treatment,"RCP2; 800°C, 2h",Compressive: ~53.8 MPa; Flexural: ~9.8 MPa
69,Thermal activation of Multi-Recycled Concrete Powder as Supplementary Cementitious Material for Repeated and waste-free Recycling,R2-RT-20,20%,Untreated (RT),RCP2; Non-treated (23°C),Compressive: ~38.6 MPa; Flexural: ~8.0 MPa
69,Thermal activation of Multi-Recycled Concrete Powder as Supplementary Cementitious Material for Repeated and waste-free Recycling,R2-200-20,20%,Thermal Treatment,"RCP2; 200°C, 2h",Compressive: ~38.1 MPa; Flexural: ~8.2 MPa
69,Thermal activation of Multi-Recycled Concrete Powder as Supplementary Cementitious Material for Repeated and waste-free Recycling,R2-400-20,20%,Thermal Treatment,"RCP2; 400°C, 2h",Compressive: ~38.1 MPa; Flexural: ~8.2 MPa
69,Thermal activation of Multi-Recycled Concrete Powder as Supplementary Cementitious Material for Repeated and waste-free Recycling,R2-600-20,20%,Thermal Treatment,"RCP2; 600°C, 2h",Compressive: ~40.3 MPa; Flexural: ~8.8 MPa
69,Thermal activation of Multi-Recycled Concrete Powder as Supplementary Cementitious Material for Repeated and waste-free Recycling,R2-800-20,20%,Thermal Treatment,"RCP2; 800°C, 2h",Compressive: ~43.6 MPa; Flexural: ~9.3 MPa
69,Thermal activation of Multi-Recycled Concrete Powder as Supplementary Cementitious Material for Repeated and waste-free Recycling,R2-RT-30,30%,Untreated (RT),RCP2; Non-treated (23°C),Compressive: ~33.9 MPa; Flexural: ~8.0 MPa
69,Thermal activation of Multi-Recycled Concrete Powder as Supplementary Cementitious Material for Repeated and waste-free Recycling,R2-200-30,30%,Thermal Treatment,"RCP2; 200°C, 2h",Compressive: ~34.0 MPa; Flexural: ~8.0 MPa
69,Thermal activation of Multi-Recycled Concrete Powder as Supplementary Cementitious Material for Repeated and waste-free Recycling,R2-400-30,30%,Thermal Treatment,"RCP2; 400°C, 2h",Compressive: ~34.1 MPa; Flexural: ~8.0 MPa
69,Thermal activation of Multi-Recycled Concrete Powder as Supplementary Cementitious Material for Repeated and waste-free Recycling,R2-600-30,30%,Thermal Treatment,"RCP2; 600°C, 2h",Compressive: ~37.1 MPa; Flexural: ~8.3 MPa
69,Thermal activation of Multi-Recycled Concrete Powder as Supplementary Cementitious Material for Repeated and waste-free Recycling,R2-800-30,30%,Thermal Treatment,"RCP2; 800°C, 2h",Compressive: ~40.2 MPa; Flexural: ~8.5 MPa
69,Thermal activation of Multi-Recycled Concrete Powder as Supplementary Cementitious Material for Repeated and waste-free Recycling,R3-RT-10,10%,Untreated (RT),RCP3; Non-treated (23°C),Compressive: ~50.3 MPa; Flexural: ~8.6 MPa
69,Thermal activation of Multi-Recycled Concrete Powder as Supplementary Cementitious Material for Repeated and waste-free Recycling,R3-200-10,10%,Thermal Treatment,"RCP3; 200°C, 2h",Compressive: ~49.4 MPa; Flexural: ~8.5 MPa
69,Thermal activation of Multi-Recycled Concrete Powder as Supplementary Cementitious Material for Repeated and waste-free Recycling,R3-400-10,10%,Thermal Treatment,"RCP3; 400°C, 2h",Compressive: ~48.2 MPa; Flexural: ~8.5 MPa
69,Thermal activation of Multi-Recycled Concrete Powder as Supplementary Cementitious Material for Repeated and waste-free Recycling,R3-600-10,10%,Thermal Treatment,"RCP3; 600°C, 2h",Compressive: ~50.1 MPa; Flexural: ~9.4 MPa
69,Thermal activation of Multi-Recycled Concrete Powder as Supplementary Cementitious Material for Repeated and waste-free Recycling,R3-800-10,10%,Thermal Treatment,"RCP3; 800°C, 2h",Compressive: ~52.7 MPa; Flexural: ~9.7 MPa
69,Thermal activation of Multi-Recycled Concrete Powder as Supplementary Cementitious Material for Repeated and waste-free Recycling,R3-RT-20,20%,Untreated (RT),RCP3; Non-treated (23°C),Compressive: ~34.2 MPa; Flexural: ~8.2 MPa
69,Thermal activation of Multi-Recycled Concrete Powder as Supplementary Cementitious Material for Repeated and waste-free Recycling,R3-200-20,20%,Thermal Treatment,"RCP3; 200°C, 2h",Compressive: ~33.8 MPa; Flexural: ~8.3 MPa
69,Thermal activation of Multi-Recycled Concrete Powder as Supplementary Cementitious Material for Repeated and waste-free Recycling,R3-400-20,20%,Thermal Treatment,"RCP3; 400°C, 2h",Compressive: ~33.6 MPa; Flexural: ~8.3 MPa
69,Thermal activation of Multi-Recycled Concrete Powder as Supplementary Cementitious Material for Repeated and waste-free Recycling,R3-600-20,20%,Thermal Treatment,"RCP3; 600°C, 2h",Compressive: ~36.6 MPa; Flexural: ~8.6 MPa
69,Thermal activation of Multi-Recycled Concrete Powder as Supplementary Cementitious Material for Repeated and waste-free Recycling,R3-800-20,20%,Thermal Treatment,"RCP3; 800°C, 2h",Compressive: ~40.8 MPa; Flexural: ~9.1 MPa
69,Thermal activation of Multi-Recycled Concrete Powder as Supplementary Cementitious Material for Repeated and waste-free Recycling,R3-RT-30,30%,Untreated (RT),RCP3; Non-treated (23°C),Compressive: ~30.0 MPa; Flexural: ~7.7 MPa
69,Thermal activation of Multi-Recycled Concrete Powder as Supplementary Cementitious Material for Repeated and waste-free Recycling,R3-200-30,30%,Thermal Treatment,"RCP3; 200°C, 2h",Compressive: ~30.8 MPa; Flexural: ~7.7 MPa
69,Thermal activation of Multi-Recycled Concrete Powder as Supplementary Cementitious Material for Repeated and waste-free Recycling,R3-400-30,30%,Thermal Treatment,"RCP3; 400°C, 2h",Compressive: ~31.0 MPa; Flexural: ~7.7 MPa
69,Thermal activation of Multi-Recycled Concrete Powder as Supplementary Cementitious Material for Repeated and waste-free Recycling,R3-600-30,30%,Thermal Treatment,"RCP3; 600°C, 2h",Compressive: ~33.2 MPa; Flexural: ~8.0 MPa
69,Thermal activation of Multi-Recycled Concrete Powder as Supplementary Cementitious Material for Repeated and waste-free Recycling,R3-800-30,30%,Thermal Treatment,"RCP3; 800°C, 2h",Compressive: ~35.1 MPa; Flexural: ~8.3 MPa
70,"Recycled concrete fines as a supplementary cementitious material: Mechanical performances, hydration, and microstructures in cementitious systems",PC,0%,Untreated,"Water-to-binder ratio: 0.5, Sand-to-binder ratio: 3:1","7 d: ~33.0 MPa, 28 d: ~45.8 MPa, 60 d: ~48.5 MPa"
70,"Recycled concrete fines as a supplementary cementitious material: Mechanical performances, hydration, and microstructures in cementitious systems",RCP10,10% RCP,Untreated,"Particle size < 0.15 mm, w/b = 0.5","7 d: ~30.0 MPa, 28 d: ~42.8 MPa, 60 d: ~45.6 MPa"
70,"Recycled concrete fines as a supplementary cementitious material: Mechanical performances, hydration, and microstructures in cementitious systems",RCP20,20% RCP,Untreated,"Particle size < 0.15 mm, w/b = 0.5","7 d: ~28.6 MPa, 28 d: ~37.7 MPa, 60 d: ~44.1 MPa"
70,"Recycled concrete fines as a supplementary cementitious material: Mechanical performances, hydration, and microstructures in cementitious systems",RCP30,30% RCP,Untreated,"Particle size < 0.15 mm, w/b = 0.5","7 d: ~26.6 MPa, 28 d: ~33.1 MPa, 60 d: ~38.1 MPa"
70,"Recycled concrete fines as a supplementary cementitious material: Mechanical performances, hydration, and microstructures in cementitious systems",RMP10,10% RMP,Untreated,"Particle size < 0.075 mm, w/b = 0.5","7 d: ~27.8 MPa, 28 d: ~42.8 MPa, 60 d: ~47.7 MPa"
70,"Recycled concrete fines as a supplementary cementitious material: Mechanical performances, hydration, and microstructures in cementitious systems",RMP20,20% RMP,Untreated,"Particle size < 0.075 mm, w/b = 0.5","7 d: ~26.2 MPa, 28 d: ~35.7 MPa, 60 d: ~41.7 MPa"
70,"Recycled concrete fines as a supplementary cementitious material: Mechanical performances, hydration, and microstructures in cementitious systems",RMP30,30% RMP,Untreated,"Particle size < 0.075 mm, w/b = 0.5","7 d: ~24.1 MPa, 28 d: ~32.3 MPa, 60 d: ~37.8 MPa"
70,"Recycled concrete fines as a supplementary cementitious material: Mechanical performances, hydration, and microstructures in cementitious systems",RFP10,10% RFP,Untreated,"Particle size < 0.045 mm, w/b = 0.5","7 d: ~34.2 MPa, 28 d: ~40.2 MPa, 60 d: ~53.1 MPa"
70,"Recycled concrete fines as a supplementary cementitious material: Mechanical performances, hydration, and microstructures in cementitious systems",RFP20,20% RFP,Untreated,"Particle size < 0.045 mm, w/b = 0.5","7 d: ~31.3 MPa, 28 d: ~41.2 MPa, 60 d: ~42.6 MPa"
70,"Recycled concrete fines as a supplementary cementitious material: Mechanical performances, hydration, and microstructures in cementitious systems",RFP30,30% RFP,Untreated,"Particle size < 0.045 mm, w/b = 0.5","7 d: ~29.5 MPa, 28 d: ~33.9 MPa, 60 d: ~38.6 MPa"
70,"Recycled concrete fines as a supplementary cementitious material: Mechanical performances, hydration, and microstructures in cementitious systems",CC30,30% CC,Untreated,"Mineral admixture (Calcium carbonate), w/b = 0.5","7 d: ~22.9 MPa, 28 d: ~32.2 MPa, 60 d: ~36.5 MPa"
70,"Recycled concrete fines as a supplementary cementitious material: Mechanical performances, hydration, and microstructures in cementitious systems",SS30,30% SS,Untreated,"Mineral admixture (Silica sand), w/b = 0.5","7 d: ~24.1 MPa, 28 d: ~31.8 MPa, 60 d: ~39.9 MPa"
71,Reusing Waste Concrete Recycled Powder in Mortar: Paste Substitution versus Cement Substitution,N-0.40-0,0%,,"W/C = 0.40, SP dosage = 0.50%",7-day: 37.2 MPa; 28-day: 60.6 MPa
71,Reusing Waste Concrete Recycled Powder in Mortar: Paste Substitution versus Cement Substitution,N-0.45-0,0%,,"W/C = 0.45, SP dosage = 0.37%",7-day: 33.5 MPa; 28-day: 52.5 MPa
71,Reusing Waste Concrete Recycled Powder in Mortar: Paste Substitution versus Cement Substitution,N-0.50-0,0%,,"W/C = 0.50, SP dosage = 0.23%",7-day: 28.5 MPa; 28-day: 46.4 MPa
71,Reusing Waste Concrete Recycled Powder in Mortar: Paste Substitution versus Cement Substitution,N-0.55-0,0%,,"W/C = 0.55, SP dosage = 0.10%",7-day: 21.1 MPa; 28-day: 41.8 MPa
71,Reusing Waste Concrete Recycled Powder in Mortar: Paste Substitution versus Cement Substitution,P-0.40-4,4% (Paste Substitution),Thermal Treatment (Drying) & Ball Mill Grinding,"W/C = 0.40, SP dosage = 1.00%, WCRP = 103 kg/m³",7-day: 43.4 MPa; 28-day: 69.8 MPa
71,Reusing Waste Concrete Recycled Powder in Mortar: Paste Substitution versus Cement Substitution,P-0.40-8,8% (Paste Substitution),Thermal Treatment (Drying) & Ball Mill Grinding,"W/C = 0.40, SP dosage = 1.50%, WCRP = 205 kg/m³",7-day: 46.0 MPa; 28-day: 73.8 MPa
71,Reusing Waste Concrete Recycled Powder in Mortar: Paste Substitution versus Cement Substitution,P-0.40-12,12% (Paste Substitution),Thermal Treatment (Drying) & Ball Mill Grinding,"W/C = 0.40, SP dosage = 2.20%, WCRP = 308 kg/m³",7-day: 52.7 MPa; 28-day: 83.8 MPa
71,Reusing Waste Concrete Recycled Powder in Mortar: Paste Substitution versus Cement Substitution,P-0.40-16,16% (Paste Substitution),Thermal Treatment (Drying) & Ball Mill Grinding,"W/C = 0.40, SP dosage = 5.50%, WCRP = 411 kg/m³",7-day: 50.8 MPa; 28-day: 80.9 MPa
71,Reusing Waste Concrete Recycled Powder in Mortar: Paste Substitution versus Cement Substitution,P-0.45-4,4% (Paste Substitution),Thermal Treatment (Drying) & Ball Mill Grinding,"W/C = 0.45, SP dosage = 0.85%, WCRP = 103 kg/m³",7-day: 35.6 MPa; 28-day: 55.1 MPa
71,Reusing Waste Concrete Recycled Powder in Mortar: Paste Substitution versus Cement Substitution,P-0.45-8,8% (Paste Substitution),Thermal Treatment (Drying) & Ball Mill Grinding,"W/C = 0.45, SP dosage = 1.35%, WCRP = 205 kg/m³",7-day: 38.4 MPa; 28-day: 60.7 MPa
71,Reusing Waste Concrete Recycled Powder in Mortar: Paste Substitution versus Cement Substitution,P-0.45-12,12% (Paste Substitution),Thermal Treatment (Drying) & Ball Mill Grinding,"W/C = 0.45, SP dosage = 2.00%, WCRP = 308 kg/m³",7-day: 43.8 MPa; 28-day: 70.8 MPa
71,Reusing Waste Concrete Recycled Powder in Mortar: Paste Substitution versus Cement Substitution,P-0.45-16,16% (Paste Substitution),Thermal Treatment (Drying) & Ball Mill Grinding,"W/C = 0.45, SP dosage = 3.20%, WCRP = 411 kg/m³",7-day: 41.4 MPa; 28-day: 66.9 MPa
71,Reusing Waste Concrete Recycled Powder in Mortar: Paste Substitution versus Cement Substitution,P-0.50-4,4% (Paste Substitution),Thermal Treatment (Drying) & Ball Mill Grinding,"W/C = 0.50, SP dosage = 0.70%, WCRP = 103 kg/m³",7-day: 33.3 MPa; 28-day: 50.9 MPa
71,Reusing Waste Concrete Recycled Powder in Mortar: Paste Substitution versus Cement Substitution,P-0.50-8,8% (Paste Substitution),Thermal Treatment (Drying) & Ball Mill Grinding,"W/C = 0.50, SP dosage = 1.20%, WCRP = 205 kg/m³",7-day: 34.4 MPa; 28-day: 52.0 MPa
71,Reusing Waste Concrete Recycled Powder in Mortar: Paste Substitution versus Cement Substitution,P-0.50-12,12% (Paste Substitution),Thermal Treatment (Drying) & Ball Mill Grinding,"W/C = 0.50, SP dosage = 1.70%, WCRP = 308 kg/m³",7-day: 39.5 MPa; 28-day: 58.8 MPa
71,Reusing Waste Concrete Recycled Powder in Mortar: Paste Substitution versus Cement Substitution,P-0.50-16,16% (Paste Substitution),Thermal Treatment (Drying) & Ball Mill Grinding,"W/C = 0.50, SP dosage = 2.50%, WCRP = 411 kg/m³",7-day: 36.8 MPa; 28-day: 57.5 MPa
71,Reusing Waste Concrete Recycled Powder in Mortar: Paste Substitution versus Cement Substitution,P-0.55-4,4% (Paste Substitution),Thermal Treatment (Drying) & Ball Mill Grinding,"W/C = 0.55, SP dosage = 0.55%, WCRP = 103 kg/m³",7-day: 24.9 MPa; 28-day: 47.1 MPa
71,Reusing Waste Concrete Recycled Powder in Mortar: Paste Substitution versus Cement Substitution,P-0.55-8,8% (Paste Substitution),Thermal Treatment (Drying) & Ball Mill Grinding,"W/C = 0.55, SP dosage = 1.05%, WCRP = 205 kg/m³",7-day: 26.8 MPa; 28-day: 49.8 MPa
71,Reusing Waste Concrete Recycled Powder in Mortar: Paste Substitution versus Cement Substitution,P-0.55-12,12% (Paste Substitution),Thermal Treatment (Drying) & Ball Mill Grinding,"W/C = 0.55, SP dosage = 1.50%, WCRP = 308 kg/m³",7-day: 27.5 MPa; 28-day: 50.8 MPa
71,Reusing Waste Concrete Recycled Powder in Mortar: Paste Substitution versus Cement Substitution,P-0.55-16,16% (Paste Substitution),Thermal Treatment (Drying) & Ball Mill Grinding,"W/C = 0.55, SP dosage = 2.00%, WCRP = 411 kg/m³",7-day: 27.0 MPa; 28-day: 50.0 MPa
71,Reusing Waste Concrete Recycled Powder in Mortar: Paste Substitution versus Cement Substitution,C-0.45-4,4% (Cement Substitution),Thermal Treatment (Drying) & Ball Mill Grinding,"W/C = 0.45, SP dosage = 1.60%, WCRP = 26 kg/m³",7-day: 30.1 MPa; 28-day: 48.6 MPa
71,Reusing Waste Concrete Recycled Powder in Mortar: Paste Substitution versus Cement Substitution,C-0.45-8,8% (Cement Substitution),Thermal Treatment (Drying) & Ball Mill Grinding,"W/C = 0.45, SP dosage = 2.25%, WCRP = 52 kg/m³",7-day: 23.9 MPa; 28-day: 39.9 MPa
71,Reusing Waste Concrete Recycled Powder in Mortar: Paste Substitution versus Cement Substitution,C-0.45-12,12% (Cement Substitution),Thermal Treatment (Drying) & Ball Mill Grinding,"W/C = 0.45, SP dosage = 2.60%, WCRP = 77 kg/m³",7-day: 22.1 MPa; 28-day: 38.4 MPa
71,Reusing Waste Concrete Recycled Powder in Mortar: Paste Substitution versus Cement Substitution,C-0.45-16,16% (Cement Substitution),Thermal Treatment (Drying) & Ball Mill Grinding,"W/C = 0.45, SP dosage = 2.85%, WCRP = 103 kg/m³",7-day: 21.0 MPa; 28-day: 36.6 MPa
71,Reusing Waste Concrete Recycled Powder in Mortar: Paste Substitution versus Cement Substitution,C-0.55-4,4% (Cement Substitution),Thermal Treatment (Drying) & Ball Mill Grinding,"W/C = 0.55, SP dosage = 1.30%, WCRP = 23 kg/m³",7-day: 20.3 MPa; 28-day: 40.0 MPa
71,Reusing Waste Concrete Recycled Powder in Mortar: Paste Substitution versus Cement Substitution,C-0.55-8,8% (Cement Substitution),Thermal Treatment (Drying) & Ball Mill Grinding,"W/C = 0.55, SP dosage = 1.80%, WCRP = 46 kg/m³",7-day: 19.5 MPa; 28-day: 36.9 MPa
71,Reusing Waste Concrete Recycled Powder in Mortar: Paste Substitution versus Cement Substitution,C-0.55-12,12% (Cement Substitution),Thermal Treatment (Drying) & Ball Mill Grinding,"W/C = 0.55, SP dosage = 2.10%, WCRP = 69 kg/m³",7-day: 17.1 MPa; 28-day: 34.8 MPa
71,Reusing Waste Concrete Recycled Powder in Mortar: Paste Substitution versus Cement Substitution,C-0.55-16,16% (Cement Substitution),Thermal Treatment (Drying) & Ball Mill Grinding,"W/C = 0.55, SP dosage = 2.30%, WCRP = 92 kg/m³",7-day: 15.5 MPa; 28-day: 30.3 MPa
72,Use of carbonated recycled cement paste powder as a new supplementary cementitious material: A critical review,Pure Cement Paste / OPC,0%,,Standard OPC,Control / Baseline
72,Use of carbonated recycled cement paste powder as a new supplementary cementitious material: A critical review,Paste containing dry carbonated RCPP (5–10%),5%–10%,Dry carbonation,Accelerated carbonation at varying temperatures (20–140 °C),Higher compressive strength relative to control
72,Use of carbonated recycled cement paste powder as a new supplementary cementitious material: A critical review,Paste containing dry carbonated RCPP (>10%),20%–30%,Dry carbonation,Accelerated carbonation at varying temperatures (20–140 °C),Lower compressive strength relative to control due to dilution
72,Use of carbonated recycled cement paste powder as a new supplementary cementitious material: A critical review,Paste containing wet carbonated RCPP (5–20%),5%–20%,Wet carbonation,"Aqueous environment, CO2 flow rate 3–5 L/min, temp 25–100 °C",Higher compressive strength relative to control (comparable to or exceeds OPC)
72,Use of carbonated recycled cement paste powder as a new supplementary cementitious material: A critical review,Paste containing wet carbonated RCPP (>20%),>20%–30%,Wet carbonation,"Aqueous environment, CO2 flow rate 3–5 L/min, temp 25–100 °C",Decreased relative compressive strength
72,Use of carbonated recycled cement paste powder as a new supplementary cementitious material: A critical review,Mortar with dry carbonated RCPP,33%,Dry carbonation,Accelerated carbonation,Flexural strength comparable to control; compressive strength reported
73,Transforming construction and demolition waste concrete as a precursor in sustainable cementitious materials: An innovative recycling approach,25PHC-60CPC (20–20 °C),25% PHC,15% Commercial Sodium Silicate (Type G),Initial curing: 24 h at 20 ± 3 °C; w/b = 0.23; 5% SP,"1d: 31.1 MPa, 3d: 43.6 MPa, 7d: 49.7 MPa, 14d: 52.3 MPa, 28d: 50.0 MPa, 28d wet: 46.3 MPa"
73,Transforming construction and demolition waste concrete as a precursor in sustainable cementitious materials: An innovative recycling approach,25PHC-60CPC (60–20 °C),25% PHC,15% Commercial Sodium Silicate (Type G),Initial curing: 24 h at 60 ± 4 °C; w/b = 0.23; 5% SP,"1d: 32.1 MPa, 3d: 34.6 MPa, 7d: 44.3 MPa, 14d: 44.8 MPa, 28d: 45.5 MPa, 28d wet: 40.5 MPa"
73,Transforming construction and demolition waste concrete as a precursor in sustainable cementitious materials: An innovative recycling approach,45PHC-40CPC (20–20 °C),45% PHC,15% Commercial Sodium Silicate (Type G),Initial curing: 24 h at 20 ± 3 °C; w/b = 0.23; 5% SP,"1d: 26.5 MPa, 3d: 27.7 MPa, 7d: 39.0 MPa, 14d: 40.5 MPa, 28d: 45.2 MPa, 28d wet: 34.1 MPa"
73,Transforming construction and demolition waste concrete as a precursor in sustainable cementitious materials: An innovative recycling approach,45PHC-40CPC (60–20 °C),45% PHC,15% Commercial Sodium Silicate (Type G),Initial curing: 24 h at 60 ± 4 °C; w/b = 0.23; 5% SP,"1d: 32.7 MPa, 3d: 33.0 MPa, 7d: 32.1 MPa, 14d: 36.1 MPa, 28d: 39.8 MPa, 28d wet: 27.5 MPa"
73,Transforming construction and demolition waste concrete as a precursor in sustainable cementitious materials: An innovative recycling approach,65PHC-20CPC (20–20 °C),65% PHC,15% Commercial Sodium Silicate (Type G),Initial curing: 24 h at 20 ± 3 °C; w/b = 0.23; 5% SP,"1d: 12.0 MPa, 3d: 19.4 MPa, 7d: 25.7 MPa, 14d: 27.0 MPa, 28d: 30.8 MPa, 28d wet: 23.4 MPa"
73,Transforming construction and demolition waste concrete as a precursor in sustainable cementitious materials: An innovative recycling approach,65PHC-20CPC (60–20 °C),65% PHC,15% Commercial Sodium Silicate (Type G),Initial curing: 24 h at 60 ± 4 °C; w/b = 0.23; 5% SP,"1d: 21.2 MPa, 3d: 19.4 MPa, 7d: 24.0 MPa, 14d: 23.6 MPa, 28d: 28.0 MPa, 28d wet: 25.2 MPa"
73,Transforming construction and demolition waste concrete as a precursor in sustainable cementitious materials: An innovative recycling approach,85PHC-0CPC (20–20 °C),85% PHC,15% Commercial Sodium Silicate (Type G),Initial curing: 24 h at 20 ± 3 °C; w/b = 0.23; 5% SP,"1d: 2.1 MPa, 3d: 8.1 MPa, 7d: 13.0 MPa, 14d: 15.7 MPa, 28d: 16.1 MPa, 28d wet: 7.8 MPa"
73,Transforming construction and demolition waste concrete as a precursor in sustainable cementitious materials: An innovative recycling approach,85PHC-0CPC (60–20 °C),85% PHC,15% Commercial Sodium Silicate (Type G),Initial curing: 24 h at 60 ± 4 °C; w/b = 0.23; 5% SP,"1d: 12.1 MPa, 3d: 12.1 MPa, 7d: 11.8 MPa, 14d: 13.2 MPa, 28d: 12.0 MPa, 28d wet: 10.5 MPa"
73,Transforming construction and demolition waste concrete as a precursor in sustainable cementitious materials: An innovative recycling approach,100PHC (20–20 °C),100% PHC,None (0% CSS),Initial curing: 24 h at 20 ± 3 °C; w/b = 0.23; 5% SP,"1d: 1.2 MPa, 3d: 2.0 MPa, 7d: 2.8 MPa, 14d: 3.0 MPa, 28d: 2.7 MPa, 28d wet: 2.0 MPa"
73,Transforming construction and demolition waste concrete as a precursor in sustainable cementitious materials: An innovative recycling approach,100PHC (60–20 °C),100% PHC,None (0% CSS),Initial curing: 24 h at 60 ± 4 °C; w/b = 0.23; 5% SP,"1d: 1.7 MPa, 3d: 1.8 MPa, 7d: 1.8 MPa, 14d: 1.9 MPa, 28d: 2.3 MPa, 28d wet: 1.7 MPa"
73,Transforming construction and demolition waste concrete as a precursor in sustainable cementitious materials: An innovative recycling approach,REFCPC (20–20 °C),0% PHC (Control),None (0% CSS),Initial curing: 24 h at 20 ± 3 °C; w/c = 0.38,"1d: 37.0 MPa, 3d: 48.4 MPa, 7d: 55.5 MPa, 14d: 56.3 MPa, 28d: 63.2 MPa, 28d wet: 69.0 MPa"
74,Improving the reactivity of industrial recycled concrete fines: Exploring mechanical and hydrothermal activation,RCf-0,,None (Raw as received),Unactivated raw RCf,
74,Improving the reactivity of industrial recycled concrete fines: Exploring mechanical and hydrothermal activation,RCf-166,,Mechanical Activation,"Ball milling for 166 min (300 rpm for 30 min, 250 rpm for 136 min)",
74,Improving the reactivity of industrial recycled concrete fines: Exploring mechanical and hydrothermal activation,RCf-A0-0,,Hydrothermal Activation,"0 wt% Ca(OH)2 addition, Ca/Si = 0.17, w/b = 0.55, autoclaved 8 h at 195°C / 13 bar",
74,Improving the reactivity of industrial recycled concrete fines: Exploring mechanical and hydrothermal activation,RCf-A0-166,,Hydrothermal + Mechanical Activation,"Autoclaved (0 wt% Ca(OH)2, Ca/Si = 0.17, 8 h at 195°C) + ball milled for 166 min",
74,Improving the reactivity of industrial recycled concrete fines: Exploring mechanical and hydrothermal activation,RCf-A1-0,,Hydrothermal Activation,"10 wt% Ca(OH)2 addition, Ca/Si = 0.24, w/b = 0.55, autoclaved 8 h at 195°C / 13 bar",
74,Improving the reactivity of industrial recycled concrete fines: Exploring mechanical and hydrothermal activation,RCf-A1-166,,Hydrothermal + Mechanical Activation,"Autoclaved (10 wt% Ca(OH)2, Ca/Si = 0.24, 8 h at 195°C) + ball milled for 166 min",
74,Improving the reactivity of industrial recycled concrete fines: Exploring mechanical and hydrothermal activation,RCf-A2-0,,Hydrothermal Activation,"20 wt% Ca(OH)2 addition, Ca/Si = 0.38, w/b = 0.55, autoclaved 8 h at 195°C / 13 bar",
74,Improving the reactivity of industrial recycled concrete fines: Exploring mechanical and hydrothermal activation,RCf-A2-166,,Hydrothermal + Mechanical Activation,"Autoclaved (20 wt% Ca(OH)2, Ca/Si = 0.38, 8 h at 195°C) + ball milled for 166 min",
74,Improving the reactivity of industrial recycled concrete fines: Exploring mechanical and hydrothermal activation,RCf-A3-0,,Hydrothermal Activation,"30 wt% Ca(OH)2 addition, Ca/Si = 0.47, w/b = 0.55, autoclaved 8 h at 195°C / 13 bar",
74,Improving the reactivity of industrial recycled concrete fines: Exploring mechanical and hydrothermal activation,RCf-A3-166,,Hydrothermal + Mechanical Activation,"Autoclaved (30 wt% Ca(OH)2, Ca/Si = 0.47, 8 h at 195°C) + ball milled for 166 min",
75,"Utilization of all components of waste concrete: Recycled aggregate strengthening, recycled fine powder activity, composite recycled concrete and life cycle assessment",Control Group (Cement Mortar),0%,,Standard cement mortar (GB/T 12957),47.7 MPa (28-day compressive strength)
75,"Utilization of all components of waste concrete: Recycled aggregate strengthening, recycled fine powder activity, composite recycled concrete and life cycle assessment",RFP5 Mortar,30%,Mechanical Grinding,Grinding duration: 5 min,34.5 MPa (28-day compressive strength)
75,"Utilization of all components of waste concrete: Recycled aggregate strengthening, recycled fine powder activity, composite recycled concrete and life cycle assessment",RFP10 Mortar,30%,Mechanical Grinding,Grinding duration: 10 min,32.7 MPa (28-day compressive strength)
75,"Utilization of all components of waste concrete: Recycled aggregate strengthening, recycled fine powder activity, composite recycled concrete and life cycle assessment",RFP15 Mortar,30%,Mechanical Grinding,Grinding duration: 15 min,31.4 MPa (28-day compressive strength)
75,"Utilization of all components of waste concrete: Recycled aggregate strengthening, recycled fine powder activity, composite recycled concrete and life cycle assessment",0% RFP Concrete (Control),0%,,Water-binder ratio: 0.45,"~43.5 MPa (28-day compressive strength, GRAPH-DERIVED)"
75,"Utilization of all components of waste concrete: Recycled aggregate strengthening, recycled fine powder activity, composite recycled concrete and life cycle assessment",10% RFP Concrete,10%,Mechanical Grinding,"RFP5 (5 min grind), w/b = 0.45","~34.8 MPa (28-day compressive strength, GRAPH-DERIVED)"
75,"Utilization of all components of waste concrete: Recycled aggregate strengthening, recycled fine powder activity, composite recycled concrete and life cycle assessment",20% RFP Concrete,20%,Mechanical Grinding,"RFP5 (5 min grind), w/b = 0.45",38.6 MPa (28-day compressive strength)
75,"Utilization of all components of waste concrete: Recycled aggregate strengthening, recycled fine powder activity, composite recycled concrete and life cycle assessment",30% RFP Concrete,30%,Mechanical Grinding,"RFP5 (5 min grind), w/b = 0.45","~31.0 MPa (28-day compressive strength, GRAPH-DERIVED)"
75,"Utilization of all components of waste concrete: Recycled aggregate strengthening, recycled fine powder activity, composite recycled concrete and life cycle assessment",40% RFP Concrete,40%,Mechanical Grinding,"RFP5 (5 min grind), w/b = 0.45","~28.0 MPa (28-day compressive strength, GRAPH-DERIVED)"
75,"Utilization of all components of waste concrete: Recycled aggregate strengthening, recycled fine powder activity, composite recycled concrete and life cycle assessment",RA-RFP Composite Recycled Concrete,20% RFP + 20% RA,Mechanical Grinding (RFP) & Mechanical-Acid Composite (RA),"RFP5 (5 min grind), RA strengthened by 9% oxalic acid (9 h) + mechanical vibration (2 kg, 20 min), w/b = 0.45",40.12 MPa (28-day compressive strength)
76,Experimental Research on the Performance of Recycled Waste Concrete Powder (RWCP) on Concrete,Control group (CG),0% (Control mix with 52.1 kg/m³ BFS and 36 kg/m³ FA),,,"Compressive Strength:
1d: 9.56 MPa, 3d: 22.1 MPa, 7d: 34.1 MPa, 14d: 41.2 MPa, 28d: 45.2 MPa"
76,Experimental Research on the Performance of Recycled Waste Concrete Powder (RWCP) on Concrete,K1,"17.3% replacement of BFS with RWCP (9 kg/m³ RWCP, 43.1 kg/m³ BFS, 36 kg/m³ FA)",Mechanical activation (Ball milling for 45 min),"SM-500 ball mill, 48 rpm, 100 kg media, 1‰ grinding aid","Compressive Strength:
1d: 9.61 MPa, 3d: 22.3 MPa, 7d: 34.3 MPa, 14d: 41.4 MPa, 28d: 45.4 MPa"
76,Experimental Research on the Performance of Recycled Waste Concrete Powder (RWCP) on Concrete,K2,"34.5% replacement of BFS with RWCP (18 kg/m³ RWCP, 34.1 kg/m³ BFS, 36 kg/m³ FA)",Mechanical activation (Ball milling for 45 min),"SM-500 ball mill, 48 rpm, 100 kg media, 1‰ grinding aid","Compressive Strength:
1d: 8.2 MPa, 3d: 18.5 MPa, 7d: 28.3 MPa, 14d: 38.1 MPa, 28d: 45.1 MPa"
76,Experimental Research on the Performance of Recycled Waste Concrete Powder (RWCP) on Concrete,K3,"69.1% replacement of BFS with RWCP (36 kg/m³ RWCP, 16.1 kg/m³ BFS, 36 kg/m³ FA)",Mechanical activation (Ball milling for 45 min),"SM-500 ball mill, 48 rpm, 100 kg media, 1‰ grinding aid","Compressive Strength:
1d: 5.9 MPa, 3d: 14.5 MPa, 7d: 22.7 MPa, 14d: 33.2 MPa, 28d: 44.8 MPa"
76,Experimental Research on the Performance of Recycled Waste Concrete Powder (RWCP) on Concrete,F1,"25% replacement of FA with RWCP (9 kg/m³ RWCP, 52.1 kg/m³ BFS, 27 kg/m³ FA)",Mechanical activation (Ball milling for 45 min),"SM-500 ball mill, 48 rpm, 100 kg media, 1‰ grinding aid","Compressive Strength:
1d: 9.1 MPa, 3d: 21.2 MPa, 7d: 33.1 MPa, 14d: 42.5 MPa, 28d: 46.8 MPa"
76,Experimental Research on the Performance of Recycled Waste Concrete Powder (RWCP) on Concrete,F2,"50% replacement of FA with RWCP (18 kg/m³ RWCP, 52.1 kg/m³ BFS, 18 kg/m³ FA)",Mechanical activation (Ball milling for 45 min),"SM-500 ball mill, 48 rpm, 100 kg media, 1‰ grinding aid","Compressive Strength:
1d: 8.5 MPa, 3d: 20.1 MPa, 7d: 32.2 MPa, 14d: 43.8 MPa, 28d: 48.2 MPa"
76,Experimental Research on the Performance of Recycled Waste Concrete Powder (RWCP) on Concrete,F3,"100% replacement of FA with RWCP (36 kg/m³ RWCP, 52.1 kg/m³ BFS, 0 kg/m³ FA)",Mechanical activation (Ball milling for 45 min),"SM-500 ball mill, 48 rpm, 100 kg media, 1‰ grinding aid","Compressive Strength:
1d: 9.8 MPa, 3d: 22.5 MPa, 7d: 34.5 MPa, 14d: 45.1 MPa, 28d: 50.8 MPa"
77,Study on the effect of recycled fine powder on the properties of cement mortar and concrete,Mortar (Powder A / Powder B),"Cement replaced by 5%, 8%, 11%, 14%, 17%, 20%",,Sieved with 0.075 mm standard sieve,"Peak at 8%, 11%, or 17% depending on combination; exceeds benchmark up to 17%"
77,Study on the effect of recycled fine powder on the properties of cement mortar and concrete,Mortar (Fly Ash replaced),"Fly ash replaced by 5%, 10%, 15%, 20%, 25%, 30%",,Sieved with 0.075 mm standard sieve,Measured at 7d and 28d; peak at 15% or 25% depending on combination
77,Study on the effect of recycled fine powder on the properties of cement mortar and concrete,Micropowder Activator Mortar,0% cement/fly ash replacement specified; chemical activator added,"Alkaline (NaOH, Ca(OH)2), Acidic (HCl)","Activator concentrations: 0%, 5%, 10%, 15%","3d, 7d, 28d compressive strength: 0.2–3.5 MPa (GRAPH-DERIVED)"
77,Study on the effect of recycled fine powder on the properties of cement mortar and concrete,Concrete S3F3 (Standard),0% (Benchmark),,Recycled coarse/fine aggregate mix,"7d: 12.34 MPa, 28d: 18.80 MPa"
77,Study on the effect of recycled fine powder on the properties of cement mortar and concrete,Concrete S3F3 (Comparison),14% cement + 20% fine aggregate (34% total powder),,Recycled coarse/fine aggregate mix,"7d: 12.11 MPa, 28d: 18.65 MPa"
77,Study on the effect of recycled fine powder on the properties of cement mortar and concrete,Concrete S3F4 (Standard),0% (Benchmark),,Recycled coarse/fine aggregate mix,"7d: 15.69 MPa, 28d: 19.31 MPa"
77,Study on the effect of recycled fine powder on the properties of cement mortar and concrete,Concrete S3F4 (Comparison),14% cement + 20% fine aggregate (34% total powder),,Recycled coarse/fine aggregate mix,"7d: 14.24 MPa, 28d: 21.53 MPa"
77,Study on the effect of recycled fine powder on the properties of cement mortar and concrete,Concrete S4F3 (Standard),0% (Benchmark),,Recycled coarse/fine aggregate mix,"7d: 16.92 MPa, 28d: 25.78 MPa"
77,Study on the effect of recycled fine powder on the properties of cement mortar and concrete,Concrete S4F3 (Comparison),14% cement + 20% fine aggregate (34% total powder),,Recycled coarse/fine aggregate mix,"7d: 12.98 MPa, 28d: 19.63 MPa"
77,Study on the effect of recycled fine powder on the properties of cement mortar and concrete,Concrete S4F4 (Standard),0% (Benchmark),,Recycled coarse/fine aggregate mix,"7d: 13.08 MPa, 28d: 18.84 MPa"
77,Study on the effect of recycled fine powder on the properties of cement mortar and concrete,Concrete S4F4 (Comparison),14% cement + 20% fine aggregate (34% total powder),,Recycled coarse/fine aggregate mix,"7d: 13.68 MPa, 28d: 20.41 MPa"
77,Study on the effect of recycled fine powder on the properties of cement mortar and concrete,Concrete S4F3 (Variant 1),14% cement + 11% fine aggregate,,Recycled coarse/fine aggregate mix,"7d: 8.76 MPa, 28d: 11.91 MPa"
77,Study on the effect of recycled fine powder on the properties of cement mortar and concrete,Concrete S4F3 (Variant 2),14% cement + 14% fine aggregate,,Recycled coarse/fine aggregate mix,"7d: 9.86 MPa, 28d: 14.49 MPa"
77,Study on the effect of recycled fine powder on the properties of cement mortar and concrete,Concrete S4F3 (Variant 3),14% cement + 17% fine aggregate,,Recycled coarse/fine aggregate mix,"7d: 12.45 MPa, 28d: 17.16 MPa"
77,Study on the effect of recycled fine powder on the properties of cement mortar and concrete,Concrete S4F3 (Variant 4),14% cement + 20% fine aggregate,,Recycled coarse/fine aggregate mix,"7d: 14.24 MPa, 28d: 21.53 MPa"
78,"Effect of carbonated recycled concrete fines on early-age engineering properties, hydration and microstructure of cement paste under high substitution level and low water-to-binder ratio",PC,0%,,"w/b = 0.20, superplasticiser added",1d CS: ~52.8 MPa; 28d CS: ~108.2 MPa; 28d FS: ~16.43 MPa
78,"Effect of carbonated recycled concrete fines on early-age engineering properties, hydration and microstructure of cement paste under high substitution level and low water-to-binder ratio",R20,20% RCF,,"w/b = 0.20, dry mixed 120s, SP added",1d CS: ~48.1 MPa; 28d CS: ~95.3 MPa
78,"Effect of carbonated recycled concrete fines on early-age engineering properties, hydration and microstructure of cement paste under high substitution level and low water-to-binder ratio",R40,40% RCF,,"w/b = 0.20, dry mixed 120s, SP added",1d CS: ~41.2 MPa; 28d CS: ~82.4 MPa
78,"Effect of carbonated recycled concrete fines on early-age engineering properties, hydration and microstructure of cement paste under high substitution level and low water-to-binder ratio",CR20,20% CRCF,Dry carbonation,"20±2°C, 70±5% RH, 20±3% CO2, 12 d; w/b = 0.20",1d CS: ~49.8 MPa; 28d CS: ~102.1 MPa; 28d FS: 12.67 MPa
78,"Effect of carbonated recycled concrete fines on early-age engineering properties, hydration and microstructure of cement paste under high substitution level and low water-to-binder ratio",CR40,40% CRCF,Dry carbonation,"20±2°C, 70±5% RH, 20±3% CO2, 12 d; w/b = 0.20",1d CS: ~47.1 MPa; 28d CS: ~96.5 MPa
79,Highly reactive carbonated recycled concrete fines prepared via mechanochemical carbonation: Influence on the early performance of cement composites,Ref.,0 wt%,,100 wt% OPC; w/b = 0.4; SP = 0 wt%,"GRAPH-DERIVED: 1d ~18 MPa, 3d ~27 MPa, 7d ~38 MPa, 28d ~48 MPa"
79,Highly reactive carbonated recycled concrete fines prepared via mechanochemical carbonation: Influence on the early performance of cement composites,MCR5,5 wt%,Mechanochemical Carbonation (MC),"95 wt% OPC, 5 wt% MCR; w/b = 0.4; SP = 0.1 wt%; milling speed 500 rpm, 60 min, solid/liquid ratio 1/2.5","GRAPH-DERIVED: 1d ~20 MPa, 3d ~32 MPa, 7d ~40 MPa, 28d ~49 MPa (+9.2% at 1d, +17.2% at 3d relative to Ref.)"
79,Highly reactive carbonated recycled concrete fines prepared via mechanochemical carbonation: Influence on the early performance of cement composites,MCR10,10 wt%,Mechanochemical Carbonation (MC),"90 wt% OPC, 10 wt% MCR; w/b = 0.4; SP = 0.2 wt%; milling speed 500 rpm, 60 min, solid/liquid ratio 1/2.5","GRAPH-DERIVED: 1d ~22 MPa, 3d ~34 MPa, 7d ~42 MPa, 28d ~49 MPa (+19.9% at 1d, +24.7% at 3d relative to Ref.)"
79,Highly reactive carbonated recycled concrete fines prepared via mechanochemical carbonation: Influence on the early performance of cement composites,MCR20,20 wt%,Mechanochemical Carbonation (MC),"80 wt% OPC, 20 wt% MCR; w/b = 0.4; SP = 0.3 wt%; milling speed 500 rpm, 60 min, solid/liquid ratio 1/2.5","GRAPH-DERIVED: 1d ~19 MPa, 3d ~34 MPa, 7d ~40 MPa, 28d ~47 MPa (+5.9% at 1d, +25.1% at 3d relative to Ref.)"
79,Highly reactive carbonated recycled concrete fines prepared via mechanochemical carbonation: Influence on the early performance of cement composites,WCR10,10 wt%,Wet Carbonation,"90 wt% OPC, 10 wt% WCR; w/b = 0.4; SP = 0.1 wt%; magnetic stirrer, 2 h, solid/liquid ratio 1/10","GRAPH-DERIVED: 1d ~19 MPa, 3d ~30 MPa, 7d ~39 MPa, 28d ~48 MPa (+4.5% at 1d, +12.0% at 3d relative to Ref.)"
80,Assessment of the potential use of construction and demolition waste (CDW) fines as eco-pozzolan in binary and ternary cements,REF,0%,,"w/b = 0.40, SP = 0.05%",7d: 47.7 MPa; 28d: 61.1 MPa; 90d: 61.4 MPa
80,Assessment of the potential use of construction and demolition waste (CDW) fines as eco-pozzolan in binary and ternary cements,5CDW,5% CDW,,"w/b = 0.40, SP = 0.06%",7d: 42.1 MPa; 28d: 51.3 MPa; 90d: 55.0 MPa
80,Assessment of the potential use of construction and demolition waste (CDW) fines as eco-pozzolan in binary and ternary cements,10CDW,10% CDW,,"w/b = 0.40, SP = 0.06%",7d: 31.2 MPa; 28d: 42.4 MPa; 90d: 43.7 MPa
80,Assessment of the potential use of construction and demolition waste (CDW) fines as eco-pozzolan in binary and ternary cements,15CDW,15% CDW,,"w/b = 0.40, SP = 0.06%",7d: 25.1 MPa; 28d: 42.6 MPa; 90d: 44.2 MPa
80,Assessment of the potential use of construction and demolition waste (CDW) fines as eco-pozzolan in binary and ternary cements,20CDW,20% CDW,,"w/b = 0.40, SP = 0.08%",7d: 30.2 MPa; 28d: 40.5 MPa; 90d: 40.8 MPa
80,Assessment of the potential use of construction and demolition waste (CDW) fines as eco-pozzolan in binary and ternary cements,50MK,50% MK,,"w/b = 0.40, SP = 0.60%",7d: 52.5 MPa; 28d: 53.8 MPa; 90d: 51.7 MPa
80,Assessment of the potential use of construction and demolition waste (CDW) fines as eco-pozzolan in binary and ternary cements,5CDW/45MK,5% CDW + 45% MK,,"w/b = 0.40, SP = 0.60%",7d: 54.1 MPa; 28d: 55.1 MPa; 90d: 52.8 MPa
80,Assessment of the potential use of construction and demolition waste (CDW) fines as eco-pozzolan in binary and ternary cements,10CDW/40MK,10% CDW + 40% MK,,"w/b = 0.40, SP = 0.55%",7d: 46.2 MPa; 28d: 53.4 MPa; 90d: 51.3 MPa
80,Assessment of the potential use of construction and demolition waste (CDW) fines as eco-pozzolan in binary and ternary cements,15CDW/35MK,15% CDW + 35% MK,,"w/b = 0.40, SP = 0.55%",7d: 43.6 MPa; 28d: 44.3 MPa; 90d: 41.6 MPa
80,Assessment of the potential use of construction and demolition waste (CDW) fines as eco-pozzolan in binary and ternary cements,20CDW/30MK,20% CDW + 30% MK,,"w/b = 0.40, SP = 0.50%",7d: 36.8 MPa; 28d: 44.1 MPa; 90d: 45.3 MPa
80,Assessment of the potential use of construction and demolition waste (CDW) fines as eco-pozzolan in binary and ternary cements,30CDW/20MK,30% CDW + 20% MK,,"w/b = 0.40, SP = 0.50%",7d: 37.5 MPa; 28d: 41.7 MPa; 90d: 39.0 MPa
80,Assessment of the potential use of construction and demolition waste (CDW) fines as eco-pozzolan in binary and ternary cements,40CDW/10MK,40% CDW + 10% MK,,"w/b = 0.40, SP = 0.45%",7d: 27.2 MPa; 28d: 36.6 MPa; 90d: 36.2 MPa
81,Experimental and Numerical Assessment of Sustainable Concrete Using Recycled Concrete Powder (RCP) as a Partial Replacement for Cement,Control,0%,,,"Compressive Strength: 7-day: 18.73 MPa (2716.5 psi); 14-day: 19.20 MPa (2784.7 psi); 28-day: 22.71 MPa (28.8 MPa in FE Model)
Split Tensile Strength (28-day): 2.83 MPa (410.9 psi)"
81,Experimental and Numerical Assessment of Sustainable Concrete Using Recycled Concrete Powder (RCP) as a Partial Replacement for Cement,RCP-1,20%,Mechanical activation (Ball mill grinding),Sieve size: 0.025 in (0.63 mm); Ball milling time: 1 h; Average particle size: 23.1 µm,"Compressive Strength: 7-day: 12.9 MPa (1567.91 psi); 14-day: 16.07 MPa (1951.15 psi); 28-day: 18.01 MPa (2070.83 psi)
Split Tensile Strength (28-day): 1.76 MPa (255.3 psi)"
81,Experimental and Numerical Assessment of Sustainable Concrete Using Recycled Concrete Powder (RCP) as a Partial Replacement for Cement,RCP-2,25%,Mechanical activation (Ball mill grinding),Sieve size: 0.025 in (0.63 mm); Ball milling time: 1 h; Average particle size: 23.1 µm,"Compressive Strength: 7-day: 8.57 MPa (1243.63 psi); 14-day: 8.73 MPa (1266.16 psi); 28-day: 11.3 MPa (1633.39 psi)
Split Tensile Strength (28-day): 1.94 MPa (281.83 psi)"
81,Experimental and Numerical Assessment of Sustainable Concrete Using Recycled Concrete Powder (RCP) as a Partial Replacement for Cement,RCP-3,30%,Mechanical activation (Ball mill grinding),Sieve size: 0.025 in (0.63 mm); Ball milling time: 1 h; Average particle size: 23.1 µm,"Compressive Strength: 7-day: 8.48 MPa (1229.92 psi); 14-day: 8.63 MPa (1250.99 psi); 28-day: 9.89 MPa (1434.19 psi)
Split Tensile Strength (28-day): 1.65 MPa (238.64 psi)"
82,Using Fines from Recycled High-Quality Concrete as a Substitute for Cement,Paste 0% (Reference CEM I),0%,,w/b = 0.5,
82,Using Fines from Recycled High-Quality Concrete as a Substitute for Cement,Paste 5% (CEM I + 5% fines),5%,Mechanical (Ball milling),"70 L ball mill, stainless-steel balls, 5 h grinding, w/b = 0.5",
82,Using Fines from Recycled High-Quality Concrete as a Substitute for Cement,Paste 10% (CEM I + 10% fines),10%,Mechanical (Ball milling),"70 L ball mill, stainless-steel balls, 5 h grinding, w/b = 0.5",
82,Using Fines from Recycled High-Quality Concrete as a Substitute for Cement,Paste 15% (CEM I + 15% fines),15%,Mechanical (Ball milling),"70 L ball mill, stainless-steel balls, 5 h grinding, w/b = 0.5",
82,Using Fines from Recycled High-Quality Concrete as a Substitute for Cement,Paste 20% (CEM I + 20% fines),20%,Mechanical (Ball milling),"70 L ball mill, stainless-steel balls, 5 h grinding, w/b = 0.5",
82,Using Fines from Recycled High-Quality Concrete as a Substitute for Cement,Paste 25% (CEM I + 25% fines),25%,Mechanical (Ball milling),"70 L ball mill, stainless-steel balls, 5 h grinding, w/b = 0.5",
82,Using Fines from Recycled High-Quality Concrete as a Substitute for Cement,Paste 30% (CEM I + 30% fines),30%,Mechanical (Ball milling),"70 L ball mill, stainless-steel balls, 5 h grinding, w/b = 0.5",
82,Using Fines from Recycled High-Quality Concrete as a Substitute for Cement,Mortar Reference CEM I,0%,,"Sand:Cement = 3:1, w/b = 0.5, CEN standard sand (0/2), CEM I 52.5 N","Flexural: ~7.3 MPa (7d), ~8.5 MPa (28d), ~8.7 MPa (90d) [GRAPH-DERIVED]; Compressive: 42.8 MPa (7d), 54.5 MPa (28d), 56.8 MPa (90d) [GRAPH-DERIVED]"
82,Using Fines from Recycled High-Quality Concrete as a Substitute for Cement,Mortar C90F10,10%,Mechanical (Ball milling),"Sand:Cement = 3:1, w/b = 0.5, CEN standard sand (0/2), 70 L ball mill, 5 h grinding","Flexural: ~6.8 MPa (7d), ~7.8 MPa (28d), ~8.25 MPa (90d) [GRAPH-DERIVED]; Compressive: 43.5 MPa (7d), 50.3 MPa (28d), 55.2 MPa (90d) [GRAPH-DERIVED]"
82,Using Fines from Recycled High-Quality Concrete as a Substitute for Cement,Mortar C75F25,25%,Mechanical (Ball milling),"Sand:Cement = 3:1, w/b = 0.5, CEN standard sand (0/2), 70 L ball mill, 5 h grinding","Flexural: ~5.6 MPa (7d), ~7.2 MPa (28d), ~7.6 MPa (90d) [GRAPH-DERIVED]; Compressive: 36.0 MPa (7d), 44.5 MPa (28d), 50.2 MPa (90d) [GRAPH-DERIVED]"
82,Using Fines from Recycled High-Quality Concrete as a Substitute for Cement,Concrete Reference (REF),0%,,"CEM I 52.5 N: 310 kg/m³, Limestone 4/20: 1030 kg/m³, Sea sand 0/2: 345 kg/m³, Sand 0/4: 515 kg/m³, Water: 179 kg/m³, TechniFlow 92: 1.5 kg/m³","Compressive: 31.9 ± 1.4 MPa (2d), 45.8 ± 2.0 MPa (7d), 57.0 ± 0.3 MPa (28d), 61.5 ± 0.6 MPa (56d), 62.3 ± 0.7 MPa (90d)"
82,Using Fines from Recycled High-Quality Concrete as a Substitute for Cement,Concrete RC10,10%,Mechanical (Ball milling),"CEM I 52.5 N: 280 kg/m³, Recycled fines: 30 kg/m³, Recycled coarse aggregate 4/20: 802 kg/m³, River sand 0/7: 660 kg/m³, Recycled sand 0/6: 262 kg/m³, Water: 224 kg/m³, PowerFlow EVO503: 7 kg/m³, 70 L ball mill, 5 h grinding","Compressive: 31.2 ± 0.8 MPa (2d), 44.1 ± 0.6 MPa (7d), 55.4 ± 1.1 MPa (28d), 58.9 ± 2.3 MPa (56d), 59.8 ± 2.1 MPa (90d)"
83,Redefining the cement substitution potential of recycled concrete powder using graphene oxide coating,Ref,0%,,"Water/M: 11.11 wt%, PC/M: 0.071 wt%, Sand/M: 66.66 wt%",Compressive Strength: 44.55 MPa
83,Redefining the cement substitution potential of recycled concrete powder using graphene oxide coating,Ref-10,10%,,"OPC/M: 20.00 wt%, RCP/M: 2.22 wt%, PC/M: 0.071 wt%",Compressive Strength: 46.16 MPa
83,Redefining the cement substitution potential of recycled concrete powder using graphene oxide coating,Ref-20,20%,,"OPC/M: 17.78 wt%, RCP/M: 4.44 wt%, PC/M: 0.071 wt%",Compressive Strength: 49.48 MPa
83,Redefining the cement substitution potential of recycled concrete powder using graphene oxide coating,Ref-30,30%,,"OPC/M: 15.56 wt%, RCP/M: 6.66 wt%, PC/M: 0.071 wt%","Compressive Strength: 45.01 MPa, Flexural Strength: 5.43 MPa"
83,Redefining the cement substitution potential of recycled concrete powder using graphene oxide coating,Ref-40,40%,,"OPC/M: 13.33 wt%, RCP/M: 8.88 wt%, PC/M: 0.071 wt%",Compressive Strength: 35.98 MPa
83,Redefining the cement substitution potential of recycled concrete powder using graphene oxide coating,Ref-50,50%,,"OPC/M: 11.11 wt%, RCP/M: 11.11 wt%, PC/M: 0.071 wt%",Compressive Strength: 3.79 MPa
83,Redefining the cement substitution potential of recycled concrete powder using graphene oxide coating,GO-10,10%,GO Coating,"OPC/M: 20.00 wt%, RCP/M: 2.22 wt%, GO/M: 0.002 wt%, PC/M: 0.071 wt%",Compressive Strength: 51.13 MPa
83,Redefining the cement substitution potential of recycled concrete powder using graphene oxide coating,GO-20,20%,GO Coating,"OPC/M: 17.78 wt%, RCP/M: 4.44 wt%, GO/M: 0.004 wt%, PC/M: 0.071 wt%",Compressive Strength: 54.60 MPa
83,Redefining the cement substitution potential of recycled concrete powder using graphene oxide coating,GO-30,30%,GO Coating,"OPC/M: 15.56 wt%, RCP/M: 6.66 wt%, GO/M: 0.006 wt%, PC/M: 0.071 wt%",Compressive Strength: 50.93 / 50.94 MPa
83,Redefining the cement substitution potential of recycled concrete powder using graphene oxide coating,GO-40,40%,GO Coating,"OPC/M: 13.33 wt%, RCP/M: 8.88 wt%, GO/M: 0.008 wt%, PC/M: 0.071 wt%",Compressive Strength: 46.38 MPa
83,Redefining the cement substitution potential of recycled concrete powder using graphene oxide coating,GO-50,50%,GO Coating,"OPC/M: 11.11 wt%, RCP/M: 11.11 wt%, GO/M: 0.010 wt%, PC/M: 0.071 wt%",Compressive Strength: 30.99 / 31.00 MPa
84,Clean and high-value recycling approach for waste concrete powder: Mechano-chemical activation of pozzolanic activity,RCBG1,,"120 min Ball Milling, 0% CaO, 0% CaSO4","120 min grinding, w/b = 0.5:1",3d: 0 MPa; 7d: 0 MPa; 28d: 0 MPa
84,Clean and high-value recycling approach for waste concrete powder: Mechano-chemical activation of pozzolanic activity,RCBG2,,"120 min Ball Milling, 1% CaO, 0% CaSO4","120 min grinding, w/b = 0.5:1",3d: 0 MPa; 7d: 1.175 MPa; 28d: 1.400 MPa
84,Clean and high-value recycling approach for waste concrete powder: Mechano-chemical activation of pozzolanic activity,RCBG3,,"120 min Ball Milling, 5% CaO, 0% CaSO4","120 min grinding, w/b = 0.5:1",3d: 1.775 MPa; 7d: 2.275 MPa; 28d: 3.025 MPa
84,Clean and high-value recycling approach for waste concrete powder: Mechano-chemical activation of pozzolanic activity,RCBG4,,"120 min Ball Milling, 9% CaO, 0% CaSO4","120 min grinding, w/b = 0.5:1",3d: 1.575 MPa; 7d: 2.050 MPa; 28d: 3.000 MPa
84,Clean and high-value recycling approach for waste concrete powder: Mechano-chemical activation of pozzolanic activity,RCBG5,,"120 min Ball Milling, 5% CaO, 1% CaSO4","120 min grinding, w/b = 0.5:1",3d: 2.825 MPa; 7d: 3.100 MPa; 28d: 3.825 MPa
84,Clean and high-value recycling approach for waste concrete powder: Mechano-chemical activation of pozzolanic activity,RCBG6,,"120 min Ball Milling, 5% CaO, 5% CaSO4","120 min grinding, w/b = 0.5:1",3d: 3.125 MPa; 7d: 4.175 MPa; 28d: 4.475 MPa
84,Clean and high-value recycling approach for waste concrete powder: Mechano-chemical activation of pozzolanic activity,RCBG7,,"120 min Ball Milling, 5% CaO, 9% CaSO4","120 min grinding, w/b = 0.5:1",3d: 2.925 MPa; 7d: 4.150 MPa; 28d: 4.325 MPa
84,Clean and high-value recycling approach for waste concrete powder: Mechano-chemical activation of pozzolanic activity,RCBG8,,"0 min Ball Milling, 5% CaO, 5% CaSO4","0 min grinding, w/b = 0.5:1",3d: 0 MPa; 7d: 0 MPa; 28d: 0 MPa
84,Clean and high-value recycling approach for waste concrete powder: Mechano-chemical activation of pozzolanic activity,RCBG9,,"40 min Ball Milling, 5% CaO, 5% CaSO4","40 min grinding, w/b = 0.5:1",3d: 2.100 MPa; 7d: 2.800 MPa; 28d: 3.200 MPa
84,Clean and high-value recycling approach for waste concrete powder: Mechano-chemical activation of pozzolanic activity,RCBG10,,"80 min Ball Milling, 5% CaO, 5% CaSO4","80 min grinding, w/b = 0.5:1",3d: 2.425 MPa; 7d: 3.075 MPa; 28d: 3.400 MPa
85,"Impact of Recycled Concrete and Ceramic Fillers on the Performance of Cementitious Systems: Microstructural, Mechanical, and Durability Aspects",Control (0%),0%,,"W/B = 0.528, Cement: 450g, Sand: 1350g, Water: 237.5g","Compressive: 41.5 MPa (7d), 48.0 MPa (28d), 54.0 MPa (56d)
Flexural: 7.3 MPa (7d), 8.5 MPa (28d), 9.2 MPa (56d)"
85,"Impact of Recycled Concrete and Ceramic Fillers on the Performance of Cementitious Systems: Microstructural, Mechanical, and Durability Aspects",10% FHH,10 vol.%,,"W/B = 0.528, Cement: 405g, FHH: 38.2g, Sand: 1350g, Water: 233.9g","Compressive: 38.9 MPa (7d), 46.8 MPa (28d), 50.0 MPa (56d)
Flexural: 8.5 MPa (7d), 8.8 MPa (28d), 9.8 MPa (56d)"
85,"Impact of Recycled Concrete and Ceramic Fillers on the Performance of Cementitious Systems: Microstructural, Mechanical, and Durability Aspects",20% FHH,20 vol.%,,"W/B = 0.528, Cement: 360g, FHH: 76.4g, Sand: 1350g, Water: 230.3g","Compressive: 34.9 MPa (7d), 37.6 MPa (28d), 44.2 MPa (56d)
Flexural: 7.8 MPa (7d), 8.1 MPa (28d), 8.9 MPa (56d)"
85,"Impact of Recycled Concrete and Ceramic Fillers on the Performance of Cementitious Systems: Microstructural, Mechanical, and Durability Aspects",30% FHH,30 vol.%,,"W/B = 0.528, Cement: 315g, FHH: 114.6g, Sand: 1350g, Water: 226.7g","Compressive: 31.0 MPa (7d), 36.2 MPa (28d), 41.1 MPa (56d)
Flexural: 7.5 MPa (7d), 8.0 MPa (28d), 8.5 MPa (56d)"
85,"Impact of Recycled Concrete and Ceramic Fillers on the Performance of Cementitious Systems: Microstructural, Mechanical, and Durability Aspects",10% FHC,10 vol.%,,"W/B = 0.528, Cement: 405g, FHC: 37.9g, Sand: 1350g, Water: 233.8g","Compressive: 38.9 MPa (7d), 47.5 MPa (28d), 52.2 MPa (56d)
Flexural: 7.7 MPa (7d), 8.7 MPa (28d), 8.7 MPa (56d)"
85,"Impact of Recycled Concrete and Ceramic Fillers on the Performance of Cementitious Systems: Microstructural, Mechanical, and Durability Aspects",20% FHC,20 vol.%,,"W/B = 0.528, Cement: 360g, FHC: 75.8g, Sand: 1350g, Water: 230g","Compressive: 36.5 MPa (7d), 43.8 MPa (28d), 47.0 MPa (56d)
Flexural: 7.6 MPa (7d), 8.7 MPa (28d), 8.7 MPa (56d)"
85,"Impact of Recycled Concrete and Ceramic Fillers on the Performance of Cementitious Systems: Microstructural, Mechanical, and Durability Aspects",30% FHC,30 vol.%,,"W/B = 0.528, Cement: 315g, FHC: 113.7g, Sand: 1350g, Water: 226.3g","Compressive: 32.9 MPa (7d), 38.7 MPa (28d), 42.0 MPa (56d)
Flexural: 7.4 MPa (7d), 8.7 MPa (28d), 8.7 MPa (56d)"
86,Performance of concrete containing waste demolished concrete powder as a partial substitute for cement,C0,0%,,"w/b = 0.6, 1:2:4 mix design","Compressive Strength: 9 MPa (7d), 17.5 MPa (28d); Indirect Tensile Strength: 1.3 MPa (7d), 1.9 MPa (28d); Flexural Strength: 2.9 MPa (7d), 4.9 MPa (28d)"
86,Performance of concrete containing waste demolished concrete powder as a partial substitute for cement,C20,20%,Thermal activation,"Heated at 825°C, ball milled, ground, passed through sieve # 200, w/b = 0.6, 1:2:4 mix design","Compressive Strength: 8.1 MPa (7d), 14 MPa (28d); Indirect Tensile Strength: 1.2 MPa (7d), 1.7 MPa (28d); Flexural Strength: 2.7 MPa (7d), 4.2 MPa (28d)"
87,Hydration characteristics of cement blended with thermally reactivated recycled concrete demolition waste,OR,0%,,"95% Clinker, 5% Gypsum",
87,Hydration characteristics of cement blended with thermally reactivated recycled concrete demolition waste,10R300,10%,Thermal activation,"Activated at 300 °C, 2.5 h; 85% Clinker, 5% Gypsum","GRAPH-DERIVED: ~65 kg/cm² (3d), ~80 kg/cm² (7d), ~110 kg/cm² (28d)"
87,Hydration characteristics of cement blended with thermally reactivated recycled concrete demolition waste,20R300,20%,Thermal activation,"Activated at 300 °C, 2.5 h; 75% Clinker, 5% Gypsum","GRAPH-DERIVED: ~55 kg/cm² (3d), ~70 kg/cm² (7d), ~95 kg/cm² (28d)"
87,Hydration characteristics of cement blended with thermally reactivated recycled concrete demolition waste,30R300,30%,Thermal activation,"Activated at 300 °C, 2.5 h; 65% Clinker, 5% Gypsum","GRAPH-DERIVED: ~40 kg/cm² (3d), ~55 kg/cm² (7d), ~80 kg/cm² (28d)"
87,Hydration characteristics of cement blended with thermally reactivated recycled concrete demolition waste,40R300,40%,Thermal activation,"Activated at 300 °C, 2.5 h; 55% Clinker, 5% Gypsum","GRAPH-DERIVED: ~30 kg/cm² (3d), ~40 kg/cm² (7d), ~60 kg/cm² (28d)"
87,Hydration characteristics of cement blended with thermally reactivated recycled concrete demolition waste,10R500,10%,Thermal activation,"Activated at 500 °C, 2.5 h; 85% Clinker, 5% Gypsum",
87,Hydration characteristics of cement blended with thermally reactivated recycled concrete demolition waste,20R500,20%,Thermal activation,"Activated at 500 °C, 2.5 h; 75% Clinker, 5% Gypsum",
87,Hydration characteristics of cement blended with thermally reactivated recycled concrete demolition waste,30R500,30%,Thermal activation,"Activated at 500 °C, 2.5 h; 65% Clinker, 5% Gypsum",
87,Hydration characteristics of cement blended with thermally reactivated recycled concrete demolition waste,40R500,40%,Thermal activation,"Activated at 500 °C, 2.5 h; 55% Clinker, 5% Gypsum",
87,Hydration characteristics of cement blended with thermally reactivated recycled concrete demolition waste,10R700,10%,Thermal activation,"Activated at 700 °C, 2.5 h; 85% Clinker, 5% Gypsum",
87,Hydration characteristics of cement blended with thermally reactivated recycled concrete demolition waste,20R700,20%,Thermal activation,"Activated at 700 °C, 2.5 h; 75% Clinker, 5% Gypsum",
87,Hydration characteristics of cement blended with thermally reactivated recycled concrete demolition waste,30R700,30%,Thermal activation,"Activated at 700 °C, 2.5 h; 65% Clinker, 5% Gypsum",
87,Hydration characteristics of cement blended with thermally reactivated recycled concrete demolition waste,40R700,40%,Thermal activation,"Activated at 700 °C, 2.5 h; 55% Clinker, 5% Gypsum",
87,Hydration characteristics of cement blended with thermally reactivated recycled concrete demolition waste,10R900,10%,Thermal activation,"Activated at 900 °C, 2.5 h; 85% Clinker, 5% Gypsum",
87,Hydration characteristics of cement blended with thermally reactivated recycled concrete demolition waste,20R900,20%,Thermal activation,"Activated at 900 °C, 2.5 h; 75% Clinker, 5% Gypsum",
87,Hydration characteristics of cement blended with thermally reactivated recycled concrete demolition waste,30R900,30%,Thermal activation,"Activated at 900 °C, 2.5 h; 65% Clinker, 5% Gypsum",
87,Hydration characteristics of cement blended with thermally reactivated recycled concrete demolition waste,40R900,40%,Thermal activation,"Activated at 900 °C, 2.5 h; 55% Clinker, 5% Gypsum",
88,The Effect of Activation Methods on the Mechanical Properties of Cement Mortars with Recycled Powder from Concrete Waste as a Cement Partial Replacement: A Review,M4 (C70RP15CG15),30% (15% RCP + 15% SCGP),Mineral Addition,15% RCP combined with 15% SCGP,28 d CS: Decreased by 12.55% vs control; 28 d FS: Increased by 9.63% vs control
88,The Effect of Activation Methods on the Mechanical Properties of Cement Mortars with Recycled Powder from Concrete Waste as a Cement Partial Replacement: A Review,RM-25R-25C,50% (25% RCP + 25% SCGP),Mineral Addition,25% RCP combined with 25% SCGP,56 d FS: 18.33% higher vs control; 300 d FS: 10.26% lower vs control
88,The Effect of Activation Methods on the Mechanical Properties of Cement Mortars with Recycled Powder from Concrete Waste as a Cement Partial Replacement: A Review,M-10GR,10% (Ternary blend: RCP + WGP),Mineral Addition,10% total replacement with RCP and Waste Glass Powder (WGP),28 d CS: Increased by 5.2%; 7 d FS: Increased by 7.4%
88,The Effect of Activation Methods on the Mechanical Properties of Cement Mortars with Recycled Powder from Concrete Waste as a Cement Partial Replacement: A Review,M-15GR,15% (Ternary blend: RCP + WGP),Mineral Addition,15% total replacement with RCP and WGP,28 d CS: Decreased by 2.3%; 7 d FS: Decreased by 3.7%; 90 d FS: Decreased by 3.0%
88,The Effect of Activation Methods on the Mechanical Properties of Cement Mortars with Recycled Powder from Concrete Waste as a Cement Partial Replacement: A Review,M-20GR,20% (Ternary blend: RCP + WGP),Mineral Addition,20% total replacement with RCP and WGP,28 d CS: Decreased by 7.1%; 7 d FS: Decreased by 0.7%; 90 d FS: Decreased by 9.4%
88,The Effect of Activation Methods on the Mechanical Properties of Cement Mortars with Recycled Powder from Concrete Waste as a Cement Partial Replacement: A Review,RCP-400C,30%,Thermal,Heated at 400°C,28 d CS: 32.42 MPa (+4.41% vs ambient RCP mortar)
88,The Effect of Activation Methods on the Mechanical Properties of Cement Mortars with Recycled Powder from Concrete Waste as a Cement Partial Replacement: A Review,RCP-600C,30%,Thermal,Heated at 600°C,28 d CS: 33.93 MPa (+9.28% vs ambient RCP mortar)
88,The Effect of Activation Methods on the Mechanical Properties of Cement Mortars with Recycled Powder from Concrete Waste as a Cement Partial Replacement: A Review,RCP-700C / RFP-700,30%,Thermal,Heated at 700°C,28 d CS: 34.7 MPa (+17.1% vs unactivated specimen)
88,The Effect of Activation Methods on the Mechanical Properties of Cement Mortars with Recycled Powder from Concrete Waste as a Cement Partial Replacement: A Review,RCP-800C,30%,Thermal,Heated at 800°C,28 d CS: 36.92 MPa (+18.90% vs ambient RCP mortar)
88,The Effect of Activation Methods on the Mechanical Properties of Cement Mortars with Recycled Powder from Concrete Waste as a Cement Partial Replacement: A Review,M-50WCPC-800T,50%,Thermal,WCP calcined at 800°C,Reported slightly lower CS than M-50WCP-600T due to excessive CaO
88,The Effect of Activation Methods on the Mechanical Properties of Cement Mortars with Recycled Powder from Concrete Waste as a Cement Partial Replacement: A Review,10% RFP Mortar,10%,Mechanical,Ground recycled fine powder,3 d CS: +17.62% vs control; 3 d FS: +5.56% vs control; 7 d FS: -9.59% vs control; 28 d FS: -15.12% vs control
88,The Effect of Activation Methods on the Mechanical Properties of Cement Mortars with Recycled Powder from Concrete Waste as a Cement Partial Replacement: A Review,30% RFP Mortar,30%,Mechanical,Ground recycled fine powder,3 d CS: -9.05% vs control; 3 d FS: -16.67% vs control; 7 d FS: -35.62% vs control; 28 d FS: -22.09% vs control
88,The Effect of Activation Methods on the Mechanical Properties of Cement Mortars with Recycled Powder from Concrete Waste as a Cement Partial Replacement: A Review,50% RFP Mortar,50%,Mechanical,Ground recycled fine powder,3 d CS: -45.24% vs control; 3 d FS: -35.19% vs control; 7 d FS: -50.68% vs control; 28 d FS: -37.21% vs control
88,The Effect of Activation Methods on the Mechanical Properties of Cement Mortars with Recycled Powder from Concrete Waste as a Cement Partial Replacement: A Review,30% RCP + 2% NS,30%,Nano Activation,2% Nano-Silica (NS) addition,28 d CS & FS: Equivalent to pure cement control mortar (+25% strength increase)
88,The Effect of Activation Methods on the Mechanical Properties of Cement Mortars with Recycled Powder from Concrete Waste as a Cement Partial Replacement: A Review,Carbonated RCF Mortar,10%–30%,Carbonation,CO2 treatment / cyclic carbonation,3 d CS: -1.76% to -7.17% vs control; 28 d CS: +10.27% to +12.57% vs control (+1.3% to +10.5% higher than untreated RCP mortar)
89,Effect of recycled concrete powder on the rheological properties of cement paste: New findings,P_C_RCP_0%,0%,,"Crushed, sieved < 75 µm",
89,Effect of recycled concrete powder on the rheological properties of cement paste: New findings,P_C_RCP_5%,5%,,"Crushed, sieved < 75 µm",
89,Effect of recycled concrete powder on the rheological properties of cement paste: New findings,P_C_RCP_10%,10%,,"Crushed, sieved < 75 µm",
89,Effect of recycled concrete powder on the rheological properties of cement paste: New findings,P_C_RCP_15%,15%,,"Crushed, sieved < 75 µm",
89,Effect of recycled concrete powder on the rheological properties of cement paste: New findings,P_C_RCP_20%,20%,,"Crushed, sieved < 75 µm",
89,Effect of recycled concrete powder on the rheological properties of cement paste: New findings,P_C_RCP_25%,25%,,"Crushed, sieved < 75 µm",
90,Developing fully recycled alkali-activated mortar made with waste concrete fines as a substitute for both binder and sand: Multi-properties evaluation,AAM-Control,"0% WCF binder, 0% WCF sand","Sodium silicate solution (1.4 silica modulus, 8.0% alkali dosage)","FA: 100 g, GGBS: 100 g, Natural Sand: 200 g, WCF: 0 g, w/b: 0.4",28d Compressive Strength: 69.3 MPa; 28d Flexural Strength: 9.8 MPa
90,Developing fully recycled alkali-activated mortar made with waste concrete fines as a substitute for both binder and sand: Multi-properties evaluation,WCF-30FG,30% WCF binder replacement,"Sodium silicate solution (1.4 silica modulus, 8.0% alkali dosage)","FA: 70 g, GGBS: 70 g, Natural Sand: 200 g, WCF: 60 g, w/b: 0.4",28d Compressive Strength: 63.1 MPa; 28d Flexural Strength: 9.3 MPa
90,Developing fully recycled alkali-activated mortar made with waste concrete fines as a substitute for both binder and sand: Multi-properties evaluation,WCF-50FG,50% WCF binder replacement,"Sodium silicate solution (1.4 silica modulus, 8.0% alkali dosage)","FA: 50 g, GGBS: 50 g, Natural Sand: 200 g, WCF: 100 g, w/b: 0.4",28d Compressive Strength: 58.2 MPa; 28d Flexural Strength: 8.4 MPa
90,Developing fully recycled alkali-activated mortar made with waste concrete fines as a substitute for both binder and sand: Multi-properties evaluation,WCF-70FG,70% WCF binder replacement,"Sodium silicate solution (1.4 silica modulus, 8.0% alkali dosage)","FA: 30 g, GGBS: 30 g, Natural Sand: 200 g, WCF: 140 g, w/b: 0.4",28d Compressive Strength: 45.3 MPa; 28d Flexural Strength: 6.9 MPa
90,Developing fully recycled alkali-activated mortar made with waste concrete fines as a substitute for both binder and sand: Multi-properties evaluation,WCF-100FG,100% WCF binder replacement,"Sodium silicate solution (1.4 silica modulus, 8.0% alkali dosage)","FA: 0 g, GGBS: 0 g, Natural Sand: 200 g, WCF: 200 g, w/b: 0.4",28d Compressive Strength: 28.7 MPa; 28d Flexural Strength: 5.1 MPa
90,Developing fully recycled alkali-activated mortar made with waste concrete fines as a substitute for both binder and sand: Multi-properties evaluation,WCF-30NS,30% WCF sand replacement,"Sodium silicate solution (1.4 silica modulus, 8.0% alkali dosage)","FA: 100 g, GGBS: 100 g, Natural Sand: 140 g, WCF: 60 g, w/b: 0.4",28d Compressive Strength: 77.7 MPa; 28d Flexural Strength: 10.4 MPa
90,Developing fully recycled alkali-activated mortar made with waste concrete fines as a substitute for both binder and sand: Multi-properties evaluation,WCF-50NS,50% WCF sand replacement,"Sodium silicate solution (1.4 silica modulus, 8.0% alkali dosage)","FA: 100 g, GGBS: 100 g, Natural Sand: 100 g, WCF: 100 g, w/b: 0.4",28d Compressive Strength: 80.6 MPa; 28d Flexural Strength: 11.0 MPa
90,Developing fully recycled alkali-activated mortar made with waste concrete fines as a substitute for both binder and sand: Multi-properties evaluation,WCF-70NS,70% WCF sand replacement,"Sodium silicate solution (1.4 silica modulus, 8.0% alkali dosage)","FA: 100 g, GGBS: 100 g, Natural Sand: 60 g, WCF: 140 g, w/b: 0.4",28d Compressive Strength: 83.9 MPa; 28d Flexural Strength: 10.3 MPa
90,Developing fully recycled alkali-activated mortar made with waste concrete fines as a substitute for both binder and sand: Multi-properties evaluation,WCF-100NS,100% WCF sand replacement,"Sodium silicate solution (1.4 silica modulus, 8.0% alkali dosage)","FA: 100 g, GGBS: 100 g, Natural Sand: 0 g, WCF: 200 g, w/b: 0.4",28d Compressive Strength: 85.2 MPa; 28d Flexural Strength: 9.9 MPa
90,Developing fully recycled alkali-activated mortar made with waste concrete fines as a substitute for both binder and sand: Multi-properties evaluation,30FG+30NS,30% WCF binder & 30% WCF sand replacement,"Sodium silicate solution (1.4 silica modulus, 8.0% alkali dosage)","FA: 70 g, GGBS: 70 g, Natural Sand: 140 g, WCF: 120 g, w/b: 0.4",28d Compressive Strength: 69.4 MPa
90,Developing fully recycled alkali-activated mortar made with waste concrete fines as a substitute for both binder and sand: Multi-properties evaluation,50FG+50NS,50% WCF binder & 50% WCF sand replacement,"Sodium silicate solution (1.4 silica modulus, 8.0% alkali dosage)","FA: 50 g, GGBS: 50 g, Natural Sand: 100 g, WCF: 200 g, w/b: 0.4",28d Compressive Strength: 63.0 MPa
90,Developing fully recycled alkali-activated mortar made with waste concrete fines as a substitute for both binder and sand: Multi-properties evaluation,70FG+70NS,70% WCF binder & 70% WCF sand replacement,"Sodium silicate solution (1.4 silica modulus, 8.0% alkali dosage)","FA: 30 g, GGBS: 30 g, Natural Sand: 60 g, WCF: 280 g, w/b: 0.4",28d Compressive Strength: 48.2 MPa
90,Developing fully recycled alkali-activated mortar made with waste concrete fines as a substitute for both binder and sand: Multi-properties evaluation,100FG+100NS,100% WCF binder & 100% WCF sand replacement,"Sodium silicate solution (1.4 silica modulus, 8.0% alkali dosage)","FA: 0 g, GGBS: 0 g, Natural Sand: 0 g, WCF: 400 g, w/b: 0.4",28d Compressive Strength: 37.3 MPa; 28d Flexural Strength: 5.3 MPa
90,Developing fully recycled alkali-activated mortar made with waste concrete fines as a substitute for both binder and sand: Multi-properties evaluation,100FG+30NS,100% WCF binder & 30% WCF sand replacement,"Sodium silicate solution (1.4 silica modulus, 8.0% alkali dosage)","FA: 0 g, GGBS: 0 g, Natural Sand: 140 g, WCF: 260 g, w/b: 0.4",28d Compressive Strength: 31.2 MPa
90,Developing fully recycled alkali-activated mortar made with waste concrete fines as a substitute for both binder and sand: Multi-properties evaluation,100FG+50NS,100% WCF binder & 50% WCF sand replacement,"Sodium silicate solution (1.4 silica modulus, 8.0% alkali dosage)","FA: 0 g, GGBS: 0 g, Natural Sand: 100 g, WCF: 300 g, w/b: 0.4",28d Compressive Strength: 33.5 MPa
90,Developing fully recycled alkali-activated mortar made with waste concrete fines as a substitute for both binder and sand: Multi-properties evaluation,100FG+70NS,100% WCF binder & 70% WCF sand replacement,"Sodium silicate solution (1.4 silica modulus, 8.0% alkali dosage)","FA: 0 g, GGBS: 0 g, Natural Sand: 60 g, WCF: 340 g, w/b: 0.4",28d Compressive Strength: 35.1 MPa
90,Developing fully recycled alkali-activated mortar made with waste concrete fines as a substitute for both binder and sand: Multi-properties evaluation,100NS+30FG,100% WCF sand & 30% WCF binder replacement,"Sodium silicate solution (1.4 silica modulus, 8.0% alkali dosage)","FA: 70 g, GGBS: 70 g, Natural Sand: 0 g, WCF: 260 g, w/b: 0.4",28d Compressive Strength: 78.1 MPa
90,Developing fully recycled alkali-activated mortar made with waste concrete fines as a substitute for both binder and sand: Multi-properties evaluation,100NS+50FG,100% WCF sand & 50% WCF binder replacement,"Sodium silicate solution (1.4 silica modulus, 8.0% alkali dosage)","FA: 50 g, GGBS: 50 g, Natural Sand: 0 g, WCF: 300 g, w/b: 0.4",28d Compressive Strength: 68.2 MPa
90,Developing fully recycled alkali-activated mortar made with waste concrete fines as a substitute for both binder and sand: Multi-properties evaluation,100NS+70FG,100% WCF sand & 70% WCF binder replacement,"Sodium silicate solution (1.4 silica modulus, 8.0% alkali dosage)","FA: 30 g, GGBS: 30 g, Natural Sand: 0 g, WCF: 340 g, w/b: 0.4",28d Compressive Strength: 52.4 MPa
91,Influence of particle size and content of recycled concrete powder on the hydration and compressive strength of Portland cement-based materials,Reference,0%,,w/c = 0.40,"7d: 59.62 MPa
28d: 76.58 MPa
56d: 83.69 MPa"
91,Influence of particle size and content of recycled concrete powder on the hydration and compressive strength of Portland cement-based materials,95PC5RCP1,5%,Sieving (#100 mesh),Grinding time: 0 min; w/c = 0.40,"7d: 60.91 MPa
28d: 72.98 MPa
56d: 80.55 MPa"
91,Influence of particle size and content of recycled concrete powder on the hydration and compressive strength of Portland cement-based materials,90PC10RCP1,10%,Sieving (#100 mesh),Grinding time: 0 min; w/c = 0.40,"7d: 59.33 MPa
28d: 68.31 MPa
56d: 71.81 MPa"
91,Influence of particle size and content of recycled concrete powder on the hydration and compressive strength of Portland cement-based materials,85PC15RCP1,15%,Sieving (#100 mesh),Grinding time: 0 min; w/c = 0.40,"7d: 52.88 MPa
28d: 53.71 MPa
56d: 70.40 MPa"
91,Influence of particle size and content of recycled concrete powder on the hydration and compressive strength of Portland cement-based materials,95PC5RCP2,5%,Mechanical ball milling,Grinding time: 30 min; w/c = 0.40,"7d: 59.94 MPa
28d: 69.69 MPa
56d: 82.53 MPa"
91,Influence of particle size and content of recycled concrete powder on the hydration and compressive strength of Portland cement-based materials,90PC10RCP2,10%,Mechanical ball milling,Grinding time: 30 min; w/c = 0.40,"7d: 57.98 MPa
28d: 62.36 MPa
56d: 73.85 MPa"
91,Influence of particle size and content of recycled concrete powder on the hydration and compressive strength of Portland cement-based materials,85PC15RCP2,15%,Mechanical ball milling,Grinding time: 30 min; w/c = 0.40,"7d: 51.37 MPa
28d: 62.64 MPa
56d: 70.48 MPa"
91,Influence of particle size and content of recycled concrete powder on the hydration and compressive strength of Portland cement-based materials,95PC5RCP3,5%,Mechanical ball milling,Grinding time: 120 min; w/c = 0.40,"7d: 61.70 MPa
28d: 72.17 MPa
56d: 80.68 MPa"
91,Influence of particle size and content of recycled concrete powder on the hydration and compressive strength of Portland cement-based materials,90PC10RCP3,10%,Mechanical ball milling,Grinding time: 120 min; w/c = 0.40,"7d: 55.89 MPa
28d: 70.56 MPa
56d: 76.42 MPa"
91,Influence of particle size and content of recycled concrete powder on the hydration and compressive strength of Portland cement-based materials,85PC15RCP3,15%,Mechanical ball milling,Grinding time: 120 min; w/c = 0.40,"7d: 53.05 MPa
28d: 64.81 MPa
56d: 67.87 MPa"
92,Durability of cement mortars containing fine demolition wastes as supplementary cementitious materials,REF,0%,,"Water-to-binder ratio: 0.5, Sand-to-binder ratio: 3",60.22 MPa
92,Durability of cement mortars containing fine demolition wastes as supplementary cementitious materials,CS105,20%,Dried at 105°C,"Dried at 105°C, 0/125 µm fraction, w/b = 0.5, s/b = 3",50.19 MPa
92,Durability of cement mortars containing fine demolition wastes as supplementary cementitious materials,MS105,20%,Dried at 105°C,"Dried at 105°C, 0/125 µm fraction, w/b = 0.5, s/b = 3",49.56 MPa
92,Durability of cement mortars containing fine demolition wastes as supplementary cementitious materials,WM105,20%,Dried at 105°C,"Dried at 105°C, 0/125 µm fraction, w/b = 0.5, s/b = 3",47.79 MPa
92,Durability of cement mortars containing fine demolition wastes as supplementary cementitious materials,CS500,20%,Thermal activation at 500°C,"Calcined at 500°C for 2 hours, heating rate 10°C/min, 0/125 µm fraction, w/b = 0.5, s/b = 3",53.45 MPa
92,Durability of cement mortars containing fine demolition wastes as supplementary cementitious materials,MS500,20%,Thermal activation at 500°C,"Calcined at 500°C for 2 hours, heating rate 10°C/min, 0/125 µm fraction, w/b = 0.5, s/b = 3",52.28 MPa
92,Durability of cement mortars containing fine demolition wastes as supplementary cementitious materials,WM500,20%,Thermal activation at 500°C,"Calcined at 500°C for 2 hours, heating rate 10°C/min, 0/125 µm fraction, w/b = 0.5, s/b = 3",51.38 MPa
93,Improvement of mechanical properties of high-volume recycled powder concrete by a novel compression casting method,N-0.63-OPC,0%,,"Normal casting, w/b = 0.63",30.62 MPa
93,Improvement of mechanical properties of high-volume recycled powder concrete by a novel compression casting method,C-0.63-OPC,0%,,"Compression stress 10 MPa (2 min + 24 h holding), w/b = 0.63",57.72 MPa
93,Improvement of mechanical properties of high-volume recycled powder concrete by a novel compression casting method,N-0.63-CP15,15%,,"Normal casting, w/b = 0.63, CP particle size < 75 µm",20.61 MPa
93,Improvement of mechanical properties of high-volume recycled powder concrete by a novel compression casting method,C-0.63-CP15,15%,,"Compression stress 10 MPa (2 min + 24 h holding), w/b = 0.63, CP particle size < 75 µm",49.69 MPa
93,Improvement of mechanical properties of high-volume recycled powder concrete by a novel compression casting method,N-0.63-CP30,30%,,"Normal casting, w/b = 0.63, CP particle size < 75 µm",16.12 MPa
93,Improvement of mechanical properties of high-volume recycled powder concrete by a novel compression casting method,C-0.63-CP30,30%,,"Compression stress 10 MPa (2 min + 24 h holding), w/b = 0.63, CP particle size < 75 µm",42.34 MPa
93,Improvement of mechanical properties of high-volume recycled powder concrete by a novel compression casting method,N-0.63-CP45,45%,,"Normal casting, w/b = 0.63, CP particle size < 75 µm",10.90 MPa
93,Improvement of mechanical properties of high-volume recycled powder concrete by a novel compression casting method,C-0.63-CP45,45%,,"Compression stress 10 MPa (2 min + 24 h holding), w/b = 0.63, CP particle size < 75 µm",33.05 MPa
93,Improvement of mechanical properties of high-volume recycled powder concrete by a novel compression casting method,N-0.63-BP15,15%,,"Normal casting, w/b = 0.63, BP particle size < 75 µm",21.61 MPa
93,Improvement of mechanical properties of high-volume recycled powder concrete by a novel compression casting method,C-0.63-BP15,15%,,"Compression stress 10 MPa (2 min + 24 h holding), w/b = 0.63, BP particle size < 75 µm",52.09 MPa
93,Improvement of mechanical properties of high-volume recycled powder concrete by a novel compression casting method,N-0.63-BP30,30%,,"Normal casting, w/b = 0.63, BP particle size < 75 µm",16.52 MPa
93,Improvement of mechanical properties of high-volume recycled powder concrete by a novel compression casting method,C-0.63-BP30,30%,,"Compression stress 10 MPa (2 min + 24 h holding), w/b = 0.63, BP particle size < 75 µm",43.56 MPa
93,Improvement of mechanical properties of high-volume recycled powder concrete by a novel compression casting method,N-0.63-BP45,45%,,"Normal casting, w/b = 0.63, BP particle size < 75 µm",11.88 MPa
93,Improvement of mechanical properties of high-volume recycled powder concrete by a novel compression casting method,C-0.63-BP45,45%,,"Compression stress 10 MPa (2 min + 24 h holding), w/b = 0.63, BP particle size < 75 µm",32.57 MPa
93,Improvement of mechanical properties of high-volume recycled powder concrete by a novel compression casting method,N-0.63-GP15,15%,,"Normal casting, w/b = 0.63, GP particle size < 75 µm",26.59 MPa
93,Improvement of mechanical properties of high-volume recycled powder concrete by a novel compression casting method,C-0.63-GP15,15%,,"Compression stress 10 MPa (2 min + 24 h holding), w/b = 0.63, GP particle size < 75 µm",51.24 MPa
93,Improvement of mechanical properties of high-volume recycled powder concrete by a novel compression casting method,N-0.63-GP30,30%,,"Normal casting, w/b = 0.63, GP particle size < 75 µm",19.52 MPa
93,Improvement of mechanical properties of high-volume recycled powder concrete by a novel compression casting method,C-0.63-GP30,30%,,"Compression stress 10 MPa (2 min + 24 h holding), w/b = 0.63, GP particle size < 75 µm",41.09 MPa
93,Improvement of mechanical properties of high-volume recycled powder concrete by a novel compression casting method,N-0.63-GP45,45%,,"Normal casting, w/b = 0.63, GP particle size < 75 µm",15.05 MPa
93,Improvement of mechanical properties of high-volume recycled powder concrete by a novel compression casting method,C-0.63-GP45,45%,,"Compression stress 10 MPa (2 min + 24 h holding), w/b = 0.63, GP particle size < 75 µm",35.50 MPa
93,Improvement of mechanical properties of high-volume recycled powder concrete by a novel compression casting method,N-0.43-NC,0%,,"Normal casting, w/b = 0.43, SP = 2.59 kg/m³",45.48 MPa
93,Improvement of mechanical properties of high-volume recycled powder concrete by a novel compression casting method,C-0.43-NC,0%,,"Compression stress 10 MPa (2 min + 24 h holding), w/b = 0.43, SP = 2.59 kg/m³",76.60 MPa
93,Improvement of mechanical properties of high-volume recycled powder concrete by a novel compression casting method,N-0.43-CP15,15%,,"Normal casting, w/b = 0.43, CP particle size < 75 µm, SP = 2.59 kg/m³",39.73 MPa
93,Improvement of mechanical properties of high-volume recycled powder concrete by a novel compression casting method,C-0.43-CP15,15%,,"Compression stress 10 MPa (2 min + 24 h holding), w/b = 0.43, CP particle size < 75 µm, SP = 2.59 kg/m³",66.77 MPa
93,Improvement of mechanical properties of high-volume recycled powder concrete by a novel compression casting method,N-0.43-CP30,30%,,"Normal casting, w/b = 0.43, CP particle size < 75 µm, SP = 2.59 kg/m³",34.73 MPa
93,Improvement of mechanical properties of high-volume recycled powder concrete by a novel compression casting method,C-0.43-CP30,30%,,"Compression stress 10 MPa (2 min + 24 h holding), w/b = 0.43, CP particle size < 75 µm, SP = 2.59 kg/m³",64.28 MPa
93,Improvement of mechanical properties of high-volume recycled powder concrete by a novel compression casting method,N-0.43-CP45,45%,,"Normal casting, w/b = 0.43, CP particle size < 75 µm, SP = 2.59 kg/m³",27.00 MPa
93,Improvement of mechanical properties of high-volume recycled powder concrete by a novel compression casting method,C-0.43-CP45,45%,,"Compression stress 10 MPa (2 min + 24 h holding), w/b = 0.43, CP particle size < 75 µm, SP = 2.59 kg/m³",53.52 MPa
93,Improvement of mechanical properties of high-volume recycled powder concrete by a novel compression casting method,N-0.43-BP15,15%,,"Normal casting, w/b = 0.43, BP particle size < 75 µm, SP = 2.59 kg/m³",43.35 MPa
93,Improvement of mechanical properties of high-volume recycled powder concrete by a novel compression casting method,C-0.43-BP15,15%,,"Compression stress 10 MPa (2 min + 24 h holding), w/b = 0.43, BP particle size < 75 µm, SP = 2.59 kg/m³",72.72 MPa
93,Improvement of mechanical properties of high-volume recycled powder concrete by a novel compression casting method,N-0.43-BP30,30%,,"Normal casting, w/b = 0.43, BP particle size < 75 µm, SP = 2.59 kg/m³",35.25 MPa
93,Improvement of mechanical properties of high-volume recycled powder concrete by a novel compression casting method,C-0.43-BP30,30%,,"Compression stress 10 MPa (2 min + 24 h holding), w/b = 0.43, BP particle size < 75 µm, SP = 2.59 kg/m³",52.90 MPa
93,Improvement of mechanical properties of high-volume recycled powder concrete by a novel compression casting method,N-0.43-BP45,45%,,"Normal casting, w/b = 0.43, BP particle size < 75 µm, SP = 10.34 kg/m³",22.43 MPa
93,Improvement of mechanical properties of high-volume recycled powder concrete by a novel compression casting method,C-0.43-BP45,45%,,"Compression stress 10 MPa (2 min + 24 h holding), w/b = 0.43, BP particle size < 75 µm, SP = 10.34 kg/m³",43.18 MPa
93,Improvement of mechanical properties of high-volume recycled powder concrete by a novel compression casting method,N-0.43-GP15,15%,,"Normal casting, w/b = 0.43, GP particle size < 75 µm, SP = 2.59 kg/m³",41.51 MPa
93,Improvement of mechanical properties of high-volume recycled powder concrete by a novel compression casting method,C-0.43-GP15,15%,,"Compression stress 10 MPa (2 min + 24 h holding), w/b = 0.43, GP particle size < 75 µm, SP = 2.59 kg/m³",70.55 MPa
93,Improvement of mechanical properties of high-volume recycled powder concrete by a novel compression casting method,N-0.43-GP30,30%,,"Normal casting, w/b = 0.43, GP particle size < 75 µm, SP = 2.59 kg/m³",36.52 MPa
93,Improvement of mechanical properties of high-volume recycled powder concrete by a novel compression casting method,C-0.43-GP30,30%,,"Compression stress 10 MPa (2 min + 24 h holding), w/b = 0.43, GP particle size < 75 µm, SP = 2.59 kg/m³",62.74 MPa
93,Improvement of mechanical properties of high-volume recycled powder concrete by a novel compression casting method,N-0.43-GP45,45%,,"Normal casting, w/b = 0.43, GP particle size < 75 µm, SP = 2.59 kg/m³",28.25 MPa
93,Improvement of mechanical properties of high-volume recycled powder concrete by a novel compression casting method,C-0.43-GP45,45%,,"Compression stress 10 MPa (2 min + 24 h holding), w/b = 0.43, GP particle size < 75 µm, SP = 2.59 kg/m³",50.73 MPa
94,Mechanical properties and microstructures of thermally activated ultrafine recycled fine powder cementitious materials,A0,0%,,Reference control group (100% OPC),"Compressive Strength: 26.4 MPa (3d), 44.7 MPa (28d) [Table 1 / Section 3.1]; Flexural Strength: 5.0 MPa (3d), 6.5 MPa (28d) [Table 1 / Fig. 6]"
94,Mechanical properties and microstructures of thermally activated ultrafine recycled fine powder cementitious materials,B1,~13.9% (62.5g),None (Untreated RFP),Direct substitution of cement with raw RFP,28d Compressive Strength: ~38 MPa; 28d Flexural Strength: ~6.0 MPa [Fig. 6]
94,Mechanical properties and microstructures of thermally activated ultrafine recycled fine powder cementitious materials,B2,30% (135g),None (Untreated RFP),Direct substitution of cement with raw RFP,28d Compressive Strength: ~32 MPa; 28d Flexural Strength: ~5.0 MPa [Fig. 6]
94,Mechanical properties and microstructures of thermally activated ultrafine recycled fine powder cementitious materials,B3,45% (202.5g),None (Untreated RFP),Direct substitution with raw RFP; PS = 0.45g,"28d Compressive Strength: 29.1 MPa (without extra PS) / 31.6 MPa (with 1% PS); 28d Flexural Strength: ~4.0 MPa [Fig. 6, Fig. 7]"
94,Mechanical properties and microstructures of thermally activated ultrafine recycled fine powder cementitious materials,B4,60% (270g),None (Untreated RFP),Direct substitution with raw RFP; PS = 0.9g,28d Compressive Strength: ~18 MPa; 28d Flexural Strength: ~3.1 MPa [Fig. 6]
94,Mechanical properties and microstructures of thermally activated ultrafine recycled fine powder cementitious materials,C1,~13.9% (62.5g),Mechanical (Ultrafine Grinding),Ground via fluidized bed air mill (ZJ-QLM30) to D50 = 4.52 µm,"28d Compressive Strength: ~41 MPa (surpassed A0); 28d Flexural Strength: ~6.2 MPa [Section 3.1, Fig. 6]"
94,Mechanical properties and microstructures of thermally activated ultrafine recycled fine powder cementitious materials,C2,30% (135g),Mechanical (Ultrafine Grinding),Ground via fluidized bed air mill (ZJ-QLM30) to D50 = 4.52 µm,28d Compressive Strength: ~36 MPa; 28d Flexural Strength: ~5.4 MPa [Fig. 6]
94,Mechanical properties and microstructures of thermally activated ultrafine recycled fine powder cementitious materials,C3,45% (202.5g),Mechanical (Ultrafine Grinding),Ground to D50 = 4.52 µm; PS = 0.45g,"28d Compressive Strength: 31.4 MPa (70.1% of A0); 28d Flexural Strength: ~4.8 MPa [Section 3.1, Fig. 6]"
94,Mechanical properties and microstructures of thermally activated ultrafine recycled fine powder cementitious materials,C4,60% (270g),Mechanical (Ultrafine Grinding),Ground to D50 = 4.52 µm; PS = 0.9g,"28d Compressive Strength: ~23 MPa (52.9% of A0); 28d Flexural Strength: ~3.8 MPa [Section 3.1, Fig. 6]"
94,Mechanical properties and microstructures of thermally activated ultrafine recycled fine powder cementitious materials,D1,~13.9% (62.5g),Ultrafine Grinding + Thermal Activation,Fluidized bed air mill + calcination at 700 °C for 2 h (5 °C/min),28d Compressive Strength: ~43 MPa; 28d Flexural Strength: ~6.4 MPa [Fig. 6]
94,Mechanical properties and microstructures of thermally activated ultrafine recycled fine powder cementitious materials,D2,30% (135g),Ultrafine Grinding + Thermal Activation,Fluidized bed air mill + calcination at 700 °C for 2 h (5 °C/min),28d Compressive Strength: ~40 MPa; 28d Flexural Strength: ~6.1 MPa [Fig. 6]
94,Mechanical properties and microstructures of thermally activated ultrafine recycled fine powder cementitious materials,D3,45% (202.5g),Ultrafine Grinding + Thermal Activation,Calcined at 700 °C for 2 h; D50 = 2.94 µm; PS = 0.45g,"28d Compressive Strength: 43.1 MPa (96.5% of A0); 28d Flexural Strength: ~6.0 MPa [Abstract, Section 3.1, Fig. 6]"
94,Mechanical properties and microstructures of thermally activated ultrafine recycled fine powder cementitious materials,D4,60% (270g),Ultrafine Grinding + Thermal Activation,Calcined at 700 °C for 2 h; D50 = 2.94 µm; PS = 0.9g,"28d Compressive Strength: ~39 MPa (89.5% of A0); 28d Flexural Strength: ~5.2 MPa [Section 3.1, Fig. 6]"
95,"Thermal-activated recycled cement powder synergized with fly ash as supplementary cementitious in Portland cement: Strength, microstructure and environmental benefits",RCP0,"0 wt% replacement of cement by RCP (0% RCP, 20 wt% FA total binder replacement)",,"Water/Binder ratio = 0.5, Standard sand = 1350 kg/m³, Water = 225 kg/m³","7 d: 24.2 MPa
28 d: 38.1 MPa
60 d: 42.3 MPa
90 d: 44.5 MPa"
95,"Thermal-activated recycled cement powder synergized with fly ash as supplementary cementitious in Portland cement: Strength, microstructure and environmental benefits",RCP10,"10 wt% replacement of cement by RCP (36 kg/m³ RCP, 20 wt% FA)",Thermal activation (650 °C for 2 h),"Water/Binder ratio = 0.5, Heating rate = 10 °C/min, Ball milled 30 min, Sieved ≤ 75 µm","7 d: 25.5 MPa
28 d: 40.6 MPa
60 d: 45.2 MPa
90 d: 47.7 MPa"
95,"Thermal-activated recycled cement powder synergized with fly ash as supplementary cementitious in Portland cement: Strength, microstructure and environmental benefits",RCP20,"20 wt% replacement of cement by RCP (72 kg/m³ RCP, 20 wt% FA)",Thermal activation (650 °C for 2 h),"Water/Binder ratio = 0.5, Heating rate = 10 °C/min, Ball milled 30 min, Sieved ≤ 75 µm","7 d: 22.7 MPa
28 d: 35.7 MPa
60 d: 38.5 MPa
90 d: 39.8 MPa"
95,"Thermal-activated recycled cement powder synergized with fly ash as supplementary cementitious in Portland cement: Strength, microstructure and environmental benefits",RCP30,"30 wt% replacement of cement by RCP (108 kg/m³ RCP, 20 wt% FA)",Thermal activation (650 °C for 2 h),"Water/Binder ratio = 0.5, Heating rate = 10 °C/min, Ball milled 30 min, Sieved ≤ 75 µm","7 d: 20.7 MPa
28 d: 34.5 MPa
60 d: 36.5 MPa
90 d: 37.5 MPa"
95,"Thermal-activated recycled cement powder synergized with fly ash as supplementary cementitious in Portland cement: Strength, microstructure and environmental benefits",RCP40,"40 wt% replacement of cement by RCP (144 kg/m³ RCP, 20 wt% FA)",Thermal activation (650 °C for 2 h),"Water/Binder ratio = 0.5, Heating rate = 10 °C/min, Ball milled 30 min, Sieved ≤ 75 µm","7 d: 20.7 MPa
28 d: 31.4 MPa
60 d: 34.1 MPa
90 d: 35.2 MPa"
96,"Effect of Thermally Activated Construction and Demolition Waste as Partial Cement Replacement on the Physical, Mechanical, and Durability Properties of Low-Carbon Concrete",REF,0%,,Baseline (100% CEM I 42.5 R),"Flexural Strength: 6.1 MPa (28d), 6.2 MPa (90d);
Compressive Strength: 43.7 MPa (28d), 45.7 MPa (90d)"
96,"Effect of Thermally Activated Construction and Demolition Waste as Partial Cement Replacement on the Physical, Mechanical, and Durability Properties of Low-Carbon Concrete",5CDW,5%,Mechanical Grinding + Thermal Activation,"Los Angeles machine (11 cycles × 15 min) + Electric grain mill (1 cycle × 20 s);
Calcination at 600 °C for 4 h","Flexural Strength: 5.7 MPa (28d), 6.1 MPa (90d);
Compressive Strength: 40.9 MPa (28d), ~48.0 MPa (90d)"
96,"Effect of Thermally Activated Construction and Demolition Waste as Partial Cement Replacement on the Physical, Mechanical, and Durability Properties of Low-Carbon Concrete",15CDW,15%,Mechanical Grinding + Thermal Activation,"Los Angeles machine (11 cycles × 15 min) + Electric grain mill (1 cycle × 20 s);
Calcination at 600 °C for 4 h","Flexural Strength: 5.5 MPa (28d), 5.9 MPa (90d);
Compressive Strength: 37.6 MPa (28d), ~43.0 MPa (90d)"
96,"Effect of Thermally Activated Construction and Demolition Waste as Partial Cement Replacement on the Physical, Mechanical, and Durability Properties of Low-Carbon Concrete",25CDW,25%,Mechanical Grinding + Thermal Activation,"Los Angeles machine (11 cycles × 15 min) + Electric grain mill (1 cycle × 20 s);
Calcination at 600 °C for 4 h","Flexural Strength: 5.5 MPa (28d), 6.5 MPa (90d);
Compressive Strength: 34.8 MPa (28d), 31.9 MPa (90d)"
96,"Effect of Thermally Activated Construction and Demolition Waste as Partial Cement Replacement on the Physical, Mechanical, and Durability Properties of Low-Carbon Concrete",35CDW,35%,Mechanical Grinding + Thermal Activation,"Los Angeles machine (11 cycles × 15 min) + Electric grain mill (1 cycle × 20 s);
Calcination at 600 °C for 4 h","Flexural Strength: 4.8 MPa (28d), 5.4 MPa (90d);
Compressive Strength: 26.0 MPa (28d), 28.8 MPa (90d)"
97,Influence of thermally activated artificial concrete fines composition on concrete long-term behavior,CEM I-1,0,,"Reference mix, w/b=0.60","Measured at 2d, 28d, 56d, 98d (Fig. 2)"
97,Influence of thermally activated artificial concrete fines composition on concrete long-term behavior,CEM I-2,0,,"Reference mix, w/b=0.50","Measured at 2d, 28d, 56d, 98d (Fig. 2)"
97,Influence of thermally activated artificial concrete fines composition on concrete long-term behavior,CEM-100-1,0.3,Mechanical (Grinding),"Ground unactivated paste (100°C), w/b=0.50, k=0.20","Measured at 2d, 28d, 56d, 98d (Fig. 1a)"
97,Influence of thermally activated artificial concrete fines composition on concrete long-term behavior,CEM-100-2,0.3,Mechanical (Grinding),"Ground unactivated paste (100°C), w/b=0.38, k=0.20","Measured at 2d, 28d, 56d, 98d (Fig. 1a)"
97,Influence of thermally activated artificial concrete fines composition on concrete long-term behavior,CEM-400-1,0.3,Thermal,"Activated at 400°C for 6h, w/b=0.50, k=0.66","Measured at 2d, 28d, 56d, 98d (Fig. 1b)"
97,Influence of thermally activated artificial concrete fines composition on concrete long-term behavior,CEM-400-2,0.3,Thermal,"Activated at 400°C for 6h, w/b=0.45, k=0.66","Measured at 2d, 28d, 56d, 98d (Fig. 1b)"
97,Influence of thermally activated artificial concrete fines composition on concrete long-term behavior,CEM-600-1,0.3,Thermal,"Activated at 600°C for 6h, w/b=0.50, k=1.00","Measured at 2d, 28d, 56d, 98d (Fig. 1c)"
97,Influence of thermally activated artificial concrete fines composition on concrete long-term behavior,CEM-600-2,0.3,Thermal,"Activated at 600°C for 6h, w/b=0.50, k=1.00","Measured at 2d, 28d, 56d, 98d (Fig. 1c)"
97,Influence of thermally activated artificial concrete fines composition on concrete long-term behavior,CEM-600-10-2,0.1,Thermal,"Activated at 600°C for 6h, w/b=0.50, k=1.00","Measured at 2d, 28d, 56d, 98d (Fig. 2)"
97,Influence of thermally activated artificial concrete fines composition on concrete long-term behavior,CEM-600-50-1,0.5,Thermal,"Activated at 600°C for 6h, w/b=0.50, k=0.80","Measured at 2d, 28d, 56d, 98d (Fig. 1d)"
97,Influence of thermally activated artificial concrete fines composition on concrete long-term behavior,CEM-600-50-2,0.5,Thermal,"Activated at 600°C for 6h, w/b=0.45, k=0.80","Measured at 2d, 28d, 56d, 98d (Fig. 1d)"
97,Influence of thermally activated artificial concrete fines composition on concrete long-term behavior,FA0-600-1,0.3,Thermal,"Activated at 600°C for 6h, w/b=0.50, k=1.20","Measured at 2d, 28d, 56d, 98d (Fig. 2)"
97,Influence of thermally activated artificial concrete fines composition on concrete long-term behavior,FA0-600-2,0.3,Thermal,"Activated at 600°C for 6h, w/b=0.53, k=1.20","Measured at 2d, 28d, 56d, 98d (Fig. 2)"
97,Influence of thermally activated artificial concrete fines composition on concrete long-term behavior,S0-600-1,0.3,Thermal,"Activated at 600°C for 6h, w/b=0.50, k=1.20","Measured at 2d, 28d, 56d, 98d (Fig. 2)"
97,Influence of thermally activated artificial concrete fines composition on concrete long-term behavior,S0-600-2,0.3,Thermal,"Activated at 600°C for 6h, w/b=0.53, k=1.20","Measured at 2d, 28d, 56d, 98d (Fig. 2)"
97,Influence of thermally activated artificial concrete fines composition on concrete long-term behavior,RS75-600-1,0.3,Thermal,"Activated at 600°C for 6h, w/b=0.50, k=0.84","Measured at 2d, 28d, 56d, 98d (Fig. 2)"
97,Influence of thermally activated artificial concrete fines composition on concrete long-term behavior,RS75-600-2,0.3,Thermal,"Activated at 600°C for 6h, w/b=0.47, k=0.84","Measured at 2d, 28d, 56d, 98d (Fig. 2)"
97,Influence of thermally activated artificial concrete fines composition on concrete long-term behavior,RS50-100-1,0.3,Mechanical (Grinding),"Ground unactivated fines (100°C), w/b=0.50, k=0.25","Measured at 2d, 28d, 56d, 98d (Fig. 1a)"
97,Influence of thermally activated artificial concrete fines composition on concrete long-term behavior,RS50-100-2,0.3,Mechanical (Grinding),"Ground unactivated fines (100°C), w/b=0.39, k=0.25","Measured at 2d, 28d, 56d, 98d (Fig. 1a)"
97,Influence of thermally activated artificial concrete fines composition on concrete long-term behavior,RS50-400-1,0.3,Thermal,"Activated at 400°C for 6h, w/b=0.50, k=0.46","Measured at 2d, 28d, 56d, 98d (Fig. 1b)"
97,Influence of thermally activated artificial concrete fines composition on concrete long-term behavior,RS50-400-2,0.3,Thermal,"Activated at 400°C for 6h, w/b=0.41, k=0.46","Measured at 2d, 28d, 56d, 98d (Fig. 1b)"
97,Influence of thermally activated artificial concrete fines composition on concrete long-term behavior,RS50-600-1,0.3,Thermal,"Activated at 600°C for 6h, w/b=0.50, k=0.50","Measured at 2d, 28d, 56d, 98d (Fig. 1c)"
97,Influence of thermally activated artificial concrete fines composition on concrete long-term behavior,RS50-600-2,0.3,Thermal,"Activated at 600°C for 6h, w/b=0.43, k=0.50","Measured at 2d, 28d, 56d, 98d (Fig. 1c)"
97,Influence of thermally activated artificial concrete fines composition on concrete long-term behavior,RS50-600-10-2,0.1,Thermal,"Activated at 600°C for 6h, w/b=0.50, k=1.00","Measured at 2d, 28d, 56d, 98d (Fig. 2)"
97,Influence of thermally activated artificial concrete fines composition on concrete long-term behavior,RS50-600-50-1,0.5,Thermal,"Activated at 600°C for 6h, w/b=0.50, k=0.40","Measured at 2d, 28d, 56d, 98d (Fig. 1d)"
97,Influence of thermally activated artificial concrete fines composition on concrete long-term behavior,RS50-600-50-2,0.5,Thermal,"Activated at 600°C for 6h, w/b=0.35, k=0.40","Measured at 2d, 28d, 56d, 98d (Fig. 1d)"
97,Influence of thermally activated artificial concrete fines composition on concrete long-term behavior,LS50-600-1,0.3,Thermal,"Activated at 600°C for 6h, w/b=0.50, k=0.51","Measured at 2d, 28d, 56d, 98d (Fig. 2)"
97,Influence of thermally activated artificial concrete fines composition on concrete long-term behavior,LS50-600-2,0.3,Thermal,"Activated at 600°C for 6h, w/b=0.43, k=0.51","Measured at 2d, 28d, 56d, 98d (Fig. 2)"
97,Influence of thermally activated artificial concrete fines composition on concrete long-term behavior,GW50-600-1,0.3,Thermal,"Activated at 600°C for 6h, w/b=0.50, k=0.80","Measured at 2d, 28d, 56d, 98d (Fig. 2)"
97,Influence of thermally activated artificial concrete fines composition on concrete long-term behavior,GW50-600-2,0.3,Thermal,"Activated at 600°C for 6h, w/b=0.47, k=0.80","Measured at 2d, 28d, 56d, 98d (Fig. 2)"
98,"Thermal Treatment of Recycled Concrete Fines for Sustainable Cement: Linking Physicochemical Transformations, Reactivity, and Life Cycle Assessment",OPC,0%,,"Pure cement, w/b = 0.40","3d: ~25.1 MPa, 7d: ~34.2 MPa, 28d: ~42.1 MPa (Figure 9b)"
98,"Thermal Treatment of Recycled Concrete Fines for Sustainable Cement: Linking Physicochemical Transformations, Reactivity, and Life Cycle Assessment",RCF5,5%,,"Untreated RCF (< 75 μm), w/b = 0.40","3d: ~24.3 MPa, 7d: ~33.1 MPa, 28d: ~40.5 MPa (Figure 9b)"
98,"Thermal Treatment of Recycled Concrete Fines for Sustainable Cement: Linking Physicochemical Transformations, Reactivity, and Life Cycle Assessment",RCF10,10%,,"Untreated RCF (< 75 μm), w/b = 0.40","3d: ~23.5 MPa, 7d: ~31.9 MPa, 28d: ~38.9 MPa (Figure 9b)"
98,"Thermal Treatment of Recycled Concrete Fines for Sustainable Cement: Linking Physicochemical Transformations, Reactivity, and Life Cycle Assessment",RCF20,20%,,"Untreated RCF (< 75 μm), w/b = 0.40","3d: ~20.1 MPa, 7d: ~27.5 MPa, 28d: ~33.8 MPa (Figure 9b)"
98,"Thermal Treatment of Recycled Concrete Fines for Sustainable Cement: Linking Physicochemical Transformations, Reactivity, and Life Cycle Assessment",RCF30,30%,,"Untreated RCF (< 75 μm), w/b = 0.40","3d: ~16.2 MPa, 7d: ~22.4 MPa, 28d: ~28.1 MPa (Figure 9b)"
98,"Thermal Treatment of Recycled Concrete Fines for Sustainable Cement: Linking Physicochemical Transformations, Reactivity, and Life Cycle Assessment",RCF10-400,10%,Thermal Treatment,"Treated at 400 °C for 2 h, air cooled, w/b = 0.40","3d: ~24.1 MPa, 7d: ~32.8 MPa, 28d: 39.793 MPa (Text & Figure 9b)"
98,"Thermal Treatment of Recycled Concrete Fines for Sustainable Cement: Linking Physicochemical Transformations, Reactivity, and Life Cycle Assessment",RCF10-600,10%,Thermal Treatment,"Treated at 600 °C for 2 h, air cooled, w/b = 0.40","3d: ~24.9 MPa, 7d: ~33.9 MPa, 28d: 39.983 MPa (Text & Figure 9b)"
98,"Thermal Treatment of Recycled Concrete Fines for Sustainable Cement: Linking Physicochemical Transformations, Reactivity, and Life Cycle Assessment",RCF10-800,10%,Thermal Treatment,"Treated at 800 °C for 2 h, air cooled, w/b = 0.40","3d: ~23.8 MPa, 7d: ~32.1 MPa, 28d: 39.750 MPa (Text & Figure 9b)"
99,Carbonation behavior of reactivated recycled concrete fines containing residual sand: Effects of Ca/Si ratio adjustment and activation temperature,C-800-0,100%,Thermal Activation,Calcined at 800 °C for 3 h; 0 wt.% CaCO3 addition,35.6 MPa
99,Carbonation behavior of reactivated recycled concrete fines containing residual sand: Effects of Ca/Si ratio adjustment and activation temperature,C-800-20,100%,Thermal Activation,Calcined at 800 °C for 3 h; 20 wt.% CaCO3 addition,20.4 MPa
99,Carbonation behavior of reactivated recycled concrete fines containing residual sand: Effects of Ca/Si ratio adjustment and activation temperature,C-800-40,100%,Thermal Activation,Calcined at 800 °C for 3 h; 40 wt.% CaCO3 addition,20.8 MPa
99,Carbonation behavior of reactivated recycled concrete fines containing residual sand: Effects of Ca/Si ratio adjustment and activation temperature,C-800-60,100%,Thermal Activation,Calcined at 800 °C for 3 h; 60 wt.% CaCO3 addition,16.3 MPa
99,Carbonation behavior of reactivated recycled concrete fines containing residual sand: Effects of Ca/Si ratio adjustment and activation temperature,C-1000-0,100%,Thermal Activation,Calcined at 1000 °C for 3 h; 0 wt.% CaCO3 addition,33.2 MPa
99,Carbonation behavior of reactivated recycled concrete fines containing residual sand: Effects of Ca/Si ratio adjustment and activation temperature,C-1000-20,100%,Thermal Activation,Calcined at 1000 °C for 3 h; 20 wt.% CaCO3 addition,36.5 MPa
99,Carbonation behavior of reactivated recycled concrete fines containing residual sand: Effects of Ca/Si ratio adjustment and activation temperature,C-1000-40,100%,Thermal Activation,Calcined at 1000 °C for 3 h; 40 wt.% CaCO3 addition,29.5 MPa
99,Carbonation behavior of reactivated recycled concrete fines containing residual sand: Effects of Ca/Si ratio adjustment and activation temperature,C-1000-60,100%,Thermal Activation,Calcined at 1000 °C for 3 h; 60 wt.% CaCO3 addition,26.1 MPa
99,Carbonation behavior of reactivated recycled concrete fines containing residual sand: Effects of Ca/Si ratio adjustment and activation temperature,C-1200-0,100%,Thermal Activation,Calcined at 1200 °C for 3 h; 0 wt.% CaCO3 addition,5.5 MPa
99,Carbonation behavior of reactivated recycled concrete fines containing residual sand: Effects of Ca/Si ratio adjustment and activation temperature,C-1200-20,100%,Thermal Activation,Calcined at 1200 °C for 3 h; 20 wt.% CaCO3 addition,5.5 MPa
99,Carbonation behavior of reactivated recycled concrete fines containing residual sand: Effects of Ca/Si ratio adjustment and activation temperature,C-1200-40,100%,Thermal Activation,Calcined at 1200 °C for 3 h; 40 wt.% CaCO3 addition,10.1 MPa
99,Carbonation behavior of reactivated recycled concrete fines containing residual sand: Effects of Ca/Si ratio adjustment and activation temperature,C-1200-60,100%,Thermal Activation,Calcined at 1200 °C for 3 h; 60 wt.% CaCO3 addition,12.3 MPa
100,Durability Behavior of Portland Cement Mortars with Recycled Powder from Concrete Waste as a Cement Partial Replacement: A Review,WCP-20C / Unmodified WCP,30% / 50%,,Unmodified WCP at ambient temperature (20°C),Higher porosity / base mechanical performance
100,Durability Behavior of Portland Cement Mortars with Recycled Powder from Concrete Waste as a Cement Partial Replacement: A Review,WCP-300C,30% / 50%,Thermal activation,Calcined at 300°C,Improved performance due to C-S-H and ettringite decomposition
100,Durability Behavior of Portland Cement Mortars with Recycled Powder from Concrete Waste as a Cement Partial Replacement: A Review,WCP-600C,30% / 50%,Thermal activation,Calcined at 600°C,"Improved hydration from belite, alite, and active CaO formation"
100,Durability Behavior of Portland Cement Mortars with Recycled Powder from Concrete Waste as a Cement Partial Replacement: A Review,WCP-800C / TWCP-800,30% / 50%,Thermal activation,Calcined at 800°C,Strength unaltered compared to reference GGBS mortar
100,Durability Behavior of Portland Cement Mortars with Recycled Powder from Concrete Waste as a Cement Partial Replacement: A Review,WCP-900C / M-30WCP-900C,30% / 50%,Thermal activation,Calcined at 900°C,Enhanced strength and reactivity due to high reactive phase content
100,Durability Behavior of Portland Cement Mortars with Recycled Powder from Concrete Waste as a Cement Partial Replacement: A Review,WCP-1200C / M-30WCP-1200C,30% / 50%,Thermal activation,Calcined at 1200°C,Diminished performance/strength relative to 900C due to gypsum formation and smooth surface
100,Durability Behavior of Portland Cement Mortars with Recycled Powder from Concrete Waste as a Cement Partial Replacement: A Review,RCP + SCGP Blend,30% (15% RCP + 15% SCGP),Mineral addition / Compounding,Combined eco-powders (RCP fine filler + SCGP pozzolanic),Enhanced compressive strength after 300 days
100,Durability Behavior of Portland Cement Mortars with Recycled Powder from Concrete Waste as a Cement Partial Replacement: A Review,10% RFP Mortar,10%,Mechanical activation / Particle refinement,Fine recycled powder (RFP) incorporation,Maintained/improved strength; optimal cost/carbon performance
100,Durability Behavior of Portland Cement Mortars with Recycled Powder from Concrete Waste as a Cement Partial Replacement: A Review,20% RFP Mortar,20%,Mechanical activation,Ground fine powder,Fulfilled performance criteria
100,Durability Behavior of Portland Cement Mortars with Recycled Powder from Concrete Waste as a Cement Partial Replacement: A Review,30% RFP / RCP Mortar,30%,Mechanical activation,Ground fine powder,Lower early strength unless highly refined or activated
100,Durability Behavior of Portland Cement Mortars with Recycled Powder from Concrete Waste as a Cement Partial Replacement: A Review,100% RP Alkali-Activated Mortar,100%,Chemical / Alkali activation,"Alkaline activator / excitation ratio (e.g., sodium silicate solution)",Substantially improved performance and resistance compared to non-activated cement mortar
100,Durability Behavior of Portland Cement Mortars with Recycled Powder from Concrete Waste as a Cement Partial Replacement: A Review,RP + NS (Nanosilica),Variable (RCP + NS),Nano-activation,Addition of nano-SiO2 (up to 3%),Improved microstructure and strength; higher NS (>3%) leads to agglomeration
100,Durability Behavior of Portland Cement Mortars with Recycled Powder from Concrete Waste as a Cement Partial Replacement: A Review,RP + Tannic Acid (TA),10% RP + > 0.3% TA,Chemical / Surface treatment,Tannic acid surface treatment (>0.3% TA),Improved performance beyond reference mortar; increased high-modulus hydration products
101,Enhancing recycled cement paste powder as a high-performance supplementary cementitious material via synergistic carbonation and ultrasonic processing,OPC paste,0%,,Pure OPC control; w/b = 0.4; steam curing at 60 °C for 15 h,Peak strength at 28 d (GRAPH-DERIVED from Fig. 14)
101,Enhancing recycled cement paste powder as a high-performance supplementary cementitious material via synergistic carbonation and ultrasonic processing,RP paste,20%,None (Mechanical grinding/milling),SM-500 ball mill for 4 h; 150-mesh sieved RP; 20% cement replacement; w/b = 0.4; steam curing at 60 °C for 15 h,"Consistently lower compressive strength than OPC at 3 d, 7 d, and 28 d (GRAPH-DERIVED from Fig. 14)"
101,Enhancing recycled cement paste powder as a high-performance supplementary cementitious material via synergistic carbonation and ultrasonic processing,CRP paste,20%,Gas-solid carbonation,"Gas-solid carbonation for 7 d (70±3% RH, 20±2 °C, 20±3% CO₂); 20% cement replacement; w/b = 0.4; steam curing at 60 °C for 15 h","Higher compressive strength than RP at all curing ages, exceeded OPC at 28 d (5.92 MPa higher than RP at 28 d)"
101,Enhancing recycled cement paste powder as a high-performance supplementary cementitious material via synergistic carbonation and ultrasonic processing,CRP-US paste,20%,Synergistic gas-solid carbonation and liquid-phase ultrasonic treatment,"Gas-solid carbonation (7 d) + ultrasonic treatment (120 W, 40 kHz, 30 min in water-bath generator); 20% cement replacement; w/b = 0.4; steam curing at 60 °C for 15 h",Highest compressive strength performance; +37.1% at 7 d and +23.39% at 28 d vs RP; +26.75% at 7 d and +13.54% at 28 d vs OPC
102,Mechanochemical activation of recycled concrete fines to produce supplementary cementitious materials,REF,0% (100 wt% OPC),,"Water/Binder = 0.5, Sand/Binder = 3:1","7d: 34.1 MPa
28d: 48.55 MPa"
102,Mechanochemical activation of recycled concrete fines to produce supplementary cementitious materials,mortar-untreated,20 wt% RCF,,"Water/Binder = 0.5, Sand/Binder = 3:1","7d: 19.9 MPa
28d: 29.13 MPa"
102,Mechanochemical activation of recycled concrete fines to produce supplementary cementitious materials,MCA-RCF 10 min,20 wt% RCF,Mechanochemical Activation,"Planetary ball mill, 500 rpm, B/P ratio 25, 10 min grinding","7d: 28.9 MPa
28d: 40.19 MPa"
102,Mechanochemical activation of recycled concrete fines to produce supplementary cementitious materials,MCA-RCF 20 min,20 wt% RCF,Mechanochemical Activation,"Planetary ball mill, 500 rpm, B/P ratio 25, 20 min grinding","7d: 31.02 MPa
28d: 39.33 MPa"
102,Mechanochemical activation of recycled concrete fines to produce supplementary cementitious materials,MCA-RCF 30 min,20 wt% RCF,Mechanochemical Activation,"Planetary ball mill, 500 rpm, B/P ratio 25, 30 min grinding","7d: 28.31 MPa
28d: 39.38 MPa"
102,Mechanochemical activation of recycled concrete fines to produce supplementary cementitious materials,MCA-RCF 40 min,20 wt% RCF,Mechanochemical Activation,"Planetary ball mill, 500 rpm, B/P ratio 25, 40 min grinding","7d: 25.77 MPa
28d: 36.81 MPa"
103,Optimization of calcined concrete waste powder as supplementary cementitious material: a comprehensive study on performance and sustainability,CCWP0,0%,Thermal treatment & mechanical grinding,"Calcination: 1000 °C, 2 h; Grinding: 70 rpm, 24 h",28d Compressive: 78.41 MPa; 90d Compressive: 92 MPa; 28d Flexural: 12.87 MPa
103,Optimization of calcined concrete waste powder as supplementary cementitious material: a comprehensive study on performance and sustainability,CCWP10,10%,Thermal treatment & mechanical grinding,"Calcination: 1000 °C, 2 h; Grinding: 70 rpm, 24 h",28d Compressive: 73.30 MPa; 90d Compressive: 98 MPa; 28d Flexural: 13.11 MPa; 90d Flexural: 13.16 MPa
103,Optimization of calcined concrete waste powder as supplementary cementitious material: a comprehensive study on performance and sustainability,CCWP20,20%,Thermal treatment & mechanical grinding,"Calcination: 1000 °C, 2 h; Grinding: 70 rpm, 24 h",28d Compressive: 73.00 MPa; 90d Compressive: 99 MPa; 28d Flexural: 12.88 MPa; 90d Flexural: 13.17 MPa
103,Optimization of calcined concrete waste powder as supplementary cementitious material: a comprehensive study on performance and sustainability,CCWP30,30%,Thermal treatment & mechanical grinding,"Calcination: 1000 °C, 2 h; Grinding: 70 rpm, 24 h",28d Compressive: 68.41 MPa; 90d Compressive: 91 MPa; 28d Flexural: 12.80 MPa; 90d Flexural: 13.10 MPa
103,Optimization of calcined concrete waste powder as supplementary cementitious material: a comprehensive study on performance and sustainability,CCWP40,40%,Thermal treatment & mechanical grinding,"Calcination: 1000 °C, 2 h; Grinding: 70 rpm, 24 h",28d Compressive: 67.06 MPa; 90d Compressive: 86 MPa; 28d Flexural: 12.76 MPa; 90d Flexural: 12.60 MPa
103,Optimization of calcined concrete waste powder as supplementary cementitious material: a comprehensive study on performance and sustainability,CCWP50,50%,Thermal treatment & mechanical grinding,"Calcination: 1000 °C, 2 h; Grinding: 70 rpm, 24 h",28d Compressive: 61.38 MPa; 90d Compressive: 81 MPa; 28d Flexural: 11.82 MPa; 90d Flexural: 11.77 MPa
