paper_id,Paper Title,Authors,Journal Name,Publication Year,DOI (Digital Object Identifier),Material Type::Extracted Value,Material Type::Unit,Source Material::Extracted Value,Source Material::Unit,RCF/RCP Processing Method::Extracted Value,RCF/RCP Processing Method::Unit,RCF/RCP Processing Parameters::Extracted Value,RCF/RCP Processing Parameters::Unit,Activation Method::Extracted Value,Activation Method::Unit,Activation Parameters::Extracted Value,Activation Parameters::Unit,Carbonation Conditions::Extracted Value,Carbonation Conditions::Unit,Thermal Treatment Temperature::Extracted Value,Thermal Treatment Temperature::Unit,Thermal Treatment Duration::Extracted Value,Thermal Treatment Duration::Unit,Mechanical Activation Method::Extracted Value,Mechanical Activation Method::Unit,Grinding Duration::Extracted Value,Grinding Duration::Unit,Grinding Speed::Extracted Value,Grinding Speed::Unit,Other Activation Conditions::Extracted Value,Other Activation Conditions::Unit,Water-to-Binder Ratio (w/b)::Extracted Value,Water-to-Binder Ratio (w/b)::Unit,Particle Size Distribution::Extracted Value,Particle Size Distribution::Unit,d10::Extracted Value,d10::Unit,d50::Extracted Value,d50::Unit,d90::Extracted Value,d90::Unit,Mean Particle Size::Extracted Value,Mean Particle Size::Unit,Specific Surface Area::Extracted Value,Specific Surface Area::Unit,BET Surface Area::Extracted Value,BET Surface Area::Unit,Blaine Fineness::Extracted Value,Blaine Fineness::Unit,Water Absorption Capacity::Extracted Value,Water Absorption Capacity::Unit,Specific Gravity::Extracted Value,Specific Gravity::Unit,Bulk Density::Extracted Value,Bulk Density::Unit,SiO2::Extracted Value,SiO2::Unit,CaO::Extracted Value,CaO::Unit,Al2O3::Extracted Value,Al2O3::Unit,Fe2O3::Extracted Value,Fe2O3::Unit,MgO::Extracted Value,MgO::Unit,SO3::Extracted Value,SO3::Unit,Na2O::Extracted Value,Na2O::Unit,K2O::Extracted Value,K2O::Unit,Loss on Ignition (LOI)::Extracted Value,Loss on Ignition (LOI)::Unit,Other Reported Oxides::Extracted Value,Other Reported Oxides::Unit,XRD Phases::Extracted Value,XRD Phases::Unit,Mineral Composition::Extracted Value,Mineral Composition::Unit,Amorphous Content::Extracted Value,Amorphous Content::Unit,Pozzolanic Reactivity::Extracted Value,Pozzolanic Reactivity::Unit,Pozzolanic Activity Index::Extracted Value,Pozzolanic Activity Index::Unit,Strength Activity Index::Extracted Value,Strength Activity Index::Unit,Heat Release Data::Extracted Value,Heat Release Data::Unit,Other Reactivity Indicators::Extracted Value,Other Reactivity Indicators::Unit,Cement Replacement Level(s)::Extracted Value,Cement Replacement Level(s)::Unit,Optimum Replacement Level of Cement with RCF/RCP::Extracted Value,Optimum Replacement Level of Cement with RCF/RCP::Unit,Compressive Strength::Extracted Value,Compressive Strength::Unit,Relative Compressive Strength (% of control if reported)::Extracted Value,Relative Compressive Strength (% of control if reported)::Unit,7-Day Heat Release::Extracted Value,7-Day Heat Release::Unit,Relative Heat Release (% of control if reported)::Extracted Value,Relative Heat Release (% of control if reported)::Unit,Initial Setting Time::Extracted Value,Initial Setting Time::Unit,Final Setting Time::Extracted Value,Final Setting Time::Unit,Flexural Strength::Extracted Value,Flexural Strength::Unit,Relative Flexural Strength (% of control if reported)::Extracted Value,Relative Flexural Strength (% of control if reported)::Unit,Shrinkage::Extracted Value,Shrinkage::Unit,Relative Shrinkage (% of control if reported)::Extracted Value,Relative Shrinkage (% of control if reported)::Unit
0,Mechanical behaviour of concrete made with fine recycled concrete aggregates,"L. Evangelista, J. de Brito",Cement & Concrete Composites,2007,10.1016/j.cemconcomp.2006.12.004,Fine recycled concrete aggregates (FRA),,Laboratory grade original concrete (OC),,Jaw crushing and mechanical sieving,,Crushed on the 35th day; maximum nominal size 38.1 mm; fractions between 0.074 mm and 1.19 mm isolated,mm / days,,,,,,,,,,,,,,,,,,,,,Fractions between 0.074 mm and 1.19 mm (adjusted to match FNA grading curve),mm,,,,,,,,,,,,,,,13.1,%,Dry specific density: 1913; Surface dry specific density: 2165,kg/m³,1234,kg/m³,,,,,,,,,,,,,,,,,,,,,,,Contains high levels of cement (both hydrated and non-hydrated) estimated up to 25% of its weight,%,,,,,,,,,,,"Non-hydrated cement mixed with FRA continues to hydrate over time, increasing compressive strength past 28 days",,,,,,,,,,,,,,,,,,,,,,,,,
1,Durability performance of concrete made with fine recycled concrete aggregates,"L. Evangelista, J. de Brito",Cement & Concrete Composites,2010,10.1016/j.cemconcomp.2009.09.005,Fine recycled concrete aggregates (FRA),,Original concrete (OC) produced in the laboratory,,Crushing and screening (sieving),,Crushed after 35 days; fraction size up to 1.19 mm; sieved to reproduce the grading curve of natural aggregates,,,,,,,,,,,,,,,,,,,,"RC: 0.41
C30R: 0.45
C100R: 0.48
Alternative effective values:
RC (W/C)ef: 0.41
C30R (W/C)ef: 0.44
C100R (W/C)ef: 0.45",,Fractions up to 1.19 mm (Fineness modulus: 2.38),mm,,,,,,,,,,,,,,,13.1,%,"Dry specific density: 1913
Surface dry specific density: 2165",kg/m³,Dry bulk density: 1234,kg/m³,,,,,,,,,,,,,,,,,,,,,,,,,,,,,,,,,,,,,0 (Cement content kept constant; fine aggregates replaced instead),%,,,"RC: 59.3
GOR (C30R): 57.3
C100R: 54.8",MPa,,,,,,,,,,,,,,,,,,
2,Evaluating and Optimizing Recycled Concrete Fines in PCC Mixtures Containing Supplementary Cementitious Materials,"Elyse M. Hanson, Nicholas J. Connolly and Donald J. Janssen",,2010,,Recycled Concrete Fines (RCF),,Concrete Plant washout fines and Diamond Grinding projects,,Thermal Drying (except Type G),,40,°C,,,,,,,,,,,,,,,,,,,0.42,,,,,,,,,,,,,,,,,,,,,,,,,,,,,,,,,,,,,,,,,,,,,,,,,,,,,,,,,,"0.32 to 6.1 (Conductivity)
1.33316 to 1.33597 (Index of Refraction)
9.3 to 12.8 (pH)","mS
NULL
NULL","Slag: 25, 37.5, 50
RCF: 0, 2.5, 5.0, 7.5 (and 1.25/1.3 for Type C)",%,"50% Slag mixtures:
Type A: 5.0%
Type B: 7.5%
Type C: 2.5%
Type D: 2.5%
Type E: 2.5%
Type F: 2.5%
Type G: 7.5%
Type H: 5.0%

37.5% Slag mixtures:
Type A: 5.0%
Type B: 7.5%
Type C: 2.5%
Type D: 2.5%
Type E: 5.0%
Type F: 2.5%
Type H: 5.0%

25% Slag mixtures:
Type A: 5.0%
Type B: 2.5%
Type C: 1.3%
Type D: 5.0%
Type E: 5.0%
Type F: 5.0%
Type H: 7.5%",%,"3-Day optimal strengths (37.5% Slag):
Baseline: ~4180
Type A: ~4400
Type B: ~4260
Type C: ~4680
Type D: ~4350
Type E: ~5180
Type F: ~4980
Type H: ~4760",psi,"50% Slag (3-d / 28-d % change):
A: +19% / +1%
B: +19% / +11%
C: +8% / +6%
D: +10% / +3%
E: +6% / +8%
F: +8% / 0%
G: +11% / -2%
H: +8% / -2%

37.5% Slag (3-d / 28-d % change):
A: +5% / +9%
B: +2% / +4%
C: +12% / -6%
D: +4% / +6%
E: +24% / +28%
F: +19% / +21%
H: +14% / +21%

25% Slag (3-d / 28-d % change):
A: 0% / +4%
B: +18% / +16%
C: +57% / +18%
D: +12% / +21%
E: +6% / -8%
F: +8% / +9%
H: +4% / +16%",%,,,,,,,,,,,,,,,,
3,Utilization of waste concrete powder as a substitution material for cement,"Yong Jic Kim, Yun Wang Choi",Construction and Building Materials,2012,10.1016/j.conbuildmat.2011.11.042,"Waste concrete powder (WCP), WCP1, WCP2",,Recycled aggregate manufacturing process / concrete wastes,,Crushing process using a ball mill,,,,,,,,,,,,,,,,,,,,,,0.55,,,,,,"176 (WCP1), 90 (WCP2)",µm,,,"176 (WCP1), 90 (WCP2)",µm,,,,,"928 (WCP1), 1360 (WCP2)",cm²/g,,,"2.48 (WCP1), 2.48 / 2.49 (WCP2)",g/cm³,,,58.55,%,11.82,%,10.35,%,4.64,%,1.52,%,0.44,%,,,,,,,,,,,Ca(OH)2 hydrates,,,,Nonreactive,,,,,,,,,,"0, 15, 30, 45",%,Below 15,%,,,"• 15% replacement (28-day): decreased by 28% (WCP1) / decreased by 25% (WCP2)
• 45% replacement (28-day): decreased by 73% (WCP1) / decreased by 64% (WCP2)",%,,,,,Approximate values graphically displayed in Fig. 7 (~200 to 220 min for all mixes),min,"Delayed longer than 2 hours compared to control (Approximate values from Fig. 7: ~380 min for control, up to ~550 min for mixed pastes)",min / hours,,,,,,,,
4,A study on development of recycled cement made from waste cementitious powder,"Eunhee Kwon, Jaecheol Ahn, Bongsuk Cho, Dongcheon Park",Construction and Building Materials,2015,http://dx.doi.org/10.1016/j.conbuildmat.2015.02.086,Waste cementitious powder / cementitious powder,,Waste concrete,,,,,,Thermal treatment (Sintering/Calcination),,,,,,"1200, 1300, 1400, 1450",°C,90 or 1,min or h,,,,,,,,,0.5,,,,,,,,,,< 75 (General) or ≤ 30 (for XRD/TG),µm,,,,,,,,,,,,,"18.2 (S0), 23.9 (S10), 35.3 (S30), 46.7 (S50), 55.2 (S65)",%,"47.7 (S0), 43.1 (S10), 33.8 (S30), 24.5 (S50), 17.6 (S65)",%,"3.9 (S0), 4.7 (S10), 6.3 (S30), 7.9 (S50), 9.2 (S65)",%,"2.6 (S0), 2.6 (S10), 2.5 (S30), 2.3 (S50), 2.2 (S65)",%,,,,,,,,,,,,,Portlandite (Ca(OH)2),,,,,,,,,,,,,,,,,,,,"S0: 32.87
S10: 26.79
S30: 24.75",MPa,"S0: 76.51%
S10: 62.36%
S30: 57.61%
S50: 44.32%
S65: 46.51%",%,,,,,,,,,,,,,,,,
5,Reuse of recycled crushed concrete fines as mineral addition in cementitious materials,"L. Oksri-Nelfia, P-Y. Mahieux, O. Amiri, Ph. Turcry, J. Lux",Materials and Structures,2016,10.1617/s11527-015-0716-1,Recycled Crushed Concrete Fines (RCCF),,5 years old concrete (APPLET concrete mixture),,"Compression breaking, jaw crushing, and sieving",,"Sieved at 80 μm, maximum diameter lower than 300 μm before sieving",μm,,,,,,,,,,,,,,,,,,,"0.63, 0.67, 0.71 (reported as W/(A+C) for RCCF mixes)",Ratio,"Multimodal with four distinct peaks at 0.2, 2.8, 13, and 40 μm",μm,,,8.8,μm,,,,,6200,cm²/g,,,6200 (assessed by the Blaine test),cm²/g,Low (not quantitatively specified except as water demand of 22%),%,,,,,,,,,,,,,,,,,,,,,,,,,,,"CaCO₃: 73%, Portlandite (Ca(OH)₂): 2.4 ± 0.1%, traces of C-S-H and ettringite",%,,,Very low/unlikely,,,,,,Lower than 15,J per g of RCCF,Anhydrous cement content (α_AC): 1.6% (SEM) to 2.3% (theoretical calculation),%,"25, 50, 75",% (by volume),Up to 25,%,"Ref (0%):
2 days: 26.6 ± 0.89
7 days: 36.8 ± 0.26
28 days: 45.8 ± 1.45
90 days: 52.0 ± 2.15

RCCF 25:
2 days: 24.8 ± 1.32
7 days: 32.7 ± 0.27
28 days: 38.4 ± 0.46
90 days: 38.7 ± 2.24

RCCF 50:
2 days: 10.7 ± 0.14
7 days: 14.0 ± 0.06
28 days: 16.4 ± 0.19
90 days: 17.3 ± 0.91

RCCF 75:
2 days: 2.5 ± 0.05
7 days: 5.7 ± 0.23
28 days: 4.2 ± 0.19
90 days: 4.6 ± 0.91",MPa,"RCCF 25:
2 days: ~93%
7 days: ~89%
28 days: ~84%
90 days: ~74%

RCCF 50:
2 days: ~40%
7 days: ~38%
28 days: ~36%
90 days: ~33%

RCCF 75:
2 days: ~9%
7 days: ~15%
28 days: ~9%
90 days: ~9%",%,"Ref: 125,005
RCCF 25: 108,283
RCCF 50: 77,132
RCCF 75: 42,522",J,,,,,,,,,,,,,,
6,Influence of fine recycled concrete aggregates on the properties of mortars,"Zengfeng Zhao, Sébastien Remond, Denis Damidot, Weiya Xu",Construction and Building Materials,2015,http://dx.doi.org/10.1016/j.conbuildmat.2015.02.037,FRCA / recycled sand,,Old concrete / cement paste,,Crushing and Screening,,,,,,,,,,,,,,,,,,,,,,,,"0/0.63, 0.63/1.25, 1.25/2.5, 2.5/5",mm,,,,,,,,,,,,,,,7.54,%,,,2.54,g/cm³,,,,,,,,,,,,,,,,,,,,,,,,,,,,,,,,,,,"Soluble fraction in salicylic acid (SFSA): 13.46 (0/0.63 mm), 12.45 (0.63/1.25 mm), 10.22 (1.25/2.5 mm), 9 (2.5/5 mm)",%,,,,,"45.22, 49.84, 43.01, 45.34, 41.96, 43.76, 66.63, 64.58, 57.23, 53.84, 42.09, 51.17, 49.32, 47.37, 46.92, 39.14, 45.55, 52.54, 52.22, 58.32, 44.29, 50.06, 50.85, 52.08",MPa,"0.72, 0.82, 0.82, 0.91, 0.82, 0.93, 0.95, 0.97",Fraction,,,,,,,,,"8.76, 8.78, 8.10, 8.15, 7.72, 7.80, 13.06, 12.05, 10.86, 10.53, 8.54, 10.55, 10.21, 10.00, 9.16, 8.00, 10.19, 9.66, 9.83, 11.22, 9.24, 9.67, 9.77, 10.38",MPa,,,,,,
7,PROPERTIES AND MICROSTRUCTURE OF CEMENT PASTE INCLUDING RECYCLED CONCRETE POWDER,"JAROSLAV TOPIČ, ZDENĚK PROŠEK",Acta Polytechnica,2017,10.14311/AP.2017.57.0049,Recycled Concrete Powder (RCP),,PB2 and SB8 railway sleepers,,High-speed milling,,High speed,,Mechanical activation,,High-speed mill,,,,,,,,High-speed milling,,,,High speed,,,,"0.350, 0.354, 0.358, 0.361, 0.365",,Grain size < 0.25 mm,mm,,,12,µm,,,12,µm,412,m²/kg,,,412,m²/kg,,,,,,,,,,,,,,,,,,,,,,,,,,,,,,,,,,,,,,,440.105,J/g,"Increased heat flow after 8h, 19–26h, and 48h",W/g of cement,"5%, 10%, 15%, 20%, 25%",wt%,5% (compressive strength) / 15% (flexural strength),wt%,"57.3 (at 5% RCP), 50.2 (at 10% RCP), 51.8 (at 15% RCP), 56.9 (at 20% RCP), 50.1 (at 25% RCP)",MPa,"~110% (at 5% RCP), 96% (at 25% RCP)",%,440.105,J/g of cement,125.02,%,,,,,"4.3 (at 5% RCP), 4.2 (at 10% RCP), 5.0 (at 15% RCP), 3.8 (at 20% RCP), 3.3 (at 25% RCP)",MPa,"~107% (at 5% RCP), ~125% (at 15% RCP)",%,"0.8 (at 5% RCP), 1.0 (at 10% RCP), 1.2 (at 15% RCP), 1.3 (at 20% RCP), 1.6 (at 25% RCP)",mm/m,200% (at 25% RCP),%
8,Influence of increasing amount of recycled concrete powder on mechanical properties of cement paste,"Jaroslav Topič, Zdeněk Prošek, Tomáš Plachý",IOP Conference Series: Materials Science and Engineering,2017,10.1088/1757-899X/236/1/012094,Recycled concrete powder (RCP),,Old railway sleepers of type PB2 and SB8,,High speed milling,,,,Mechanical activation (milling),,,,,,,,,,High speed mill,,,,,,,,"0.35, 0.36, 0.37, 0.38, 0.39, 0.40",,,,,,,,,,,,,,,,,,,,,,,,,,,,,,,,,,,,,,,,,,,,,,,,,,,,,,,,,,Non-hydrated cement core core re-hydration capacity,,"0, 10, 20, 30, 40, 50",wt.%,20 to 30,wt.%,"76.6 (at 0%), 50.2 (at 10%), 56.9 (at 20%), 45.7 (at 30%), 38.8 (at 40%), 25.4 (at 50%)",MPa,"~65% (at 10%), ~75% (at 20%)",%,,,,,,,,,"3.0 (at 0%), 4.2 (at 10%), 3.8 (at 20%), 2.8 (at 30%), 2.9 (at 40%), 3.5 (at 50%)",MPa,125% to 140% (at 10 to 20% replacement),%,,,,
9,Recycled cement,"Junjie Wang, Mulan Mu, Yongliang Liu",Construction and Building Materials,2018,https://doi.org/10.1016/j.conbuildmat.2018.09.181,Recycled cement,,2-year-old waste cement paste,,Burning and grinding,,Heating rate: 7 °C/min; Retention time: 8 hours; Cooling: natural cooling to room temperature; Grinding: ball mill until passing 150 mm or 300 mm sieve,,Thermal treatment (Burning),,"Target temperatures: 120 °C, 450 °C, 750 °C, 1150 °C; Duration: 8 hours",,,,"120, 450, 750, 1150",°C,8,hours,,,,,,,,,0.55,,"Lower slope of accumulative curves for #2 and #5 compared to OPC, indicating more evenly distributed sizes",,,,,,,,,,,,,,,,,,,,,,,,Trace amount (in #3 and #4 powders),,,,,,,,,,,,,,Over 20% (for the old source paste); ~7% weight loss between 600 °C–700 °C for #2 powder,,,,"#1: Tobermorite (1.2 nm), Jennite, Portlandite, Calcite;
#2: Tobermorite (0.96 nm), Disordered Jennite, Calcite;
#3 & #4: Wollastonite, Larnite (C2S), CaO",,Calcite (CaCO3): 16% by weight in #2,,"Disordered phase of jennite (in #2, #5, #6)",,,,,,,,72h total heat order: OPC > #2 > #3 > #4 ≈ #1,,#2 had the highest overall hydration heat rate and total hydration heat among all recycled cements,,100% (for mixes #1-#5); 70% (for mix #6 mixed with 30% GGBS),%,,,"1 Day:
OPC: ~8 MPa
#1: ~1 MPa
#2: ~4 MPa
#3: ~1 MPa
#4: ~1 MPa
#5: ~10 MPa
#6: ~7 MPa

7 Days:
OPC: ~28 MPa
#1: ~4 MPa
#2: ~27 MPa
#3: ~14 MPa
#4: ~1.5 MPa
#5: ~23 MPa
#6: ~28 MPa

28 Days:
OPC: ~35.5 MPa
#1: ~5 MPa
#2: ~35 MPa
#3: ~21.5 MPa
#4: ~4.5 MPa
#5: ~32.5 MPa
#6: ~38 MPa",MPa,,,,,,,,,,,,,,,,,,
10,Mechanical properties of concrete mixed with recycled powder produced from construction and demolition waste,"Jianzhuang Xiao, Zhiming Ma, Tongbo Sui, Ali Akbarnezhad, Zhenhua Duan",Journal of Cleaner Production,2018,https://doi.org/10.1016/j.jclepro.2018.03.277,Recycled powder (RP),,Construction and demolition (C&D) waste (mixture of waste concrete and brick),,Two-stage process involving crushing followed by fine grinding in a ball mill with cone cavity,,"Total processing time (crushing, sieving, grinding): 3–5 min; Maximum particle size: 45 μm",,,,,,,,,,,,,,,,,,,,0.4 and 0.5,,Detailed distribution listed in Table 1,%,,,9.06,μm,,,Volume mean diameter: 15.24; Area mean diameter: 3.47; Length mean diameter: 0.90,μm,639.6,kg/m²,,,,,Relatively high (exact value not specified),,,,,,~43,%,~15.5,%,~11.5,%,~5,%,~2,%,,,,,,,,,,,"Quartz (SiO₂), Calcium Silicate Hydrate (C-S-H), and Calcium Hydroxide (Ca(OH)₂)",,,,,,Confirmed via strength development over long curing times,,,,,,Accelerates hydration; peak shifts earlier. Cumulative heat is higher up to 30% replacement but lower at 50% after 48h.,,,,"0%, 15%, 30%, 45%",%,15% - 30%,%,"w/b 0.4:
0% RP: ~48.5
15% RP: ~47.3
30% RP: ~44.8
45% RP: ~38.3

w/b 0.5:
0% RP: ~34.0
15% RP: ~36.0
30% RP: ~33.0
45% RP: ~25.4",MPa,"w/b 0.4 (28d):
15% RP: 97.5%
30% RP: 92.3%
45% RP: 78.9%

w/b 0.5 (28d):
15% RP: 105.9%
30% RP: 97.1%
45% RP: 74.7%",%,,,,,,,,,"w/b 0.4 (28d):
0% RP: ~5.60
15% RP: ~5.53
30% RP: ~5.42
45% RP: ~4.46

w/b 0.5 (28d):
0% RP: ~4.40
15% RP: ~4.51
30% RP: ~4.47
45% RP: ~3.78",MPa,"w/b 0.4 (28d):
15% RP: 98.7%
30% RP: 96.8%
45% RP: 79.6%

w/b 0.5 (28d):
15% RP: 102.4%
30% RP: 101.6%
45% RP: 85.9%",%,"Total crack number:
0% RP (w/b 0.5): 4
15% RP (w/b 0.5): 6
30% RP (w/b 0.5): 6
30% RP (w/b 0.4): 3

Mean area per crack:
0% RP (w/b 0.5): ~9.5
15% RP (w/b 0.5): ~47.5
30% RP (w/b 0.5): ~83.5
30% RP (w/b 0.4): ~55.1",mm² for area,"Mean area per crack, crack number per unit area, and total crack area per unit area of RPC-30% (w/b 0.5) are 7.78, 0.50, and 12.17 times higher than RPC-0%.",% / times
11,The Properties of Composites with Recycled Cement Mortar Used as a Supplementary Cementitious Material,"Katarzyna Kalinowska-Wichrowska, Marta Kosior-Kazberuk, Edyta Pawluczuk",Materials,2019,10.3390/ma13010064,Recycled cement mortar (RCM) (fine fraction),,"2-year-old laboratory concrete cube specimens (100 × 100 × 100 mm), strength class C30/37",,"Thermo-mechanical treatment (initial crushing, calcination, mechanical processing in a Los Angeles machine, and sieving)",,Mechanical grinding/processing duration: 15 min; Sieving separating fraction: <4 mm (with fraction <250 µm used for composite studies),min / µm,Thermal treatment (calcination) and mechanical processing,,Calcination temperature variation: 288–712 °C; Calcination time variation: 30–90 min,°C / min,,,"288, 350, 500, 650, 712",°C,"30, 40, 60, 80, 90",min,Disintegration in jaw crusher followed by processing in a Los Angeles machine,,15,min,,,,,0.5,Ratio,Dust fraction (<63 µm): ~20%; Fraction <250 µm: ~50% of the whole material; Fraction <4000 µm: ~100%,%,,,~250 (Graph-derived),µm,~2000 (Graph-derived),µm,,,~3000,cm²/g,,,,,,,2.66,g/cm³,,,,,Present (detected qualitatively via XRD and active phase conversion),,,,,,,,,,,,,,~36.5% for Non-calcined; ~26% for Calcined (Graph-derived weight loss at 1100 °C),%,,,"Quartz (Q), Portlandite (P), Calcium silicate hydrate (C), Belite (S), Calcite (K), Ettringite (E), Calcium oxide (O)",,"Non-calcined: Bound water = 10.08%, Ca(OH)₂ = 13.44%, CaCO₃ = 10.44%; Calcined (650 °C): Bound water = 0.24%, Ca(OH)₂ = 0%, CaCO₃ = 25.79%",% of Mass,Non-crystalline dehydrated phases present after calcination,,Confirmed via rehydration and phase analysis,,,,Non-calcined (Series 12): 0.59; Calcined at 350 °C: 0.67; Calcined at 500 °C: 0.80; Calcined at 650 °C (for 60 min): 1.07,Ratio,Maximum accumulated heat over 48 hours: Non-calcined RCM = 40 J/g; Calcined RCM (650 °C for 60 min) = 125 J/g,J/g,Rehydration reactivity verified by heat accumulation curves,,25%,%,25% (Only replacement level evaluated),%,"28-Day Strengths:
Series 1: ~30.0 (Graph-derived)
Series 2: ~32.0 (Graph-derived)
Series 3: ~43.0 (Graph-derived)
Series 4: ~44.0 (Graph-derived)
Series 5: ~29.5 (Graph-derived)
Series 6: ~41.5 (Graph-derived)
Series 7: ~34.0 (Graph-derived)
Series 8: ~38.0 (Graph-derived)
Series 9 & 10 (Center): ~36.2 (Graph-derived)
Series 11 (Control Cement): ~41.0 (Graph-derived)
Series 12 (Control Uncalcined RCM): ~24.0 (Graph-derived)",MPa,"Series 3: 104% (4% higher than control)
Series 4: 107% (7% higher than control)",%,,,Calcined RCM vs Control Cement (CEM I 42.5 R): Decrease of 35% over 48 hours,%,,,,,"28-Day Strengths:
Series 1: ~5.8 (Graph-derived)
Series 2: ~6.1 (Graph-derived)
Series 3: ~7.6 (Graph-derived)
Series 4: ~7.9 (Graph-derived)
Series 5: ~5.9 (Graph-derived)
Series 6: ~7.8 (Graph-derived)
Series 7: ~6.2 (Graph-derived)
Series 8: ~7.0 (Graph-derived)
Series 9 & 10 (Center): ~6.8 (Graph-derived)
Series 11 (Control Cement): ~7.9 (Graph-derived)
Series 12 (Control Uncalcined RCM): ~4.4 (Graph-derived)",MPa,,,,,,
12,Construction and demolition waste as partial cement replacement,"Sabina Rocha, Joana Sousa-Coutinho",Advances in Cement Research,2019,https://doi.org/10.1680/jadcr.16.00132,Ground construction and demolition waste (CDWg),,"Construction and demolition waste consisting mainly of concrete, brick and mortar (Rg >= 90% and Rb <= 10%)",,Crushed and ground,,Grinding duration: 80 h,hours,,,,,,,,,,,,,,,,,,,0.5,,,,1.06,um,5.94,um,29.39,um,10.77,um,,,,,,,,,2.62,g/cm3,,,69.75,% mass,9.62,% mass,6.92,% mass,2.60,% mass,0.51,% mass,0.53,% mass,0.67,% mass,2.42,% mass,6.94,%,"Chlorides: 0.036
Manganese oxide (MnO): 0.04
Phosphorus pentoxide (P2O5): 0.09",% mass,,,,,,,Positive,,,,"28 days: 90% (for CDWg5), 84% (for CDWg10)
90 days: 92% (for CDWg5), 90% (for CDWg10)",%,,,,,5% and 10%,%,5%,%,"For CDWg5:
7 d: 42.1 +/- 0.8
28 d: 49.4 +/- 0.4
90 d: 55.5 +/- 1.8

For CDWg10:
7 d: 37.5 +/- 0.8
28 d: 45.7 +/- 1.7
90 d: 54.1 +/- 1.7",MPa,"For CDWg5:
28 d: 90%
90 d: 92%

For CDWg10:
28 d: 84%
90 d: 90%",%,,,,,"CDWg5: 2 h 49 min
CDWg10: 2 h 31 min",hours/minutes,"CDWg5: 3 h 44 min
CDWg10: 3 h 46 min",hours/minutes,,,,,,,,
13,Rheological and Mechanical Properties of Ultra-High-Performance Concrete Containing Fine Recycled Concrete Aggregates,"Lanzhen Yu, Lili Huang and Hui Ding",Materials,2019,10.3390/ma12223717,Fine Recycled Concrete Aggregates (fine RCA),,"Medium-strength concrete waste from a dam in Yongjiang River in Ningbo, China",,"Crushing, comminution by an impact crusher, magnetic separation, and sieving by a double-deck screen",,,,,,,,,,,,,,,,,,,,Pre-wetted to a saturated surface dry condition,,0.18,,,,,,,,,,,,,,,,,,6.24,%,2.61,,,,,,,,,,,,,,,,,,,,,,,,,,,,,,,,,,,,,,,,,,,,"N100R0: 177.13
N80R20: 179.78
N60R40: 184.26
N40R60: 180.32
N20R80: 177.30
N0R100: 173.05",MPa,N60R40: 4.02% higher than control,%,,,,,,,,,"N100R0: 17.70
N80R20: 18.66
N60R40: 19.26
N40R60: 19.97
N20R80: 17.31
N0R100: 16.46",MPa,N40R60: 12.82% higher than control,%,"N100R0: 546.14
N40R60: 461.06",µm/m,N40R60: 15.58% lower than control,%
14,Investigation of recycled powder as supplementary cementitious material,"Peng Zhu, XinQi Mao, Wenjun Qu",Magazine of Concrete Research,2019,https://doi.org/10.1680/jmacr.18.00513,Recycled powder (hybrid recycled powder),,Clay brick and concrete waste,,"Smashing, grinding, drying and grading",,Ratio of bricks to concrete in raw materials is about 7 : 3,,Chemical activation,,"Sodium hydroxide (NaOH), calcium oxide (CaO), and anhydrous sodium sulfate (Na2SO4) used at varying dosages relative to recycled powder mass",,,,,,,,,,,,,,NaOH and anhydrous sodium sulfate dissolved in water; CaO added into cement before mixing,,0.5,,,,,,11–18,μm,,,,,0.817,m²/g,,,,,Ratio of water demand is 105%,%,2.60,g/cm³,,,46.90,%,19.3,%,11.70,%,5.62,%,2.17,%,1.49,%,0.84,%,2.30,%,5.9,%,Fineness: 6.77,%,"gismondine, illite, α-quartz, anorthite, limestone, rutile",,,,,,Points are below the curve of calcium ion saturation concentration (Has pozzolanic activity),,,,71.3,%,,,"Weight loss due to calcium hydroxide decomposition (TGA) at 3 d: 1.34%, 7 d: 1.61%, 28 d: 2.56%",%,30,%,,,45.4 (at 28 d for RP mix without activators),MPa,71.3,%,,,,,,,,,,,,,,,,
15,Thermal Performance of Concrete with Recycled Concrete Powder as Partial Cement Replacement and Recycled CDW Aggregate,"Blas Cantero, Miguel Bravo, Jorge de Brito, Isabel Fuencisla Sáez del Bosque, César Medina",Applied Sciences,2020,10.3390/app10134540,Ground Recycled Concrete (GRC),,Laboratory-prepared concrete specimens batched as per the Faury method,,Crushing and grinding,,Maximum size of 147 um,,,,,,,,,,,,,,,,,,,,"0.56, 0.58, 0.60, 0.59, 0.61, 0.63",,,,,,,,,,,,,,,,,,,,,,2.54,g/cm3,46.10,wt%,40.0,wt%,,,,,,,,,,,,,,,,,,,,,,,,,,,,,,,Low reactivity,,"10, 25",wt%,,,"42.8 ± 1.1 (NAC)
34.8 ± 1.4 (R10/0)
26.5 ± 0.9 (R25/0)
28.5 ± 1.2 (R0/50)
26.9 ± 1.4 (R10/50)
18.3 ± 0.9 (R25/50)",MPa,"100 (NAC)
81.3 (R10/0)
61.9 (R25/0)
66.6 (R0/50)
62.9 (R10/50)
42.8 (R25/50)",%,,,,,"90 (RB10)
91 (RB25)",min,"138 (RB10)
141 (RB25)",min,,,,,,,,
16,Mechanical behaviour of structural concrete with ground recycled concrete cement and mixed recycled aggregate,"B. Cantero, M. Bravo, J. de Brito, I.F. Saez del Bosque, C. Medina",Journal of Cleaner Production,2020,10.1016/j.jclepro.2020.122913,Ground Recycled Concrete (GRC),,Laboratory-prepared concrete specimens,,"Jaw crushing, roll crushing, and ball-grinding",,Jaw crushed to <16 m; roll crushed to <5 mm; ball-grinding at 60 rpm and a milling load of 56 kg per 20 kg of material for 2 h,,,,,,,,,,,,,,2,h,60,rpm,,,"0.56 (NAC), 0.58 (N10/0), 0.60 (N25/0), 0.59 (RA-CDW), 0.61 (R10/50), 0.63 (R25/50)",,D90 is 147 mm,mm,<10,mm,,,147,mm,,,,,,,,,,,2.54,g/cm³,,,46.10,wt%,40.00,wt%,3.80,wt%,1.50,wt%,0.50,wt%,0.40,wt%,0.30,wt%,1.20,wt%,6.20,wt%,,,"quartz, calcite, feldspars, muscovite, plagioclase, alite, belite",,,,,,,,,,Complies with class 42.5 R cement requirements,,,,,,"10, 25",%,10,%,"46.6 ± 1.2 (NAC), 37.8 ± 1.4 (N10/0), 27.7 ± 0.9 (N25/0), 34.8 ± 1.2 (R0/50), 32.8 ± 1.4 (R10/50), 23.3 ± 0.9 (R25/50)",MPa,,,,,,,"90 (RC10), 91 (RC25)",min,,,,,,,,,,
17,Mortars with thermo activated recycled cement: Fresh and mechanical characterisation,"Ana Carriço, Sofia Real, José Alexandre Bogas, Manuel Francisco Costa Pereira",Construction and Building Materials,2020,https://doi.org/10.1016/j.conbuildmat.2020.119502,Thermo activated recycled cement (TRC) / Recycled cement (RC),,Origin paste (OP) produced with CEM I 42.5R,,"Crushing, rolling, ball milling, and sieving",,Sieved into two fractions: under 125 μm (coarse powder - CP) and under 45 μm (fine powder - FP); ground for 2 h,,Thermal activation,,Heating rate: 20 °C/min,,,,"400, 500, 600, 700, 800, 900",°C,5,h,,,,,,,Cooled inside the oven until ambient temperature,,"0.40, 0.50, 0.56, 0.58, 0.67, 0.70, 0.72, 0.76, 0.77",,Graphically reported in Fig. 4,,,,,,,,< 125 (for CP); < 45 (for FP),μm,,,,,,,,,,,924 (for FP400); 898 (for FP500); 864 (for FP600); 843 (for FP700); 821 (for FP800); 814 (for FP900),kg/m³,,,12.5 (at 500 °C); 13.9 (at 600 °C); 15.7 (at 700 °C); 18.7 (at 800 °C); 19.4 (at 900 °C),%,,,,,,,,,,,,,,,,,"Calcite, free CaO (Calcia), C2S (Larnite / structure similar to α'L-C2S / structure closer to larnite), CH (Portlandite)",,"CH content upon contact with water: 16.5% (500 °C), 18.4% (600 °C), 20.8% (700 °C), 24.7% (800 °C), 25.6% (900 °C)",%,,,,,,,,,Cumulative heat release at 7 days for CP700 is approximately 46% lower than OPC (or OPC is 46% higher than TRC),,"29Si NMR spectrum shows Q0 peaks (dehydrated) and Q0, Q1, Q2 peaks after 1-day rehydration",,"20, 50, 100",%,up to 20 (for minimal strength impact); up to 50 (as a maximum viable mineral admixture replacement),%,"3-Day: 33.2 (MA20), 18.1 (MA50), 3.4 (MA100), 22.1 (MC20), 23.8 (MC50), 16.4 (MC100), 46.1 (MD20), 35.2 (MD50), 0.6 (MFP400), 4.6 (MFP500), 15.3 (MFP600), 4.9 (MFP700), 5.6 (MFP800), 5.1 (MFP900) 
7-Day: 48.1 (MA20), 33.0 (MA50), 6.0 (MA100), 32.2 (MC20), 29.4 (MC50), 21.6 (MC100), 61.7 (MD20), 49.1 (MD50) 
28-Day: 59.7 (MA20), 47.1 (MA50), 23.1 (MA100), 45.6 (MC20), 39.7 (MC50), 27.1 (MC100), 74.9 (MD20), 66.9 (MD50), 1.2 (MFP400), 9.3 (MFP500), 21.6 (MFP600), 15.9 (MFP700), 26.4 (MFP800), 24.6 (MFP900) 
90-Day: 71.3 (MA20), 56.3 (MA50), 30.4 (MA100)",MPa,"MA Mortars at 28 days: 20% incorporation = 92% of control; 50% incorporation = 72% of control; 100% incorporation = 36% of control 
MC/MD Mortars at 28 days: 100% TRC = 53% of control; MD20 = reduction of 2%; MD50 = reduction of 12%; MC20 = reduction of 11%; MC50 = reduction of 23%",%,,,"At 24 h: OPC was 42% higher than TRC 
At 7 days: OPC was 46% higher than TRC",%,145 (TRC1/20% CP700); 125 (TRC2/50% CP700); 15 (TRC3/100% CP700); 35 (TRC4/100% FP600); 125 (TRC5/100% FP700); 275 (TRC6/100% FP800); 290 (TRC7/100% FP900),min,210 (TRC1/20% CP700); 180 (TRC2/50% CP700); 32 (TRC3/100% CP700); 200 (TRC4/100% FP600); 170 (TRC5/100% FP700); 390 (TRC6/100% FP800); 405 (TRC7/100% FP900),min,"3-Day: 6.1 (MA20), 3.3 (MA50), 1.3 (MA100), 4.9 (MC20), 4.5 (MC50), 3.7 (MC100), 8.7 (MD20), 6.3 (MD50), 0.3 (MFP400), 1.5 (MFP500), 3.4 (MFP600), 1.7 (MFP700), 1.7 (MFP800), 1.1 (MFP900) 
7-Day: 7.6 (MA20), 5.6 (MA50), 2.1 (MA100), 7.5 (MC20), 6.0 (MC50), 4.3 (MC100), 9.6 (MD20), 8.7 (MD50) 
28-Day: 8.4 (MA20), 8.2 (MA50), 5.0 (MA100), 8.2 (MC20), 7.8 (MC50), 6.2 (MC100), 10.7 (MD20), 9.2 (MD50), 0.6 (MFP400), 2.6 (MFP500), 4.6 (MFP600), 4.0 (MFP700), 6.3 (MFP800), 4.0 (MFP900) 
90-Day: 9.6 (MA20), 9.3 (MA50), 5.9 (MA100)",MPa,,,,,,
18,Strength enhancement of artificial aggregate prepared with waste concrete powder and its impact on concrete properties,"Yi Jiang, Tung-Chai Ling, Minjiao Shi",Journal of Cleaner Production,2020,https://doi.org/10.1016/j.jclepro.2020.120515,Waste concrete powder (WCP),,Crushed waste concrete,,Cold-bonding pelletization,,Revolution speed: 40; Tilting angle: 45; Liquid to solid (L/S) ratio: 0.24,rpm; °; NULL,Combined chemical activation and CO2 curing,,Slag dosage: 5% to 20%; Ca(OH)2 dosage: 1% to 6%,wt.%; wt.%,CO2 concentration: 20%; Temperature: 20 °C; Relative humidity: 65%,%; °C; %,,,,,Grinding and sieving,,,,,,Natural air curing temperature: 20 ± 2 °C; Relative humidity: 60 ± 5%,°C; %,,,Passing 150 mm sieves,µm,1.8,µm,22.4,µm,158.9,µm,22.4,µm,,,3.55,m²/g,,,,,,,,,51.8,wt.%,22.8,wt.%,13.6,wt.%,5.6,wt.%,1.4,wt.%,0.8,wt.%,e (NULL),,2.6,wt.%,e (NULL),,TiO2: 0.7; Others: 0.7,wt.%; wt.%,"Quartz, ettringite, belite, calcite, calcium silicate hydroxide",,,,,,Poor reactivity,,,,,,,,,,100% replacement of natural coarse aggregate,%,,,"Concrete S2 (C10G20CH3):
3d: 14.9 ± 1.4
7d: 19.8 ± 1.0
28d: 27.8 ± 1.3

Concrete S3 (C20G20CH3):
3d: 16.6 ± 0.9
7d: 21.4 ± 1.6
28d: 31.8 ± 1.1",MPa,"Concrete S2: Decreased by 36.0%
Concrete S3: Decreased by 26.9%",%,,,,,,,,,"Concrete S2 (C10G20CH3):
3d: 2.1 ± 0.3
7d: 2.5 ± 0.3
28d: 3.0 ± 0.2

Concrete S3 (C20G20CH3):
3d: 2.5 ± 0.4
7d: 2.6 ± 0.3
28d: 3.2 ± 0.2",MPa,Decreased by 7–12%,%,"Concrete S2 (60d): ~77 × 10⁻⁵
Concrete S3 (60d): ~72 × 10⁻⁵",Strain,"Concrete S2: 47% higher than S1
Concrete S3: 38% higher than S1",%
19,Use of concrete fine fraction waste as a replacement of Portland cement,"Thays C.F. Oliveira, Bianca G.S. Dezen, Edna Possan",Journal of Cleaner Production,2020,https://doi.org/10.1016/j.jclepro.2020.123126,Concrete Waste (CW) / fine fraction of concrete waste,,Concrete specimens,,"Mechanical treatment (fragmentation, comminution, and sifting)",,"Sifted in sieves mesh #100 (0.149 mm), #200 (0.075 mm), and #325 (0.044 mm)",mm,,,,,,,,,,,,,,,,,,,"0.48 (for mortars); 0.55 (for concretes, reported as W/C)",,Diameter below 0.15 mm,mm,,,,,,,90.53 (RC1); 34.16 (RC2); 22.77 (RC3); 36.03 (RC4),um,,,,,735.67 (RC1); 1052.13 (RC2); 2825.63 (RC3); 1732.30 (RC4),cm2/g,,,2.52 (RC1); 2.58 (RC2); 2.72 (RC3); 2.57 (RC4),g/cm3,2.52 (RC1); 2.58 (RC2); 2.72 (RC3); 2.57 (RC4),g/cm3,38.8 (RC1); 38.2 (RC2); 38.0 (RC3); 38.5 (RC4),%,23.7 (RC1); 21.1 (RC2); 21.5 (RC3); 22.0 (RC4),%,8.0 (RC1); 9.7 (RC2); 10.2 (RC3); 9.5 (RC4),%,12.5 (RC1); 14.2 (RC2); 13.7 (RC3); 13.5 (RC4),%,2.8 (RC1); 2.8 (RC2); 2.9 (RC3); 3.0 (RC4),%,1.1 (RC1); 0.9 (RC2); 1.0 (RC3); 1.0 (RC4),%,1.8 (RC1); 1.7 (RC2); 1.8 (RC3); 1.8 (RC4),%,1.1 (RC1); 1.2 (RC2); 1.2 (RC3); 1.2 (RC4),%,8.3 (RC1); 7.8 (RC2); 7.2 (RC3); 7.3 (RC4),%,TiO2: 1.2 (RC1); 1.6 (RC2); 1.8 (RC3); 1.4 (RC4),%,"Quartz, Calcite, Portlandite, Goethite",,,,,,Chemically inert (without pozzolanicity),,54.14 (RC1); 66.41 (RC2); 74.79 (RC3); 66.18 (RC4),%,,,,,,,"Mortars: 0%, 15%, 25%, 50%; Concretes: 0%, 15%, 25%",%,Up to 25%,%,"Mortars (28 days):
• RC2 (15%): ~32 
• RC2 (25%): ~28 
• RC3 (15%): ~31 
• RC3 (25%): ~25.5 
• RC4 (15%): ~34 
• RC4 (25%): ~29 
Mortars (RC4 over time):
• 15% (7d): ~27; (28d): ~34; (91d): ~33.5 
• 25% (7d): ~24.8; (28d): ~29; (91d): ~32 
• 50% (7d): ~10.5; (28d): ~15.8; (91d): ~16.5 
Concretes (28d / 91d):
• 0% (28d): ~40; (91d): ~45.5 
• 15% (28d): ~34.5; (91d): ~38.2 
• 25% (28d): ~31.5; (91d): ~36.5",MPa,,%,,,,,,,,,,,,,,,,
20,"Surface characterization of carbonated recycled concrete fines and its effect on the rheology, hydration and strength development of cement paste","Xiaowei Ouyang, Liquan Wang, Shida Xu, Yuwei Ma, Guang Ye",Cement and Concrete Composites,2020,10.1016/j.cemconcomp.2020.103809,Recycled cement paste powder (RP) and Carbonated recycled cement paste powder (CRP),,Crushed cement paste specimens after hydration for 120 days,,Grinding,,Grinding of crushed cement paste specimens after hydration for 120 days,,Accelerated Carbonation Treatment,,"Temperature: 20±2°C, Relative humidity: 70±5%, CO2 concentration: 20±3%, Pressure: 0.1 MPa, Duration: 12 days",,"Temperature: 20±2°C, Relative humidity: 70±5%, CO2 concentration: 20±3%, Pressure: 0.1 MPa",,,,,,,,,,,,,,0.4,,Plotted as cumulative and volume distributions in Figure 1,,,,CRP: 55.41; CR (RP): 22.23,µm,,,,,CRP: 0.56; CR (RP): 0.86,m²/g,,,,,,,,,,,,,,,,,,,,,,,,,,,,,"CH (Calcium Hydroxide): 12.46 (RP), 4.03 (CRP); CaCO3 (Calcium Carbonate): 8.30 (RP), 52.30 (CRP)",wt%,"RP: CH, ettringite (AFt), C2S, C3S; CRP: CaCO3",,"RP: 12.46% CH, 8.30% CaCO3; CRP: 4.03% CH, 52.30% CaCO3",wt%,Amorphous silica gel layer covers CRP surface,,Silica gel on the surface of CRP reacts with CH,,,,,,,,Zeta potential curves as a function of Ca2+ concentration,mV,"30, 40",%,,,,,,,,,,,,,,,,,,,,,,
21,Study on Properties of Waste Concrete Powder by Thermal Treatment and Application in Mortar,"Yuwu Sui, Chuping Ou, Shu Liu, Jinshuai Zhang and Qingbo Tian",Applied Sciences,2020,10.3390/app10030998,Waste concrete powder (WCP),,Used concrete made before 2015,,"Crushing, screening, and grinding",,<0.125 mm,mm,Thermal treatment,,,,,,"200, 400, 600, 700, 800",°C,3,h,,,,,,,Labor heating furnace,,0.5,,,,,,,,3.08 (at 700 °C); 17.85 (at 600 °C),µm,Distributed from 0.84 to 30,µm,,,,,,,,,,,,,20.50,%,56.75,%,8.42,%,3.99,%,3.84,%,3.49,%,0.49,%,1.08,%,1.04,%,P2O5: 0.13,%,"Larnite (β-C2S), calcium silicates (Ca3SiO5 and Ca2SiO4), Quartz, Calcite",,,,,,,,,,See Activity Index entries in Table 3,%,Endothermic peak from about 700 to 900,°C,"Free calcium oxide content: 0.1 (unheated), 0.15 (200 °C), 0.2 (400 °C), 0.4 (600 °C), 0.8 (700 °C), 3.6 (800 °C)",%,30,%,30 (WCP treated at 700 °C),%,"3-Day:
- Control: 29.41
- 0 °C: 17.68
- 200 °C: 14.34
- 400 °C: 14.97
- 600 °C: 16.68
- 700 °C: 23.71
- 800 °C: 17.53

7-Day:
- Control: 46.82
- 0 °C: 25.16
- 200 °C: 26.20
- 400 °C: 29.92
- 600 °C: 23.16
- 700 °C: 33.43
- 800 °C: 28.44

28-Day:
- Control: 55.34
- 0 °C: 41.91
- 200 °C: 38.98
- 400 °C: 42.64
- 600 °C: 39.82
- 700 °C: 47.71
- 800 °C: 36.98",MPa,"3-Day:
- Control: 100
- 0 °C: 60.1
- 200 °C: 48.8
- 400 °C: 50.9
- 600 °C: 56.7
- 700 °C: 80.6
- 800 °C: 59.6

7-Day:
- Control: 100
- 0 °C: 53.7
- 200 °C: 56.0
- 400 °C: 63.9
- 600 °C: 49.5
- 700 °C: 71.4
- 800 °C: 60.7

28-Day:
- Control: 100
- 0 °C: 75.7
- 200 °C: 70.4
- 400 °C: 73.5
- 600 °C: 72.0
- 700 °C: 86.2
- 800 °C: 66.8",%,,,,,,,,,"3-Day:
- Control: 5.44
- 0 °C: 3.58
- 200 °C: 3.33
- 400 °C: 3.66
- 600 °C: 3.81
- 700 °C: 4.91
- 800 °C: 3.96

7-Day:
- Control: 7.27
- 0 °C: 4.43
- 200 °C: 5.72
- 400 °C: 6.52
- 600 °C: 5.15
- 700 °C: 6.42
- 800 °C: 5.36

28-Day:
- Control: 8.79
- 0 °C: 4.63
- 200 °C: 6.18
- 400 °C: 7.06
- 600 °C: 5.89
- 700 °C: 6.83
- 800 °C: 6.23",MPa,"3-Day:
- Control: 100
- 0 °C: 65.8
- 200 °C: 61.2
- 400 °C: 67.3
- 600 °C: 70.0
- 700 °C: 90.0
- 800 °C: 72.8

7-Day:
- Control: 100
- 0 °C: 60.9
- 200 °C: 78.7
- 400 °C: 89.7
- 600 °C: 70.8
- 700 °C: 88.3
- 800 °C: 73.7

28-Day:
- Control: 100
- 0 °C: 52.7
- 200 °C: 70.3
- 400 °C: 80.3
- 600 °C: 67.0
- 700 °C: 77.7
- 800 °C: 70.9",%,,,,
22,The utilization of eco-friendly recycled powder from concrete and brick waste in new concrete: A critical review,"Qin Tang, Zhiming Ma, Huixia Wu, Wan Wang",Cement and Concrete Composites,2020,https://doi.org/10.1016/j.cemconcomp.2020.103807,"Recycled concrete powder (RCP), Recycled powder (RP)",,"Concrete waste, Construction and demolition (C&D) waste",,"Deep mechanical milling, crushing, grinding (ball mill, jet mill, planetary ball mill, vibration milling, superfine air pulverizer)",,Grinding duration,min or h,"Thermal treatment (heat treatment), Alkali activation, CO2-curing treatment, Mechanical activation",,,,CO2-curing,,"600–800 (Also mentioned: 500, 800)",°C,30–60,min,Deep mechanical milling / grinding,,"0 to 6, up to 30, 60, 90, 120, 10, 40, 20, 50, 70, 80, 100",min or h,,,"Double mixing (with RBP or other SCMs like fly ash, slag, lime), Nano-SiO2 addition","%, modules, etc.","0.35, 0.40, 0.54, 0.61, 0.26, 0.28, 0.55, 0.50",,,,,,"32.2 to 9.2; below 10, 11–20, 21–30, above 30; 9.06; 90; 176; 12.54; 12.5; 4; 18.0; 11; 5.94",μm,,,9.06,μm,"396.3, 452.8, 702.8; 607.9, 476.3",m²/kg or cm²/g,,,,,High water absorption,,,,,,High content (Graph-derived range: ~30-70%),%,High content (Graph-derived range: ~10-40%),%,Graph-derived range: ~2-15%,%,Graph-derived range: ~1-10%,%,Reported in chart (low range),%,Reported in chart (low range),%,Reported in chart (low range),%,Reported in chart (low range),%,,,,,"SiO₂ particles, C–S–H gel, un-hydrated cement particles, calcite (CaCO₃), larnite, calcium silicates (Ca₃SiO₅ and Ca₂SiO₄)",,Mineral crystals and active amorphous substances,,,,High contents of SiO₂ and Al₂O₃ help promote pozzolanic activity,,,,"62.8%, 70.2%, 92%, 84%, 73%, 72%, 75%, 80%, 71.3%, 77.1%, 72.0%, 55%, 61%, 72.6%, 62%, 31%, 68.1%, 70.9%",%,Cumulative hydration heat decreases with increasing replacement levels,J/g or %,Porous structure increases early wetting heat,,"0, 5, 7.5, 10, 12.5, 15, 19, 20, 25, 30, 37.5, 40, 45, 50",%,30 (GRAPH-DERIVED),%,"65.96, 60.69, 59.19, 56.18, 45.64, 61.68, 58.32, 49.44, 38.88, 38.40, 38.1, 43.2, 32.6, 31.3, 33.5, 33.7, 27.1, 22, 48.2, 47.1, 44.4, 38.1, 34.8, 36.9, 34.0, 26.1, 65.8",MPa,"100%, 92%, 90%, 85%, 69%, 95%, 80%, 63%, 62%, 114%, 86%, 82%, 101%, 81%, 66%, 98%, 92%, 79%, 106%, 75%",%,,,,,"273, 288, 298, 309",min,"469, 520, 539, 590",min,,,Formula: Fr = 1 - 0.0072 × PRCP,%,"Autogenous: 17.5% lower, 47.6% lower, 23.6% lower, 50.6% lower. Drying: 411.5, 368.1–392.2; 54.2, 63.1, 74.1, 91.2",με or mm (or % change),"16.4% higher, 36.7% higher, 68.3% higher; 4.7% lower, 10.5% lower",%
23,Wet-milling disposal of autoclaved aerated concrete demolition waste - A comparison with classical supplementary cementitious materials,"Jin Yang, Linghao Zeng, Zechun Su, Xingyang He, Ying Su, Rixu Zhao, Xiangchen Gan",Advanced Powder Technology,2020,https://doi.org/10.1016/j.apt.2020.07.016,Raw autoclaved aerated concrete waste (RA) and wet-milling autoclaved aerated concrete waste (WA),,Autoclaved aerated concrete block demolition waste,,Crushing followed by wet-milling in vertical stirring mill,,Inner diameter: 0.8; Depth: 1; Motor power: 7.5; Mass of balls: 200; Ball diameter: 0.5–5; Water-to-powder mass ratio: 1:2; Ball-to-powder mass ratio: 2:1; Solid content: 67; Rotation frequency: 3000; Duration: 120,"m, m, kW, kg, mm, N/A, N/A, %, r/min, min",Mechanical activation via wet-milling,,Rotation frequency: 3000; Duration time: 120,"r/min, min",,,,,,,Wet-milling (grinding in a water environment using a vertical stirring mill),,120,min,3000,r/min,Water used as liquid dispersion medium,,0.35,,Uniform / almost normal-distributed one after wet-milling,,RA: 13.8; WA: 0.887,μm,RA: 142; WA: 2.33,μm,RA: 884; WA: 5.6,μm,,,RA: ~150; WA: ~3350,m²/kg,,,,,,,,,,,RA: 36.0; WA: 36.2,wt%,RA: 22.4; WA: 22.6,wt%,RA: 18.5; WA: 18.3,wt%,RA: 3.2; WA: 3.1,wt%,RA: 1.7; WA: 1.8,wt%,RA: 1.3; WA: 1.4,wt%,,,,,RA: 13.6; WA: 14.0,wt%,"NaO (RA: 0.6, WA: 0.6); MnO (RA: 0.6, WA: 0.6); P₂O₅ (RA: 0.2, WA: 0.2)",wt%,"Quartz, calcite, and tobermorite",,"Quartz, calcite, and tobermorite",,,,Limited pozzolanic reactivity,,,,"3d: WA (~98%), RA (~74%); 28d: WA (~100%), RA (~81%)",%,"Main peak location: WA (5.5 h), RA (14.5 h); Dormant minimum: WA (1.3 h), RA (2.0 h)",h,,,30,m.% (wt%),,,"WA30: 1d (~31), 3d (~50.5), 7d (~54.5), 28d (~64.5)
RA30: 1d (~15), 3d (~38.5), 7d (~46), 28d (~52)",MPa,,,"WA30: ~148
RA30: ~130",mW/g,,,,,,,,,,,,,,
24,"Utilization of Recycled Concrete Powder in Cement Composite: Strength, Microstructure and Hydration Characteristics","Xi Chen, Ying Li, Hualei Bai, Liyuan Ma",Journal of Renewable Materials,2021,10.32604/jrm.2021.015394,Recycled concrete powder (RCP),,Waste concrete beam,,"Mechanical pre-treatment (crushing, screening/sieving, and ball milling)",,"30 min pulverization duration, selected under 0.15 mm","min, mm",,,,,,,,,,,,,,,,,,,"0.45 (for pastes J0-J4, F11-F22), 0.5 (for mortars S0-S4)",,Particles under 0.15 mm,mm,,,,,,,,,467,m^2/Kg,,,,,,,,,856,Kg/m^3,27.8,%,29.1,%,6.70,%,2.73,%,4.49,%,1.11,%,0.56,%,1.09,%,,,"TiO₂: 0.34, CO₂: 25.7",%,"Quartz (A-SiO2), Calcite (=-CaCO3), Dolomite (c-CaMg(CO)), Portlandite (D-Ca(OH)2), Anorthite (E -CaAl2Si2O8)",,,,,,,,,,,,Higher total hydration heat than fly ash and silica fume from 0 to 72 h (at 10% dosage),J/g,,,"10%, 20%, 30%, 40% (single-doped); 30% total replacement for composite designs (containing varying combinations of RCP, FA, and SF)",%,15% RCP (when blended with 15% FA+SF at FA:SF = 3:2),%,"3-Day Strength:
S0: ~27 MPa
S1: ~26.5 MPa
S2: ~23.5 MPa
S3: ~20 MPa
S4: ~18 MPa
FS11: ~18.5 MPa
FS12: ~18.2 MPa
FS21: ~18 MPa
FS22: ~20.2 MPa

7-Day Strength:
S0: ~43.2 MPa
S1: ~42.3 MPa
S2: ~36.5 MPa
S3: ~32.5 MPa
S4: ~26.8 MPa
FS11: ~24.2 MPa
FS12: ~25.5 MPa
FS21: ~25 MPa
FS22: ~24.8 MPa

28-Day Strength:
S0: 49.3 MPa
S1: 43.6 MPa
S2: 42.6 MPa
S3: 33.7 MPa
S4: 27.8 MPa
FS11: 36.2 MPa
FS12: 50.6 MPa
FS21: 33.8 MPa
FS22: 40.2 MPa",MPa,>80% for the 20% dosage,%,,,,,"J0: ~4.2 h
J1: ~3.9 h
J2: ~5.3 h
J3: ~4.5 h
J4: ~4.5 h
F11: ~2.0 h
F12: ~2.4 h
F21: ~3.3 h
F22: ~3.0 h",h,"J0: ~5.1 h
J1: ~5.5 h
J2: ~5.9 h
J3: ~7.0 h
J4: ~6.9 h
F11: ~4.1 h
F12: ~5.2 h
F21: ~4.9 h
F22: ~4.5 h",h,"3-Day Strength:
S0: ~6.3 MPa
S1: ~6.0 MPa
S2: ~5.8 MPa
S3: ~4.9 MPa
S4: ~4.7 MPa
FS11: ~4.3 MPa
FS12: ~4.1 MPa
FS21: ~4.2 MPa
FS22: ~4.6. MPa

7-Day Strength:
S0: ~7.9 MPa
S1: ~7.6 MPa
S2: ~6.7 MPa
S3: ~6.0 MPa
S4: ~5.7 MPa
FS11: ~4.8 MPa
FS12: ~5.1 MPa
FS21: ~5.6 MPa
FS22: ~5.2. MPa

28-Day Strength:
S0: 8.5 MPa
S1: 8.2 MPa
S2: 7.5 MPa
S3: 7.0 MPa
S4: 6.5 MPa
FS11: 8.5 MPa
FS12: 9.0 MPa
FS21: 7.1 MPa
FS22: 7.2 MPa",MPa,>80% for the 20% dosage,%,,,,
25,A novel upcycling technique of recycled cement paste powder by a two-step carbonation process,"Xiaoliang Fang, Dongxing Xuan, Baojian Zhan, Weifeng Li, Chi Sun Poon",Journal of Cleaner Production,2021,https://doi.org/10.1016/j.jclepro.2020.125192,Recycled cement paste powder (RCP),,Well-hydrated cement paste (two years old) prepared with an ASTM Type I Portland cement at a water/cement ratio of 0.4,,Crushed and grinded by a ball mill,,,,Two-step carbonation process,,,,"Step 1: Mixed with 0.5 mol/L Na2CO3 solution and 0.5 wt% TEA at a liquid/RCP ratio of 100 for 24 h using a magnetic stirrer.

Step 2: Flow-through pure CO2 gas (>99.99%) at a flow rate of 1.5 L/min for 7 h.",,,,,,,,,,,,,,,,,,,,16.6,µm,65.2,µm,,,,,,,,,,,,,,,21.30,wt%,64.10,wt%,5.63,wt%,3.22,wt%,1.15,wt%,3.54,wt%,,,0.56,wt%,,,"MnO: 0.03
TiO2: 0.23
P2O5: 0.15
SrO: 0.10",wt%,"Portlandite, dicalcium silicate (C2S)",,,,,,,,,,,,,,,,,,,,,,,,,,,,,,,,,,,,,,,
26,Investigation of using recycled powder from the preparation of recycled aggregate as a supplementary cementitious material,"Shujun Li, Jianming Gao, Qiuyi Li, Xiaolong Zhao",Construction and Building Materials,2021,https://doi.org/10.1016/j.conbuildmat.2020.120976,Recycled concrete powder (RCP),,Waste concrete without waste clay bricks,,Laboratory ball milling,,Particle size range controlled within 0-75 µm,µm,,,,,,,,,,,,,,,Adjustable rotational speed,,,,0.5,,,,,,,,,,,,,,"RCP-S: ~3200
RCP-I: ~3050
RCP-II: ~2700
RCP-III: ~1800",m²/kg,"RCP-S: 821
RCP-I: 701
RCP-II: 553
RCP-III: 476",m²/kg,,,,,,,50.93,%,18.18,%,13.55,%,6.37,%,2.73,%,0.92,%,,%,3.50,%,11.32,%,3.82,%,"Quartz, Calcite, Albite",,,,,,Not significant,,,,,,,,Water requirement ratio (WRR): 110 to 114%,%,30,%,,,"28-Day:**
Control: ~42.5
RCP-III: ~28.5
RCP-II: ~30.0
RCP-I: ~31.0
RCP-S: ~32.0

**90-Day:**
Control: ~50.5
RCP-III: ~36.5
RCP-II: ~37.0
RCP-I: ~38.0
RCP-S: ~39.0",MPa,"28-Day:**
RCP-III: ~67%
RCP-II: ~70%
RCP-I: ~73%
RCP-S: ~75%

**90-Day:**
73 to 77% (range reported in text)",%,,,,,,,,,"28-Day:**
Control: ~7.5
RCP-III: ~5.3
RCP-II: ~5.6
RCP-I: ~5.8
RCP-S: ~6.0

**90-Day:**
Control: ~9.2
RCP-III: ~6.6
RCP-II: ~6.8
RCP-I: ~7.0
RCP-S: ~7.2",MPa,"90-Day:**
72 to 78%",%,"90-Day:**
Control: ~0.155
RCP-III: ~0.184
RCP-II: ~0.178
RCP-I: ~0.172
RCP-S: ~0.168",mm,"90-Day:**
8 to 19% higher than control",%
27,Comparison of technical properties of cement pastes with different activated recycled powder from construction and demolition waste,"Tao Meng, Yongpeng Hong, Kanjun Ying, Zhongjia Wang",Cement and Concrete Composites,2021,https://doi.org/10.1016/j.cemconcomp.2021.104065,Hybrid Recycled Powder (HRP),,Construction and demolition waste (C&DW),,Ball mill grinding,,"Grinding time: 30 min, Mass: 10 kg, Power: 2.2 kW",,"Mechanical, Chemical, and Nano activations",,Grinding aid dosage: 0.1% by mass of NHRP; Nano-CaCO3 slurry solid content: 5%,,,,,,,,Ball mill grinding,,30,min,,,Grinding aid main component: triethanolamine,,0.3,,,,,,,,,,NHRP: 262.0; HRP-1: 22.22; HRP-2: 21.652,µm,,,,,,,,,,,,,65.26,%,4.48,%,11.05,%,3.18,%,1.34,%,,,0.22,%,1.87,%,7.21,%,TiO2: 0.6,%,"SiO2, CaCO3, Mica, Anorthite, Dihydrate gypsum",,,,,,Potential pozzolanic activity indicated,,,,,,,,,,"10, 20, 30, 40, 50",%,,,"Non-activated 20% HRP (NHRP):
3d: 17.10 [GRAPH-DERIVED]
7d: 33.76 [GRAPH-DERIVED]
28d: 54.52 [GRAPH-DERIVED]

Chemically activated 20% HRP (HRP-2):
3d: 23.25
7d: 40.01
28d: 73.46

Control Paste (0% HRP):
3d: 56.42
7d: 70.92
28d: 104.83",MPa,"HRP-2 at 20% Replacement:
3d: higher by 35.94% than NHRP
7d: higher by 18.50% than NHRP
28d: higher by 34.75% than NHRP",%,,,,,,,,,,,,,,,,
28,Use of fine recycled concrete aggregates in concrete: A critical review,"Marija Nedeljković, Jeanette Visser, Branko Šavija, Siska Valcke, Erik Schlangen",Journal of Building Engineering,2021,10.1016/j.jobe.2021.102196,"fRCA (fine recycled concrete aggregates), recycled concrete powder, ADR fines",,"Construction and Demolition Waste (C&DW), precast industry, laboratory crushed mortars and concretes",,"Mechanical crushing (rotor crusher, jaw crusher, cone crusher, impact crusher, roll crusher, smart crusher, vertical shaft impact (VSI) crusher), heating and grinding (Advanced Dry Recovery)",,"Rotor speeds: 55, 65, 75",m/s,"Chemical acid treatment, Pre-carbonation, Slurry coating",,,,,,,,,,Grinding,,,,,,,,"0.35, 0.44, 0.5, 0.53, 0.6, 0.7",,"S-shape curves; fractions analyzed include 0-0.250 mm, 0-150 μm, 250-300 μm, 0.6-1.2 mm",,,,,,,,< 4,mm,5.3 (for 0-4 mm fRCA); 9.9 (for fines < 63 μm),m^2/g,,,,,"4.28 to 13.1 (Average: 8.4); 12, 9, 8.1, 7 (VSI speeds); 11.2",%,,,,,48.0–84.2; 31.1; 41.2; 75.5,%,2.4–13.9; 10–23; 12.4; 35.2; 11.2,%,5.0–17.2; 8.7; 6.4; 4.6,%,2.7; 3.0; 1.6,%,,,"Water soluble: < 1, 0.08–0.24; Acid soluble: 0.27–1.53",%,Na2Oeq: 0.46–1.5,%,,,3.4–19.6; 9–23,%,"Total sulfur: < 1, 0.35–0.62; Water-soluble Cl⁻: 0.002, < 0.01; Acid-soluble Cl⁻: 0.02",%,"Quartz, Crystalline phases, Adhered cement paste, Limestone, Ettringite, Monosulfoaluminates, Gibbsite, Gypsum, Feldspars",wt%,"Quartz, feldspars, calcite/limestone, ettringite, monosulfoaluminates, gibbsite, gypsum",,,,Non-reactive,,,,,,Substitution of natural sand by fRCA does not change the degree of cement hydration,,,,,%,,%,Ranges from 17.8 to 122.0 across reported matrix configurations,MPa,"Max reductions: 6.7% (at 10% replacement), 11.1% (at 30% replacement), 31.3% (at 50% replacement), 50% (at 100% replacement); Max increases: 3.7% (at 10% replacement), 5% (at 30% replacement), 16% (at 50% replacement)",%,,,,,,,,,,,,,Swelling: 1 (for 30% fRCA); Drying shrinkage: lower than 1.0 (with particles < 0.6 mm removed),μm/m or mm/m,"Drying shrinkage increased by 50% (at 20% fRCA), increased by 23%–41% (at 100% fRCA), increased by >100% (with simultaneous coarse + fine replacement); Carbonated fRCA drying shrinkage reduced by 8% to 13%",%
29,Environmental perspectives of recycled concrete powder as cement replacement,Jan Pešta; Michal Ženíšek; Vladimír Kočí; Tereza Pavlů,AIP Conference Proceedings (AIP Conf. Proc.),2021,https://doi.org/10.1063/5.0042093,Recycled concrete powder (RCP),,Waste concrete,,Crushing,,"0–0,063 mm",mm,,,,,,,,,,,,,,,,,,,,,,,~3.5 (GRAPH-DERIVED),µm,~19.0 (GRAPH-DERIVED),µm,~65.0 (GRAPH-DERIVED),µm,22,µm,,,,,230,m²/kg,,,,,,,,,High concentration (exact value NULL),,,,,,,,,,,,,,11.9,%,,,,,,,,,,,,,,,,,,,"0, 10, 20, 30, 40, 50",%,10,%,"51.6 (at 0% replacement)
41.3 (at 10% replacement)
31.7 (at 20% replacement)
22.8 (at 30% replacement)
13.6 (at 40% replacement)
10.0 (at 50% replacement)",MPa,"100 (at 0% replacement)
~80 (at 10% replacement)
~61.4 (at 20% replacement)
~44.2 (at 30% replacement)
~26.4 (at 40% replacement)
<20 (at 50% replacement)",%,,,,,,,,,,,,,,,,
30,Utilizing thermal activation treatment to improve the properties of waste cementitious powder and its newmade cementitious materials,"Huixia Wu, Jianguang Xu, Dingyi Yang, Zhiming Ma",Journal of Cleaner Production,2021,https://doi.org/10.1016/j.jclepro.2021.129074,Waste cementitious powder,,"Concrete waste, mortar waste, and hardened cement paste waste",,Crushed by a jaw crusher and ground,,Sieved to 150 μm maximum particle size,μm,Thermal activation treatment,,Heating rate: 5 °C/min,°C/min,,,"20, 600, 800, 1000, 1200",°C,2,h,,,,,,,,,0.50,,,,,,23.5–26.5,μm,,,,,,,,,,,,,,,,,,,,,,,,,,,,,,,,,"WCP-20C: 0%
* WCP-600C: 5.1%
* WCP-800C: 15.9%
* WCP-1000C: 25.6%
* WCP-1200C: 27.3%
* WMP-20C: 0%
* WMP-600C: 4.5%
* WMP-800C: 8.4%
* WMP-1000C: 8.6%
* WMP-1200C: 9.3%
* WPP-20C: 0%
* WPP-600C: 14.9%
* WPP-800C: 21.1%
* WPP-1000C: 22.3%
* WPP-1200C: 23.3%",%,,,"WCP-20C: Quartz (SiO2), calcite (CaCO3), CaMg(CO3)2
* WCP-800C: CaO, calcium silicate
* WCP-1200C: Anhydrous gypsum, amorphous SiO2
* WMP-20C: Quartz, calcite
* WMP-800C/1000C: CaO, active calcium silicate
* WMP-1200C: CaSiO3, anhydrous gypsum, amorphous SiO2
* WPP-20C: Portlandite (CH), C-S-H gel, SiO2, CaCO3
* WPP-600C: CaO
* WPP-800C/1000C: CaO, calcium silicate
* WPP-1200C: Anhydrous gypsum",,,,,,,,,,"WCP-20C: 73.7%
* WCP-600C: 77.9%
* WCP-800C: 86.7%
* WCP-1000C: 85.1%
* WCP-1200C: 54.6%
* WMP-20C: 73.1%
* WMP-600C: 77.6%
* WMP-800C: 75.3%
* WMP-1000C: 64.4%
* WMP-1200C: 61.0%
* WPP-20C: 71.7%
* WPP-600C: 90.1%
* WPP-800C: 85.8%
* WPP-1000C: 84.0%
* WPP-1200C: 60.0%",%,,,,,30%,%,,,"Plain mortar: 37.08
* M-30WCP-20C: 27.32
* M-30WCP-600C: 28.89
* M-30WCP-800C: 32.16
* M-30WCP-1000C: 31.55
* M-30WCP-1200C: 20.25
* M-30WMP-20C: 27.1
* M-30WMP-600C: 28.76
* M-30WMP-800C: 27.9
* M-30WMP-1000C: 23.89
* M-30WMP-1200C: 22.63
* M-30WPP-20C: 26.59
* M-30WPP-600C: 33.4
* M-30WPP-800C: 31.83
* M-30WPP-1000C: 31.16
* M-30WPP-1200C: 22.25",MPa,,,,,,,,,,,"Plain mortar: 8.62
* M-30WCP-20C: 6.68
* M-30WCP-600C: 6.82
* M-30WCP-800C: 7.73
* M-30WCP-1000C: 7.56
* M-30WCP-1200C: 4.95
* M-30WMP-20C: 6.57
* M-30WMP-600C: 6.91
* M-30WMP-800C: 6.51
* M-30WMP-1000C: 5.92
* M-30WMP-1200C: 5.37
* M-30WPP-20C: 6.44
* M-30WPP-600C: 7.73
* M-30WPP-800C: 7.56
* M-30WPP-1000C: 7.03
* M-30WPP-1200C: 4.54",MPa,,,,,,
31,CO2 mineralization of demolished concrete wastes into a supplementary cementitious material – a new CCU approach for the cement industry,"Maciej Zajac, Jan Skocek, Jørgen Skibsted, Mohsen Ben Haha",RILEM Technical Letters,2021,https://doi.org/10.21809/rilemtechlett.2021.141,"Recycled concrete paste (RCP), carbonated RCP (cRCP)",,Demolished concrete,,"Advanced recycling and separation technologies (such as SmartCrusher, Advanced Dry Recovery (ADR), or vertical rolled soft milling followed by separation)",,10 kWh/t energy consumption (conservative estimate for advanced recycling),kWh/t,Wet carbonation / Aqueous mineralization,,20 kWh/t energy consumption for re-carbonation,kWh/t,"Ambient temperature and pressure, < 10% CO2 gas concentration (specifically 10% CO2 / 90% N2 gas flow at 10 L/hr/1g cement at T = 20°C and normal pressure)",,,,,,,,,,,,Wet carbonation reaction time of 360 min. / 2 hours / 30 minutes,min. / hours,,,,,,,,,,,,,150,m²/(g gel),,,,,,,,,,,,,,,,,,,,,,,,,,,,,,,"Calcite, Amorphous phase",,"Calcium carbonate, Amorphous alumina-silica gel",,,,Very rapid pozzolanic reaction / Rapid strength gain,,,,,,,,"Portlandite consumption of CH-cRCP_I: ~46.5% at 1 day, ~50% at 2 days, ~51% at 7 days, ~53% at 28 days, ~54.5% at 90 days. CH-cRCP_III: ~50% at 1 day, ~58.5% at 2 days, ~61% at 7 days, ~62.5% at 28 days, ~64% at 90 days.",%,40% (also general ranges of 20-40% cited),%,,,"CEM-cRCP_I:
1d: ~10 MPa
2d: ~19 MPa
7d: ~40 MPa
28d: ~48 MPa
90d: ~50 MPa

CEM-cRCP_III:
1d: ~10.5 MPa
2d: ~20 MPa
7d: ~42 MPa
28d: ~51 MPa
90d: ~55 MPa",MPa,,,,,,,,,,,,,,,,,,
32,Evaluation of waste concrete recycled powder (WCRP) on the preparation of low-exothermic cement,"Xi Chen, Ying Li, Zheyu Zhu, Liyuan Ma",Journal of Building Engineering,2022,https://doi.org/10.1016/j.jobe.2022.104511,Waste Concrete Recycled Powder (WCRP),,Waste concrete beam from Xining railway traffic engineering project,,"Crushed by jaw crusher, screened, and pulverized by planetary ball mill",,Pulverized for 30 min,min,Mechanical activation (grinding),,,,,,,,,,Planetary ball mill,,30,min,,,,,0.45,,"<2 µm: 1.51%, <5 µm: 12.77%, <10 µm: 25.91%, <20 µm: 42.92%, <30 µm: 53.57%, <50 µm: 73.71%, <70 µm: 85.00%, <90 µm: 90.96%, <100 µm: 100%",%,,,,,,,42.60,µm,467,m²/Kg,,,,,High / Strong water absorption,,2355,Kg/m³,856,Kg/m³,27.8,%,29.1,%,6.70,%,2.73,%,4.49,%,1.11,%,,,,,,,CO₂: 25.7,%,"CH, SiO₂, C₂S, C₃S, CaCO₃, C–S–H, CaO, AFt",,"SiO₂, CaCO₃, C–S–H gel, Ca(OH)₂, C₂S, C₃S",,,,Potential pozzolanic activity,,,,,,,,,,"10, 20, 30, 40",%,15 (in synergy with 15% FA+SF),%,"(J0): ~31.7
(J1): ~29.58
(J2): ~24.0
(J3): ~22.5
(J4): ~18.2
(JF12): ~36.0",MPa,"(J1): ~91.83% of control
(J4): ~57.22% of control
(JF12): 113.41% of control",%,,,,,"(J0): ~2.6
(J1): ~2.36
(J2): ~2.9
(J3): ~3.1
(J4): ~3.3",h,"(J0): ~4.9
(J1): ~5.29
(J2): ~5.6
(J3): ~6.0
(J4): ~6.1",h,,,,,,,,
33,Developing circular concrete: Acid treatment of waste concrete fines,"Tiejun Ding, Hong Wong, Xiuchen Qiao, Christopher Cheeseman",Journal of Cleaner Production,2022,https://doi.org/10.1016/j.jclepro.2022.132615,Silica-rich residue (produced by acid leaching of waste concrete fines),,Waste concrete fines,,"Centrifuged, vacuum filtered, washed, dried, and ground",,Centrifugation speed: 3000; Centrifugation duration: 5; Drying temperature: 50; Grinding sieve size: 150,rpm; min; °C; µm,,,,,,,,,,,,,,,,,,,,,,,,,,,,,,,,,,,,,,,,,,,58.79,%,3.28,%,18.37,%,6.07,%,,%,,%,,%,,%,10.9,%,,,"Quartz, albite, illite",,,,55.1,%,88.9,%,,,,,,,,,30,%,,,,,,,,,,,,,,,,,,,,,,
34,Role of recycled concrete powder as sand replacement in the properties of cement mortar,"Yuan Jiang, Bo Li, Shu Liu, Jun He, Alvaro Garcia Hernandez",Journal of Cleaner Production,2022,https://doi.org/10.1016/j.jclepro.2022.133424,"Recycled concrete powder (RCP), including recycled cement paste powder (RCPP) and recycled cement mortar powder (RCMP)",,Hydrated cement paste or mortar prepared in the laboratory,,Crushing and grinding followed by mechanical sieving and oven-drying,,Grain size smaller than 150 μm; Preserved for at least 90 days before crushing,,,,,,,,,,,,,,,,,,,,,,Figure 1,,,,31.427 (RCPP-W4); 34.629 (RCPP-W5); 31.533 (RCPP-W6); 42.823 (RCMP-W5),μm,,,,,,,,,,,,,2.42 (RCPP-W4); 2.36 (RCPP-W5); 2.32 (RCPP-W6); 2.52 (RCMP-W5),,,,,,,,,,,,,,,,,,,,,,,,"Portlandite, calcite, ettringite, belite",,,,,,Low reactivity,,,,,,Cumulative hydration heat of RCMP is approximately 7% of that of OPC,%,Exothermic peak and cumulative hydration heat curves of raw materials,,,%,,%,"Figure 8 (7, 28, 56 days for all mixes)",MPa,,%,"4.7%, 5.8%, 9.7%, 10.9% higher than reference for RCMP-W5, RCPP-W5, RCPP-W6, RCPP-W4 respectively (at 10% replacement)",%,"104.7% (RCMP-W5-10%), 105.8% (RCPP-W5-10%), 109.7% (RCPP-W6-10%), 110.9% (RCPP-W4-10%)",%,,min,,min,"Figure 9 (7, 28, 56 days for all mixes); 56-day flexural strength of RCPP-W5-30% is 19.5% lower than RCPP-W5-10%",MPa,56-day flexural strength reduction is limited by up to 11% at 30% replacement for RCPP mortars,%,"56-day drying shrinkage increased by 53%, 84%, 110% for 10%, 20%, 30% RCPP-W6 replacement",%,"153% (RCPP-W6-10%), 184% (RCPP-W6-20%), 210% (RCPP-W6-30%) compared to reference; RCMP-W5-30% is around 30% lower than RCPP-W6-30%",%
35,Closed-loop recycling of C&D waste: Mechanical properties of concrete with the repeatedly recycled C&D powder as partial cement replacement,"Jeonghyun Kim, Haneol Jang",Journal Cleaner Production,2022,https://doi.org/10.1016/j.jclepro.2022.130977,"Once-, twice-, three times-recycled concrete powder",,Concrete waste (recycled aggregate and powder by-products),,Primary crushing followed by secondary ball milling and size classification,,Particle size of less than 150 µm,µm,,,,,,,,,,,,,,,,,,,0.45,,Less than 150 µm,µm,,,,,,,,,,,,,,,,,,,,,,,,,,,,,,,,,,,,,,,,,,,,,,,,,,,,,,,Low chemical reactivity,,"10%, 20%, 30%",%,20%,%,"• RPC1-10%: ~37.6
• RPC1-20%: ~35.3
• RPC1-30%: ~29.3
• RPC2-10%: ~37.0
• RPC2-20%: ~33.5
• RPC2-30%: ~28.5
• RPC3-10%: ~36.0
• RPC3-20%: ~33.0
• RPC3-30%: ~27.2",MPa,"• RPC1-10%: ~99% (or 0.99)
• RPC1-20%: ~93% (or 0.93)
• RPC1-30%: ~71% (or 0.71)
• RPC2-10%: ~97% (or 0.97)
• RPC2-20%: ~89% (or 0.89)
• RPC2-30%: ~71% (or 0.71)
• RPC3-10%: ~93% (or 0.93)
• RPC3-20%: ~86% (or 0.86)
• RPC3-30%: ~72% (or 0.72)",%,,,,,,,,,,,,,,,,
36,"Recycled concrete fine powder (RFP) as cement partial replacement: Influences on the physical properties, hydration characteristics, and microstructure of blended cement","Zhong Li, Yadong Bian, Jihui Zhao, Yiren Wang, Zhenxia Yuan",Journal of Building Engineering,2022,https://doi.org/10.1016/j.jobe.2022.105326,Recycled concrete fine powder (RFP),,Local waste concrete,,"Crushed, sieved, and ground in a ball mill",,Sieved by 0.63 mm sieves,mm,Mechanical activation (ball milling),,,,,,,,,,Ball milling,,60,min,,,,,0.5,,Median particle size of 22.7,µm,,,22.7,µm,,,22.7,µm,,,,,,,,,,,,,60.3,%,17.4,%,10.4,%,3,%,3.4,%,0.7,%,2.1,%,,,,,,,"SiO2, hydrated calcium silicate (C-S-H), CaCO3",,"SiO2, hydrated calcium silicate (C-S-H), CaCO3",,,,Volcanic ash properties,,,,,,,,,,"0%, 10%, 30%, 50%, 70%, 90%",%,10,%,"3d: 21.0
* 28d: 43.9

* 3d: 24.7
* 28d: 43.5

* 3d: 19.1
* 28d: 33.3

* 3d: 11.5
* 28d: 20.5",MPa,10% RFP at 3d: 117.62,%,,,,,"0% RFP: 118
* 10% RFP: 99",min,"0% RFP: 159
* 10% RFP: 149",min,"3d: 5.4
* 7d: 7.3
* 28d: 8.6

* 3d: 5.7
* 7d: 6.6
* 28d: 7.3

* 3d: 4.5
* 7d: 4.7
* 28d: 6.7

* 3d: 3.5
* 7d: 3.6
* 28d: 5.4",MPa,10% RFP at 3d: 105.56,%,,,,
37,Effect of Recycled Mixed Powder on the Mechanical Properties and Microstructure of Concrete,"Chao Liu, Huawei Liu and Jian Wu",Journal of Renewable Materials,2022,10.32604/jrm.2022.018386,Recycled mixed powder (RMP) consisting of recycled brick powder (RBP) and recycled concrete powder (RCP),,Waste clay bricks and waste concrete containing coarse aggregates,,Crushing using a jaw crusher followed by grinding in a horizontal ball mill,,"Jaw crusher feed size <=80 mm, discharge size 5-25 mm; ball mill type 50-2000L with max feed size 10 mm; final RBP and RCP particle size controlled below 0.16 mm",,Mechanical activation,,,,,,,,,,Ball mill grinding,,10 min for RBP; 30 min for RCP,min,,,,,,,"Content below 10 um: 33.81% (RBP), 39.46% (RCP); Content below 45 um: 82.13% (RBP), 73.69% (RCP)",%,,,Median particle size: 18.56 (RBP); 17.15 (RCP),um,,,Average volume particle size: 25.89 (RBP); 29.99 (RCP),um,,,,,424 (RBP); 457 (RCP),m^2/kg,,,2.62 (RBP); 2.56 (RCP),g/cm^3,,,63.47 (RBP); 30.20 (RCP),%,1.84 (RBP); 42.66 (RCP),%,17.51 (RBP); 7.81 (RCP),%,8.26 (RBP); 3.05 (RCP),%,1.19 (RBP); 2.14 (RCP),%,0.13 (RBP); 0.45 (RCP),%,,,2.85 (RBP); 1.43 (RCP),%,,,,,"Quartz (SiO2), feldspar, hematite for RBP; Calcite (CaCO3), SiO2, calcium hydroxide (CH), unreacted C2S for RCP",,,,,,Favorable volcanic ash activity for RBP; lower volcanic ash activity for RCP compared to RBP,,,,,,,,Water demand ratio: 104 (RBP); 103 (RCP),%,"0, 15, 30, 45",%,15,%,"0% control: ~29.1 (7d), ~33.6 (28d)
15% (8:2): ~25.7 (7d), ~30.5 (28d)
15% (6:4): ~27.4 (7d), ~35.0 (28d)
30% (8:2): ~20.0 (7d), ~27.0 (28d)
30% (6:4): ~22.5 (7d), ~28.2 (28d)
45% (8:2): ~19.2 (7d), ~21.2 (28d)
45% (6:4): ~20.3 (7d), ~24.2 (28d) (GRAPH-DERIVED)",MPa,"15% (6:4): decreased by 5.8% at 7d (94.2% of control), increased by 4.2% at 28d (104.2% of control);
15% (8:2): reduced by 11.5% at 7d (88.5% of control), reduced by 9.4% at 28d (90.6% of control)",%,,,,,,,,,,,,,,,,
38,Economical and eco-friendly masonry mortar containing waste concrete powder as a supplementary cementitious material,"Eric A. Ohemeng, Stephen O. Ekolu, Harry Quainoo, Abdolhossein Naghizadeh",Case Studies in Construction Materials,2022,https://doi.org/10.1016/j.cscm.2022.e01527,Waste Concrete Powder (WCP),,Waste concrete,,"Hammer fragmentation, sieving, ball mill grinding, and sifting",,"0.30 mm and 75 μm sieves, ball mill",,,,,,,,,,,,,,,,,,,,0.60,,,,,,,,,,,,,,,,2817.30,cm²/g,,,2.61,g/cm³,,,34.82,wt%,24.48,wt%,8.52,wt%,6.99,wt%,3.19,wt%,0.21,wt%,1.66,wt%,0.81,wt%,17.89,wt%,"MnO = 0.26, P₂O₅ = 0.08, TiO₂ = 0.56",wt%,,,,,,,,,,,,,,,,,"0, 15, 30, 40, 60, 75, 100",%,40-75,%,"0% Replacement: 39.7
15% Replacement: 34.6
30% Replacement: 26.8
40% Replacement: 20.1
60% Replacement: 15.8
75% Replacement: 5.8
100% Replacement: 1.6",MPa,,,,,,,"0% Replacement: 266
15% Replacement: 275
30% Replacement: 287
40% Replacement: 300
60% Replacement: 321
75% Replacement: 345",min,"0% Replacement: 425
15% Replacement: 455
30% Replacement: 496
40% Replacement: 520
60% Replacement: 565
75% Replacement: 590",min,"0% Replacement: 8.2
15% Replacement: 7.9
30% Replacement: 6.6
40% Replacement: 5.6
60% Replacement: 4.2
75% Replacement: 1.4",MPa,,,"0% Replacement: 0.053
75% Replacement: 0.036",%,,
39,Eco-friendly treatment of recycled concrete fines as supplementary cementitious materials,"Liang Wang, Jialai Wang, Hao Wang, Yi Fang, Wenfeng Shen, Peiyuan Chen, Ying Xu",Construction and Building Materials,2022,10.1016/j.conbuildmat.2022.126491,Recycled concrete fines (RCFs) / Recycled Concrete Powder (RCP),,Crushed waste concrete,,Crushing and sieving,,Particle size less than 165 µm,µm,Chemical treatment using Tannic acid (TA) solution,,"TA solution concentrations: 0.1%, 0.3%, 0.5%, 0.75%, and 1%; Immersion/mixing duration: 60 min",% / min,,,,,,,,,,,,,,,0.5,,Size less than 165 µm,µm,,,5,µm,,,,,,,,,,,,,,,,,33.4,wt.%,44.9,wt.%,8.4,wt.%,1,wt.%,5.4,wt.%,,,,,1.7,wt.%,,,TiO2: 0.6; Others: 4.6,wt.%,"Quartz, calcium hydroxide (CH), calcite, and dolomite",,,,C-S-H is mainly amorphous,,Low pozzolanic activity,,,,,,,,,,"5%, 10%, 15%, 20%",%,10% or 15%,%,"Control: 19.97 (3d), 26.64 (7d), 39.17 (28d)",MPa,"At 3d:
- 5% replacement: ~95.9% to 102.7%
- 10% replacement: ~84.6% to 101.1%
- 15% replacement: ~88.5% to 106.3%
- 20% replacement: ~68.1% to 108.0%

At 7d:
- 5% replacement: ~94.5% to 101.4%
- 10% replacement: ~96.5% to 123.4%
- 15% replacement: ~104.3% to 107.7%
- 20% replacement: ~105.6% to 110.5%

At 28d:
- 5% replacement: ~91.2% to 100.0%
- 10% replacement (untreated to 1% TA): 100.0% (untreated), 112.2% (0.1% TA), 125.6% (0.3% TA), 126.3% (0.5% TA), 117.3% (0.75% TA), 113.1% (1.0% TA)
- 15% replacement (untreated to 1% TA): 100.0% (untreated), 114.7% (0.1% TA), 121.2% (0.3% TA), 126.5% (0.5% TA), 126.3% (0.75% TA), 118.2% (1.0% TA)
- 20% replacement: ~92.9% to 104.8%",%,,,,,,,,,,,,,,,,
40,High-temperature CO2 for accelerating the carbonation of recycled concrete fines,"Yuqing Wu, Hamideh Mehdizadeh, Kim Hung Mo, Tung-Chai Ling",Journal of Building Engineering,2022,https://doi.org/10.1016/j.jobe.2022.104526,Recycled concrete fines (RCF),,42.5 CEM I cement paste,,"Cured in water, crushed, and ground",,Size of less than 150 µm,µm,High-temperature carbonation,,"Moisture additions, flue gas simulation",,"20% CO2 concentration, 30 min duration, 5%–10% humidity",,"20, 60, 100, 140",°C,30,min,,,,,,,,,0.4,,,,,,,,,,Less than 150,µm,Non-carbonated: 10.696; 20°C: 13.589; 60°C: 32.697; 100°C: 40.867; 140°C: 20.383,m²/g,Non-carbonated: 10.696; 20°C: 13.589; 60°C: 32.697; 100°C: 40.867; 140°C: 20.383,m²/g,,,,,,,,,19.63,wt.%,64.52,wt.%,5.43,wt.%,3.21,wt.%,2.15,wt.%,2.84,wt.%,0.52,wt.%,0.58,wt.%,,,,,"Portlandite, Calcite, Dicalcium silicate (C2S), Tricalcium silicate (C3S)",,"Portlandite, Calcite, C2S, C3S",,Non-carbonated: ~57; 20°C: ~57; 60°C: ~55; 100°C: ~45; 140°C: ~52 (GRAPH-DERIVED),wt.%,Pozzolanic reaction consuming CH,,,,"1-Day (20°C: ~90, 60°C: ~105, 100°C: ~106, 140°C: ~104); 3-Day (20°C: ~89, 60°C: ~109.7, 100°C: ~112.6, 140°C: ~102.9); 28-Day (20°C: ~78.5, 60°C: 88.9, 100°C: 97.9, 140°C: 95.6) (GRAPH-DERIVED)",%,"72h Cumulative: 20°C (295), 60°C (304), 100°C (337), 140°C (298)",J·g⁻¹ cement,,,20%,%,20%,%,,MPa,"3-Day: 20°C (~89%), 60°C (109.7%), 100°C (112.6%), 140°C (102.9%); 28-Day: 20°C (~78.5%), 60°C (88.9%), 100°C (97.9%), 140°C (95.6%)",%,,J·g⁻¹ cement,"72h Cumulative: 20°C (~84%), 60°C (~87%), 100°C (~96%), 140°C (~85%) (GRAPH-DERIVED)",%,Pure Paste: 150; 20°C: 190; 60°C: 175; 100°C: 140; 140°C: 155,min,Pure Paste: 210; 20°C: 250; 60°C: 225; 100°C: 200; 140°C: 205,min,,MPa,,%,,mm or µε,,%
41,Early-age behavior and mechanical properties of cement-based materials with various types and fineness of recycled powder,"Huixia Wu, Chaofeng Liang, Jianzhuang Xiao, Jianguang Xu, Zhiming Ma",Structural Concrete,2022,10.1002/suco.202000834,"Recycled powder (RP) including recycled paste powder (RPP), recycled mortar powder (RMP), and recycled concrete powder (RCP)",,"Hardened cement paste, demolished mortar waste, and crushed concrete waste",,Crushing by jaw crusher followed by ball milling,,"Water-to-cement ratio of original samples = 0.50, cured for 1 year, vacuum dried at 50°C for 72 h",,,,,,,,,,,,Grinding duration adjustment in ball mills,,,,,,,,0.50,,,,,,"Fine RPP: 11.6
Medium RPP: 24.7
Coarse RPP: 124.4
Fine RMP: 10.2
Medium RMP: 26.6
Coarse RMP: 116.3
Fine RCP: 12.4
Medium RCP: 23.5
Coarse RCP: 103.6",μm,,,,,,,,,,,,,,,,,"RPP: ~22% (GRAPH-DERIVED)
RMP: ~70% (GRAPH-DERIVED)
RCP: ~31% (GRAPH-DERIVED)",%,"RPP: ~62% (GRAPH-DERIVED)
RMP: ~22% (GRAPH-DERIVED)
RCP: ~55% (GRAPH-DERIVED)",%,"RPP: ~6% (GRAPH-DERIVED)
RMP: ~3% (GRAPH-DERIVED)
RCP: ~3% (GRAPH-DERIVED)",%,"RPP: ~4% (GRAPH-DERIVED)
RMP: ~2% (GRAPH-DERIVED)
RCP: ~2% (GRAPH-DERIVED)",%,"RPP: ~4% (GRAPH-DERIVED)
RMP: ~1% (GRAPH-DERIVED)
RCP: ~6% (GRAPH-DERIVED)",%,,,,,,,,,,,"CH, Calcite, Quartz, AFt",,"Quartz, Calcite, Calcium Hydroxide (CH), AFt, C-S-H gel",,,,CONSUMPTION OF CH INDICATED BY XRD/FTIR/DTG,,,,"Fine RPP: 72.4%
Medium RPP: 71.6%
Coarse RPP: 64.0%
Fine RMP: 78.9%
Medium RMP: 77.0%
Coarse RMP: 65.2%
Fine RCP: 77.8%
Medium RCP: 76.3%
Coarse RCP: 64.9%",%,,,,,"0%, 7.5%, 15%, 30%, 45%",%,"Fine RMP: 7.5% (GRAPH-DERIVED)
Fine RCP: 7.5% (GRAPH-DERIVED)",%,"Fine RPP (7.5%): 2.6% lower
Fine RPP (45%): 40.1% lower
Coarse RPP (7.5%): 12.1% lower
Coarse RPP (45%): 50.3% lower
Fine RMP (7.5%): 2.6% higher
Fine RMP (15%): 2.3% lower
Fine RMP (30%): 21.1% lower
Fine RMP (45%): 38.1% lower
Fine RCP (7.5%): 0.8% lower
Fine RCP (15%): 6.2% lower
Fine RCP (30%): 22.2% lower
Fine RCP (45%): 37.9% lower
Coarse RCP (30%): 35.1% lower
Coarse RMP (7.5%): 7.2% lower
Coarse RMP (45%): 49.7% lower
Coarse RCP (7.5%): 9.3% lower
Coarse RCP (45%): 48.5% lower",% relative to control or MPa change,"Fine RPP (7.5%): 97.4%
Fine RPP (45%): 59.9%
Coarse RPP (7.5%): 87.9%
Coarse RPP (45%): 49.7%
Fine RMP (7.5%): 102.6%
Fine RMP (15%): 97.7%
Fine RMP (30%): 78.9%
Fine RMP (45%): 61.9%
Fine RCP (7.5%): 99.2%
Fine RCP (15%): 93.8%
Fine RCP (30%): 77.8%
Fine RCP (45%): 62.1%
Coarse RCP (30%): 64.9%
Coarse RMP (7.5%): 92.8%
Coarse RMP (45%): 50.3%
Coarse RCP (7.5%): 90.7%
Coarse RCP (45%): 51.5%",%,,,,,Initial setting time of medium RPP and coarse RPP is 13.6% and 32.3% greater than fine RPP,% change,Final setting time of medium RPP and coarse RPP is 24.2% and 38.0% higher than fine RPP,% change,,,"Fine RPP: 1 - 0.0063 × P
Coarse RPP: 1 - 0.0076 × P
Fine RMP: 1 - 0.0052 × P
Fine RCP: 1 - 0.0056 × P",%/100,"Fine RPP maximum shrinkage rate:
- 15% replacement: 2.1% greater than control
- 30% replacement: 9.0% greater than control
- 45% replacement: 16.9% greater than control
Fine RMP maximum shrinkage rate:
- 15% replacement: 5.3% lower than control
- 30% replacement: 1.8% lower than control
- 45% replacement: 9.1% higher than control
Fine RCP maximum shrinkage rate:
- 15% replacement: 2.0% lower than control
- 30% replacement: 3.4% higher than control
- 45% replacement: 8.8% higher than control
Coarse powders at 30% replacement:
- Coarse RPP: 9.8% higher than fine RPP
- Coarse RMP: 13.8% higher than fine RMP
- Coarse RCP: 7.3% higher than fine RCP",% change,"Fine RPP (15%): 102.1%
Fine RPP (30%): 109.0%
Fine RPP (45%): 116.9%
Fine RMP (15%): 94.7%
Fine RMP (30%): 98.2%
Fine RMP (45%): 109.1%
Fine RCP (15%): 98.0%
Fine RCP (30%): 103.4%
Fine RCP (45%): 108.8%
Coarse RCP (30%): 107.3%",%
42,Influence of recycled powder derived from waste concrete on mechanical and thermal properties of foam concrete,"Jianzhuang Xiao, Lucen Hao, Wanzhi Cao, Taohua Ye",Journal of Building Engineering,2022,https://doi.org/10.1016/j.jobe.2022.105203,Recycled powder (RP),,Waste concrete,,Produced in the laboratory,,,,,,,,,,,,,,,,,,,,,,0.6,,,,,,>75,µm,,,86.4,µm,,,,,,,,,,,,,57.02,wt %,21.32,wt %,10.93,wt %,3.45,wt %,2.54,wt %,1.17,wt %,,,,,,,TiO2: 0.46; Others: 3.11,wt %,"SiO2 (Quartz), CaCO3 (Calcium carbonate)",,,,,,"Total amounts of SiO2, Al2O3 and Fe2O3 of RP were 71.41%",%,,,,,,,,,"0, 10, 20, 30, 40",%,30,%,"RPFC-I 28d: ~2.0 (0%), ~1.7 (10%), ~1.5 (20%), ~1.3 (30%), ~0.9 (40%)
RPFC-II 28d: ~1.9 (0%), ~1.5 (10%), ~1.3 (20%), ~1.2 (30%), ~0.8 (40%)",MPa,"RPFC-I 28d: 100% (0% RP), 81.9% (10% RP), 73.6% (20% RP), 64.7% (30% RP), 43.2% (40% RP)
RPFC-II 28d Max Reduction: 59.7%",%,,,,,,,,,,,,,,,,
43,Effects of recycled aggregate combinations and recycled powder contents on fracture behavior of fully recycled aggregate concrete,"Jianzhuang Xiao, Yuxiang Tang, Hongniao Chen, Hanghua Zhang, Bing Xia",Journal of Cleaner Production,2022,https://doi.org/10.1016/j.jclepro.2022.132895,Recycled powder (RP),,Recycled fine aggregate (RFA) from waste concrete,,Ball milling / grinding and screening,,Grinding time: 30 min,min,Mechanical activation (grinding),,,,,,,,,,Ball milling,,30,min,,,,,0.45,,,,,,,,,,,,,,,,,,,,,,,,57.01,%,21.3,%,10.93,%,3.45,%,1.82,%,1.17,%,1.58,%,2.22,%,,,TiO2: 0.45,%,,,,,,,,,,,,,,,,,"0, 10, 20, 30",%,10,%,"58.4 (for 10% RP)
56.9 (for 20% RP)
52.7 (for 30% RP)
58.3 (for 0% RP control)",MPa,,,,,,,,,,,,,,,,,,
44,Influence of fine recycled concrete aggregates use on the hydration kinetics and mechanical-microstructural properties of hydrated cement: Experimental and numerical approaches,"Yassine Abriak, Duc Chinh Chu, Walid Maherzi, Mahfoud Benzerzour, Patrice Rivard",Construction and Building Materials,2023,10.1016/j.conbuildmat.2023.133769,SF fines / SF powder,,"Recycled concrete aggregate (RCAs) collected from a building demolition site in Saint-Ouen, France",,Drying and manual sieving,,Drying temperature: 40°C; Sieve size: < 45 µm,- / µm,,,,,,,,,,,,,,,,,,,"0.40, 0.41, 0.42, 0.43 (for 0%, 10%, 20%, 30% volumetric replacement rates respectively)",,< 45,µm,1.78,µm,14.2,µm,44.7,µm,,,,,100265,cm²/g,,,"Absorbed water rate (W_abs) determined using Sedran method; W_abs = 2.03 g (10% vol), 4.07 g (20% vol), 6.10 g (30% vol) per paste mix",g,Density: 2.33,g/cm³,,,17.08,%,11.39,%,1.89,%,0.57,%,0.53,%,0.40,%,,,0.22,%,67.58,%,TiO2: 0.07,%,"Quartz (SiO_2), calcite (CaCO_3), ettringite (AFt), mono-carboaluminate",,,,,,Chemically inert mineral (did not exhibit pozzolanic activity),,,,,,Measured for 72 h using isothermal conduction calorimetry,,Chemical activity coefficient k = 0,,"By volume: 0%, 10%, 20%, 30%; By mass: 0%, 7.6%, 15.6%, 24.1%",%,10,%,"7 days: Mref: ~82, MSF10: ~74, MSF20: ~54, MSF30: ~51;
28 days: Mref: ~88, MSF10: ~89, MSF20: ~71, MSF30: ~59;
56 days: Mref: ~92, MSF10: ~92, MSF20: ~74, MSF30: ~65",MPa,,,,,,,,,,,,,,,,,,
45,The utilization of recycled concrete powder as supplementary cementitious material in cement-based materials: A systematic literature review,"Joaquin Humberto Aquino Rocha, Romildo Dias Toledo Filho",Journal of Building Engineering,2023,10.1016/j.jobe.2023.107319,"Recycled Concrete Powder (RCP), Recycled Mortar Powder (RMP), Recycled Paste Powder (RPP)",,"Concrete waste from C&DW, laboratory-controlled samples (concrete, mortar, paste)",,"Jaw crusher, roll crusher, ball mill, planetary ball mill, wet grinding, vertical wet grinding mill (VWGM)",,Grinding duration: 5 to 120 min,min,"Mechanical activation (grinding/milling), thermal treatment, carbonation treatment (CO2 treatment), tannic acid (TA) treatment, chemical activation",,"TA solution concentration: 0.1, 0.5, 1%; TA mixing duration: 1 h; Chemical activators: alkalis (CaO, Ca(OH)2) and salts (Na2SO4, CaSO4)",,"Temperatures: 20°C, 60°C, 100°C, 120°C, 140°C; Duration: 30 min",°C / min,300 to 1200,°C,,,"Dry grinding (ball mill, planetary ball mill), wet grinding (vertical wet grinding mill)",,5 to 120,min,,,Chemical activation using Ca(OH)2 and CaSO4 in a 1:1 ratio,,,,Granulometry < 150 µm or < 0.075 mm,µm / mm,,,0.249 to 125 (average: 23),µm,,,23 (or D50 > 75),µm,170 to 860 (average: 504.80),m²/kg,,,,,,,,,,,37.38,%,36.86,%,6.03,%,4.06,%,2.50,%,1.80,%,0.80,%,,,13.41,%,"MnO, TiO2, SrO",%,"Quartz (SiO2), calcite (CaCO3), dolomite (CaMg(CO3)2), portlandite (CH), ettringite (AFt), C-S-H, gismondine, Phillipsite-Ca, monocarboaluminate, tobermorite, monocarbonate (Mc), hemicarbonate (Hc), C2S, C3S, C4AF, albite (NaAlSi3O8), aragonite, vaterite",,"Crystalline and amorphous states, hydration products, unhydrated cement particles, calcite, quartz, dolomite",,Crystalline to amorphous conversion during wet grinding; amorphous SiO2 and Al2O3,,Fe2O3 + Al2O3 + SiO2 > 70% requirement met in several studies,%,,,"45.88 to 107 (varies with D50, treatment, and standard)",%,Cumulative heat release varies; early hydration heat release promoted at <30% replacement or fine particle size,,"Ca(OH)2 consumption, chemical activity index via GB/T2847-2005 and BS EN 196-5:2011",,"2 to 90 (commonly evaluated up to 30, 40, 50)",%,<20% to 30%,%,"Varies depending on mix, replacement, age, and treatment (e.g., 3.91% reduction at 30% RCP at 28 days)",MPa / % relative,"-80 to +20 (graph-derived depending on age, treatment, and replacement level)",%,Varies; early heat release promoted for low RCP contents (5-10%) and fine particles,J/g or % relative,-80 to +180 (graph-derived from Fig. 20),%,"Reduced for <40% RCP (e.g., 5 min variation); prolonged for >40% or coarse RCP",min / % relative,Accelerated for fine/carbonated RCP; prolonged for >40% RCP or coarse RCP,min / % relative,"Reduced with increasing RCP replacement, minor loss at <20-30%",MPa / % relative,,,Increases with higher RCP contents due to high water absorption and porosity,µm/m / % relative,,
46,Mechanical properties evaluation of sustainable engineered cementitious composites containing recycled fine powders,"Zhanqi Cheng, Kaichuang Wang, Jiajia Zhou, Haoliang Wu",Journal of Building Engineering,2023,https://doi.org/10.1016/j.jobe.2023.106438,Concrete and brick mixed powder (RMP) and recycled glass powder (RGP) [Note: parameters belong to RMP and RGP as RCF/RCP equivalents],,"Waste clay brick, waste concrete, and waste glass",,"Crushing, ball milling, screening, and mixing",,"Ball milling time: 45 min; Sieve particle sizes: 0–75 µm, 75–150 µm, and 150–300 µm",,,,,,,,,,,,,,,,,,,,,,Figure 1,,,,,,,,,,,,,,,,Non-water absorption (for RGP),,,,,,,,,,,,,,,,,,,,,,,,Amorphous compound SiO2 (in RGP),,,,,,Amorphous compound SiO2 present in RGP,,Pozzolanic activity present,,,,,,"Cumulative hydration heat for binders (48 h): 204.99 (RGP0), 199.56 (RGP10), 198.77 (RGP20), 193.27 (RGP30)",J/g,,,"0%, 10%, 20%, 30% (by RGP)",%,30% (Optimum for flexural toughness/sustainability),%,"42.3 (RGP0)
42.2 (RGP10)
36.7 (RGP20)
32.4 (RGP30)
29.3 (Fibre1.25)
31.2 (Fibre1.5)
33.4 (Fibre1.75)
28.6 (FibreL6)
31.1 (FibreL12)
31.5 (≤75 µm)
29.4 (75-150 µm)
26.6 (150-300 µm)",MPa,-23.4% (From 10% to 30% RGP),%,,,-6.3% peak heat release (RGP30 vs RGP0),%,,,,,"14.56 (Row 1 value)
14.02 (Row 2 value)
12.40 (Row 3 value)
11.24 (Row 4 value)
9.09 (Row 5 value)
9.95 (Row 6 value)
10.96 (Row 7 value)
9.9 (Row 8 value)
9.92 (Row 9 value)
9.61 (Row 10 value)
7.64 (Row 11 value)",MPa,"-3.71% (RGP10 vs RGP0)
+41.21% (18mm vs 6mm fiber)",%,,,,
47,Investigation of Waste Perlite and Recycled Concrete Powders as Supplementary Cementitious Materials,"Amina Dacić, Olivér Fenyvesi, Katalin Kopecskó",Periodica Polytechnica Civil Engineering,2023,https://doi.org/10.3311/PPci.21593,Recycled concrete powder (RCP),,Recycled concrete aggregate / Construction and demolition concrete waste,,Crushing by jaw crusher and sieving,,Particles passing 63 µm sieve size were collected,µm,,,,,,,,,,,,,,,,,,,0.5,,"Passing [%]: 0.01 µm to 3 µm (~0%), 10 µm (~25%), 25.29 µm (50%), 63 µm (~87%), 200 µm (100%)",µm / %,,,25.29,µm,,,,,"Blaine: 351, LSA: 4328",m^2/kg / cm^2/cm^3,,,351,m^2/kg,,,2.50,,,,48.69,%,30.94,%,9.00,%,4.35,%,2.73,%,1.04,%,0.94,%,1.81,%,17.13,%,0.50,%,"Ettringite, Calcite, Gypsum, Dolomite, Portlandite, Muscovite, Quartz, Albite, Anorthite, Sanidine",,"Ca containing crystal phases (cement paste), Si containing phases / Quartz type aggregate, Calcite (CaCO3), Portlandite (Ca(OH)2)",,,,Hardly reactive / Filler material / Low pozzolanic activity,,,,"7 days: ~82%, 28 days: ~77% (RCP15) / 7 days: ~64%, 28 days: ~57% (RCP30) / 7 days: ~38%, 28 days: ~32% (RCP45)",%,,,,,"15, 30, 45",m%,15,%,"RCP15: 1d=9.0, 3d=23.3, 7d=35.5, 28d=48.0, 56d=59.0; RCP30: 1d=6.3, 3d=17.7, 7d=27.3, 28d=35.5, 56d=42.7; RCP45: 1d=3.5, 3d=9.7, 7d=16.2, 28d=19.8, 56d=34.0",MPa,"RCP15: 28d=77%, 56d=78%; RCP30: 28d=57%, 56d=57%; RCP45: 28d=32%, 56d=45%",%,,,,,,,,,"RCP15: 1d=2.4, 3d=4.5, 7d=6.0, 28d=6.6, 56d=7.4; RCP30: 1d=1.7, 3d=3.7, 7d=5.0, 28d=6.4, 56d=6.2; RCP45: 1d=1.1, 3d=2.5, 7d=3.5, 28d=4.2, 56d=5.5",MPa,RCP15: 28d=87%; RCP30: 28d=85%; RCP45: 28d=55%,%,,,,
48,Rheological and early hydration of cementitious material containing recycled concrete powders collected from recycled aggregates,"Xin Deng, Jun Li, Zhongyuan Lu, Junjin Zhang, Kai Luo, Yunhui Niu, Jun Hu, Kewen He",Construction and Building Materials,2023,https://doi.org/10.1016/j.conbuildmat.2023.132108,Recycled concrete powder (RCP: recycled coarse powder; RMP: recycled medium powder; RFP: recycled fine powder),,Waste concrete blocks / Construction and Demolition (C&D) waste,,"Crushing-stripping-screening of waste concrete blocks (jaw crusher followed by ball milling of aggregate >4.75 mm and sieving through 0.15 mm, 0.075 mm, and 0.045 mm sieves)",,Grinding duration of aggregate >4.75 mm: up to 7 min,min,,,,,,,,,,,,,,,,,,,"0.4, 0.5",,Figure 1,,RCP: 10.2; RMP: 2.85; RFP: 2.64,µm,RCP: 78.7; RMP: 23; RFP: 16,µm,RCP: 145; RMP: 73.6; RFP: 41.3,µm,,,,,RCP: 10.083; RMP: 11.723; RFP: 13.649,m²/g,,,,,RCP: 2.50; RMP: 2.50; RFP: 2.44,g/cm³,,,RCP: 42.15; RMP: 39.28; RFP: 36.97,wt%,RCP: 35.14; RMP: 37.39; RFP: 40.26,wt%,RCP: 9.37; RMP: 9.36; RFP: 9.51,wt%,RCP: 5.15; RMP: 5.33; RFP: 5.06,wt%,RCP: 1.77; RMP: 2.02; RFP: 1.91,wt%,RCP: 1.91; RMP: 1.88; RFP: 1.99,wt%,RCP: 1.24; RMP: 1.11; RFP: 1.09,wt%,RCP: 1.20; RMP: 1.29; RFP: 1.15,wt%,RCP: 11.37; RMP: 16.05; RFP: 18.68,wt%,,,"Quartz, Calcite, Portlandite, Thaumasite, Gismondine",,Calcite (mass loss between 600 °C to 800 °C): RCP: 6.03%; RMP: 8.72%; RFP: 10.39%,%,,,,,,,,,Cumulative heat release in 24 h for RFP30: ~235 J/g of cement; RMP30: ~230 J/g of cement; RCP30: ~200 J/g of cement,J/g of cement,,,"10, 20, 30",vol.%,10,vol.%,"24 h Mortar Strength (w/b = 0.5, sand/binder = 3):
C0: ~14.5
RFP10: ~15.2
RFP20: ~13.1
RFP30: ~10.2
RMP10: ~12.5
RMP20: ~11.8
RMP30: ~10.1
RCP10: ~12.3
RCP20: ~11.2
RCP30: ~9.8",MPa,,,,,24 h cumulative heat release for RFP30 increased by 23% compared with pure cement paste,%,,,,,"24 h Mortar Strength (w/b = 0.5, sand/binder = 3):
C0: ~3.8
RFP10: ~3.8
RFP20: ~3.4
RFP30: ~2.8
RMP10: ~3.5
RMP20: ~3.3
RMP30: ~2.8
RCP10: ~3.4
RCP20: ~3.2
RCP30: ~2.8",MPa,,,"7-day Drying Shrinkage (w/b = 0.5):
PC: ~650
RFP10: ~720
RMP10: ~820
RCP10: ~920",10^-6,,
49,Application and Texture of Ground RC as Supplementary Cementitious Material,"Ludwig Hertwig, Wladislaw Polienko, Constanze Reuter, Klaus Holschemacher","fib Symposium 2023, LNCE 349",2023,https://doi.org/10.1007/978-3-031-32519-9_104,Milled recycled concrete aggregates (RC) / Recycled concrete powder / Supplementary cementitious material (SCM),,"R1–R3: Commercially available recycling materials complying to type 1 as per DIN 4226-101 (coarse fraction d/D = 2/8 mm); R4–R6: Laboratory-produced concrete made with R1–R3, CEM II/A-LL 32.5R, w/c = 0.43, and natural sand (d/D = 0/2 mm), crushed after 28 days to yield coarse fraction d/D = 2/8 mm",,Jaw crusher BB200 followed by planetary ball mill Pulverisette 6,,Coarse fraction d/D = 2/8 mm; Mass per trial m = 150 g; Milling speed = 600 rpm; Milling duration t = 10 min,,,,,,,,,,,,Mechanical grinding / milling in planetary ball mill,,10,min,600,rpm,,,,,"Multi-peak particle distribution, wider distributed and coarser compared to limestone filler",,R1: 3; R2: 3; R3: 3; R4: 4; R5: 4; R6: 4,µm,R1: 20; R2: 20; R3: 21; R4: 25; R5: 31; R6: 26,µm,R1: 89; R2: 108; R3: 94; R4: 108; R5: 173; R6: 115,µm,,,R1: 299.8; R2: 292.1; R3: 231.7; R4: 193.3; R5: 189.7; R6: 201.0,m²/kg,,,,,,,,,R1: 2.70; R2: 2.71; R3: 2.71; R4: 2.74; R5: 2.73; R6: 2.72 (Skeleton density),g/cm³,,,,,,,,,,,,,,,,,R1: 16.84; R2: 5.71; R3: 5.87; R4: 5.33; R5: 10.91; R6: 11.29,wt%,,,,,,,,,SCMs act only as an inert filling material / inert filler,,,,,,,,,,"10, 20, 30",wt%,,,"R1: 47.2 (10%), 41.3 (20%), 34.2 (30%); R2: 43.4 (10%), 38.7 (20%), 31.5 (30%); R3: 44.1 (10%), 38.1 (20%), 33.9 (30%); R4: 39.0 (10%), 32.7 (20%), 26.7 (30%); R5: 40.8 (10%), 34.5 (20%), 28.2 (30%); R6: 43.7 (10%), 36.6 (20%), 30.4 (30%)",MPa,,,,,,,,,,,"R1: 8.4 (10%), 7.6 (20%), 7.0 (30%); R2: 7.8 (10%), 7.1 (20%), 6.6 (30%); R3: 8.2 (10%), 6.9 (20%), 6.9 (30%); R4: 7.4 (10%), 6.6 (20%), 5.8 (30%); R5: 7.2 (10%), 6.6 (20%), 6.0 (30%); R6: 7.9 (10%), 7.1 (20%), 5.9 (30%)",MPa,,,,,,
50,Characteristics of waste concrete powders from multi-recycled coarse aggregate concrete and their effects as cement replacements,"Jeonghyun Kim, Nader Nciri, Alena Sicakova, Namho Kim",Construction and Building Materials,2023,https://doi.org/10.1016/j.conbuildmat.2023.132525,"Recycled Concrete Powder (RCP) / recycled concrete powders (RCPs) / RCP1, RCP2, RCP3",,"Multi-recycled coarse aggregate concrete / Repeatedly recycled coarse aggregate concrete (RAC1, RAC2, RAC3)",,"Primary crushing in a laboratory jaw crusher to produce RFA (< 4.75 mm), followed by milling in a Los Angeles ball mill and sieving (< 0.15 mm)",,Particle size fraction collected: < 0.15 mm,mm,,,,,,,,,,,,,,,,,,,0.484,,Graphically provided in Fig. 2,%,,,,,,,,,,,,,,,,,,,RCP1: 2.48; RCP2: 2.38; RCP3: 2.33,g/cm³,RCP1: 38.88; RCP2: 32.09; RCP3: 27.67,wt.%,RCP1: 36.19; RCP2: 44.50; RCP3: 50.24,wt.%,RCP1: 9.56; RCP2: 8.14; RCP3: 7.37,wt.%,RCP1: 8.21; RCP2: 8.56; RCP3: 8.38,wt.%,RCP1: 1.23; RCP2: 1.14; RCP3: 1.12,wt.%,RCP1: 1.23; RCP2: 1.35; RCP3: 1.40,wt.%,,,RCP1: 3.37; RCP2: 2.81; RCP3: 2.37,wt.%,,,"TiO2: RCP1: 0.87, RCP2: 0.89, RCP3: 0.88; Other: RCP1: 0.46, RCP2: 0.52, RCP3: 0.57",wt.%,"C-S-H gel, portlandite (C-H, Ca(OH)2), monosulfate (AFm), zeolite (CaAl2Si3O10·3H2O), larnite (Ca2SiO4), calcite (CaCO3), quartz (SiO2)",,,,,,,,,,,,,,,,"10%, 20%, 30%",%,10% to 20% (for drying shrinkage suppression); NULL for mechanical strength,%,RCPM1-10: 32.2; RCPM1-20: 29.5; RCPM1-30: 22.8; RCPM2-10: 29.5; RCPM2-20: 24.8; RCPM2-30: 22.4; RCPM3-10: 16.2; RCPM3-20: 15.4; RCPM3-30: 10.9,MPa,RCPM1-10: 93%; RCPM1-20: 85%; RCPM1-30: 66%; RCPM2-10: 85%; RCPM2-20: 71%; RCPM2-30: 65%; RCPM3-10: 47% (reported as -45% relative to RCPM2-10); RCPM3-20: 44%; RCPM3-30: 31%,%,,,,,,,,,RCPM1-10: 7.78; RCPM1-20: 7.11; RCPM1-30: 6.95; RCPM2-10: 6.95; RCPM2-20: 6.71; RCPM2-30: 6.23; RCPM3-10: 5.67; RCPM3-20: 4.15; RCPM3-30: 3.03,MPa,RCPM1-10: 97%; RCPM1-20: 89%; RCPM1-30: 87%; RCPM2-10: 87%; RCPM2-20: 84%; RCPM2-30: 78%; RCPM3-10: 71%; RCPM3-20: 52%; RCPM3-30: 38%,%,28-day drying shrinkage: Ref: ~0.088%; RCPM1-10: ~0.079%; RCPM1-20: ~0.083%; RCPM1-30: ~0.098%; RCPM2-10: ~0.081%; RCPM2-20: ~0.083%; RCPM2-30: ~0.098%; RCPM3-10: ~0.093%; RCPM3-20: ~0.096%; RCPM3-30: ~0.100%,%,RCPM1-10 and RCPM1-20: 6-10% lower than reference; RCPM3-10: ~5% higher than reference,%
51,"Effects of recycled concrete powders on the rheology, setting and early age strength of cement paste","Jingzhe Li, Binggen Zhan, Peng Gao, Li Hu, Min Qiao, Huiling Sha, Qijun Yu",Construction and Building Materials,2023,10.1016/j.conbuildmat.2023.132899,Recycled concrete powders (RCPs: RCPI and RCPII),,Waste concretes from CFG piles in Beijing (RCPI) and reinforced concrete beams in Guangzhou (RCPII),,"Crushing, grinding, and air-separating",,Particle size < 75 µm,µm,,,,,,,,,,,,,,,,,,,0.45,,,,RCPI: 3.031; RCPII: 3.147,µm,RCPI: 13.134; RCPII: 13.026,µm,RCPI: 46.250; RCPII: 42.928,µm,,,,,RCPI: 11040; RCPII: 4480,m²/kg,,,RCPI: 12.85; RCPII: 8.25,%,,,RCPI: 2.40; RCPII: 2.44,g/cm³ (Table reported as Density kg/m³ with value 2.40 / 2.44 × 10³) / kg/m³,RCPI: 20.72; RCPII: 37.78,wt.%,RCPI: 52.16; RCPII: 32.92,wt.%,RCPI: 6.13; RCPII: 7.60,wt.%,RCPI: 7.53; RCPII: 5.20,wt.%,RCPI: 1.66; RCPII: 0.58,wt.%,RCPI: 1.28; RCPII: 1.16,wt.%,RCPI: 0.14; RCPII: 0.26,wt.%,RCPI: 2.09; RCPII: 6.72,wt.%,RCPI: 22.61; RCPII: 10.23,wt.%,"TiO₂: RCPI: 2.96, RCPII: 2.62; Others: RCPI: 5.33, RCPII: 5.16",wt.%,"Quartz, Calcite, Dolomite, Microcline, Albite, Cordierite, Biotite, Portlandite, Calcium silicate",,"Quartz (RCPI: 12.5%, RCPII: 28.8%), Calcite (RCPI: 7.3%, RCPII: 8.4%), Dolomite (RCPI: 22.0%, RCPII: 2.0%), Microcline (RCPI: 2.9%, RCPII: 16.8%), Albite (RCPI: 4.4%, RCPII: 17.6%), Cordierite (RCPI: 0.5%, RCPII: 0.0%), Biotite (RCPI: 0.4%, RCPII: 1.0%), Portlandite (RCPI: 0.4%, RCPII: 0.1%), Calcium silicate (RCPI: 0.5%, RCPII: 0.8%)",wt.%,RCPI: 49.6; RCPII: 24.6,wt.%,Low activity,,,,,,Cumulative hydration heat at 1d: Cement: 287.67 J/g; C/RCPI10: 280.13 J/g; C/RCPI20: 261.15 J/g; C/RCPI30: 250.77 J/g; C/RCPII10: 289.38 J/g; C/RCPII20: 266.71 J/g; C/RCPII30: 255.28 J/g,J/g,Second exothermic peak time: Cement: 13.72 h; C/RCPI10: 13.48 h; C/RCPI20: 13.05 h; C/RCPI30: 12.83 h; C/RCPII10: 13.60 h; C/RCPII20: 13.12 h; C/RCPII30: 12.73 h,h,"0%, 10%, 20%, 30%",wt.%,,,Cement: 12.00; C/RCPI10: 7.88; C/RCPI20: 6.84; C/RCPI30: 5.92; C/RCPII10: 10.98; C/RCPII20: 7.81; C/RCPII30: 5.94,MPa,C/RCPI10: 65.7%; C/RCPI20: 57.0%; C/RCPI30: 49.3%; C/RCPII10: 91.5%; C/RCPII20: 65.1%; C/RCPII30: 49.5%,%,,,,,Cement: 384; C/RCPI10: 379; C/RCPI20: 373; C/RCPI30: 365; C/RCPII10: 361; C/RCPII20: 353; C/RCPII30: 352,min,Cement: 678; C/RCPI10: 679; C/RCPI20: 667; C/RCPI30: 657; C/RCPII10: 665; C/RCPII20: 665; C/RCPII30: 645,min,,,,,,,,
52,Effects of recycled micro-powders mixing methods on the properties of recycled concrete,"Yike Lin, Tingshu He, Yongqi Da, Renhe Yang, Danlin Zheng",Journal of Building Engineering,2023,https://doi.org/10.1016/j.jobe.2023.107994,Recycled micro-powders / regenerated micro powder,,Old cement mortar on recycled aggregate / waste concrete,,Ball milling,,Ball milling exclusively filled with recycled aggregate; aggregate dried at 105 °C,,,,,,,,,,,,Ball milling (collision of aggregate in ball mill),,Controlled by varying duration of ball mill action (exact duration not specified),,,,Surface adhesion to recycled aggregate via extrusion/collision,,0.35,,<10 µm: 36.86%; <45 µm: 75.13%,%,,,,,,,15.16,µm,,,,,,,"Loose and porous, water-absorbing (exact value not reported)",,,,,,48.82,%,27.08,%,11.76,%,3.50,%,3.04,%,0.71,%,1.62,%,2.59,%,0.88,%,SiO2 + CaO + Al2O3 + Fe2O3 = 91.16,%,"Quartz, limestone, anorthite, gismondine",,"Quartz, limestone, anorthite, gismondine",,,,Substantial pozzolanic activity,,,,28d: 68%; 56d: 76%,%,,,Mortar Compressive Strength: 28d: 33 MPa (approx); 56d: 38.5 MPa (approx),MPa,"5.5, 11, 16.5, 22",%,11,%,"FPAC2 (11% replacement, adhered): 28d = 44.75, 56d = 51.85",MPa,"FPAC2 (11% replacement, adhered): 28d: +3.66% (+17.58% vs RPAC); 56d: +7.28% (+16.23% vs RPAC)",%,,,,,,,,,,,,,,,,
53,"Utilizing heat-mechanical synergistic treatment for separating concrete waste into high-quality recycled aggregate, active recycled powder and new concrete","Zhiming Ma, Ruihan Hu, Pengpeng Yao, Changqing Wang",Journal of Building Engineering,2023,https://doi.org/10.1016/j.jobe.2023.106161,Active recycled powder (ARP) / Recycled powder,,"Adhered old mortar separated from concrete waste (parent concrete waste collected from demolition point in Yangzhou city, China)",,"Heat-mechanical synergistic treatment (heating concrete waste, ball milling to separate adhered mortar, and planetary ball milling to grind mortar into ARP)",,Particle size ≤ 150 μm,μm,Thermal treatment and mechanical grinding,,Target temperatures: 600 °C and 800 °C; cooling to room temperature; grinding in planetary ball mill,,,,600 ; 800,°C,2,h,Ball milling / Planetary ball milling,,30,min,,,,,0.50,,Particle size similar to cement (≤ 150 μm),,,,,,,,,,,,,,,,,,,,,,,,,,,,,,,,,,,,,,,,,,"SiO₂ (Quartz), C₂S, C₃S, CaO, CaCO₃ (only in ARP-600C)",,"Contains active calcium silicate (C₂S, C₃S), calcium oxide (CaO), and quartz (SiO₂)",,,,800 °C-separated ARP had greater reactivity than 600 °C-separated ARP,,,,,,,,ARP-800C contains higher content of active components (C₂S/C₃S and CaO) contributing to secondary hydration reaction,,10; 20; 30,%,10 (for ARP-800C),%,GRAPH-DERIVED,MPa,C-10ARP-800C is 3.7% greater than C-10ARP-600C; C-20ARP-800C is 5.1% greater than C-20ARP-600C; C-30ARP-800C is 6.1% greater than C-30ARP-600C,%,,,,,,,,,,,,,,,,
54,Total recycling of concrete waste using accelerated carbonation: A review,"Chi Sun Poon, Peiliang Shen, Yi Jiang, Zihan Ma, Dongxing Xuan",Cement and Concrete Research,2023,10.1016/j.cemconres.2023.107284,"Recycled coarse aggregates (RCAs), recycled concrete fines (RCFs), recycled concrete powders (RCPs)",,Concrete waste,,Crushing and grinding,,Particle size < 0.15 mm for RCPs,mm,"Accelerated carbonation (dry carbonation, wet carbonation, indirect wet carbonation, semi-dry carbonation)",,"CO2 concentration > 20%, Relative Humidity 50–80%, Pressure 1 bar",,"Wet carbonation, dry carbonation, flow-through carbonation, semi-dry carbonation",,Up to 100,°C,,,,,,,,,"Limewater soaking/pre-treatment, addition of Mg2+, NH4+, elevated temperatures",,"0.3, 0.40, 0.55",,"0.3–0.6 mm (fine fraction for RCFs), 0–10 µm (fine particles for wet carbonated RCPs)","mm, µm",,,,,,,~12,µm,20–40,m²/g,662,m²/g,,,4–16 (raw RCFs); 3–60% reduction after carbonation,%,,,,,,,,,,,,,,,,,,,,,,,,,"Calcite, vaterite, aragonite, portlandite",,"Calcite (26%), Vaterite (45%), Aragonite (3%), Amorphous CaCO3 (36%)",wt% / %,36% amorphous CaCO3; 7–17% polymerized silica tetrahedra,%,High / Comparable to coal fly ash and silica fume,,,,,,"Accelerated alite hydration, intensified early heat flow peak",,"CO2 sequestration capacity: 20 kg/t (RCFs), 190 kg/t (RCPs); Maximum Cc yield: 55 wt% (dry), >60 wt% (wet)","kg/t, wt%",30,%,30,%,"~43 (at w/b=0.55), ~50 (at w/b=0.40), ~61 (at w/b=0.3)",MPa,10–40% higher than uncarbonated RCP paste,%,,,,,,,,,,,,,Up to 25% decrease in drying shrinkage,%,,
55,The effect of recycled concrete powder (RCP) from precast concrete plant on fresh and mechanical properties of cementitious pastes,"J.H.A. Rocha, M.P. Tinoco, R.D. Toledo Filho",Materiales de Construcción,2023,10.3989/mc.2023.351923,Recycled concrete powder (RCP-C),,Hardened concrete waste from a precast concrete plant,,Sieving followed by grinding in a ball mill,,"Sieve size: #100 sieve (150 µm); Ball mill jar dimensions: 20.5 cm internal diameter, 35 cm internal length; Grinding speed: 300 rpm (89.7% of critical speed); Duration: approximately 30 minutes",,Mechanical activation (grinding),,Grinding in a ball mill operating at 300 rpm,,,,,,,,Ball mill grinding,,approximately 30,minutes,300,rpm,,,0.4,,Particle sizes ranging from <0.1 µm to >100 µm,µm,1.72,µm,14.42,µm,60.67,µm,,,9252.22,cm²/g,,,,,,,2.68,g/cm³,,,34.32,%,36.76,%,8.94,%,5.22,%,,,2.70,%,,,1.76,%,8.47,%,SrO: 0.16; TiO₂: 1.10; MnO: 0.34; ZnO: 0.02; ZrO₂: 0.19; Rb₂O: 0.03,%,"Calcite, unhydrated cement particles, quartz",,,,,,Non-pozzolanic according to ASTM C618 criteria,,,,,,"At 3 h: 10% (23.79% increase vs ref), 20% (42.97% increase vs ref), 30% (6.51% increase vs ref); At 72 h: 10% (-6.93%), 20% (-14.04%), 30% (-22.71%); At 7 days: CP (265.96 J/g), C10 (245.95 J/g), C20 (227.98 J/g), C30 (208.42 J/g)",J/g,Nucleation effect in the first few hours (~3h) accelerates hydration; dilution effect dominates afterwards,,"10, 20, 30",%,20,%,"1 day: CP: 17.94, C10: 13.55, C20: 11.86, C30: 10.23
7 days: CP: 42.29, C10: 40.00, C20: 32.94, C30: 27.84
28 days: CP: 47.53, C10: 45.78, C20: 42.38, C30: 35.38
120 days: CP: 57.46, C10: 55.13, C20: 50.93, C30: 39.48",MPa,"1 day reduction (%): C10: 24.48, C20: 33.85, C30: 42.96
7 days reduction (%): C10: 5.41, C20: 22.11, C30: 34.18
28 days reduction (%): C10: 3.70, C20: 10.85, C30: 25.56
120 days reduction (%): C10: 4.07, C20: 11.36, C30: 31.30",% reduction,"CP: 265.96, C10: 245.95, C20: 227.98, C30: 208.42",J/g,"C10: -7.52, C20: -14.28, C30: -21.63",%,,,,,,,,,,,,
56,Concrete powder waste as a substitution for Portland cement for environment-friendly cement production,"Dayana Ruth Bola Oliveira, Gabriela Leite, Edna Possan, José Marques Filho",Construction and Building Materials,2023,https://doi.org/10.1016/j.conbuildmat.2023.132382,Recycled concrete powder (RCP),,"Old concrete specimens, without resistance control (randomly collected)",,"Fragmented in a jaw mill, mechanically separated by sieving, and comminuted in a high-efficiency automated planetary ball mill (Retsch PM 100)",,"Planetary ball mill speed: 500 rpm; Agate pot with 50 10-mm agate balls; Reversal of grinding direction at each average time (15 min, 1 h, and 3 h)","rpm, mm",Mechanical Activation,,,,,,,,,,Planetary ball milling,,"0, 0.5, 2, 6",h,500,rpm,,,0.48,,,,,,24.31 (RCP 0.5h); 13.51 (RCP 2h); 9.27 (RCP 6h),µm,,,54.85 (RCP 0h); 24.31 (RCP 0.5h); 13.51 (RCP 2h); 9.27 (RCP 6h),µm,,,,,1732.30 (RCP 0h); 4350.70 (RCP 0.5h); 6583.00 (RCP 2h); 7160.00 (RCP 6h),cm²/g,,,2.57 (RCP 0h); 2.61 (RCP 0.5h); 2.71 (RCP 2h); 2.73 (RCP 6h),g/cm³,,,43.1 (RCP 0.5h); 43.1 (RCP 2h); 44.2 (RCP 6h),%,18.5 (RCP 0.5h); 18.5 (RCP 2h); 17.5 (RCP 6h),%,10 (RCP 0.5h); 9.7 (RCP 2h); 9.6 (RCP 6h),%,11.8 (RCP 0.5h); 11.6 (RCP 2h); 11.7 (RCP 6h),%,2.5 (RCP 0.5h); 2.7 (RCP 2h); 2.7 (RCP 6h),%,0.8 (RCP 0.5h); 0.9 (RCP 2h); 0.8 (RCP 6h),%,1.3 (RCP 0.5h); 1.2 (RCP 2h); 1.3 (RCP 6h),%,1.1 (RCP 0.5h); 1.1 (RCP 2h); 1.1 (RCP 6h),%,8.3 (RCP 0.5h); 8.8 (RCP 2h); 8.7 (RCP 6h),%,TiO2: 1.8 (RCP 0.5h); 1.7 (RCP 2h); 1.7 (RCP 6h),%,"Alite, Quartz",,,,,,Below normative minimum limit,,66.18,%,,,,,"Chemically combined water (% relative to initial cement mass MIC) at 1, 3, 28 days:
RCP0.5h 15%: 8.43% (1d), 11.21% (3d), 15.23% (28d)
RCP0.5h 25%: 9.03% (1d), 12.99% (3d), 17.11% (28d)
RCP2h 15%: 9.47% (1d), 12.17% (3d), 15.96% (28d)
RCP2h 25%: 9.46% (1d), 12.61% (3d), 16.93% (28d)",%,"0, 7, 15, 25",%,15% (for RCP 2h),%,"28 Days:
0% (Ref): 46.70
7% (0h): 30.36; 7% (0.5h): 38.26; 7% (2h): 38.78; 7% (6h): 43.95
15% (0h): 34.23; 15% (0.5h): 36.35; 15% (2h): 39.33; 15% (6h): 33.49
25% (0h): 29.03; 25% (0.5h): 27.60; 25% (2h): 27.06; 25% (6h): 24.14

91 Days:
0% (Ref): 50.40
7% (0h): 31.04; 7% (0.5h): 41.66; 7% (2h): 42.35; 7% (6h): 48.88
15% (0h): 33.42; 15% (0.5h): 33.40; 15% (2h): 46.93; 15% (6h): 38.50
25% (0h): 32.04; 25% (0.5h): 30.69; 25% (2h): 33.76; 25% (6h): 29.90",MPa,,,,,,,,,,,,,,,,,,
57,Use of recycled fine aggregates and recycled powders in sustainable recycled concrete,"Amardeep Singh, Xinzhao Miao, Xin Zhou, Qi Deng, Jiannan Li, Shuai Zou, Zhenhua Duan",Journal of Building Engineering,2023,https://doi.org/10.1016/j.jobe.2023.107370,"Recycled powder (RP), Recycled fine aggregates (RFA)",,Construction and demolition wastes (CDW),,"Jaw crushing, ball milling, cone cavity milling, negative pressure sieving",,"Particle size fraction produced: 75 μm – 5 mm for ball mill, ground to grain size of 45 μm",,Mechanical activation,,Grain size of 45 μm,μm,,,,,,,Grinding / Milling,,,,,,,,0.36,,,,,,,,,,45,μm,,,,,,,12.57,%,,,Apparent density: 2199,kg/m³,57.01,%,21.30,%,10.93,%,3.45,%,1.82,%,1.17,%,1.58,%,2.22,%,,,TiO2: 0.45,%,"Quartz (SiO2), Calcite (CaCO3), Portlandite (Ca(OH)2)",,"CaCO3: 6.51, CH: 17.49",%,,,Accelerated hydration rate during the first hour,,,,80,%,Hydration heat curve shown in Fig. 8,mW/g,Compressive strength drop: 8.51,MPa,"15, 30",%,,,,,80,%,,,,,,,,,,,,,,,,
58,Fine demolition wastes as Supplementary cementitious materials for CO2 reduced cement production,"Anna Tokareva, Sinan Kaassamani, Danièle Waldmann",Construction and Building Materials,2023,https://doi.org/10.1016/j.conbuildmat.2023.131991,"Concrete screening fines (CS), mixed concrete-ceramic screening fines (MS), mud from recycled aggregates washing (WM)",,Real demolition wastes / recycled aggregates processing waste from Tradecowall company (Belgium),,"Drying (ambient or 105 °C), crushing (jaw crusher then impact mill), and sieving",,Drying: room temperature or 105 °C to constant mass; Impact mill bottom sieve: 2 mm; Sieving mesh size: 125 µm (0/125 µm fraction used),,Thermal treatment (calcination),,"Heating rate: 10 °C/min, cooling mode: natural cooling in closed furnace, without ventilation",,,,"400, 500",°C,2,h,,,,,,,,,0.5 (mortars); 0.5 (WM pure pastes for TGA); 0.4 (MS pastes for TGA); variable (standard consistency pastes: ~30.8% - 34.6%),,,,,,CSN: ~14; CS500: ~13; MSN: ~13; MS500: ~13; WMN: ~11; WM500: ~11,µm,CSN: ~75; CS500: ~75; MSN: ~65; MS500: ~65; WMN: ~55; WM500: ~60,µm,,,,,,,CSN: 5216; CS105: 5620; CS500: 5539; MSN: 5009; MS105: 5316; MS500: 5049; WMN: 4888; WM105: 5436; WM500: 5105,cm²/g,,,CSN: 2.40; CS500: 2.53; MSN: 2.38; MS500: 2.59; WMN: 2.42; WM500: 2.61,g/cm³,,,CS: 28.42; MS: 41.94; WM: 44.60,mass-%,CS: 33.29; MS: 21.24; WM: 17.76,mass-%,CS: 5.90; MS: 8.10; WM: 9.42,mass-%,CS: 4.12; MS: 5.51; WM: 5.83,mass-%,CS: 1.63; MS: 1.11; WM: 1.37,mass-%,CS: 0.80; MS: 2.56; WM: 1.27,mass-%,CS: 0.35; MS: 0.47; WM: 0.30,mass-%,CS: 1.25; MS: 2.15; WM: 2.30,mass-%,CS: 23.50; MS: 15.60; WM: 15.90,mass-%,"TiO2: CS (0.45), MS (0.77), WM (0.81); MnO: CS (0.12), MS (0.11), WM (0.11); P2O5: CS (0.17), MS (0.44), WM (0.34)",mass-%,"Quartz, Calcite, Feldspars, Muscovite, Dolomite, Chlorites, Gypsum",,"CSN: Quartz 35.2, Calcite 33.6, Feldspars 13.4, Muscovite 5.7, Dolomite 6.5, Chlorites 5.6; CS105: Quartz 30.4, Calcite 38.7, Feldspars 13.1, Muscovite 5.2, Dolomite 7.7, Chlorites 4.9; CS400: Quartz 26.9, Calcite 35.2, Feldspars 18.4, Muscovite 8.2, Dolomite 7.5, Chlorites 3.8; CS500: Quartz 38.0, Calcite 35.9, Feldspars 13.3, Muscovite 5.8, Dolomite 5.5, Chlorites 1.5; MSN: Quartz 52.7, Calcite 20.1, Feldspars 13.0, Muscovite 10.0, Gypsum 4.2; MS105: Quartz 54.6, Calcite 23.6, Feldspars 14.7, Muscovite 7.1; MS400: Quartz 56.7, Calcite 20.1, Feldspars 15.0, Muscovite 8.2; MS500: Quartz 58.4, Calcite 20.9, Feldspars 12.4, Muscovite 8.3; WMN: Quartz 46.4, Calcite 17.1, Feldspars 15.5, Muscovite 12.7, Dolomite 6.2, Gypsum 2.1; WM105: Quartz 47.6, Calcite 25.4, Feldspars 13.1, Muscovite 12.2, Dolomite 1.7; WM400: Quartz 45.2, Calcite 18.2, Feldspars 17.3, Muscovite 12.4, Dolomite 6.9; WM500: Quartz 47.7, Calcite 19.0, Feldspars 10.6, Muscovite 12.4, Dolomite 10.3",mass-%,Moderate amount present (indicated by faint halo between 20° and 40° 2θ),,Fixed Ca(OH)2 by Chapelle test: MSN: 301; MS400: ~340; MS500: 395; WMN: 208; WM400: ~280; WM500: 353; CSN: ~160; CS500: ~220,mg Ca(OH)2 / g material,,,"7d: CSN (77%), CS105 (77%), CS400 (77%), CS500 (82%), MSN (75%), MS105 (77%), MS400 (77%), MS500 (81%), WMN (75%), WM105 (75%), WM400 (78%), WM500 (81%); 28d: CSN (78%), CS105 (83%), CS400 (85%), CS500 (89%), MSN (77%), MS105 (82%), MS400 (85%), MS500 (87%), WMN (78%), WM105 (79%), WM400 (83%), WM500 (85%); 90d: CSN (80%), CS105 (85%), CS400 (86%), CS500 (90%), MSN (78%), MS105 (85%), MS400 (86%), MS500 (88%), WMN (80%), WM105 (81%), WM400 (84%), WM500 (86%)",%,Cumulative heat of hydration at 70 h for pure pastes: CSN_P: ~12 J/g; CS500_P: ~28 J/g; MSN_P: ~8 J/g; MS500_P: ~18 J/g; WMN_P: ~8 J/g; WM500_P: ~22 J/g,J/g,Hydraulic activity: Heat flux observed only within first 2 h of hydration for pure waste pastes,,20,%,20,%,"7 days: CSN (39.20), CS105 (38.98), CS400 (39.36), CS500 (41.65), MSN (37.98), MS105 (39.15), MS400 (39.02), MS500 (41.01), WMN (38.11), WM105 (37.93), WM400 (39.74), WM500 (41.08), REF (50.87); 28 days: CSN (47.23), CS105 (50.19), CS400 (51.19), CS500 (53.45), MSN (46.25), MS105 (49.56), MS400 (51.06), MS500 (52.28), WMN (47.12), WM105 (47.79), WM400 (50.12), WM500 (51.38), REF (60.22); 90 days: CSN (52.94), CS105 (55.84), CS400 (56.44), CS500 (59.47), MSN (51.33), MS105 (56.10), MS400 (56.50), MS500 (57.88), WMN (52.63), WM105 (53.09), WM400 (55.13), WM500 (56.44), REF (65.94)",MPa,"7 days: CSN (77%), CS105 (77%), CS400 (77%), CS500 (82%), MSN (75%), MS105 (77%), MS400 (77%), MS500 (81%), WMN (75%), WM105 (75%), WM400 (78%), WM500 (81%); 28 days: CSN (78%), CS105 (83%), CS400 (85%), CS500 (89%), MSN (77%), MS105 (82%), MS400 (85%), MS500 (87%), WMN (78%), WM105 (79%), WM400 (83%), WM500 (85%); 90 days: CSN (80%), CS105 (85%), CS400 (86%), CS500 (90%), MSN (78%), MS105 (85%), MS400 (86%), MS500 (88%), WMN (80%), WM105 (81%), WM400 (84%), WM500 (86%)",%,"Cumulative heat of hydration at 70 h (20% SCM blended pastes): CSN (~250), CS500 (~280), MSN (~255), MS500 (~285), WMN (~250), WM500 (~280), CEM I control (~305)",J/g cement,,,REF: 165; CSN: 175; CS105: 170; CS400: 170; CS500: 175; MSN: 260; MS105: 245; MS400: 185; MS500: 180; WMN: 285; WM105: 295; WM400: 195; WM500: 185,min,REF: 220; CSN: 230; CS105: 220; CS400: 225; CS500: 230; MSN: 305; MS105: 290; MS400: 235; MS500: 235; WMN: 330; WM105: 340; WM400: 250; WM500: 240,min,,,,,,,,
59,Effect of thermo-mechanical activation of waste concrete powder (WCP) on the characteristics of cement mixtures,"Prabhat Vashistha, Yanchen Oinam, Hyeong-Ki Kim, Sukhoon Pyo",Construction and Building Materials,2023,10.1016/j.conbuildmat.2022.129713,Waste concrete powder (WCP),,"Municipal Ulsan recycling plant, South Korea",,Collection in batches from 3 collection points and mixing,,3 collection points,,Thermo-mechanical activation (thermal treatment in muffle furnace followed by air-cooling and ball milling),,"Calcination at 650 °C for 2 h, rapid air-cooling on steel plate, ball milling in jar mill with 5:1 ball-to-material mass ratio for 2 h using 2 jars",,,,650,°C,2,h,Ball milling / Jar mill,,2,h,,,"Air-cooling on steel plate under ambient conditions; jar diameter 210 mm, volume 5,000 ml; steel ball size range 5 mm to 30 mm",,0.35,,"10 nm to 3 mm (analyzed range); PSD curves for AWCP, MWCP, and BMWCP reported in Fig. 8",,"1.73 (MWCP), 1.76 (BMWCP)",µm,,,"60.39 (MWCP), 40.64 (BMWCP)",µm,,,,,,,,,,,"2.03 (AWCP), 2.14 (MWCP), 2.30 (BMWCP)",,,,25.12,wt%,29.12,wt%,5.56,wt%,13.18,wt%,1.74,wt%,1.78,wt%,,,2.65,wt%,15.1,wt%,TiO2: 1.15; Others: 2.54,wt%,"Quartz, Calcite, Silicates, CaO, C2S",,,,Meso-phase amorphous C-S-H structure,,"CaO consumption (Chapelle test): AWCP average = 920, MWCP average = 1032.4, BMWCP average = 1140.4",mg/g,,,,,"7-day cumulative heat: AW20 = 176 J/g, MW20 = 201 J/g, BMW20 = 201 J/g (approx); 40% substitution blends range = 133–162 J/g",J/g,"Chapelle test min/max values: AWCP (897.1–943.0), MWCP (1028.3–1036.5), BMWCP (1125.2–1155.7)",mg CaO/g,"10, 20, 30, 40",wt%,30 (BMWCP) / 40 (LCA evaluation),wt%,"7 Days:
C100: ~56
AW10: ~37, AW20: ~31, AW30: ~18.5, AW40: ~11.5
MW10: ~54.5, MW20: ~48, MW30: ~44, MW40: ~39
BMW10: ~53.5, BMW20: ~54.5, BMW30: ~57, BMW40: ~51.5

28 Days:
C100: ~72.5
AW10: ~54, AW20: ~52, AW30: ~40, AW40: ~28
MW10: ~64, MW20: ~59, MW30: ~51, MW40: ~45.5
BMW10: ~60.5, BMW20: ~65.5, BMW30: ~65, BMW40: ~65

56 Days:
C100: ~74
AW10: ~56, AW20: ~50, AW30: ~40, AW40: ~28.5
MW10: ~69.5, MW20: ~58, MW30: ~44.5, MW40: ~44.5
BMW10: ~64.5, BMW20: ~62.5, BMW30: ~61, BMW40: ~59.5",MPa,"7 Days: BMW30: 101.93%, BMW40: 96.04%
28 Days: BMW40: 92.2%
56 Days: BMW40 vs AW40: +75.5%, BMW40 vs MW40: +31.7%",%,"AW20: 176, MW20: 201, BMW20: 201; 40% substitution blends: 133–162",J/g,,,"OPC: ~5.1
AW20: ~5.5
AW40: ~6.2
MW20: ~7.3
MW40: ~8.4
BMW20: ~7.1
BMW40: ~7.4",h,"OPC: ~9.3
AW20: ~12.1
AW40: ~13.8
MW20: ~12.7
MW40: ~14.6
BMW20: ~11.1
BMW40: ~11.5",h,,,,,,,,
60,Micro-macro characterizations of mortar containing construction waste fines as replacement of cement and sand: A comparative study,"Huixia Wu, Ruihan Hu, Dingyi Yang, Zhiming Ma",Construction and Building Materials,2023,https://doi.org/10.1016/j.conbuildmat.2023.131328,Waste Concrete Fines (WCF),,Concrete Waste,,"Drying, Crushing, and Grinding",,Particle size below 0.15 mm,mm,,,,,,,,,,,,,,,,,,,0.5,,Below 0.15,mm,,,,,,,,,,,,,,,,,,,,,31,%,54.9,%,3.4,%,1.9,%,5.6,%,,,,,,,,,,,"Quartz, Calcite, Portlandite",,"Quartz, Calcite, Portlandite",,,,Certain pozzolanic activity,,,,,,,,,,"5, 10, 20, 30",%,10,%,37.3 (M-WCF-5C); 33.8 (M-WCF-10C); 31.8 (M-WCF-20C); 29.0 (M-WCF-30C),MPa,-1.4% (M-WCF-5C); -10.5% (M-WCF-10C); -15.8% (M-WCF-20C); -23.2% (M-WCF-30C),%,,,,,,,,,,,,,0.118% (M-WCF-10C); 0.114% (M-WCF-20C); 0.131% (M-WCF-30C),%,,
61,Supplementary cementitious materials based on recycled concrete paste,"Maciej Zajac, Jan Skocek, Łukasz Gołek, Jan Deja",Journal of Cleaner Production,2023,10.1016/j.jclepro.2022.135743,Recycled cement paste (RCP) / Recycled concrete fines (RCF),,Demolished concrete / Industrially produced fines,,Laboratory ball mill grinding (post-treatment),,105°C drying temperature,°C,"Enforced carbonation, Autoclaving and carbonation, Vitrification (glass production)",,Solution-to-solid ratio of 3,,"Wet carbonation in slurry reactor, pure CO2 gas, 6 hours duration, ambient lab temperature, open to atmosphere, gas flow 300 l/h, 0.05M Na2SO4 initial solution",,1400 - 1800,°C,,,Laboratory ball mill grinding,,,,,,Autoclaving: 200°C for 16 h at water-to-solid ratio of 2; Glass: quenching in water and ice mixture,,0.55,,"Particle sizes D10, D50, D90 for A, B, C and their activation variants reported in Table 8",μm,A: 2.89; B: 4.02; C: 2.58; A_c: 1.79; B_c: 1.64; C_c: 1.66; A_ac: 1.76; B_ac: 1.5; C_ac: 1.7; A_g: 1.65; B_g: 1.46; C_g: 1.73,μm,A: 22.4; B: 71.3; C: 28.1; A_c: 16.6; B_c: 14.7; C_c: 14.4; A_ac: 14.9; B_ac: 14.1; C_ac: 14.7; A_g: 12.2; B_g: 11.3; C_g: 12.2,μm,A: 68.4; B: 386; C: 103; A_c: 59.1; B_c: 62.2; C_c: 61.4; A_ac: 58.1; B_ac: 60.9; C_ac: 59.6; A_g: 59.3; B_g: 59.3; C_g: 57.5,μm,,,,,A: 18.1; B: 36.6; C: 8.3; A_c: 29.7; B_c: 43.1; C_c: 7.2; A_ac: 32.1; B_ac: 51.8; C_ac: 7.9; A_g: 2.5; B_g: 2.2; C_g: 2.4,m²/g,,,,,,,,,A: 43.45; B: 24.89; C: 42.98,wt.-%,A: 23.01; B: 29.39; C: 23.17,wt.-%,A: 6.55; B: 4.28; C: 4.72,wt.-%,A: 2.19; B: 1.17; C: 2.18,wt.-%,A: 2.55; B: 2.49; C: 1.10,wt.-%,A: 1.52; B: 1.91; C: 0.95,wt.-%,A: 0.51; B: 0.11; C: 0.39,wt.-%,A: 0.99; B: 0.28; C: 0.87,wt.-%,LOI (950°C) — A: 18.50; B: 34.43; C: 22.64,wt.-%,"TiO2: A: 0.40, B: 0.35, C: 0.33; MnO: A: 0.10, B: 0.07, C: 0.05; P2O5: A: 0.14, B: 0.14, C: 0.14",wt.-%,"Quartz, Calcite, Dolomite, Vaterite, Albite, Microcline, Clinker phases, Hydrates, Amorphous, Others",wt.-%,"Detailed wt.-% values reported in Table 3 for materials A, B, C and variants A_c, B_c, C_c, A_ac, B_ac, C_ac, A_g, B_g, C_g",wt.-%,A: 34.5; B: 51.5; C: 19.0; A_c: 25.6; B_c: 33.7; C_c: 14.9; A_ac: 37.6; B_ac: 42; C_ac: 16.2; A_g: 99.8; B_g: 99.5; C_g: 98.7,wt.-%,Assessed via Portlandite consumption in synthetic cement mixes (reported in Fig. 2),,,,,,,,"Portlandite content in composite cements at 1, 28, and 90 days (Table 6)",wt.-%,38.2 (in Composite cement); 60 (in Synthetic cement),wt.-%,,,"GRAPH-DERIVED: Evaluated on mortar cubes at 1, 2, 7, 28, and 90 days (presented in Fig. 7). Range approx. 10 to 65 MPa depending on mix and age.",MPa,,,,,,,,,,,,,,,,,,
62,"Roles of carbonated recycled fines and aggregates in hydration, microstructure and mechanical properties of concrete: A critical review","Tong Zhang, Meng Chen, Yuting Wang, Mingzhong Zhang",Cement and Concrete Composites,2023,https://doi.org/10.1016/j.cemconcomp.2023.104994,"recycled concrete fines (RCF, finer than 0.15 mm), recycled fine aggregate (RFA, smaller than 4.75 mm) and recycled coarse aggregate (RCA, larger than 4.75 mm)",mm,Construction and demolition (C&D) wastes / recycled concrete,,,,,,"Gas-solid carbonation, liquid-solid carbonation (aqueous carbonation)",,CO2 concentration: 20 ± 2% to >99.5%; Gas flow rate: 5 L/min; Pressure: 0.1 to 5 bar; Stirring speed: 200–600 rpm; Gas flow rate (liquid): 10–24 L/h,"vol%, L/min, bar, rpm, L/h","Concentration: 20 ± 2% to 100%; Pressure: 0.1 to 5 bar; Relative Humidity: 50–70% (50 ± 5%, 60 ± 5%); Temperature: 20 ± 2 °C to 70 ± 5 °C","vol%, bar, %, °C",20 ± 2 °C to 70 ± 5 °C (for carbonation treatment),°C,1 d to 7 d (gas-solid); 0.5 h to 6 h (liquid-solid / aqueous),"h, d",,,,,,,"Pre-conditioning: spraying reclaimed wastewater, pre-conditioning in magnesium nitrate solution, pre-soaking in limewater or calcium nitrate water, creating a reactive shell",,"0.15, 0.40, 0.50, 0.80, 0.90",,"<0.15 mm, 0.15–0.6 mm, 0.6–1.18 mm, 1.18–2.36 mm, 0.6–2.36 mm",mm,,,,,,,,,,,,,,,Decreased by up to 34.80% (RCF); Decreased by 13.64% to 34.80% across conditions,%,,,Density increased by up to 11.79% (or increased by 2.73% to 11.79%),%,,,Ca/Si ratio dropped from over 3.0 to around 0.66 (or 0.67),,Al/Si ratio maintained nearly constant between 0.2 and 0.3,,,,,,,,,,,,,,,,"Calcite, vaterite, aragonite, portlandite (CH), calcium silicate hydrates (C–S–H), silica gel, alumina gel, hydrotalcite-like phase, ettringite",,"Calcium carbonate, amorphous silica-rich layer, alumina-silica gels",,"Amorphous calcium carbonate, amorphous silica gels, amorphous alumina-silica gels",,High pozzolanic reactivity / rapid pozzolanic reactions,,,,,,Higher early hydration calorimetry/dissolution peak compared to limestone blends; accelerated heat release,W/g cement,Zeta potential shows strong acid-base chemical interaction between dissolved Ca2+ and carbonated RCFs surface,mV,"10%, 20%, 30%",%,20%,%,Strength ratio up to 1.46 at 20% replacement (relative to plain RCF paste); 23.6% increase at 1 d curing (for 10% replacement),MPa / Ratio,"Up to 146% (at 20% replacement level); 123.6% (at 1 d curing, 10% replacement level)",%,,,,,,,,,,,,,,,,
63,Recycled Construction and Demolition Waste as Supplementary Cementing Materials in Eco-Friendly Concrete,"Silvina V. Zito, Edgardo F. Irassar, Viviana F. Rahhal",Recycling,2023,https://doi.org/10.3390/recycling8040054,Finely ground complete walls of ceramic blocks (including masonry mortars) / Ceramic block wall (CBW) powder,,"Demolition of a 30-year-old ceramic block wall (CBW) from a building in Olavarría, Buenos Aires, Argentina",,Crushed and ground in a ball mill,,Crushed to pass 4.75 mm sieve (#4); ground until 100% passes 75 µm sieve (#200),,Mechanical activation (grinding),,,,,,,,,,Ball mill grinding,,,,,,,,0.50,,Bimodal (peaks at ~3.8 µm and ~38 µm),µm,1.11,µm,6.58,µm,44.23,µm,,,660,m²/kg,,,660,m²/kg,,,2.58,g/cm³,,,62.36,% by mass,8.36,% by mass,12.03,% by mass,4.19,% by mass,0.93,% by mass,0.15,% by mass,1.44,% by mass,3.34,% by mass,6.01,% by mass,TiO2: 0.56; Equivalent alkalis (Na2O + 0.658 K2O): 3.63; SiO2 + Al2O3 + Fe2O3: 74.39,% by mass,"Quartz (SiO2), Anorthite (CaAl2Si2O8), Hematite (Fe2O3), Calcite (CaCO3)",,"Quartz, Anorthite, Hematite, Calcite, and amorphous aluminosilicates",,Presence indicated by diffuse dome in 18° to 30° 2θ range,,Positive / Active (confirmed by Frattini test at 28 days),,,,>84 (measured as 84% at 28 days),%,128,J/g,"Non-evaporable water (Wn): 0.115 g/g (2 days), 0.153 g/g (7 days), 0.198 g/g (28 days)",g/g,25,% by weight,,,"Mortar (28 days): 33.17
Concrete (2 days): ~6.0
Concrete (7 days): ~19.5
Concrete (28 days): ~28.5
Concrete (90 days): ~33.5",MPa,"Concrete (2 days): <75% (<0.75)
Concrete (7 days): >75% (>0.75)
Concrete (28 days): 95% (0.95)
Concrete (90 days): 95% (0.95)",%,,,108.47 (48-hour total heat release relative to OPC control: 128 J/g vs 118 J/g),%,Concrete: 480,min,Concrete: 845,min,,,,,,,,
64,Physical-chemical characterization of construction and demolition waste powder with thermomechanical activation for use as supplementary cementitious material,"Tamara Francisca Baggio, Edna Possan, Jairo José de Oliveira Andrade",Construction and Building Materials,2024,10.1016/j.conbuildmat.2024.136907,Construction and demolition waste powder (CDWP),,"Mixed CDW (""Class A"") from a building with reinforced concrete structure and conventional masonry walls (40.6% mortar, 28% ceramic, 19.6% basalt aggregate, 11.8% miscellaneous materials removed)",%,"Laboratory-scale jaw crushing, mechanical sieving, electromagnetic sieving",,Sieve size: 150 µm,µm,Thermomechanical activation (calcination and milling),,"Calcination temperatures: 600, 700, 800, 900 °C; Calcination duration: 2 h; Milling load: 500 g powder batch with 150 ceramic spheres (15–30 mm diameter)","°C, h, g, mm",,,"600, 700, 800, 900",°C,2,h,Dry ball milling,,"1, 2, 3, 4, 5 (for time study); 5 (for full matrix)",h,30,rpm,,,0.50 (for paste CH/water bound tests),,,,"2.77 (0h), 1.56 (1h), 1.40 (2h), 1.14 (3h), 1.06 (4h), 1.04 (5h) [700°C calcined]",µm,"Without milling (0h): 27.07 (0°C), 34.43 (600°C), 32.58 (700°C), 33.08 (800°C), 29.98 (900°C); 5h milling: 9.15 (0°C), 11.06 (600°C), 8.30 (700°C), 10.53 (800°C), 9.6 (900°C)",µm,"107.53 (0h), 74.45 (1h), 59.02 (2h), 49.45 (3h), 42.94 (4h), 40.38 (5h) [700°C calcined]",µm,,,,,"Without milling: 28.54 (0°C), 13.39 (600°C), 11.55 (700°C), 6.55 (800°C), 3.25 (900°C); 5h milling: 26.35 (0°C), 14.63 (600°C), 12.18 (700°C), 8.52 (800°C), 4.08 (900°C)",m²/g,,,,,"Without milling: 2.51 (0°C), 2.55 (600°C), 2.61 (700°C), 2.67 (800°C), 2.68 (900°C); 5h milling: 2.46 (0°C), 2.58 (600°C), 2.60 (700°C), 2.67 (800°C), 2.69 (900°C) [Reported as Specific Mass]",g/cm³,,,"58.11 (0°C), 60.62 (600°C), 61.64 (700°C), 64.34 (800°C), 64.73 (900°C)",%,"11.57 (0°C), 11.34 (600°C), 11.47 (700°C), 12.07 (800°C), 12.35 (900°C)",%,"10.01 (0°C), 11.80 (600°C), 12.38 (700°C), 12.14 (800°C), 12.57 (900°C)",%,"3.57 (0°C), 3.74 (600°C), 3.84 (700°C), 3.91 (800°C), 3.87 (900°C)",%,"2.10 (0°C), 1.90 (600°C), 1.95 (700°C), 2.07 (800°C), 2.11 (900°C)",%,"0.38 (0°C), 0.50 (600°C), 0.49 (700°C), 0.48 (800°C), 0.34 (900°C)",%,"0.61 (0°C), 0.56 (600°C), 0.59 (700°C), 0.60 (800°C), 0.62 (900°C)",%,"1.67 (0°C), 1.67 (600°C), 1.72 (700°C), 1.79 (800°C), 1.82 (900°C)",%,"10.78 (0°C), 7.56 (600°C), 5.21 (700°C), 2.61 (800°C), 1.69 (900°C)",%,"TiO2: 0.64 (0°C), 0.68 (600°C), 0.71 (700°C), 0.73 (800°C), 0.72 (900°C); P2O5: 0.11 (0°C)",%,"Quartz, Calcite, Albite, Dolomite, Mullite",,,,,,"Portlandite (CH) consumption in paste at 28 days: 13.56% (0h0°C), 16.02% (0h700°C), 13.15% (0h800°C), 13.56% (5h0°C), 14.38% (5h700°C), 12.74% (5h800°C) vs 18.90% (Control); Chemically bound water: 7.12% (0h0°C), 7.42% (0h700°C), 7.06% (0h800°C), 7.31% (5h0°C), 7.59% (5h700°C), 7.08% (5h800°C) vs 6.30% (Ref)",%,"81% (0h0°C), 87% (0h600°C), 92% (0h700°C), 95% (0h800°C), 82% (0h900°C), 77% (5h0°C), 88% (5h600°C), 95% (5h700°C), 97% (5h800°C), 91% (5h900°C)",%,,,,,"Binder Volatile Fractions (TG/DTG): H2O (110–400°C) 2.58%, H2O (400–550°C) 1.38%, CO2 (550–750°C) 6.60%, CO2 (750–1000°C) 1.76%",%,"25 (for pastes CH/water bound tests), Mortar PAI tests follow NBR 5752 standard replacement level",%,,,0h0°C: 21.3; 0h600°C: 22.6; 0h700°C: 23.3; 0h800°C: 24.8; 0h900°C: 21.6; 5h0°C: 20.6; 5h600°C: 22.8; 5h700°C: 26.0; 5h800°C: 26.4; 5h900°C: 24.0,MPa,"PAI (28 days): 81% (0h0°C), 87% (0h600°C), 92% (0h700°C), 95% (0h800°C), 82% (0h900°C), 77% (5h0°C), 88% (5h600°C), 95% (5h700°C), 97% (5h800°C), 91% (5h900°C)",%,,,,,,,,,,,,,,,,
65,Ureolytic bacteria-assisted recycling of waste concrete fines,"P. Holeček, K. Kliková, D. Koňáková, H. Stiborová, V. Nežerka",Powder Technology,2024,https://doi.org/10.1016/j.powtec.2023.119310,Waste concrete fines (WCF) / WCF-G and WCF-H,,Concrete gutter / Highway pavement,,"Crushing, grinding, hammer crushing, high-speed milling",,Separated fraction of 0–0.25 mm for WCF-G; Removal of particles > 10 mm for WCF-H,mm,Microbially-induced calcite precipitation (MICP) / Biological activation,,"7 g WCF mixed with 10 ml saline solution (9 g/L NaCl), pH adjusted to 6.8 ± 0.2 with 1 M HCl. Biocementation solution (urea 20 g/L, CaCl₂ 2.8 g/L, nutrient broth 4 g/L, pH 6.8 ± 0.2) added every 48–72 h. Bacteria cell concentration adjusted to OD600 = 5.0.",,,,,,,,,,,,,,"Bacterial strain: Sporosarcina pasteurii DSM 33 (ATCC 11859). Cultivated at 28°C, 120 rpm for 48 h in Tryptone Soya Broth with 20 g/L urea. MICP treatment durations: 14, 30, 60, and 90 days, followed by 30 days desiccation at 28°C.",,,,Particle sizes range from 0.08 to 1800 µm detected (WCF-G contains almost no particles above 10 µm; WCF-H contains particles up to 10 µm in fine matrix and larger fractions).,µm,1.17 (WCF-G) / 1.22 (WCF-H),µm,3.46 (WCF-G) / 4.59 (WCF-H),µm,7.72 (WCF-G) / 13.30 (WCF-H),µm,5.08 (WCF-G) / 7.33 (WCF-H),µm,,,,,,,,,,,,,36.66 (WCF-G) / 42.92 (WCF-H),wt%,35.62 (WCF-G) / 31.35 (WCF-H),wt%,10.06 (WCF-G) / 11.81 (WCF-H),wt%,,,1.87 (WCF-G) / 2.16 (WCF-H),wt%,1.67 (WCF-G) / 0.83 (WCF-H),wt%,1.74 (WCF-G) / 1.39 (WCF-H),wt%,3.00 (WCF-G) / 2.45 (WCF-H),wt%,0.39 (WCF-G) / 0.23 (WCF-H),wt%,"FeO: 8.29 (WCF-G), 6.13 (WCF-H); P₂O₅: 0.16 (WCF-G), 0.15 (WCF-H); TiO₂: 0.36 (WCF-G), 0.47 (WCF-H); MnO: 0.18 (WCF-G), 0.12 (WCF-H)",wt%,"Alite, Tobermorite, Portlandite, Calcite, Aragonite, Vaterite, Hornblende, Iron, Quartz, Albite, Muscovite, Orthoclase, Chamosite, Microcline, Biotite",,"Total CaCO₃: 29.57% (WCF-G), 35.13% (WCF-H)",wt%,"Amorphous and non-identified (Amorph., N/I): ~0.38 wt% (WCF-G), ~0.20 wt% (WCF-H)",wt%,,,,,,,,,,,,,,,,,,,,,,,,,,,,,,,,,,
66,Enhancing the Mechanical and Durability Properties of Fully Recycled Aggregate Concrete Using Carbonated Recycled Fine Aggregates,"Birori Jean, Hui Liu, Xudong Zhu, Xinjie Wang, Xiancui Yan, Tianyu Ma",Materials,2024,https://doi.org/10.3390/ma17081715,Carbonated Recycled Fine Aggregate (C-RFA) / Recycled Fine Aggregate (RFA),,"Waste concrete supplied by Jiangsu Lvhe Environmental Technology Co., Ltd., located in Changzhou, China",,"Crushing, cleaning, and sieving",,Particle size range between 0.16 mm and 4.75 mm,mm,Accelerated carbonation treatment,,Gas pressure: 0.5 MPa,MPa,Temperature: 25 °C; CO₂ concentration: 20±2%; Relative Humidity: 55±5%; Gas pressure: 0.5 MPa; Duration: 4 to 7 days,"°C, %, %, MPa, days",,,,,,,,,,,Conducted until RFA achieved a constant weight and exhibited no change in surface color upon phenolphthalein solution application,,,,0.16 mm to 4.75 mm,mm,,,,,,,,,,,,,,,RFA: 8.8%; C-RFA: 6.9%,%,,,"Apparent Density: RFA = 2476, C-RFA = 2577",kg/m³,,,,,,,,,,,,,,,,,,,,,,,Calcium carbonate (CaCO₃) particles,,,,,,,,,,,,CaCO₃ particles served as nucleation sites promoting formation and growth of C-S-H gel,,,,,,,,,,,,,,,,,,,,,,,,,
67,A Review of the Utilization of Recycled Powder from Concrete Waste as a Cement Partial Replacement in Cement-Based Materials: Fundamental Properties and Activation Methods,"Kubilay Kaptan, Sandra Cunha, José Aguiar",Applied Sciences,2024,10.3390/app14219775,"Concrete waste-based powders (CFs, CSFs, CWFs, CWP, FRC, GCP, GRC, GWCP, HHCW, RP, RCFs, RCCFs, RCFP, RCP, RCWP, RFAP, RFP, RHCP, RPC, RWC, RWCP, WCFs, WCP, WCRP, WP, WPC)",,Waste concrete (WC) / Construction and demolition waste (CDW),,"Dry grinding, Wet grinding, Mechanical pre-treatment (crushing, grinding, and sieving)",,Particle size cutoff: <0.15 mm (150 µm) or <75 µm,,"Mechanical, Thermal, CO2 (carbonation), Chemical, Biomineralization (Microbial-induced carbonate precipitation / MICP)",,"Gas-solid carbonation, aqueous (liquid-solid) carbonation, chemical immersion (TA, HCl, NaOH), MICP using Bacillus strain",,CO2 volume fraction: 19.98% to 20%; Relative humidity: 50% to 80%; Carbonation duration: 1 h to 90 h; Carbonation temperature: 20 °C to 140 °C,,"200 °C, 300 °C, 400 °C, 500 °C, 550 °C, 600 °C, 650 °C, 700 °C, 750 °C, 800 °C, 850 °C, 900 °C, 950 °C, 1000 °C, 1100 °C, 1200 °C",°C,,,"Ball mill, Jet mill",,"Dry grinding: 10 min, 20 min, 25 min, 30 min, 45 min, 50 min, 75 min, 100 min; Wet grinding: 60 min, 80 min, 90 min, 120 min",min,,,Chemical activation with Tannic Acid (TA) 0.5% and 1% for 1 h; 2 mol/L HCl treatment; NaOH treatment,,w/s = 0.4 (for WCP carbonation); w/b ratio varies inversely with SAI,,0.25 to 142 (Range of median particle size D50),µm,,,"17.8 (Average), 0.25 (Min), 142 (Max)",µm,,,17.8,µm,"454.25 (Average), 73.57 (Min), 1351 (Max)",m²/kg,Reported in literature using Brunauer–Emmett–Teller method,m²/kg,"Measured according to GB/T8074-2008, ASTM C204-18-1, NBR 16372",m²/kg,Elevated / High,,"2.487 (Average), 2.025 (Min), 2.9 (Max)",g/cm³,,,21.0 to 76.5,%,7.8 to 44.5,%,1.8 to 14.2,%,0.5 to 8.2,%,Reported in literature,%,Lower content compared to cement,%,Higher alkali content compared to cement,%,Higher alkali content compared to cement,%,Exceeds 6.0% requirement for most cases,%,Fe₂O₃ + Al₂O₃ + SiO₂ > 70% for some samples,%,"Quartz (SiO₂), Calcite (CaCO₃), Portlandite (Ca(OH)₂), Dolomite, Albite, Belite (C₂S), Alite (C₃S), Potassium/Sodium Feldspar, C-S-H gel, Ettringite (AFt), Tobermorite, Gismondine, Gypsum, Muscovite, Celite, Ferrite, Anorthite, Monosulfate, Margarite, Mica, Zeolite, Larnite, Chlorite, Hedenbergite",,"Crystalline and amorphous states composed of aggregates (quartz, albite, dolomite) and hydrated cement products (CH, C-S-H, AFt, C₂S, C₃S)",,"Mechanically transformed amorphous SiO₂, amorphous C-S-H, and amorphous CH",,"Assessed directly (Frattini test, saturated lime method, XRD, TGA, chemical titration) and indirectly (SAI, electrical conductivity, calorimetry)",,Fulfills standard requirement (>70%) for mechanically ground and activated RP,%,>70% at 28 d (for ≤30% replacement); >75% at 7 d and 28 d (for 20% replacement under ASTM C618),%,Assessed indirectly via heat generation by conduction calorimetry,,Electrical conductivity,,"20%, 25%, 30%",%,25% (or up to 30%),%,Compressive strength of mortar evaluated directly or via SAI relative to control mix,MPa,>70% (mechanically ground at 30% replacement); >75% (at 20% replacement per ASTM C618); up to 90.4% (for RCP-800C),%,,,,,,,,,,,,,Volumetric shrinkage discussed qualitatively for recycled aggregate concrete,,,
68,REUSE OF FINE CONCRETE DEMOLITION WASTES AS A SUPPLEMENTARY CEMENTITIOUS MATERIAL IN CONCRETE,"LYNDA KHEDDACHE, DJAMILA ABOUTALEB, BRAHIM SAFI, SAMIR LECHEB, AHMED CHELLIL AND HAMZA MECHAKRA",HUNGARIAN JOURNAL OF INDUSTRY AND CHEMISTRY,2024,10.33927/hjic-2024-15,Concrete Demolition Waste (CDW) / fine concrete demolition wastes,,Demolished concretes,,Finely crushed,,,,,,,,,,,,,,,,,,,,,,0.475,,,,,,,,,,,,,,,,,,,,,,,,,,,,,,,,,,,,,,,,,,,,,,,,,,,,,,,,,,,,"0, 2.5, 5, 7.5, 10, 12.5, 15, 20",%,10,%,"Substitution (3d, 7d, 28d):
0%: 13.44, 27.25, 32.00
2.5%: 13.27, 27.18, 31.60
5%: 12.13, 25.82, 30.03
7.5%: 11.69, 23.94, 27.84
10%: 11.04, 22.52, 26.19
12.5%: 7.37, 15.08, 17.54
15%: 7.31, 14.96, 17.40
20%: 6.72, 13.75, 16.00

Addition (3d, 7d, 28d):
0%: 13.44, 27.25, 32.00
2.5%: 13.65, 27.95, 32.50
5%: 14.58, 29.80, 34.60
7.5%: 14.30, 29.33, 34.10
10%: 15.18, 31.00, 36.20
12.5%: 13.90, 28.55, 33.20
15%: 12.60, 25.80, 30.00
20%: 12.00, 24.60, 28.00",MPa,20% improvement (at 10% addition),%,,,,,,,,,,,,,,,,
69,Thermal activation of multi-recycled concrete powder as supplementary cementitious material for repeated and waste-free recycling,"Jeonghyun Kim, Andrzej Ubysz",Journal of Building Engineering,2024,https://doi.org/10.1016/j.jobe.2024.111169,"Multi-recycled concrete powders (multi-RCP / RCP1, RCP2, RCP3)",,"C30 grade recycled coarse aggregate concrete (RCAC1, RCAC2, RCAC3)",,"Laboratory crushing, sieving, and milling",,Sieve size: 150 µm,µm,Thermal treatment (thermal activation),,Heating rate: 10 °C/min,°C/min,,,"200, 400, 600, 800 (and RT / 23 °C for untreated)",°C,2,h,,,,,,,Cooled to room temperature inside the electric furnace,,0.5,,,,,,,,,,,,,,,,,,,,,,RCP1: 2.48; RCP2: 2.38; RCP3: 2.33,g/cm³,RCP1: 38.88; RCP2: 32.09; RCP3: 27.67,%,RCP1: 36.19; RCP2: 44.50; RCP3: 50.24,%,RCP1: 9.56; RCP2: 8.14; RCP3: 7.37,%,RCP1: 8.21; RCP2: 8.56; RCP3: 8.38,%,RCP1: 1.23; RCP2: 1.14; RCP3: 1.12,%,RCP1: 1.23; RCP2: 1.35; RCP3: 1.40,%,,,RCP1: 3.37; RCP2: 2.81; RCP3: 2.37,%,,,"TiO2: RCP1: 0.87, RCP2: 0.89, RCP3: 0.88; Other: RCP1: 0.46, RCP2: 0.52, RCP3: 0.57",%,"Quartz, Portlandite, Calcite, C2S",,,,,,High rehydration activity of C2S formed after heat treatment,,,,,,,,"Weight loss phases from TGA: Dehydration (~100 °C), Dehydroxylation (~430 °C), Decarbonation (~670 °C)",°C,"10, 20, 30",%,20–30 (GRAPH-DERIVED),%,30.0 to 55.5,MPa,Enhanced by up to 19 (for 800 °C activated RCP),%,,,,,,,,,Enhanced by 4.7 to 16.1 (for 800 °C activated RCP compared to non-activated); overall range ~7.5 to 10.5,MPa,Enhanced by up to 16,%,Reduced by 7.4 to 19.8 (for 800 °C activated RCP compared to untreated); 28-day strain 0.04 to 0.10,%,Enhanced shrinkage resistance by 19,%
70,"Recycled concrete fines as a supplementary cementitious material: Mechanical performances, hydration, and microstructures in cementitious systems","Jun Li, Xin Deng, Zhongyuan Lu, Xiaoying Li, Li Hou, Jun Jiang, Fengyuan Yang, Junjin Zhang, Kewen He",Case Studies in Construction Materials,2024,10.1016/j.cscm.2024.e03575,"Recycled concrete fines (RFs) / recycled fine powder (RFP), recycled medium powder (RMP), recycled coarse powder (RCP)",,Waste concrete / Construction and demolition waste (CDW),,"Crushing, sieving, and separating technologies",,"Particle sizes smaller than 0.045 mm (RFP), smaller than 0.075 mm (RMP), and smaller than 0.15 mm (RCP)",mm,Untreated,,,,,,,,,,,,,,,,,,0.5,,"Particle sizes < 0.045 mm (RFP), < 0.075 mm (RMP), < 0.15 mm (RCP)",mm,,,78.7 (RCP); 23.0 (RMP); 16.0 (RFP),µm,,,,,,,10.08 (RCP); 11.72 (RMP); 13.64 (RFP),m²/g,,,,,2.50 (RCP); 2.50 (RMP); 2.44 (RFP),g/cm³,,,36.91 (RCP); 33.64 (RMP); 30.55 (RFP),wt%,30.77 (RCP); 32.02 (RMP); 33.27 (RFP),wt%,8.20 (RCP); 8.02 (RMP); 7.86 (RFP),wt%,4.51 (RCP); 4.56 (RMP); 4.18 (RFP),wt%,1.55 (RCP); 1.73 (RMP); 1.58 (RFP),wt%,1.67 (RCP); 1.61 (RMP); 1.64 (RFP),wt%,1.09 (RCP); 0.95 (RMP); 0.90 (RFP),wt%,1.05 (RCP); 1.10 (RMP); 0.95 (RFP),wt%,12.44 (RCP); 14.36 (RMP); 17.36 (RFP),wt%,1.81 (RCP); 2.00 (RMP); 1.70 (RFP),wt%,"Quartz, mica, feldspar, calcite, portlandite, polylithionite, anorthite",,,,,,Higher reactivity at a later curing age for RFP,,,,0.89 (RFP30); 0.74 (RMP30); 0.90 (RCP30),% / ratio,Reduced peak release rate and lower cumulative heat release over 24 h; peak time extended by 22.6% and peak value reduced by 9.9% for RFP30 relative to PC,%,"Chemically bound water (CBW) content increase from 28 d to 60 d: 10.9% (RFP30), 4.7% (RMP30), 4.6% (RCP30); Portlandite content in RFs: 3.16% (RFP), 3.08% (RMP), 3.12% (RCP)",%,"10%, 20%, 30%",wt%,10% (for RFP),wt%,"7 d: 34.2 (RFP10), 31.3 (RFP20), 29.5 (RFP30), 27.8 (RMP10), 26.2 (RMP20), 24.1 (RMP30), 30.0 (RCP10), 28.6 (RCP20), 26.6 (RCP30)
28 d: 40.2 (RFP10), 41.2 (RFP20), 33.9 (RFP30), 42.8 (RMP10), 35.7 (RMP20), 32.3 (RMP30), 42.8 (RCP10), 37.7 (RCP20), 33.1 (RCP30)
60 d: 53.1 (RFP10), 42.6 (RFP20), 38.6 (RFP30), 47.7 (RMP10), 41.7 (RMP20), 37.8 (RMP30), 45.6 (RCP10), 44.1 (RCP20), 38.1 (RCP30)
*(PC Control: 33.0 at 7 d, 45.8 at 28 d, 48.5 at 60 d)",MPa,"7 d: RFP10 (103.3%), RFP20 (94.8%), RFP30 (89.4%), RMP10 (84.2%), RMP20 (79.4%), RMP30 (73.0%), RCP10 (90.9%), RCP20 (86.7%), RCP30 (80.6%)
28 d: RFP10 (87.8%), RFP20 (89.9%), RFP30 (74.0%), RMP10 (93.4%), RMP20 (78.0%), RMP30 (70.5%), RCP10 (93.4%), RCP20 (82.3%), RCP30 (72.3%)
60 d: RFP10 (109.4%), RFP20 (87.8%), RFP30 (79.6%), RMP10 (98.3%), RMP20 (86.0%), RMP30 (77.9%), RCP10 (94.0%), RCP20 (91.0%), RCP30 (78.6%)",% / ratio,,,,,,,,,,,,,,,,
71,Reusing Waste Concrete Recycled Powder in Mortar: Paste Substitution versus Cement Substitution,"Leo Gu Li, Ze-Cheng Lu, Pui-Lam Ng, Zhong-Ping Chen, Xiaowei Deng",Journal of Materials in Civil Engineering,2024,10.1061/JMCEE7.MTENG-17101,Waste concrete recycled powder (WCRP),,Waste concrete blocks,,"Hammer scraping, ball mill grinding, sifting, and oven drying",,Sieve size: 150 μm; Drying temperature: 105°C; Drying duration: 8 hours,"μm, °C, h",Thermal treatment (drying),,Temperature: 105°C; Duration: 8 hours,"°C, h",,,105,°C,8,h,Ball mill grinding,,,,,,,,"0.40, 0.45, 0.50, 0.55",,Continuous grading; 0–300 μm (Passing 100% at particle size < 300 μm),,,,,,,,102,μm,,,,,,,,,2.56 (Relative Density),,,,,,,,,,,,,,,,,,,,,,,,,,Ettringite and aluminate ferrite monosubstituted phase (AFm),,,,,,,,,,,,Cementing efficiency factor (CEF) = 0.289,,"Paste substitution rate: 4%, 8%, 12%, 16% (volumetric); Cement substitution rate: 4%, 8%, 12%, 16% (volumetric)",%,12% (for paste substitution method),%,"7-day: N-0.40-0: 37.2, N-0.45-0: 33.5, N-0.50-0: 28.5, N-0.55-0: 21.1, P-0.40-4: 43.4, P-0.40-8: 46.0, P-0.40-12: 52.7, P-0.40-16: 50.8, P-0.45-4: 35.6, P-0.45-8: 38.4, P-0.45-12: 43.8, P-0.45-16: 41.4, P-0.50-4: 33.3, P-0.50-8: 34.4, P-0.50-12: 39.5, P-0.50-16: 36.8, P-0.55-4: 24.9, P-0.55-8: 26.8, P-0.55-12: 27.5, P-0.55-16: 27.0, C-0.45-4: 30.1, C-0.45-8: 23.9, C-0.45-12: 22.1, C-0.45-16: 21.0, C-0.55-4: 20.3, C-0.55-8: 19.5, C-0.55-12: 17.1, C-0.55-16: 15.5
28-day: N-0.40-0: 60.6, N-0.45-0: 52.5, N-0.50-0: 46.4, N-0.55-0: 41.8, P-0.40-4: 69.8, P-0.40-8: 73.8, P-0.40-12: 83.8, P-0.40-16: 80.9, P-0.45-4: 55.1, P-0.45-8: 60.7, P-0.45-12: 70.8, P-0.45-16: 66.9, P-0.50-4: 50.9, P-0.50-8: 52.0, P-0.50-12: 58.8, P-0.50-16: 57.5, P-0.55-4: 47.1, P-0.55-8: 49.8, P-0.55-12: 50.8, P-0.55-16: 50.0, C-0.45-4: 48.6, C-0.45-8: 39.9, C-0.45-12: 38.4, C-0.45-16: 36.6, C-0.55-4: 40.0, C-0.55-8: 36.9, C-0.55-12: 34.8, C-0.55-16: 30.3",MPa,"Percentage Change in 7-day: P-0.40-4: +16.7%, P-0.40-8: +23.7%, P-0.40-12: +41.7%, P-0.40-16: +36.6%, P-0.45-4: +6.3%, P-0.45-8: +14.6%, P-0.45-12: +30.7%, P-0.45-16: +23.6%, P-0.50-4: +16.8%, P-0.50-8: +20.7%, P-0.50-12: +38.6%, P-0.50-16: +29.1%, P-0.55-4: +18.0%, P-0.55-8: +27.0%, P-0.55-12: +30.3%, P-0.55-16: +28.0%, C-0.45-4: -10.1%, C-0.45-8: -28.7%, C-0.45-12: -34.0%, C-0.45-16: -37.3%, C-0.55-4: -3.8%, C-0.55-8: -7.6%, C-0.55-12: -19.0%, C-0.55-16: -26.5%
Percentage Change in 28-day: P-0.40-4: +15.2%, P-0.40-8: +21.8%, P-0.40-12: +38.3%, P-0.40-16: +33.5%, P-0.45-4: +5.0%, P-0.45-8: +15.6%, P-0.45-12: +34.9%, P-0.45-16: +27.4%, P-0.50-4: +9.7%, P-0.50-8: +12.1%, P-0.50-12: +26.7%, P-0.50-16: +23.9%, P-0.55-4: +12.7%, P-0.55-8: +19.1%, P-0.55-12: +21.5%, P-0.55-16: +19.6%, C-0.45-4: -7.4%, C-0.45-8: -24.0%, C-0.45-12: -26.9%, C-0.45-16: -30.3%, C-0.55-4: -4.3%, C-0.55-8: -11.7%, C-0.55-12: -16.7%, C-0.55-16: -27.5%",%,,,,,,,,,,,,,,,,
72,Use of carbonated recycled cement paste powder as a new supplementary cementitious material: A critical review,"Yuguang Mao, Xiang Hu, Ubagaram Johnson Alengaram, Wei Chen, Caijun Shi",Cement and Concrete Composites,2024,https://doi.org/10.1016/j.cemconcomp.2024.105783,"Recycled cement paste powder (RCPP), Carbonated RCPP",,Aged cement pastes / Laboratory-prepared cement paste,,"Crushing, screening, separation, ball-milling, deep mechanical grinding (jet-milling, vibration-milling, planetary milling), manual sorting",,Particle size < 150 μm,μm,"Accelerated carbonation (dry carbonation, wet carbonation)",,"CO2 concentration, relative humidity, pressure","%, %, MPa","Dry carbonation and wet carbonation under varying temperatures, CO2 flow rates, and durations",,20 - 140,°C,,,"Ball-milling, jet-milling, vibration-milling, planetary milling",,,,,,Wet carbonation CO2 flow rate: 3 L/min to 5 L/min; Wet carbonation temperature: 25 °C to 100 °C,"L/min, °C",,,"Particle sizes < 150 μm (or 0–75 μm, 75–150 μm, <0.15 mm)",μm / mm,,,,,,,,,,,,,,,,,,,,,,,,,,,,,,,,,,,,,,,,,"Calcite, Aragonite, Vaterite, C-S-H, silica gel, unhydrated phases (C3S, C2S, C4AF)",,CaCO3: 65%–75%; Silica gel: 15–20%; C-S-H: 0.1 g to 0.4 g per g; Unhydrated components: 1–3%,% / g/g,15–20% (silica gel),%,High early pozzolanic reactivity (complete reaction within 24 h to 14 days),,,,,,Pozzolanic reaction heat commences approximately 6 h after contact with Ca(OH)2,h,Carbon sequestration capacity: 1.2% to 31.5%,%,"5%, 10%, 20%, 30%, 33%",%,10% (for dry carbonated RCPP); 20% (for wet carbonated RCPP),%,"Comparable to, or even exceeds, OPC paste at 20%–30% replacement",MPa,"Higher than 100% up to optimum levels (10% dry, 20% wet); decreases at higher replacement levels",%,,,,,Initial setting time coefficients: 77.8% to 126.4% (dry carbonated RCPP); 63.90% to 69.23% (wet carbonated RCPP),%,Final setting time coefficients: 84.6% to 119.3% (dry carbonated RCPP); 74.36% to 84.03% (wet carbonated RCPP),%,Comparable to that of cement mortar without carbonated RCPP,MPa,,,,,,
73,Transforming construction and demolition waste concrete as a precursor in sustainable cementitious materials: An innovative recycling approach,"Juliana Rodriguez-Morales, Oswaldo Burciaga-Diaz, Lauren Y. Gomez-Zamorano, J. Ivan Escalante-Garcia","Resources, Conservation & Recycling",2024,https://doi.org/10.1016/j.resconrec.2024.107474,Pulverized hardened concrete (PHC),Unitless,Ready-mix concrete product based on composite Portland cement and limestone aggregates,Unitless,"Crushing, oven drying, and ball milling",Unitless,Drying batch size: 10 kg; Drying temperature: 110 °C; Drying duration: 24 h,Mixed,Alkaline activation with sodium silicate (Type G),Unitless,"15 % CSS (Type G powder, Ms = 3.2); 0 % CSS for 100PHC paste",%,,,,,,,Ball milling,Unitless,,,,,"Curing regimes: 24 h at 60 ± 4 °C (60–20 °C) or 24 h at 20 ± 3 °C (20–20 °C), followed by curing at 20 ± 3 °C up to 28 days",°C,0.23,Unitless,Bimodal distribution ranging from 1.31 to 152.45 µm,µm,,,,,,,28.56,µm,,,,,,,,,,,,,5.98,%,87.11,%,1.93,%,0.81,%,1.70,%,1.20,%,0.71,%,0.57,%,,,,,"Calcite, Portlandite, Dolomite",Unitless,Calcite from aggregates and portlandite from hydration of Portland cement,Unitless,,,Intrinsic reactivity towards strength development and reactive towards commercial sodium silicate,Unitless,,,,,,,Hydraulic character (strength retention/growth underwater),Unitless,"25, 45, 65, 85, 100",%,,,"20–20 °C (Dry):
• 25PHC-60CPC: 1d: 31.1, 3d: 43.6, 7d: 49.7, 14d: 52.3, 28d: 50.0
• 45PHC-40CPC: 1d: 26.5, 3d: 27.7, 7d: 39.0, 14d: 40.5, 28d: 45.2
• 65PHC-20CPC: 1d: 12.0, 3d: 19.4, 7d: 25.7, 14d: 27.0, 28d: 30.8
• 85PHC-0CPC: 1d: 2.1, 3d: 8.1, 7d: 13.0, 14d: 15.7, 28d: 16.1
• 100PHC: 1d: 1.2, 3d: 2.0, 7d: 2.8, 14d: 3.0, 28d: 2.7

60–20 °C (Dry):
• 25PHC-60CPC: 1d: 32.1, 3d: 34.6, 7d: 44.3, 14d: 44.8, 28d: 45.5
• 45PHC-40CPC: 1d: 32.7, 3d: 33.0, 7d: 32.1, 14d: 36.1, 28d: 39.8
• 65PHC-20CPC: 1d: 21.2, 3d: 19.4, 7d: 24.0, 14d: 23.6, 28d: 28.0
• 85PHC-0CPC: 1d: 12.1, 3d: 12.1, 7d: 11.8, 14d: 13.2, 28d: 12.0
• 100PHC: 1d: 1.7, 3d: 1.8, 7d: 1.8, 14d: 1.9, 28d: 2.3

28-Day Wet Curing:
• 25PHC-60CPC (20–20 °C): 46.3
• 25PHC-60CPC (60–20 °C): 40.5
• 45PHC-40CPC (20–20 °C): 34.1
• 45PHC-40CPC (60–20 °C): 27.5
• 65PHC-20CPC (20–20 °C): 23.4
• 65PHC-20CPC (60–20 °C): 25.2
• 85PHC-0CPC (20–20 °C): 7.8
• 85PHC-0CPC (60–20 °C): 10.5
• 100PHC (20–20 °C): 2.0
• 100PHC (60–20 °C): 1.7",MPa,"• 45PHC-40CPC vs 60% hypothetical substitution on REFCPC: +79%
• 65PHC-20CPC vs 80% hypothetical substitution on REFCPC: +143%
• 85PHC-0CPC vs 80% hypothetical substitution on REFCPC: +27%
• 25PHC-60CPC vs 40% hypothetical substitution on REFCPC: +32%",%,,,,,,,,,,,,,,,,
74,Improving the reactivity of industrial recycled concrete fines: Exploring mechanical and hydrothermal activation,"Leila Nobrega Sousa, J.C.O. Zepper, Katrin Schollbach, H.J.H. Brouwers",Construction and Building Materials,2024,https://doi.org/10.1016/j.conbuildmat.2024.137594,Recycled concrete fines (RCf),,Old granulated concrete,,Crushing and sieving,,Particle fraction <250 µm,µm,Hydrothermal activation (autoclaving) and mechanical activation (planetary ball mill),,"Water/solid ratio of 0.55; Ca(OH)2 additions of 0, 10, 20, and 30 wt%",,,,195,°C,8,h,Dry grinding in a planetary ball mill,,166,min,"300 rpm during the first 30 minutes, then 250 rpm for 136 minutes",rpm,Saturated steam pressure up to 13 bar during autoclaving; oven drying for 12 h at 100°C post-autoclaving,,0.55,,Bimodal (ranging 3 to 1000 µm initially) transitioning to broad multimodal (0.1 to 1000 µm after milling),µm,,,RCf-0: 80.8; RCf-166: 4.88; RCf-A0-166: 7.67; RCf-A1-166: 13.49; RCf-A2-166: 13.98; RCf-A3-166: 11.61,µm,,,,,,,,,,,,,,,,,72.57,wt%,11.68,wt%,4.98,wt%,2.05,wt%,0.80,wt%,0.84,wt%,,,0.92,wt%,5.86,wt%,"MnO: 0.06, ZrO2: 0.02, Cr2O3: 0.01, ZnO: 0.01",wt%,"Quartz, Calcite, Feldspar, Phlogopite, 11 Å Tobermorite, Xonotlite",,"RCf-0: Quartz (79.3%), Feldspar (11.7%), Phlogopite (2.9%), Calcite (2.2%); RCf-A3-0: 11 Å Tobermorite (33.6%), Quartz (30.1%), Calcite (5.3%), Feldspar (3.6%), Xonotlite (2.5%), Phlogopite (1.9%)",wt%,RCf-0: 3.9 (Normalized: 3.9); RCf-166: 21.5 (Normalized: 21.8); RCf-A0-0: 10.4 (Normalized: 10.4); RCf-A0-166: 19.1 (Normalized: 19.4); RCf-A1-0: 19.3 (Normalized: 21.7); RCf-A1-166: 41.1 (Normalized: 46.4); RCf-A2-0: 18.5 (Normalized: 23.1); RCf-A2-166: 49.1 (Normalized: 61.4); RCf-A3-0: 22.9 (Normalized: 30.6); RCf-A3-166: 54.7 (Normalized: 73.6),wt%,Assessed via R3 pozzolanic reactivity test using isothermal calorimetry at 40°C for 7 days,,,,,,RCf-0: 17.31; RCf-166: 33.02; RCf-A0-0: 17.3; RCf-A0-166: 102.8; RCf-A1-0: 33.1; RCf-A1-166: 161.44; RCf-A2-0: 13.87; RCf-A2-166: 66.29; RCf-A3-0: 33.11; RCf-A3-166: 153.92,J/g,"Maximum heat flow peak height: RCf-A0-0 (0.22 mW/g), RCf-A1-0 (0.46 mW/g), RCf-166 (0.69 mW/g), RCf-A0-166 (3.1 mW/g)",mW/g,,,,,,,,,RCf-0: 17.31; RCf-166: 33.02; RCf-A0-0: 17.3; RCf-A0-166: 102.8; RCf-A1-0: 33.1; RCf-A1-166: 161.44; RCf-A2-0: 13.87; RCf-A2-166: 66.29; RCf-A3-0: 33.11; RCf-A3-166: 153.92,J/g,,,,,,,,,,,,,,
75,"Utilization of all components of waste concrete: Recycled aggregate strengthening, recycled fine powder activity, composite recycled concrete and life cycle assessment","Chao-qiang Wang, Lin-xiao Cheng, Yan Ying, Fei-hua Yang",Journal of Building Engineering,2024,https://doi.org/10.1016/j.jobe.2023.108255,Recycled fine powder (RFP),,C30 waste concrete masterbatch,,Crushing and laboratory ball grinding,,"Grinding for 5 min, 10 min, and 15 min",min,Mechanical grinding activation,,"Grinding duration: 5 min, 10 min, 15 min",min,,,,,,,Ball grinding,,5; 10; 15,min,,,,,0.45,,Particle size distribution curves reported in Fig. 2,,,,,,,,23.08,µm,,,,,,,High (due to pores),,,,,,18.12,%,41.06,%,5.78,%,2.16,%,1.78,%,2.28,%,,,0.86,%,12.5 (RFP5); 12.7 (RFP10); 13.1 (RFP15),%,27.96,%,"SiO2, CaCO3, CH, Ca3Al2O6",,"Hydrated particles, unhydrated particles, sand, and stone powders",,Contains a small amount of amorphous phase,,"High for RFP5 (evaluated via strength, bound water, and thermal analysis)",,72 (RFP5); 68 (RFP10); 65 (RFP15),%,72 (RFP5); 68 (RFP10); 65 (RFP15),%,,,"Bound water content: 0.4157 (RFP5), 0.2941 (RFP10), 0.2874 (RFP15); CH Dehydroxylation Mass loss rate: 9.24% (RFP5), 9.53% (RFP10), 11.8% (RFP15)",,"0, 10, 20, 30, 40",%,20,%,"28-day 0% RFP: ~43.5 (GRAPH-DERIVED)
28-day 10% RFP: ~34.8 (GRAPH-DERIVED)
28-day 20% RFP: 38.6
28-day 30% RFP: ~31.0 (GRAPH-DERIVED)
28-day 40% RFP: ~28.0 (GRAPH-DERIVED)
28-day Composite 20% RA + 20% RFP: 40.12",MPa,,%,,J/g,,%,,min,,min,,MPa,,%,,microstrain,,%
76,Experimental Research on the Performance of Recycled Waste Concrete Powder (RWCP) on Concrete,"Shuai Wang, Aixun Wang, Xudong Fu, Xianwei Zhang, Zhe Li, Yongjun Guo, Shenghao Li, Mingzhao Wang",Materials,2024,10.3390/ma17215319,Recycled waste concrete powder (RWCP),,Waste concrete (WC),,Jaw crushing followed by mechanical ball milling,,"SM-500 cement ball mill; loaded with 100 kg grinding media; rotational speed: 48 rpm; grinding aid: 1‰ of WC mass (mixture of 60% triethanolamine, 30% sodium chloride, 10% sodium lignosulfonate); batch size: 5 kg per group; screening duration: 5 min",,Mechanical activation (ball milling),,"Grinding durations: 15, 30, 45, and 60 min",min,,,,,,,Ball milling,,"15, 30, 45, 60",min,48,rpm,"Grinding aid added at 1‰ of WC mass (composed of 60% triethanolamine, 30% sodium chloride, and 10% sodium lignosulfonate)",,,,"Particle size distribution curves provided for 15, 30, 45, and 60 min ball milling times in Figure 2",µm / Volume %,,,,,,,,,0.42 (15 min); 1.5 (30 min); 1.12 (45 min); 1.47 (60 min),m²/g,,,,,,,,,,,52.46,wt.%,11.436,wt.%,12.998,wt.%,3.077,wt.%,1.735,wt.%,0.723,wt.%,2.817,wt.%,3.722,wt.%,10.1,wt.%,P₂O₅: 0.164; TiO₂: 0.429,wt.%,"Quartz, gismondine, C₂S, cancrinite, portlandite",,"Quartz, gismondine, C₂S, cancrinite, portlandite",,,,,,41.91 (15 min); 44.19 (30 min); 44.41 (45 min); 40.09 (60 min),%,41.91 (15 min); 44.19 (30 min); 44.41 (45 min); 40.09 (60 min),%,,,"28-day Mortar Compressive Strength: 43.9 (Control group), 18.4 (15 min - A), 19.4 (30 min - B), 19.5 (45 min - C), 17.6 (60 min - D); 28-day Mortar Flexural Strength: 7.1 (Control group), 4.2 (15 min - A), 4.3 (30 min - B), 4.5 (45 min - C), 4.0 (60 min - D)",MPa,,,,,"BFS Replacement (K groups):
Control Group (CG): 9.56 (1d), 22.1 (3d), 34.1 (7d), 41.2 (14d), 45.2 (28d)
K1: 9.61 (1d), 22.3 (3d), 34.3 (7d), 41.4 (14d), 45.4 (28d)
K2: 8.2 (1d), 18.5 (3d), 28.3 (7d), 38.1 (14d), 45.1 (28d)
K3: 5.9 (1d), 14.5 (3d), 22.7 (7d), 33.2 (14d), 44.8 (28d)

FA Replacement (F groups):
F1: 9.1 (1d), 21.2 (3d), 33.1 (7d), 42.5 (14d), 46.8 (28d)
F2: 8.5 (1d), 20.1 (3d), 32.2 (7d), 43.8 (14d), 48.2 (28d)
F3: 9.8 (1d), 22.5 (3d), 34.5 (7d), 45.1 (14d), 50.8 (28d)",MPa,,,,,,,"BFS Replacement:
CG: 4.7
K1: 4.18
K2: 4.21
K3: 4.23

FA Replacement:
CG: 4.7
F1: 4.33
F2: 4.20
F3: 4.13",h,"BFS Replacement:
CG: 5.88
K1: 5.89
K2: 5.87
K3: 5.71

FA Replacement:
CG: 5.88
F1: 5.20
F2: 5.17
F3: 5.08",h,,,,,,,,
77,Study on the effect of recycled fine powder on the properties of cement mortar and concrete,"Pei Yu, Tang Li, Suqin Gao",Desalination and Water Treatment,2024,https://doi.org/10.1016/j.dwt.2024.100481,"Powder A, Powder B (powder A: concrete recycled powder; powder B: regenerated powder containing a small amount of concrete recycled powder and a large amount of clay brick B)",,Recycled aggregate of concrete (Powder A); Clay brick aggregate / waste concrete (Powder B),,Standard sieving,,Sieve aperture size: 0.075 mm,mm,"Alkaline activation, Acidic activation",,"Reagent concentrations: 0%, 5%, 10%, 15%",%,,,,,,,,,,,,,"Chemical reagents used: NaOH, Ca(OH)₂, HCl",,0.75 (Benchmark mortar ratio water/binder; Benchmark concrete mix water/binder),,"Mostly approximately spherical particles, but the gradation distribution is slightly worse",,,,Powder A: 24.21; Powder B: 33.74,µm,Powder A: 53.17; Powder B: 67.37,µm,,,Powder A: 550; Powder B: 420,m²/kg,,,,,,,,,,,,,,,,,,,,,,,,,,,,,,,,,,,,,,,,,,,,,Active component of regenerated micropowder is less inert in the reaction and can be used as an inactive mixing content and admixture,,"5, 8, 11, 14, 17, 20",%,8% (for one combination where maximum mortar strength is reached); 11% (for another combination); 17% (overall maximum threshold where strength exceeds benchmark),%,"Mortar (with activator): 0.2 - 3.5 (GRAPH-DERIVED); Concrete (Table 4 standard): 7d: 12.34, 15.69, 16.92, 13.08; 28d: 18.80, 19.31, 25.78, 18.84; Concrete (Table 4 comparison): 7d: 12.11, 14.24, 12.98, 13.68; 28d: 18.65, 21.53, 19.63, 20.41; Concrete (Table 5): 7d: 8.76, 9.86, 12.45, 14.24; 28d: 11.91, 14.49, 17.16, 21.53",MPa,85% (concrete slump relative strength/workability trend indicator); Mortar strength greater than benchmark strength when substitution rate <= 17%,%,,,,,,,,,,,,,,,,
78,"Effect of carbonated recycled concrete fines on early-age engineering properties, hydration and microstructure of cement paste under high substitution level and low water-to-binder ratio","Tong Zhang, Jiaze Cui, Meng Chen, Xiaowei Ouyang, Zhiguo Yan",Journal of Building Engineering,2024,https://doi.org/10.1016/j.jobe.2024.110376,Recycled concrete fines (RCF) and carbonated recycled concrete fines (CRCF),,Plain cement paste after 120 d of hydration,,Crushing and milling,,,,Dry carbonation,,,,"Temp: 20±2, RH: 70±5, CO2 conc: 20±3, Duration: 12","Temp: °C, RH: %, CO2: %, Duration: d",,,,,Milling,,,,,,,,0.20,,,,,,RCF: 23.53; CRCF: 36.60,μm,,,,,,,,,,,,,,,,,,,,,,,,,,,,,,,,,,,,,"RCF: CH, CaCO3, C3S, C2S; CRCF: CaCO3, C3S, C2S, silica gel",,,,,,,,,,,,R20: 30.68; R40: 23.22; CR20: 52.97; CR40: 38.64,J/g,Zeta Potential (28 d): R20: -1.0; R40: -0.8; CR20: -0.52; CR40: -0.11,mV,"20%, 40%",%,GRAPH-DERIVED: 20% (or up to 40%),%,1 d: PC: 52.8; R20: 48.1; R40: 41.2; CR20: 49.8; CR40: 47.1. 28 d: PC: 108.2; R20: 95.3; R40: 82.4; CR20: 102.1; CR40: 96.5,MPa,CR20: 94.31%–97.71%; CR40: 89.19%–89.94%,%,PC: 195; R20: 155; R40: 125; CR20: 162; CR40: 138,J/g,,,PC: 255; R20: 192; R40: 127; CR20: 245; CR40: 185,min,PC: 485; R20: 300; R40: 192; CR20: 370; CR40: 257,min,28 d: PC: 16.43; CR20: 12.67,MPa,CR20: 77.12% (at 28 d),%,,,,
79,Highly reactive carbonated recycled concrete fines prepared via mechanochemical carbonation: Influence on the early performance of cement composites,"Yingliang Zhao, Kai Cui, Jionghuang He, Yong Zheng, Peiliang Shen, Chi Sun Poon, Guangmin Peng, Ruilai Guo, Daohui Xia",Cement and Concrete Composites,2024,https://doi.org/10.1016/j.cemconcomp.2024.105636,MCR (mechanochemical carbonated RCF) and WCR (wet carbonated RCF),,"Simulated RCF prepared from hydrated CEM I cement paste (cured for 90 d, w/c = 0.45)",,Milling with steel balls under continuous gas stream (Mechanochemical Carbonation) & Wet carbonation using magnetic stirrer,,"Solid/liquid ratio = 1/2.5 (MCR) and 1/10 (WCR), gas flow rate = 10 mL mixed gas/min/g RCF, 20% CO2 concentration, freeze-drying",,Mechanochemical carbonation (MC) and Wet carbonation,,"Gas mixture with 20% CO2, flow rate 10 mL/min/g RCF",,20% CO2 mixed gas at 10 mL/min/g RCF,,,,,,Ball milling,,"60 min (MCR), 2 h (WCR)",min / h,500,rpm,Steel ball diameter = 3 mm,mm,0.40 (mortars) / 0.40 (pastes),,GRAPH-DERIVED (Particle size distribution curves provided in Fig. 2e and 2f),,,,3.95 (MCR) / 8.17 (WCR),µm,,,~1 (MCR particle morphology size),µm,,,,,,,,,,,,,18.40,wt%,67.60,wt%,5.12,wt%,3.53,wt%,1.08,wt%,2.76,wt%,,,0.66,wt%,32.35,wt%,P2O5: 0.18,wt%,"C2S (8.2%), CH (14.3%), Cc (12.5%), AFm (3.9%), AFt (2.9%) [un carbonated RCF]; Cc (51.2%) [MCR]; C2S (0.4%), Cc (57.2%) [WCR]",wt%,"Calcite / metastable calcium carbonates, amorphous silica gel",,58.3 (RCF) / 48.8 (MCR) / 42.4 (WCR),wt%,Elevated / High,,,,,,Total heat release curves provided in Fig. 5b,J/g,"Total Q3 + Q4 NMR content: ~80% (MCR) vs <61% (WCR); Cc crystal size: 249 Å (MCR), 362 Å (WCR), 259 Å (RCF)",% / Å,"5, 10, 20 (for MCR); 10 (for WCR)",wt%,10,wt%,"GRAPH-DERIVED:
Ref: 1d ~18 MPa, 3d ~27 MPa, 7d ~38 MPa, 28d ~48 MPa
MCR5: 1d ~20 MPa, 3d ~32 MPa, 7d ~40 MPa, 28d ~49 MPa
MCR10: 1d ~22 MPa, 3d ~34 MPa, 7d ~42 MPa, 28d ~49 MPa
MCR20: 1d ~19 MPa, 3d ~34 MPa, 7d ~40 MPa, 28d ~47 MPa
WCR10: 1d ~19 MPa, 3d ~30 MPa, 7d ~39 MPa, 28d ~48 MPa",MPa,"MCR5: +9.2% (1d), +17.2% (3d)
MCR10: +19.9% (1d), +24.7% (3d)
MCR20: +5.9% (1d), +25.1% (3d)
WCR10: +4.5% (1d), +12.0% (3d)",%,,,,,,,,,,,,,,,,
80,Assessment of the potential use of construction and demolition waste (CDW) fines as eco-pozzolan in binary and ternary cements,"Daniela Oliveira de Lima, Douglas Sadalla de Lira, Moisés Frías Rojas, Holmer Savastano Junior",Construction and Building Materials,2024,https://doi.org/10.1016/j.conbuildmat.2023.134320,CDW fines (< 63 µm),,"Construction and demolition waste from a CDW processing plant, from various demolition sites (composed of approximately 98% concrete waste and 2% ceramic waste)",,"Drying, separation with 4.75 mm mesh sieve, grinding in ball mill, and sieving with 250 Tyler mesh sieve",,Drying: 60 °C for 24 h; Grinding: approximately 6 hours in ball mill; Sieving: 4.75 mm mesh and 250 Tyler mesh (< 63 µm),,,,,,,,,,,,,,,,,,,,0.40,,Particles smaller than 63 µm; maximum particle size distribution around 30 µm,µm,,,24.0,µm,,,,,,,13.55,m²/g,,,,,2.44,g/cm³,,,26.68,%,38.93,%,9.19,%,9.19,%,2.76,%,1.95,%,0.48,%,1.21,%,14.4,%,P₂O₅: 0.15%; TiO₂: 0.58%; MnO: 0.15%,%,"Quartz, Alite (C₃S), Belite (C₂S), Albite, Muscovite, Calcite",,"Quartz, anhydrous cement phases (C₂S, C₃S), albite, muscovite, calcite",,Small fraction,,"Capacities to react with lime: 0% at 3d, 0% at 7d, react only after 28d, reaching 35% at 90d (Low/null capacity)",%,,,,,,,"Fixed lime: 0% (3d), 0% (7d), ~10% (28d), 35% (90d)",%,"5%, 10%, 15%, 20%, 30%, 40%",%,15–20% (in ternary blends with 35–30% MK),%,"7 Days:
REF: 47.7 MPa
5CDW: 42.1 MPa
10CDW: 31.2 MPa
15CDW: 25.1 MPa
20CDW: 30.2 MPa
50MK: 52.5 MPa
5CDW/45MK: 54.1 MPa
10CDW/40MK: 46.2 MPa
15CDW/35MK: 43.6 MPa
20CDW/30MK: 36.8 MPa
30CDW/20MK: 37.5 MPa
40CDW/10MK: 27.2 MPa

28 Days:
REF: 61.1 MPa
5CDW: 51.3 MPa
10CDW: 42.4 MPa
15CDW: 42.6 MPa
20CDW: 40.5 MPa
50MK: 53.8 MPa
5CDW/45MK: 55.1 MPa
10CDW/40MK: 53.4 MPa
15CDW/35MK: 44.3 MPa
20CDW/30MK: 44.1 MPa
30CDW/20MK: 41.7 MPa
40CDW/10MK: 36.6 MPa

90 Days:
REF: 61.4 MPa
5CDW: 55.0 MPa
10CDW: 43.7 MPa
15CDW: 44.2 MPa
20CDW: 40.8 MPa
50MK: 51.7 MPa
5CDW/45MK: 52.8 MPa
10CDW/40MK: 51.3 MPa
15CDW/35MK: 41.6 MPa
20CDW/30MK: 45.3 MPa
30CDW/20MK: 39.0 MPa
40CDW/10MK: 36.2 MPa",MPa,"28 Days:
5CDW: 84%
20CDW: 67%
40CDW/10MK: ~40% (60% reduction)",%,,,,,,,,,,,,,,,,
81,Experimental and Numerical Assessment of Sustainable Concrete Using Recycled Concrete Powder (RCP) as a Partial Replacement for Cement,"Hafiz Asfandyar Ahmed, Waqas Arshad Tanoli",Materials,2025,https://doi.org/10.3390/ma18133108,Recycled concrete powder (RCP),,"Local construction waste in Peshawar, Pakistan",,"Grounding, sieving, and ball mill grinding",,Sieve size: 0.025 in (0.63 mm); Ball mill processing time: 1 h,in (mm) / h,Mechanical activation (Ball milling),,1 h ball mill processing,h,,,,,,,Ball mill grinding,,1 h,h,,,,,,,,,,,,,,,0.0009 (23.1),in (µm),,,,,,,,,,,,,22.55 (Table 1) / 22.50 (Text),%,32.40,%,5.90,%,1.57,%,2.40,%,1.94,%,,,,,28.44,%,,,"Amorphous content, oxygen, silicate, Al3Na3O68Si31",,,,Large amount,,Specific level / hypothetically active,,,,,,,,,,"0%, 20%, 25%, 30% (Experimental); 15% to 30% in 1% increments (Numerical Sensitivity Analysis)",%,20% (Experimental) / 23% (GRAPH-DERIVED from Sensitivity Analysis),%,"Control (0%):
7-day: 18.73 MPa (2716.5 psi)
14-day: 19.20 MPa (2784.7 psi)
28-day: 22.71 MPa (3293.8 psi)

RCP-1 (20%):
7-day: 12.9 MPa (1567.91 psi)
14-day: 16.07 MPa (1951.15 psi)
28-day: 18.01 MPa (2070.83 psi)

RCP-2 (25%):
7-day: 8.57 MPa (1243.63 psi)
14-day: 8.73 MPa (1266.16 psi)
28-day: 11.3 MPa (1633.39 psi)

RCP-3 (30%):
7-day: 8.48 MPa (1229.92 psi)
14-day: 8.63 MPa (1250.99 psi)
28-day: 9.89 MPa (1434.19 psi)",MPa (psi),"RCP-1 (20%):
7-day reduction: 16.2%
14-day reduction: 16.3%
28-day reduction: 20.7%

RCP-2 (25%):
7-day reduction: 33.5%
14-day reduction: 45.7%
28-day reduction: 37.5%

RCP-3 (30%):
7-day reduction: 34.3%
14-day reduction: 46.3%
28-day reduction: 45.1%",% reduction,,,,,,,,,,,,,,,,
82,Using Fines from Recycled High-Quality Concrete as a Substitute for Cement,"Laurena De Brabandere, Vadim Grigorjev, Philip Van den Heede, Hannah Nachtergaele, Krist Degezelle, Nele De Belie",Sustainability,2025,10.3390/su17041506,Recycled concrete fines,,Prefabricated concrete paver waste (form-imperfect pavers and leftover concrete),,"Breaking into smaller fragments, preliminary screening, crushing, washing, sieving (0/6 mm to 0/2 mm), ball milling",,Ball mill volume: 70 L; Grinding medium: stainless-steel balls; Grinding duration: 5 h; Target maximum grain size: 63 µm,,Mechanical activation (Ball milling),,"70 L volume, stainless-steel balls, 5 h duration",,,,,,,,Ball milling,,5,h,,,,,0.5 (pastes and mortars); 0.395 (effective w/c in RC10 concrete - graph/text derived),,73% < 63 µm,%,1.6,µm,24,µm,159,µm,,,,,,,,,7.7,%,"2.71 (apparent), 2.24 (oven-dried), 2.41 (saturated and surface-dried)",,"2710 (apparent), 2240 (oven-dried), 2410 (saturated surface-dry)",kg/m³,36.30 ± 1.37,%,46.22 ± 1.10,%,5.91 ± 0.11,%,3.25 ± 0.07,%,2.17 ± 0.05,%,,%,1.35 ± 0.14,%,0.50 ± 0.06 (reported as K2O),%,,,"P2O5: 0.02 ± 0.01%, TiO2: 2.21 ± 0.13%, Mn2O3: 0.06 ± 0.00%",%,"Calcite (CaCO3), Quartz (SiO2), Belite, Gypsum, Anhydrite, Amorphous",,"Calcite: ~27%, Quartz: ~32%, Amorphous: ~35%, Belite: ~2%, Gypsum: ~2%, Anhydrite: ~2% (GRAPH-DERIVED)",wt.%,~35 (GRAPH-DERIVED),wt.%,,,,,,,"Normalized cumulative heat flow at 72 h: ~330 J/g for 5% fines, ~325 J/g for 10% fines, ~305 J/g for 15% fines, ~290 J/g for 20% fines, ~270 J/g for 25% fines, ~250 J/g for 30% fines (GRAPH-DERIVED)",J/g,Peak heat flow values from isothermal calorimetry: Reference: ~3.3 mW/g; 5%: ~3.2 mW/g; 10%: ~3.1 mW/g; 15%: ~2.8 mW/g; 20%: ~2.7 mW/g; 25%: ~2.5 mW/g; 30%: ~2.3 mW/g (GRAPH-DERIVED),mW/g,"0, 5, 10, 15, 20, 25, 30 (Isothermal calorimetry pastes); 0, 10, 25 (Mortars); 10 (Concrete RC10)",%,10,%,"Mortar (0%): 42.8 (7d), 54.5 (28d), 56.8 (90d) [GRAPH-DERIVED]; Mortar (10%): 43.5 (7d), 50.3 (28d), 55.2 (90d) [GRAPH-DERIVED]; Mortar (25%): 36.0 (7d), 44.5 (28d), 50.2 (90d) [GRAPH-DERIVED]; Concrete REF: 31.9 ± 1.4 (2d), 45.8 ± 2.0 (7d), 57.0 ± 0.3 (28d), 61.5 ± 0.6 (56d), 62.3 ± 0.7 (90d); Concrete RC10: 31.2 ± 0.8 (2d), 44.1 ± 0.6 (7d), 55.4 ± 1.1 (28d), 58.9 ± 2.3 (56d), 59.8 ± 2.1 (90d)",MPa,"Mortar C90F10 vs Ref: 101.6% (7d), 92.3% (28d), 97.2% (90d) [GRAPH-DERIVED]; Mortar C75F25 vs Ref: 84.1% (7d), 81.7% (28d), 88.4% (90d) [GRAPH-DERIVED]; Concrete RC10 vs REF: 97.8% (2d), 96.3% (7d), 97.2% (28d), 95.8% (56d), 96.0% (90d)",%,,,Total heat generation after 72 h for 5% and 10% replacement levels was comparable to CEM I 52.5 N reference (~100%),%,,,,,"Mortar (0%): ~7.3 (7d), ~8.5 (28d), ~8.7 (90d) [GRAPH-DERIVED]; Mortar (10%): ~6.8 (7d), ~7.8 (28d), ~8.25 (90d) [GRAPH-DERIVED]; Mortar (25%): ~5.6 (7d), ~7.2 (28d), ~7.6 (90d) [GRAPH-DERIVED]",MPa,Mortar 10% replacement after 90 days: 94.8% of reference (reduction of 5.2%),%,"Total Shrinkage (70d): REF ~-360 µm/m, RC10 ~-450 µm/m [GRAPH-DERIVED]; Drying Shrinkage (70d): REF ~-250 µm/m, RC10 ~-480 µm/m [GRAPH-DERIVED]; Autogenous Shrinkage (70d): REF ~-110 µm/m, RC10 ~+30 µm/m [GRAPH-DERIVED]",µm/m,,
83,Redefining the cement substitution potential of recycled concrete powder using graphene oxide coating,"Yuan Gao, Fufu Zou, Siyao Wang, Hao Sui, Jiajian Yu, Bin Xu, Weiqiang Chen, Yanming Liu",Cement and Concrete Composites,2025,https://doi.org/10.1016/j.cemconcomp.2025.106276,Recycled Concrete Powder (RCP),Dimensionless,CDW / Waste Concrete,Dimensionless,"Mechanical crushing, classification, screening, and grinding",Dimensionless,,,Surface functionalization and Graphene Oxide (GO) coating,Dimensionless,Water-to-RCP ratio 1:1; 3.33% mass concentration of 3-aminopropyltriethoxysilane; 0.046 wt% GO and 0.368 wt% PC relative to suspension,wt% / Mass Ratio,,,,,,,,,,,,,"Stirred for 30 min (functionalization), then stirred for another 30 min (GO coating)",min,0.5,Ratio,0.05-0.075,mm,,,,,,,,,,,,,,,,,2.605 - 2.8,g/cm³,,,32.70,%,17.72,%,9.81,%,7.65,%,4.37,%,3.27,%,1.80,%,1.52,%,18.10,%,"TiO2: 0.64, P2O5: 1.42",%,,,"Inert components (such as CaCO3 or unhydrated particles, fine aggregate fragments, quartz sand, limestone powder)",Dimensionless,,,High pozzolanic active components,Dimensionless,,,,,,,,,"10%, 20%, 30%, 40%, 50%",wt%,20% (Untreated) / 40% (GO-coated),wt%,"Ref: 44.55
Ref-10: 46.16
GO-10: 51.13
Ref-20: 49.48
GO-20: 54.60
Ref-30: 45.01
GO-30: 50.93
Ref-40: 35.98
GO-40: 46.38
Ref-50: 3.79
GO-50: 30.99",MPa,"GO-10: +14.8%
Ref-20: +11.1% / +10.3%
GO-20: +22.6%
GO-30: +14.3%
Ref-40: -19.2%
GO-40: +4.1%
Ref-50: -91.5%",%,,,,,,,,,Ref-30: 5.43,MPa,"Untreated RCP: -1.2% to -78.1%
GO-coated RCP (0–40%): +10.2% to +20.5%",%,,,,
84,Clean and high-value recycling approach for waste concrete powder: Mechano-chemical activation of pozzolanic activity,"Qiang Gao, Xi-guang Li, Xiao-dong Shi, Xin-long Li, Xian-jun Lyu, Xiang-nan Zhu, Yang-guang Ren",Powder Technology,2025,https://doi.org/10.1016/j.powtec.2025.120988,Recycled concrete powder (RCP),,Waste concrete (WC) collected from a demolition site,,"Crushing by jaw crusher and roller crusher, sieving (<2 mm), drying, crushing to 0.074 mm",,Sieve size lower portion: 2 mm; Crushed size for characterization: 0.074 mm,mm,Mechano-chemical activation (Planetary ball milling + chemical activation using CaO and CaSO4),,Mass of stainless-steel balls: 650 g per tank; Mass of recycled concrete: 150 g per tank; Suspension every 20 min,g,,,,,,,Planetary ball mill (XQM-4),,"0, 40, 80, 120",min,,,Maximum addition of CaO and CaSO4 fixed at up to 10 wt% total,wt%,0.5:1,,Bimodal distribution at 40 min with peaks at 6.31–8.14 µm and 29.18–37.66 µm; 90.29% distributed between 0.77 and 66.89 µm at 80 min,µm,1.78 (0 min); 1.35 (40 min); 1.17 (80 min); 1.09 (120 min),µm,15.4 (0 min); 9.63 (40 min); 7.84 (80 min); 7.03 (120 min),µm,87.2 (0 min); 48.2 (40 min); 47.2 (80 min); 46.8 (120 min),µm,,,534.7 (0 min); 719.7 (40 min); 1234.2 (80 min); 1429.8 (120 min),m²/kg,,,,,,,,,,,48.82,%,25.5,%,9.43,%,7.87,%,0.42,%,1.16,%,,,6.48,%,,,0.32,%,"Quartz (SiO2), Albite (Na2O·Al2O3·6SiO2), Calcite (CaCO3), Portlandite (Ca(OH)2)",,"Quartz, Albite, Calcite, Portlandite",,"Albite amorphization: 35.14% (40 min), 41.75% (80 min), 47.17% (120 min); Quartz amorphization: 5.34% (40 min), 25.48% (80 min), 35.78% (120 min)",%,Stimulated by mechano-chemical coupling activation; positively correlated with mechanical milling time,,,,,,,,,,,,,,"RCBG1: 0 (3d, 7d, 28d); RCBG2: 0 (3d), 1.175 (7d), 1.400 (28d); RCBG3: 1.775 (3d), 2.275 (7d), 3.025 (28d); RCBG4: 1.575 (3d), 2.050 (7d), 3.000 (28d); RCBG5: 2.825 (3d), 3.100 (7d), 3.825 (28d); RCBG6: 3.125 (3d), 4.175 (7d), 4.475 (28d); RCBG7: 2.925 (3d), 4.150 (7d), 4.325 (28d); RCBG8: 0 (3d, 7d, 28d); RCBG9: 2.100 (3d), 2.800 (7d), 3.200 (28d); RCBG10: 2.425 (3d), 3.075 (7d), 3.400 (28d)",MPa,Contribution of 3d to 28d strength: RCBG3: 58.68%; RCBG5: 73.88%; RCBG6: 69.83%; RCBG7: 67.63%,%,,,,,,,,,,,,,,,,
85,"Impact of Recycled Concrete and Ceramic Fillers on the Performance of Cementitious Systems: Microstructural, Mechanical, and Durability Aspects","Tianjun Han, Diego Aponte, Susana Valls, Marilda Barra Bizinotto",Recycling,2025,https://doi.org/10.3390/recycling10030108,FHH (recycled concrete filler) and FHC (recycled ceramic-concrete mixed filler),,Construction and demolition waste (CDW),,,,,,,,,,,,,,,,,,,,,,,,0.528,,Figure 1,,,,FHH: 10.6; FHC: 14.1,µm,,,,,,,,,,,,,,,FHH: 2.64; FHC: 2.62,g/cm³,FHH: 47.93; FHC: 58.13,%,FHH: 18.52; FHC: 13.04,%,FHH: 6.25; FHC: 8.96,%,FHH: 2.31; FHC: 3.2,%,FHH: 2.82; FHC: 1.1,%,FHH: 0.5; FHC: 1.17,%,,,FHH: 2.06; FHC: 2.53,%,FHH: 18.35; FHC: 10.14,%,"FHH: MnO = 0.04, Others = 1.22; FHC: MnO = 0.05, Others = 1.68",%,"Ettringite, albite, biotite, microcline, calcite, quartz, dolomite (both); Gypsum, kaolinite (FHC)",,Higher dolomite and calcite in FHH,,,,Non-pozzolanic,,,,,,Figure 8,,"FHH: [OH-] = 3.20 mmol/L, [CaO] = 1.72 mmol/L; FHC: [OH-] = 2.40 mmol/L, [CaO] = 11.15 mmol/L",mmol/L,"10%, 20%, 30%",vol.%,10%,vol.%,"7-Day:
Control: ~41.5 (GRAPH-DERIVED)
10% FHH: ~38.9 (GRAPH-DERIVED)
20% FHH: ~34.9 (GRAPH-DERIVED)
30% FHH: ~31.0 (GRAPH-DERIVED)
10% FHC: ~38.9 (GRAPH-DERIVED)
20% FHC: ~36.5 (GRAPH-DERIVED)
30% FHC: ~32.9 (GRAPH-DERIVED)

28-Day:
Control: ~48.0 (GRAPH-DERIVED)
10% FHH: 46.8 (GRAPH-DERIVED)
20% FHH: ~37.6 (GRAPH-DERIVED)
30% FHH: ~36.2 (GRAPH-DERIVED)
10% FHC: ~47.5 (GRAPH-DERIVED)
20% FHC: ~43.8 (GRAPH-DERIVED)
30% FHC: ~38.7 (GRAPH-DERIVED)

56-Day:
Control: ~54.0 (GRAPH-DERIVED)
10% FHH: ~50.0 (GRAPH-DERIVED)
20% FHH: ~44.2 (GRAPH-DERIVED)
30% FHH: ~41.1 (GRAPH-DERIVED)
10% FHC: ~52.2 (GRAPH-DERIVED)
20% FHC: ~47.0 (GRAPH-DERIVED)
30% FHC: ~42.0 (GRAPH-DERIVED)",MPa,,%,,,,,"Control: 140
10% FHH: 148
20% FHH: 149
30% FHH: 147
10% FHC: 148
20% FHC: 146
30% FHC: 145",min,"Control: 210
10% FHH: 249
20% FHH: 290
30% FHH: 256
10% FHC: 256
20% FHC: 272
30% FHC: 257",min,"7-Day:
Control: ~7.3 (GRAPH-DERIVED)
10% FHH: ~8.5
20% FHH: ~7.8 (GRAPH-DERIVED)
30% FHH: 7.5
10% FHC: ~7.7 (GRAPH-DERIVED)
20% FHC: ~7.6 (GRAPH-DERIVED)
30% FHC: 7.4

28-Day:
Control: ~8.5 (GRAPH-DERIVED)
10% FHH: ~8.8 (GRAPH-DERIVED)
20% FHH: ~8.1 (GRAPH-DERIVED)
30% FHH: ~8.0 (GRAPH-DERIVED)
10% FHC: ~8.7
20% FHC: ~8.7
30% FHC: ~8.7

56-Day:
Control: ~9.2 (GRAPH-DERIVED)
10% FHH: ~9.8
20% FHH: ~8.9 (GRAPH-DERIVED)
30% FHH: ~8.5 (GRAPH-DERIVED)
10% FHC: ~8.7 (GRAPH-DERIVED)
20% FHC: ~8.7 (GRAPH-DERIVED)
30% FHC: ~8.7 (GRAPH-DERIVED)",MPa,10% FHH (7-Day): +16.2%,%,,,,
86,Performance of concrete containing waste demolished concrete powder as a partial substitute for cement,"Muhammad Haroon, Raja Bilal Nasar Khan and Anwar Khitab",International Journal of Building Pathology and Adaptation,2025,10.1108/IJBPA-01-2024-0002,Waste demolished concrete powder (WDP),,Demolished concrete from a local building that collapsed during a recent earthquake,,Ball milling operation and grinding,,Passed through sieve # 200 (75 µm),,Thermal activation / Thermal pre-treatment,,825°C temperature,°C,,,825,°C,,,Ball milling and grinding,,,,,,,,0.6,,30% finer than 75 µm; 60% finer than 0.4 mm,%,,,,,,,,,,,,,,,,,2.46,,,,45.48 (Before heat treatment); 44.15 (After heat treatment),%,37.07 (Before heat treatment); 38.84 (After heat treatment),%,8.37 (Before heat treatment); 9.08 (After heat treatment),%,4.79 (Before heat treatment); 4.10 (After heat treatment),%,,,1.94 (Before heat treatment); 1.58 (After heat treatment),%,,,1.43 (Before heat treatment); 1.45 (After heat treatment),%,,,"TiO2: 0.56 (Before), 0.46 (After); MnO: 0.09 (Before), 0.09 (After); SrO: 0.08 (Before), 0.08 (After); ZnO: 0.11 (Before), 0.06 (After); Cr2O3: 0.05 (Before), 0.05 (After); V2O5: 0.02 (Before), 0.02 (After)",%,"Calcium silicate, Calcite",,,,,,,,,,,,,,Lower cementing value due to presence of lime / reduced crystallinity upon heating,,20,%,,,C0 (7-day): 9; C20 (7-day): 8.1; C0 (28-day): 17.5; C20 (28-day): 14,MPa,7-day: 90; 28-day: 80,%,,,,,,,,,C0 (7-day): 2.9; C20 (7-day): 2.7; C0 (28-day): 4.9; C20 (28-day): 4.2,MPa,7-day: 94; 28-day: 86,%,,,,
87,Hydration characteristics of cement blended with thermally reactivated recycled concrete demolition waste,"Tamer H. A. Hasanin, Sultan A. Alsahli, Hamud A. Altaleb, Basmah H. Alshammari & M. A. Tantawy",Scientific Reports,2026,https://doi.org/10.1038/s41598-025-31881-7,Concrete demolition waste (CDW) / Fine activated CDW / Separated fine cement,,Concrete demolition waste,,"Grinding and crushing with a hammer, followed by grinding with an electric mill and screening through two screens",,Screen opening sizes: 1.25 mm and 0.25 mm,mm,Thermal treatment (calcination),,Heating rate: 10 °C/min,°C/min,,,"300 to 900 (specifically tested at 300, 500, 700, 900)",°C,2.5,h,,,,,,,Air cooling after furnace removal,,0.50,,"PSD curves shown in Fig. 3 for CDW, CDW300, CDW500, CDW700, CDW900",,,,,,,,,,CDW: 851; CDW300: 836; CDW500: 768; CDW700: 751; CDW900: 1046,m²/kg,,,,,,,,,,,25.75,Wt%,52.18,Wt%,2.38,Wt%,1.86,Wt%,2.51,Wt%,2.16,Wt%,0.46,Wt%,0.62,Wt%,11.65,Wt%,Cl: 0.21,Wt%,"Quartz, Calcite, Portlandite, Feldspar, Mica, Calcium silicate phases",,"Approximate composition: 46% hydration products, 13% portlandite, 7% carbonation products, 3% moisture, 34% unhydrated cement and fine aggregate",%,,,"At 500 °C, acts as a mild pozzolan; activation at 700 °C improves silica and alumina availability.",,,,,,,,"Weight loss results from TGA up to 900 °C: 100 °C (3% moisture loss), 300 °C (5.4% loss), 600 °C (8.5% loss), 900 °C (11.7% loss).",%,"10, 20, 30, 40",%,20–30% (general optimal); 10–20% (best application strategy),%,"GRAPH-DERIVED: 3-day (30–65), 7-day (40–80), 28-day (60–110) across 10–40R300 mixes",kg/cm²,,,,,,,,,,,,,,,,,,
88,The Effect of Activation Methods on the Mechanical Properties of Cement Mortars with Recycled Powder from Concrete Waste as a Cement Partial Replacement: A Review,"Kubilay Kaptan, Sandra Cunha, José Aguiar",Sustainability,2025,10.3390/su17104502,"RP, recycled powder, RCP, recycled concrete powder, RFP, recycled fine powder, WCP, waste concrete powder, RCF, recycled concrete fine, WCBP, waste concrete-brick powder",,Concrete waste / Construction and Demolition Waste (CDW),,"Crushing, sieving, ball milling, dry-grinding, wet-grinding",,"Grinding time: 20–40 min (dry-grinding), 60–80 min (wet-grinding), 30 min, 45 min, 60 min, 75 min, 90 min, 0 h, 0.5 h, 2 h, 6 h",min / hours,"Mechanical, thermal, chemical, carbonation, mineral addition, nano-activation",,"Thermal activation temperatures, chemical activator dosages/modulus, carbonation cycles, nanomaterial content",,"Cyclic carbonation, CO2 treatment",,"100°C, 200°C, 300°C, 400°C, 500°C, 600°C, 700°C, 800°C, 900°C, 1000°C, 1200°C",°C,,,"Ball milling, dry grinding, wet grinding",,"20 min, 30 min, 40 min, 45 min, 50 min, 60 min, 75 min, 80 min, 90 min, 0.5 h, 2 h, 6 h",min / hours,,,"Chemical activators: CaO, NaOH, Ca(OH)2, CaSO4, Na2SO4, NaCl, CaCl2, water glass, Tannic acid (TA); Nano-activators: Nano-silica (NS)",% / modulus,,,Particles under 0.15 mm / 150 µm; Particles less than 10 µm,mm / µm,,,> 75,µm,,,,,,,,,,,Elevated / High,,,,,,Reported present,,Reported present,,,,,,,,,,,,,,,,,,"Calcite (CaCO3), quartz (SiO2), AFt, AFm, portlandite (CH), C-S-H, unhydrated cement particles",,"Calcite, quartz, AFt, AFm, portlandite, C-S-H",,"Amorphous SiO2, amorphous phase transformation upon grinding",,"Low / Minimal activity without activation; enhances via grinding, thermal, or chemical treatment",,,,> 60% to < 70% (after 45 min grinding); > 80% (post thermal and chemical activation),%,,,Secondary hydration with CH,,"2.4%, 2.6%, 5%, 6.1%, 7%, 7.5%, 10%, 12.5%, 15%, 20%, 22.5%, 25%, 30%, 35%, 40%, 45%, 50%, 60%, 75%, 80%, 90%, 100%",%,20% to 30%,%,"Mechanical Activation:
- ≤30% RP (7d): 34.6 MPa
- >30% RP (7d): 18.5 MPa
- ≤30% RP (28d): 52.1 MPa
- >30% RP (28d): 28.5 MPa
- ≤30% RP (90d): 62.2 MPa
- >30% RP (90d): 42.5 MPa
- 10% RP (28d): 45.6 MPa
- 30% RP (28d): 32.3 MPa
- 50% RP (28d): 18.3 MPa

Thermal Activation:
- Unactivated / 20°C (28d): 31.06 MPa
- 400°C (28d): 32.42 MPa
- 600°C (28d): 33.93 MPa
- 700°C (28d): 34.7 MPa
- 800°C (28d): 36.92 MPa
- <600°C (7d): 15.7 MPa
- ≥600°C (7d): 22.9 MPa
- <600°C (28d): 36.8 MPa
- ≥600°C (28d): 41.7 MPa

Chemical Activation:
- ≤2% Chemical component (7d): 24.2 MPa
- >2% Chemical component (7d): 20.0 MPa
- ≤2% Chemical component (28d): 31.7 MPa
- >2% Chemical component (28d): 27.2 MPa

Nano Activation:
- ≤2% Nanosilica (7d): 23.0 MPa
- >2% Nanosilica (7d): 18.0 MPa
- ≤2% Nanosilica (28d): 37.6 MPa
- >2% Nanosilica (28d): 31.7 MPa",MPa,"Mechanical Activation:
Linear models reported:
- 7d: Cr = 1 - 0.0107 × PRP + 1.0378 (R² = 0.89)
- 28d: Cr = 1 - 0.0103 × PRP + 1.0151 (R² = 0.84)
- 90d: Cr = 1 - 0.0105 × PRP + 1.0397 (R² = 0.94)",% / ratio,,,,,,,,,"Mechanical Activation:
- ≤30% RP (7d): 4.0 MPa
- >30% RP (7d): 2.3 MPa
- ≤30% RP (28d): 6.6 MPa
- >30% RP (28d): 3.7 MPa
- ≤30% RP (90d): 9.5 MPa
- >30% RP (90d): 5.6 MPa
- 10% RP (28d): 7.3 MPa
- 30% RP (28d): 4.9 MPa
- 50% RP (28d): 3.0 MPa

Thermal Activation:
- <600°C (7d): 3.3 MPa
- ≥600°C (7d): 4.4 MPa
- <600°C (28d): 7.5 MPa
- ≥600°C (28d): 8.8 MPa",MPa,"Mechanical Activation:
Linear models reported:
- 7d: Fr = 1 - 0.0106 × PRP + 1.0370 (R² = 0.73)
- 28d: Fr = 1 - 0.0086 × PRP + 1.0511 (R² = 0.71)
- 90d: Fr = 1 - 0.0093 × PRP + 1.0605 (R² = 0.84)",% / ratio,,,,
89,Effect of recycled concrete powder on the rheological properties of cement paste: New findings,"Tian Li, Rita Nogueira, Jorge de Brito, Paulina Faria, Jiaping Liu",Cement and Concrete Composites,2025,10.1016/j.cemconcomp.2024.105873,Recycled concrete powder (RCP),,Waste concrete with a strength class of 60 MPa and an age of 15 years,,Crushing and sieving,,Sieved to obtain a particle size less than 75 µm,,,,,,,,,,,,,,,,,,,,0.3,,Figure 1,,2.504,µm,29.881,µm,81.52,µm,,,2630,cm²/g,,,,,,,,,,,61.182,%,8.234,%,15.207,%,7.176,%,2.574,%,0.172,%,1.457,%,3.088,%,,,TiO2: 0.909,%,,,,,,,,,,,,,,,,,"0, 5, 10, 15, 20, 25",%,,,,,,,,,,,,,,,,,,,,,,
90,Developing fully recycled alkali-activated mortar made with waste concrete fines as a substitute for both binder and sand: Multi-properties evaluation,"Zhiming Ma, Yuanhui Wu, Kun Fang, Youchao Zhang, Changqing Wang",Construction and Building Materials,2025,https://doi.org/10.1016/j.conbuildmat.2025.141323,Waste concrete fines (WCF) / WCF,,"Waste concrete obtained from a building demolition site in Yangzhou, China",,"Drying, jaw crushing, ball mill coarse grinding, and sieving",,Particle size < 150 µm,µm,Sodium silicate solution (alkali activation),,"1.4 silica modulus, 8.0% alkali dosage",%,,,,,,,,,,,,,,,0.4,,Particle size < 150 µm; Cumulative and difference distributions shown in Fig. 1(c),µm / %,,,,,,,Similar average particle size to GGBS and FA,,,,,,,,,,,,,,Reported present as component / mineral constituent,,,,,,,,,,,,,,,,,,"Calcium, silicon, and aluminum elements",,"Quartz (SiO2), Calcite (CaCO3), Portlandite (Ca(OH)2), Ettringite, Gypsum",,"SiO2, CaCO3, Ca(OH)2, ettringite, hydrated C-S-H gel / C-S-H",,Hydrated C-S-H gel,,Exhibited certain alkali-activation activity / supplementary cementitious material characteristics and pozzolanic activity,,,,,,,,Secondary polymerization reaction of C-S-H in WCF generating new C(N)-A-S-H gels,,"30%, 50%, 70%, 100% (for GGBS-FA binders)",%,30%–50% (GRAPH-DERIVED),%,"3-day:
AAM-Control: 46.2
WCF-30FG: 42.0
WCF-50FG: 38.8
WCF-70FG: 30.2
WCF-100FG: 19.1
WCF-30NS: 51.8
WCF-50NS: 53.7
WCF-70NS: 55.9
WCF-100NS: 56.8
30FG+30NS: 46.3
50FG+50NS: 42.1
70FG+70NS: 32.5
100FG+100NS: 21.3
100FG+30NS: 23.5
100FG+50NS: 25.8
100FG+70NS: 27.9
100NS+30FG: 52.1
100NS+50FG: 45.3
100NS+70FG: 35.8

28-day:
AAM-Control: 69.3
WCF-30FG: 63.1
WCF-50FG: 58.2
WCF-70FG: 45.3
WCF-100FG: 28.7
WCF-30NS: 77.7
WCF-50NS: 80.6
WCF-70NS: 83.9
WCF-100NS: 85.2
30FG+30NS: 69.4
50FG+50NS: 63.0
70FG+70NS: 48.2
100FG+100NS: 37.3
100FG+30NS: 31.2
100FG+50NS: 33.5
100FG+70NS: 35.1
100NS+30FG: 78.1
100NS+50FG: 68.2
100NS+70FG: 52.4",MPa,"WCF as Binder Replacement (28d):
WCF-30FG: -9.0% (91.0% of control)
WCF-50FG: -16.0% (84.0% of control)
WCF-70FG: -34.7% (65.3% of control)
WCF-100FG: -58.6% (41.4% of control)

WCF as Sand Replacement (28d):
WCF-30NS: +12.1% (112.1% of control)
WCF-50NS: +16.3% (116.3% of control)
WCF-70NS: +21.0% (121.0% of control)
WCF-100NS: +22.9% (122.9% of control)",%,,,,,Reduced / shortened setting time (exact value not reported),,,,"28-day:
AAM-Control: 9.8 (or ~9.7–9.8)
WCF-30FG: 9.3
WCF-50FG: 8.4
WCF-70FG: 6.9
WCF-100FG: 5.1
WCF-30NS: 10.4
WCF-50NS: 11.0
WCF-70NS: 10.3
WCF-100NS: 9.9
100FG+100NS: 5.3
(Other mix flexural strengths shown in Figs. 6, 7, 8)",MPa,"WCF as Binder Replacement (28d):
WCF-30FG: -5.1% (94.9% of control)
WCF-50FG: -14.5% (85.5% of control)
WCF-70FG: -29.3% (70.7% of control)
WCF-100FG: -48.1% (51.9% of control)

WCF as Sand Replacement (28d):
WCF-30NS: +5.8% (105.8% of control)
WCF-50NS: +11.8% (111.8% of control)
WCF-70NS: +5.4% (105.4% of control)
WCF-100NS: +1.4% (101.4% of control)",%,"28-day Drying Shrinkage:
AAM-Control: 0.497% (or ~0.50%)
WCF-30FG: ~0.65%
WCF-50FG: ~0.89%
WCF-70FG: ~1.13%
WCF-100FG: 1.516%
WCF-30NS: ~0.466%
WCF-50NS: ~0.456%
WCF-70NS: ~0.500%
WCF-100NS: 0.554%",%,"WCF as Binder Replacement (28d):
WCF-30FG: +31.6%
WCF-50FG: +78.2%
WCF-70FG: +126.7%
WCF-100FG: +204.9%

WCF as Sand Replacement (28d):
WCF-30NS: -6.2%
WCF-50NS: -8.3%
WCF-70NS: +0.5%
WCF-100NS: +11.5%",%
91,Influence of particle size and content of recycled concrete powder on the hydration and compressive strength of Portland cement-based materials,"Alice Vilela Nair, Nahúm Gamalier Cayo Chileno, Joaquin Humberto Aquino Rocha, Romildo Dias Toledo Filho",Innovative Infrastructure Solutions,2025,https://doi.org/10.1007/s41062-025-02286-2,Recycled Concrete Powder (RCP),,"Concrete waste from a precast concrete facility in Rio de Janeiro, Brazil",,Sieving and steel ball mill grinding,,"Mesh size: #100 mesh (150 µm); Milling type: steel ball mill; Grinding durations: 0 min (RCP1), 30 min (RCP2), 120 min (RCP3)",,Mechanical grinding,,"Grinding durations: 30 min (RCP2), 120 min (RCP3)",,,,,,,,Steel ball mill grinding,,"0 min (RCP1), 30 min (RCP2), 120 min (RCP3)",min,,,,,0.40,,,,"RCP1: 9.17
RCP2: 1.98
RCP3: 1.29",µm,"RCP1: 74.79
RCP2: 13.94
RCP3: 9.57",µm,"RCP1: 199.84
RCP2: 54.65
RCP3: 44.86",µm,,,,,,,,,,,"RCP1: 2.69
RCP2: 2.68
RCP3: 2.68",g/cm³,,,"RCP1: 18.23
RCP2: 18.32
RCP3: 17.75",%,"RCP1: 50.67
RCP2: 49.53
RCP3: 50.03",%,"RCP1: 11.64
RCP2: 12.42
RCP3: 10.75",%,"RCP1: 5.11
RCP2: 5.48
RCP3: 6.51",%,,,"RCP1: 2.21
RCP2: 2.01
RCP3: 1.98",%,,,"RCP1: 2.01
RCP2: 2.40
RCP3: 2.61",%,"RCP1: 8.52
RCP2: 8.40
RCP3: 8.42",%,"Others: RCP1: 1.61, RCP2: 1.44, RCP3: 1.95",%,"Calcite, Quartz, Muscovite",,,,,,Non-pozzolanic according to ASTM C618,,,,,,"At 3 h: 95PC5RCP1: 13.22, 90PC10RCP1: 10.22, 85PC15RCP1: 10.20, 95PC5RCP2: 11.48, 90PC10RCP2: 11.76, 85PC15RCP2: 12.06, 95PC5RCP3: 11.67, 90PC10RCP3: 11.74, 85PC15RCP3: 12.12
At 6 h: 95PC5RCP1: 64.97, 90PC10RCP1: 52.99, 85PC15RCP1: 51.20, 95PC5RCP2: 61.33, 90PC10RCP2: 60.32, 85PC15RCP2: 62.02, 95PC5RCP3: 60.12, 90PC10RCP3: 60.12, 85PC15RCP3: 62.32
At 12 h: 95PC5RCP1: 170.87, 90PC10RCP1: 159.21, 85PC15RCP1: 152.73, 95PC5RCP2: 172.46, 90PC10RCP2: 167.08, 85PC15RCP2: 164.11, 95PC5RCP3: 172.52, 90PC10RCP3: 167.32, 85PC15RCP3: 164.47
At 24 h: 95PC5RCP1: 234.53, 90PC10RCP1: 224.27, 85PC15RCP1: 215.61, 95PC5RCP2: 237.50, 90PC10RCP2: 234.21, 85PC15RCP2: 222.99, 95PC5RCP3: 237.61, 90PC10RCP3: 235.10, 85PC15RCP3: 223.61
At 72 h: 95PC5RCP1: 300.63, 90PC10RCP1: 290.90, 85PC15RCP1: 281.44, 95PC5RCP2: 303.41, 90PC10RCP2: 294.51, 85PC15RCP2: 286.59, 95PC5RCP3: 303.76, 90PC10RCP3: 294.74, 85PC15RCP3: 288.05
At 168 h: 95PC5RCP1: 325.95, 90PC10RCP1: 316.02, 85PC15RCP1: 306.17, 95PC5RCP2: 328.99, 90PC10RCP2: 319.45, 85PC15RCP2: 310.75, 95PC5RCP3: 329.58, 90PC10RCP3: 319.96, 85PC15RCP3: 317.80",J/g cement,,,"5%, 10%, 15%",%,"Up to 10% (using finest RCP fraction, RCP3)",%,"7 Days: Reference: 59.62; 95PC5RCP1: 60.91; 90PC10RCP1: 59.33; 85PC15RCP1: 52.88; 95PC5RCP2: 59.94; 90PC10RCP2: 57.98; 85PC15RCP2: 51.37; 95PC5RCP3: 61.70; 90PC10RCP3: 55.89; 85PC15RCP3: 53.05
28 Days: Reference: 76.58; 95PC5RCP1: 72.98; 90PC10RCP1: 68.31; 85PC15RCP1: 53.71; 95PC5RCP2: 69.69; 90PC10RCP2: 62.36; 85PC15RCP2: 62.64; 95PC5RCP3: 72.17; 90PC10RCP3: 70.56; 85PC15RCP3: 64.81
56 Days: Reference: 83.69; 95PC5RCP1: 80.55; 90PC10RCP1: 71.81; 85PC15RCP1: 70.40; 95PC5RCP2: 82.53; 90PC10RCP2: 73.85; 85PC15RCP2: 70.48; 95PC5RCP3: 80.68; 90PC10RCP3: 76.42; 85PC15RCP3: 67.87",MPa,"7 Days: 95PC5RCP1: 102.16%; 90PC10RCP1: 99.51%; 85PC15RCP1: 88.70%; 95PC5RCP2: 100.54%; 90PC10RCP2: 97.25%; 85PC15RCP2: 86.16%; 95PC5RCP3: 103.49%; 90PC10RCP3: 93.74%; 85PC15RCP3: 88.98%
28 Days: 95PC5RCP1: 95.30%; 90PC10RCP1: 89.20%; 85PC15RCP1: 70.13%; 95PC5RCP2: 91.00%; 90PC10RCP2: 81.43%; 85PC15RCP2: 81.79%; 95PC5RCP3: 94.24%; 90PC10RCP3: 92.14%; 85PC15RCP3: 84.63%
56 Days: 95PC5RCP1: 96.25%; 90PC10RCP1: 85.80%; 85PC15RCP1: 84.12%; 95PC5RCP2: 98.61%; 90PC10RCP2: 88.24%; 85PC15RCP2: 84.22%; 95PC5RCP3: 96.40%; 90PC10RCP3: 91.31%; 85PC15RCP3: 81.10%",%,Reference: 338.95; 95PC5RCP1: 325.95; 90PC10RCP1: 316.02; 85PC15RCP1: 306.17; 95PC5RCP2: 328.99; 90PC10RCP2: 319.45; 85PC15RCP2: 310.75; 95PC5RCP3: 329.58; 90PC10RCP3: 319.96; 85PC15RCP3: 317.80,J/g cement,168 h (7 Days): 95PC5RCP1: 96.16% (decreased by 3.84%); 95PC5RCP2: 97.06% (decreased by 2.94%); 95PC5RCP3: 97.24% (decreased by 2.76%),%,,,,,,,,,,,,
92,Durability of cement mortars containing fine demolition wastes as supplementary cementitious materials,"Anna Tokareva, Danièle Waldmann",Construction and Building Materials,2025,https://doi.org/10.1016/j.conbuildmat.2025.141316,"Fine demolition waste powders (Concrete Screenings [CS], Mixed Screenings [MS], Washing Mud [WM])",,"Fine demolition waste provided by Tradecowall (Belgium); screenings of recycled concrete aggregates, recycled mixed aggregates, and mud from recycled mixed aggregates washing",,"Drying, two-stage crushing (jaw crusher and impact mill), and sieving",,Drying temperature: 105 °C; Bottom sieve mesh: 2 mm; Final sieve mesh: 125 µm (fraction used: 0/125 µm),,Thermal activation (calcination),,"Heating rate: 10 °C/min, natural cooling in closed furnace",,,,500,°C,2,hours,,,,,,,,,0.5,,,,,,,,,,,,,,,,"CS before calcination: 5620
MS before calcination: 5316
WM before calcination: 5436
CS after calcination (500 °C): 5539
MS after calcination (500 °C): 5049
WM after calcination (500 °C): 5105",cm²/g,,,"CS before calcination: 2.444
MS before calcination: 2.547
WM before calcination: 2.509
CS after calcination (500 °C): 2.527
MS after calcination (500 °C): 2.591
WM after calcination (500 °C): 2.613",g/cm³,,,"CS: 28.42
MS: 41.94
WM: 44.60",mass-%,"CS: 33.29
MS: 21.24
WM: 17.76",mass-%,"CS: 5.90
MS: 8.10
WM: 9.42",mass-%,"CS: 4.12
MS: 5.51
WM: 5.83",mass-%,"CS: 1.63
MS: 1.11
WM: 1.37",mass-%,"CS: 0.80
MS: 2.56
WM: 1.27",mass-%,"CS: 0.35
MS: 0.47
WM: 0.30",mass-%,"CS: 1.25
MS: 2.15
WM: 2.30",mass-%,"CS: 23.50
MS: 15.60
WM: 15.90",mass-%,"TiO2:
CS: 0.45
MS: 0.77
WM: 0.81
MnO:
CS: 0.12
MS: 0.11
WM: 0.11
P2O5:
CS: 0.17
MS: 0.44
WM: 0.34",mass-%,"Quartz, Calcite, Feldspars, Muscovite, Dolomite, Gypsum, Chlorites",,,,,,,,,,,,,,,,20,%,,,"REF (0%): 60.22
CS105 (20%): 50.19
MS105 (20%): 49.56
WM105 (20%): 47.79
CS500 (20%): 53.45
MS500 (20%): 52.28
WM500 (20%): 51.38",MPa,"REF: 100
CS105: 83
MS105: 82
WM105: 79
CS500: 89
MS500: 87
WM500: 85",%,,,,,,,,,,,,,"REF: 122 (graph-derived)
CS105: 126
MS105: 115
WM105: 134
CS500: 112
MS500: 100
WM500: 112",µm/m,,
93,Improvement of mechanical properties of high-volume recycled powder concrete by a novel compression casting method,"Zhihao Wang, Yu-Fei Wu",Construction and Building Materials,2025,https://doi.org/10.1016/j.conbuildmat.2024.139485,Concrete powder (CP),,"Concrete waste, a by-product of recycled aggregate production",,Finely ground in ball mills and sieved,,Particle size less than 75 µm,µm,,,,,,,,,,,,,,,,,,,0.63; 0.43,,Over 99% < 75 µm,%,,,10.1,µm,,,,,,,,,,,,,,,,,60.53,%,17.51,%,12.15,%,2.72,%,1.17,%,1.37,%,0.73,%,3.03,%,,,TiO2: 0.29; Others: 0.49,%,"Quartz, C-S-H crystals",,"Quartz, C-S-H crystals",,,,High reactivity / Low reactivity compared to OPC,,,,,,Paste with 45% CP reduced cumulative heat release by 33% compared to normal OPC paste at 72 h,%,Heat release rate peak time accelerated,,"15%, 30%, 45%",%,45%,%,20.61 (N-0.63-CP15); 49.69 (C-0.63-CP15); 16.12 (N-0.63-CP30); 42.34 (C-0.63-CP30); 10.90 (N-0.63-CP45); 33.05 (C-0.63-CP45); 39.73 (N-0.43-CP15); 66.77 (C-0.43-CP15); 34.73 (N-0.43-CP30); 64.28 (C-0.43-CP30); 27.00 (N-0.43-CP45); 53.52 (C-0.43-CP45),MPa,N-0.63-CP15: -33%; N-0.63-CP30: -47%; N-0.63-CP45: -64%; N-0.43-CP45: -41%; C-0.63-OPC: +88%; C-0.63-CP15: +141%; C-0.63-CP30: +163%; C-0.63-CP45: +203%; C-0.43-OPC: +68%; C-0.43-CP15: +68%; C-0.43-CP30: +85%; C-0.43-CP45: +98%; C-0.63-CP30 vs N-0.63-OPC: +38%; C-0.43-CP30 vs N-0.43-OPC: +41%,%,,,-33% (for 45% CP paste at 72 h),%,,,,,,,,,,,,
94,Mechanical properties and microstructures of thermally activated ultrafine recycled fine powder cementitious materials,"Muwang Wei, Liuyi Chen, Nengzhong Lei, Huawei Li, Lei Huang",Construction and Building Materials,2025,https://doi.org/10.1016/j.conbuildmat.2025.141195,"Recycled fine powder (RFP), Ultrafine recycled fine powder (URFP), Thermally activated ultrafine recycled fine powder (TAURFP)",,"Recycled fine powder (RFP) provided by Beijing City Green Source Environmental Protection Technology Co., Ltd. / waste concrete",,Ultrafine grinding using a fluidized bed air mill,,Model ZJ-QLM30; Production capacity: 5–20 kg/h,kg/h,Ultrafine mechanical grinding coupled with thermal activation,,Heating rate: 5 °C/min; Target temperature: 700 °C; Duration: 2 h,"°C, min, h",,,700,°C,2,h,Ultrafine grinding via fluidized bed air mill,,,,,,Heating rate of 5 °C/min; Muffle furnace model SXL-1230; Cooled naturally,°C/min,0.50,,"RFP: D10 = 2.24 µm, D50 = 20.17 µm, D90 = 67.89 µm, X = 3.25; URFP: D10 = 1.94 µm, D50 = 4.52 µm, D90 = 9.36 µm, X = 1.64; TAURFP: D10 = 1.03 µm, D50 = 2.94 µm, D90 = 6.08 µm, X = 1.71",µm,RFP: 2.24; URFP: 1.94; TAURFP: 1.03,µm,RFP: 20.17; URFP: 4.52; TAURFP: 2.94,µm,RFP: 67.89; URFP: 9.36; TAURFP: 6.08,µm,,,,,,,,,TAURFP > URFP > RFP; TAURFP water absorption reaches ~200% at 1 min and >225% at 60 min,%,,,,,44.89,Mass fraction (%),26.23,Mass fraction (%),13.28,Mass fraction (%),4.48,Mass fraction (%),5.27,Mass fraction (%),1.07,Mass fraction (%),1.71,Mass fraction (%),1.80,Mass fraction (%),,,Others: 1.26,Mass fraction (%),"Calcite (CaCO3), Quartz (SiO2), Dolomite (CaMg(CO3)2), Albite, Phengite, Vaterite, Orthoclase, Corundum",,"RFP: Quartz 15.50%, Calcite 14.25%, Dolomite 8.75%, Albite 11.75%, Phengite 7.50%, Vaterite 8.63%, Others 5.00%; URFP: Quartz 11.75%, Calcite 13.38%, Dolomite 10.25%, Albite 8.25%, Phengite 11.50%, Vaterite 1.88%, Others 12.75%; TAURFP: Quartz 14.63%, Calcite 10.00%, Dolomite 1.13%, Albite 13.50%, Phengite 11.25%, Vaterite 0.00%, Others 6.63%",%,RFP: 28.63%; URFP: 30.25%; TAURFP: 42.88%,%,Weak pozzolanic effect observed via small active quartz and portlandite consumption,,,,Meets Class I RFP-cement material activity index criteria,,72 h Cumulative Heat: B3 (45% RFP) = 169.46 J/g; C3 (45% URFP) = 181.62 J/g; D3 (45% TAURFP) = 209.05 J/g,J/g,Peak 2 hydration heat release rate: B3 = 0.95 mW/g at 10.4 h; C3 = 1.08 mW/g at 10 h; D3 = 2.97 mW/g at 8.8 h,"mW/g, h","13.9% (62.5g), 30% (135g), 45% (202.5g), 60% (270g)",%,45% (GRAPH-DERIVED) / 45% (for TAURFP),%,"3-day: A0: ~26.4, B1: ~21, C1: ~22, D1: ~24, B2: ~16, C2: ~18, D2: ~21, B3: ~11, C3: ~13.5, D3: ~18, B4: ~7, C4: ~9, D4: ~13.5; 7-day: A0: ~33, B1: ~27, C1: ~29, D1: ~31, B2: ~22, C2: ~25, D2: ~29, B3: ~16, C3: ~20, D3: ~28, B4: ~11, C4: ~14, D4: ~21; 28-day: A0: 44.7 (reported 44.7 MPa in Table 1), B1: ~38, C1: ~41, D1: ~43, B2: ~32, C2: ~36, D2: ~40, B3: 29.1 (or 31.6/21.8 with PS), C3: 31.4 (or 31.4/21.6 with PS), D3: 43.1 (or 41.3/44.7 with PS), B4: ~18, C4: ~23, D4: ~39",MPa,At 45% TAURFP (D3) at 28 days: 96.5% of control (A0); C3 at 28 days: 70.1% of control; C4 at 28 days: 52.9% of control; D4 at 28 days: 89.5% of control,%,Cumulative heat at 72 h (3 days): A0: 215.96; D3: 209.05; C3: 181.62; B3: 169.46,J/g,72 h Cumulative Heat relative to A0: D3 = 96.8%; C3 = 84.1%; B3 = 78.5%,%,,,,,"3-day: A0: ~5.0, B1: ~4.2, C1: ~4.5, D1: ~4.8, B2: ~3.5, C2: ~3.8, D2: ~4.2, B3: ~2.8, C3: ~3.1, D3: ~3.8, B4: ~2.0, C4: ~2.3, D4: ~3.0; 7-day: A0: ~6.2, B1: ~5.2, C1: ~5.6, D1: ~6.0, B2: ~4.2, C2: ~4.8, D2: ~5.3, B3: ~3.3, C3: ~3.8, D3: ~4.9, B4: ~2.5, C4: ~3.0, D4: ~4.0; 28-day: A0: 6.5 (reported 6.5 MPa in Table 1), B1: ~6.0, C1: ~6.2, D1: ~6.4, B2: ~5.0, C2: ~5.4, D2: ~6.1, B3: ~4.0, C3: ~4.8, D3: ~6.0, B4: ~3.1, C4: ~3.8, D4: ~5.2",MPa,,,,,,
95,"Thermal-activated recycled cement powder synergized with fly ash as supplementary cementitious in Portland cement: Strength, microstructure and environmental benefits","Wen-qiang Zhai, Ruo-miao Sun, Yu-dong Xie, Hao-chen Ding, Yilin Su, Zhi-hai He",Construction and Building Materials,2025,https://doi.org/10.1016/j.conbuildmat.2025.141018,Recycled cement powder (RCP),,Waste pure cement paste in the laboratory,,"Crushing using jaw crushers, grinding using a ball mill, screening, and calcination in a muffle furnace",,Jaw crusher crushing (<10 mm); Ball mill grinding for 30 min; Sieving through 75 µm screen,,Thermal activation (calcination),,"Heating rate of 10 °C/min from room temperature to target temperature (650 °C), peak temperature sustained for 2 h, cooling at room temperature",,,,650,°C,2,h,,,,,,,,,0.5,,"d50: 11.6 µm, sieved through 75 µm screen",,,,11.6,µm,,,,,,,,,,,,,,,,,19.46,wt%,56.58,wt%,3.92,wt%,3.15,wt%,2.78,wt%,2.54,wt%,,,,,9.60,wt%,,,"β-C2S, C4AF, Portlandite (Ca(OH)2), CaCO3, f-CaO",,,,,,,,,,,,,,Rehydration / binding capacity of dehydrated phases upon thermal activation,,"0%, 10%, 20%, 30%, 40% (by weight of cement; corresponding to 0%, 8%, 16%, 24%, 32% total binder replacement)",wt%,10,wt%,"RCP0: 24.2 MPa (7 d), 38.1 MPa (28 d), 42.3 MPa (60 d), 44.5 MPa (90 d)
RCP10: 25.5 MPa (7 d), 40.6 MPa (28 d), 45.2 MPa (60 d), 47.7 MPa (90 d)
RCP20: 22.7 MPa (7 d), 35.7 MPa (28 d), 38.5 MPa (60 d), 39.8 MPa (90 d)
RCP30: 20.7 MPa (7 d), 34.5 MPa (28 d), 36.5 MPa (60 d), 37.5 MPa (90 d)
RCP40: 20.7 MPa (7 d), 31.4 MPa (28 d), 34.1 MPa (60 d), 35.2 MPa (90 d)",MPa,"RCP10: 105.37% (7 d), 106.56% (28 d), 106.86% (60 d), 107.19% (90 d)
RCP20: 93.71% (7 d), 93.71% (28 d), 91.02% (60 d), 89.44% (90 d)
RCP30: 85.54% (7 d), 90.11% (28 d), 86.29% (60 d), 84.27% (90 d)
RCP40: 85.40% (7 d), 82.41% (28 d), 80.85% (60 d), 79.10% (90 d)",%,,,,,"RCP0: 382 min
RCP10: 351 min
RCP20: 340 min
RCP30: 326 min
RCP40: 303 min",min,"RCP0: 438 min
RCP10: 417 min
RCP20: 401 min
RCP30: 383 min
RCP40: 358 min",min,,,,,"180-day drying shrinkage strain:
RCP0: ~650 µm/m
RCP10: ~545 µm/m (16.2% lower than RCP0)
RCP20: ~730 µm/m (12.3% higher than RCP0)
RCP30: ~853 µm/m (31.3% higher than RCP0)
RCP40: ~1017 µm/m (56.4% higher than RCP0)",µm/m,"RCP10: 83.8% (180 d)
RCP20: 112.3% (180 d)
RCP30: 131.3% (180 d)
RCP40: 156.4% (180 d)",%
96,"Effect of Thermally Activated Construction and Demolition Waste as Partial Cement Replacement on the Physical, Mechanical, and Durability Properties of Low-Carbon Concrete","Sandra Cunha, Kubilay Kaptan, Adelino Elias Chiaqui, José Aguiar",Buildings,2026,https://doi.org/10.3390/buildings16122320,Hybrid Recycled Powder / Hybrid CDW Recycled Powder / Calcinated CDW Powder,,Mixed Construction and Demolition Waste (CDW) from a licensed waste management facility in Portugal,,"Sieving, Primary Grinding in Los Angeles Abrasion Machine, Secondary Grinding in Electric Grain Mill Grinder",,Sieving: 0-4 mm fraction; Primary Grinding: 11 grinding cycles of 15 min each; Secondary Grinding: 1 cycle of 20 s,,Thermal Treatment (Calcination) and Mechanical Activation (Grinding),,Calcination at 600 °C for 4 h,,,,600,°C,4,h,Impact and abrasion grinding via Los Angeles abrasion machine followed by electric grain mill grinder,,Primary: 165 min (11 cycles × 15 min); Secondary: 20 s (1 cycle),,,,Gradual cooling to ambient temperature within the furnace after thermal activation,,"0.53 (REF, 5CDW, 15CDW), 0.54 (25CDW, 35CDW)",,,,1.5 (Electric Grain Mill) / 2.7 (Los Angeles Machine) / 1.5 (CDW Electric Grain Mill),µm,21.3 (Electric Grain Mill) / 36.5 (Los Angeles Machine),µm,118 (Electric Grain Mill) / 184 (Los Angeles Machine),µm,,,1265 (Electric Grain Mill) / 908.4 (Los Angeles Machine),m²/kg,,,,,,,,,2850 (Calcinated CDW powder) / 2870 (CDW powder),kg/m³,58.3 (Calcinated CDW powder) / 56.7 (CDW powder),%,22.6 (Calcinated CDW powder) / 24.5 (CDW powder),%,6.7 (Calcinated CDW powder) / 10.4 (CDW powder),%,4.2 (Calcinated CDW powder) / 3.3 (CDW powder),%,0 (Calcinated CDW powder) / 1.1 (CDW powder),%,0 (Calcinated CDW powder) / 0.8 (CDW powder),%,0 (Calcinated CDW powder) / 0 (CDW powder),%,1.8 (Calcinated CDW powder) / 2.0 (CDW powder),%,,,Titanium Oxide (TiO2): 0.6% (Calcinated) / 0.6% (CDW); Phosphorus Pentoxide (P2O5): 5.6% (Calcinated) / 0% (CDW); Manganese Oxide (MnO): 0.1% (Calcinated) / 0% (CDW),%,,,,,,,SCM oxide sum (SiO2 + Al2O3 + Fe2O3): 69.2% (Calcinated CDW powder) / 70.4% (Uncalcined CDW powder),%,,,"28-day relative values: 92.8% (5CDW), 77.1% (15CDW), 63.6% (25CDW), 59.5% (35CDW)",%,,,,,"5, 15, 25, 35",%,"15–25 (15% for overall optimal balance including capillary absorption, strength activity, and durability threshold)",%,"28 Days: 43.7 (REF), 40.9 (5CDW), 37.6 (15CDW), 34.8 (25CDW), 26.0 (35CDW); 90 Days: 45.7 (REF), 48.0 / 47.9 [GRAPH-DERIVED], 43.0 [GRAPH-DERIVED], 31.9 (25CDW), 28.8 (35CDW)",MPa,"28 Days: 93.6% (5CDW), 86.0% (15CDW), 79.6% (25CDW), 59.5% (35CDW) [or SAI values: 92.8%, 77.1%, 63.6%, 59.5%]; 90 Days: 105.0% (5CDW), 94.1% (15CDW), 69.8% (25CDW), 63.0% (35CDW)",%,,,,,,,,,"28 Days: 6.1 (REF), 5.7 (5CDW), 5.5 (15CDW), 5.5 (25CDW), 4.8 (35CDW); 90 Days: 6.2 (REF), 6.1 (5CDW), 5.9 (15CDW), 6.5 (25CDW), 5.4 (35CDW)",MPa,"28 Days: 93.4% (5CDW), 90.2% (15CDW), 90.2% (25CDW), 78.7% (35CDW); 90 Days: 98.4% (5CDW), 95.2% (15CDW), 104.8% (25CDW), 87.1% (35CDW)",%,,,,
97,Influence of thermally activated artificial concrete fines composition on concrete long-term behavior,"Jan P. Höffgen, Marius Schmitt, Frank Dehn",Journal of Building Engineering,2026,https://doi.org/10.1016/j.jobe.2026.115767,Artificial concrete fines / artificial fines,,"Cast prisms (40 × 40 × 160) mm³ from CEM I-paste, FA/slag blends, and sand/aggregate blends, cured for at least 9 months",,"Drying, grinding, and thermal activation",,"Drying temperature: 105°C, Grinding mill tube temp: ≤ 100°C",,Thermal activation (and unactivated/ground variant),,"Heating ramp: 5 K/min, passive cooling",,,,"400°C, 600°C (also unactivated ground variant at 100°C)",°C,6,h,Industrial mill grinding,,,,,,Stored in sealed containers with drying agent when reaching 100°C,,"0.35, 0.38, 0.39, 0.41, 0.43, 0.45, 0.47, 0.50",,"Particle sizes at 10 v%, 50 v%, and 90 v% cumulatively passing reported",,CEM-100: 2.0; CEM-400: 2.1; CEM-600: 1.8; FA0-600: 2.3; S0-600: 2.1; RS75-600: 1.7; RS50-100: 1.9; RS50-400: 1.9; RS50-600: 1.9; LS50-600: 1.6; GW50-600: 1.7,µm,CEM-100: 14.8; CEM-400: 16.2; CEM-600: 14.0; FA0-600: 23.6; S0-600: 21.5; RS75-600: 13.5; RS50-100: 15.3; RS50-400: 14.7; RS50-600: 14.5; LS50-600: 12.6; GW50-600: 12.4,µm,CEM-100: 51.8; CEM-400: 60.8; CEM-600: 51.1; FA0-600: 76.7; S0-600: 76.0; RS75-600: 51.5; RS50-100: 50.8; RS50-400: 49.3; RS50-600: 49.7; LS50-600: 74.7; GW50-600: 51.5,µm,,,,,CEM-100: 18.42; CEM-400: 14.08; CEM-600: 14.55; FA0-600: 11.09; S0-600: 10.48; RS75-600: 7.53; RS50-100: 6.51; RS50-400: 5.45; RS50-600: 5.41; LS50-600: 6.13; GW50-600: 7.98,m²/g,,,,,,,Particle density ρp: CEM-100: 2.35; CEM-400: 2.45; CEM-600: 2.69; FA0-600: 2.72; S0-600: 2.77; RS75-600: 2.77; RS50-100: 2.54; RS50-400: 2.59; RS50-600: 2.59; LS50-600: 2.73; GW50-600: 2.72,kg/dm³,Total SiO2: CEM-100: 16.9; CEM-400: 18.0; CEM-600: 19.2; FA0-600: 29.0; S0-600: 28.0; RS75-600: 39.6; RS50-100: 53.3; RS50-400: 59.1; RS50-600: 60.1; LS50-600: 12.0; GW50-600: 56.1,wt%,Total CaO: CEM-100: 51.4; CEM-400: 54.0; CEM-600: 58.1; FA0-600: 43.0; S0-600: 50.1; RS75-600: 40.8; RS50-100: 21.1; RS50-400: 21.8; RS50-600: 22.0; LS50-600: 49.4; GW50-600: 18.2,wt%,,,,,,,,,,,,,,,Carbon (C): CEM-100: 1.0; CEM-400: 1.2; CEM-600: 1.3; FA0-600: 0.9; S0-600: 0.8; RS75-600: 1.0; RS50-100: 1.0; RS50-400: 1.1; RS50-600: 1.1; LS50-600: 7.6; GW50-600: 0.6,wt%,,,Free CaO (f-CaO): CEM-100: 12.8; CEM-400: 11.7; CEM-600: 7.1; FA0-600: 0.1; S0-600: 0.8; RS75-600: 1.8; RS50-100: 3.5; RS50-400: 2.9; RS50-600: 0.0; LS50-600: 0.1; GW50-600: 0.1,wt%,,,Reactive SiO2: CEM-100: 16.2; CEM-400: 17.2; CEM-600: 18.6; FA0-600: 26.4; S0-600: 24.1; RS75-600: 18.1; RS50-100: 7.8; RS50-400: 12.5; RS50-600: 14.1; LS50-600: 9.2; GW50-600: 22.9,wt%,,,k-values: CEM-100: 0.20; CEM-400: 0.66; CEM-600: 1.00; FA0-600: 1.20; S0-600: 1.20; RS75-600: 0.84; RS50-100: 0.25; RS50-400: 0.46; RS50-600: 0.50; LS50-600: 0.51; GW50-600: 0.80,,,,Reactive CaO (r-CaO): CEM-100: 45.4; CEM-400: 46.9; CEM-600: 50.7; FA0-600: 38.0; S0-600: 45.3; RS75-600: 35.9; RS50-100: 17.3; RS50-400: 17.7; RS50-600: 18.0; LS50-600: 13.4; GW50-600: 16.8,wt%,"10, 30, 50",wt%,,,Multiple values reported across experimental conditions and ages; refer to Table 4 Experimental Matrix.,MPa,,,,,,,,,,,Multiple values reported across experimental conditions and ages; GRAPH-DERIVED from Fig. 4.,MPa,,,Ultimate shrinkage coefficient εcs0: CEM-100-1: 450; CEM-100-2: 555; RS50-100-1: 511; RS50-100-2: 535; CEM-400-1: 937; CEM-400-2: 857; RS50-400-1: 799; RS50-400-2: 831; CEM-600-1: 786; CEM-600-2: 794; RS50-600-1: 842; RS50-600-2: 772; CEM-600-50-1: 890; CEM-600-50-2: 888; RS50-600-50-1: 936; RS50-600-50-2: 754,µm/m (10⁻⁶),,
98,"Thermal Treatment of Recycled Concrete Fines for Sustainable Cement: Linking Physicochemical Transformations, Reactivity, and Life Cycle Assessment","Rui Jing, Jian Li Hao, Han-Mei Chen, Engui Liu",ACS Omega,2026,10.1021/acsomega.5c09513,Recycled concrete fines (RCF),,Waste concrete,,"Manual hammering, machine crushing, sieving",,Sieved through 75 μm mesh,μm,Thermal treatment,,"Maintained for 2 h, followed by air cooling",h,,,400; 600; 800,°C,2,h,,,,,,,,,0.40,,Particle size distribution curve reported,,,,,,,,,,,,,,,,,,,,,,,,,,,,,,,,,,,,,,,,,,"Quartz, calcite, ettringite, C2S/C3S-like compounds (wollastonite)",,"Quartz, calcite, ettringite, wollastonite, C2S, C3S",,Amorphous meso-phase structure,,,,,,,,,,"Bound water content: ~2.1 (RCF), ~2.6 (RCF400), ~3.2 (RCF600), ~4.1 (RCF800)",g/100 g dry paste,5; 10; 20; 30,%,10,%,"3d: 25.10 (OPC), 24.32 (RCF5), 23.51 (RCF10), 20.12 (RCF20), 16.21 (RCF30), 24.11 (RCF10-400), 24.89 (RCF10-600), 23.82 (RCF10-800); 7d: 34.21 (OPC), 33.11 (RCF5), 31.85 (RCF10), 27.50 (RCF20), 22.40 (RCF30), 32.81 (RCF10-400), 33.90 (RCF10-600), 32.10 (RCF10-800); 28d: 42.11 (OPC), 40.50 (RCF5), 38.92 (RCF10), 33.80 (RCF20), 28.10 (RCF30), 39.793 (RCF10-400), 39.983 (RCF10-600), 39.750 (RCF10-800)",MPa,95,%,,,,,,,,,,,,,,,,
99,Carbonation behavior of reactivated recycled concrete fines containing residual sand: Effects of Ca/Si ratio adjustment and activation temperature,"Yutong Ju, Ye Li, Xiangping Xian, Tiejun Liu",Carbon Capture Science & Technology,2026,https://doi.org/10.1016/j.ccst.2025.100557,Recycled concrete fines (RCF) / fine recycled concrete-derived materials containing hydrated cement pastes and residual sand,,Simulated RCF prepared from waste mortar (P.O. 42.5 R OPC and ISO standard sand),,"Crushing, planetary ball milling, and sieving",,Grinding speed: 650 rpm; Grinding duration: 15 min; Sieving size: <75 µm,,Thermal activation with calcium carbonate addition (for Ca/Si ratio regulation) and mechanical re-milling,,"Heating rate: 10 °C/min; Re-milling speed: 300 rpm; Final powder size: <75 µm; Cooling method: rapid wind cooling (forced convection, ~20 min to room temperature)",,CO₂ concentration: 20 ± 2 %; Relative humidity: 70 ± 5 %; Temperature: 40 ± 2 °C; Duration: 7 days,,"800, 1000, 1200",°C,3,h,,,15,min,650,rpm,Compacting pressure: 20 MPa (compacted with 10 wt.% added tap water into cylinders Φ40 mm × 10 mm prior to calcination),MPa,0.4 (water-to-solid ratio of 0.4 for RCM casting),,Particle size <75 µm after sieving,µm,,,,,,,,,,,,,,,,,,,,,42.96,wt. %,43.28,wt. %,5.21,wt. %,3.06,wt. %,1.91,wt. %,2.13,wt. %,,,0.50,wt. %,,,SrO: 0.03,wt. %,"Quartz, Amorphous, α'-H-C2S, β-C2S, γ-C2S, α-CS, β-CS, C3S2, Gehlenite (C2AS), C12A7, C4AF, Calcite, Ca(OH)2, CaO, Tridymite, Cristobalite",,"Untreated RCF (M-20-0): Quartz: 41.7%, Amorphous: 33.4%, Calcite: 12.0%, Ca(OH)2: 7.1%, Others: 5.7%
M-800-0: Quartz: 39.4%, β-C2S: 21.1%, α'-H-C2S: 7.1%, γ-C2S: 6.8%, C2AS: 5.2%, C12A7: 3.9%, Calcite: 0.8%, Amorphous: 11.4%, Others: 4.3%
M-1000-0: Quartz: 28.4%, β-C2S: 32.9%, C2AS: 12.1%, α'-H-C2S: 2.3%, β-CS: 4.3%, C12A7: 1.8%, Amorphous: 18.2%, Others: 0%
M-1000-20: Quartz: 20.2%, β-C2S: 43.2%, β-CS: 8.9%, C2AS: 2.0%, C12A7: 1.7%, Amorphous: 24.0%
M-1200-0: α-CS: 32.7%, β-CS: 4.4%, Cristobalite: 10.6%, Tridymite: 6.0%, Quartz: 1.3%, Amorphous: 17.3%, Others: 27.7%",%,33.4 (M-20-0); 11.4 (M-800-0); 18.2 (M-1000-0); 24.0 (M-1000-20); 14.7 (M-1000-40); 13.7 (M-1000-60); 17.3 (M-1200-0); 10.0 (M-1200-20); 14.4 (M-1200-40); 17.5 (M-1200-60),%,,,,,,,,,"CO₂ absorption capacity / Carbonation degree:
• C-800-0: 24.9% (Degree: 33%)
• C-1000-0: 10.3% (Degree: 29%)
• C-1000-20: 33.2% (Degree: 46%)
• C-1000-40: 29.8% (Degree: 46%)
• C-1000-60: 30.6% (Degree: 44%)
• C-1200-0: 6.5% (Degree: 12.3%)
• C-1200-20: 3.9% (Degree: 6.5%)
• C-1200-60: 10.6% (Degree: 18%)",%,100 (RCF/RCM used as 100% full binder system),%,,,"7-day Carbonation Cured:
• C-800-0: 35.6 ± 1.2
• C-800-20: 20.4 ± 0.8
• C-800-40: 20.8 ± 1.0
• C-800-60: 16.3 ± 0.9
• C-1000-0: 33.2 ± 1.1
• C-1000-20: 36.5 ± 1.3
• C-1000-40: 29.5 ± 1.0
• C-1000-60: 26.1 ± 0.8
• C-1200-0: 5.5 ± 0.3
• C-1200-20: 5.5 ± 0.4
• C-1200-40: 10.1 ± 0.5
• C-1200-60: 12.3 ± 0.6",MPa,,%,,,,%,6,h,,,,,,%,,,,%
100,Durability Behavior of Portland Cement Mortars with Recycled Powder from Concrete Waste as a Cement Partial Replacement: A Review,"Kubilay Kaptan, Sandra Cunha, José Aguiar",Sustainability,2026,https://doi.org/10.3390/su18052561,Recycled powder (RP) / Recycled concrete powder (RCP) / Waste concrete powder (WCP) / Recycled fine powder (RFP),,Concrete waste / Construction and demolition waste (CDW),,Grinding,,Particle size < 150 µm; Particle size < 75 µm; Grinding duration 50–75 min,µm / min,"Thermal, mechanical, chemical, biomineralization, carbonation, nano-activation, mineral addition",,,,Carbonation activation involving diffusion of CO2,,"300°C, 400°C, 500°C, 600°C, 700°C, 800°C, 900°C, 1000°C, 1100°C, 1200°C",°C,,,Grinding,,50–75 min,min,,,"Chemical activation (organic/inorganic activators, alkali activation, sodium silicate solution); Nano-activation (nano-SiO2 / nanosilica / WGRP); Surface treatment with tannic acid (TA) > 0.3%",% / M,,,Irregular particles with angular corners and rough surfaces; porous powder,,,,,,,,< 150 µm; < 75 µm,µm,1.2 times that of cement,relative to cement,,,,,Water-absorbent,,,,Loose texture,,36–70,%,< 20,%,6–19,%,3–6,%,,,,,,,,,,,Amorphous Al2O3; Quartz; Calcite / CaCO3,,"Quartz, calcite (CaCO3), portlandite (CH), non-hydrated cementitious materials, residual clinker minerals, carbonated products, belite (C2S), alite (C3S), CaO, gypsum",,"Contains non-hydrated cement particles, C-S-H, ettringite, quartz, calcite, calcium hydroxide",,Contains reactive amorphous forms and amorphous Al2O3,,Retains some hydration reactivity / pozzolanic behavior / low chemical reactivity; reactivity increases with thermal/mechanical/chemical activation or finer particle size (<75 µm),,,,,,Reduced heat of hydration,,Pozzolanic activity depends on microstructure and chemical composition; low reactivity / inert particle characteristics,,"5%, 10%, 15%, 20%, 25%, 30%, 40%, 45%, 50%, 55%, 60%, 65%, 70%, 75%, 100%",%,≤ 10–15% (for overall durability/carbonation/cost efficiency); ≤ 20% (for drying shrinkage/flexural cost index); ≤ 30% (for general mechanical/thermal activation replacement),%,"Reduced compressive strength at high replacement levels without activation; improved with thermal activation or low replacement (e.g., ≤ 30%)",MPa,,%,,J/g,,%,,min,,min,Demonstrated cost advantage in achieving equivalent flexural strength up to 20% substitution,MPa,,%,"Drying shrinkage strain ranges from approximately 0.00% to 0.19% over 30 days depending on RP content and activation; reduced shrinkage at ≤ 20–30% replacement, increased at 50% replacement",%,Reduced drying shrinkage compared with reference mortars at moderate replacement levels (< 30%),%
101,Enhancing recycled cement paste powder as a high-performance supplementary cementitious material via synergistic carbonation and ultrasonic processing,"Wenjing Ma, Jiongqi Chen, Meng Zhou, Xiaowei Ouyang, Yuwei Ma, Guang Ye, Zongjin Li, Jiyang Fu",Construction and Building Materials,2026,10.1016/j.conbuildmat.2026.146727,"Recycled cement paste powder (RP), carbonated recycled cement paste powder (CRP), carbonated recycled cement paste powder under ultrasonic treatment (CRP-US)",,Laboratory-cast cement paste specimens following 120 d of curing,,"Mechanical crushing, ball milling, and sieving",,Crushed size: 7-8 mm; Ball milling duration: 4 h; Sieving: 150-mesh screen,"mm, h, mesh",Synergistic gas-solid carbonation and liquid-phase ultrasonic treatment,,"Carbonation: 7 d, 70±3% RH, 20±2 °C, 20±3% CO₂; Ultrasonic treatment: 30 min in water-bath generator (120 W, 40 kHz)","d, %, °C, min, W, kHz",Relative humidity: 70±3%; Temperature: 20±2 °C; CO₂ concentration: 20±3%; Duration: 7 d,"%, °C, d",,,,,Ball milling,,4,h,,,Liquid-phase ultrasonic treatment in a water-bath generator at 120 W power and 40 kHz frequency for 30 min,"W, kHz, min",0.4,,RP: bimodal distribution; CRP: smoother distribution shifted rightward; CRP-US filtrate Z-Average: 212.8 nm,nm,,,,,,,212.8 (Z-Average for filtrate from CRP-US suspension),nm,RP: 6.76; CRP: 38.48; CRP-US: 32.27,m²/g,RP: 6.76; CRP: 38.48; CRP-US: 32.27,m²/g,,,,,,,,,22.33,wt%,60.16,wt%,5.75,wt%,5.06,wt%,2.08,wt%,,,,,,,4.44,wt%,MnO: 0.18,wt%,"Larnite (Ca₂SiO₄), Hatrurite (Ca₃SiO₅), Calcite (CaCO₃), Portlandite (Ca(OH)₂), Aragonite (CaCO₃)",,"RP: Larnite 48%, Hatrurite 16%, Calcite 31%, Portlandite 5.1%; CRP: Larnite 16%, Hatrurite 7%, Calcite 26%, Aragonite 57%; CRP-US: Larnite 19%, Hatrurite 6%, Calcite 33%, Aragonite 41%",%,,,"Exposed silica-rich layer in CRP-US exhibits high pozzolanic reactivity, consuming Ca(OH)₂ to form secondary C-S-H",,,,,,RP group exhibited highest early hydration rate within first 12 h; CRP displays lowest heat evolution rate and cumulative heat release; CRP-US shows hydration rate comparable to RP during acceleration stage,"W/g, J/g",CO₂ sequestration capacity of the RP system (represented by CRP sample): 71.85%,%,20,%,,,7 d: CRP-US increased by 37.1% relative to RP and 26.75% relative to OPC; 28 d: CRP-US increased by 23.39% relative to RP and 13.54% relative to OPC; CRP 28 d strength increased by 5.92 MPa relative to RP,MPa / %,7 d CRP-US: 126.75% of OPC control; 28 d CRP-US: 113.54% of OPC control,%,,,,,,,,,,,,,,,,
102,Mechanochemical activation of recycled concrete fines to produce supplementary cementitious materials,"Ilda Tole, Ankit Kothari, Magdalena Rajczakowska, Andrzej Cwirzen",Construction and Building Materials,2026,https://doi.org/10.1016/j.conbuildmat.2026.146017,Recycled concrete fines (RCFs),,"Precast prestressed hollow-core slabs produced in Piteå, Sweden (manufactured approx. 10 years ago, w/c ~0.45, compressive strength 50–70 MPa)",,Controlled crushing using a jaw crusher and classification into size fractions,,Particle size fraction ≤ 150 µm,µm,Mechanochemical activation (MCA) via planetary ball mill,,Ball to powder ratio (B/P) = 25; Rotation speed = 500 rpm,,,,,,,,Dry grinding using planetary ball mill (Retsch PM 100),,"10, 20, 30, and 40",min,500,rpm,,,0.5 (Mortars); 0.4 (Pastes),,,,"Untreated RCF: 12.6
MCA10 RCF: 1.53
MCA20 RCF: 1.36
MCA30 RCF: 1.35
MCA40 RCF: 1.37",µm,"Untreated RCF: 130
MCA10 RCF: 9.8
MCA20 RCF: 11.4
MCA30 RCF: 12.9
MCA40 RCF: 14.1",µm,"Untreated RCF: 331
MCA10 RCF: 86.7
MCA20 RCF: 147
MCA30 RCF: 168
MCA40 RCF: 148",µm,,,,,,,,,,,,,,,26.13,%,52.8,%,1.27,%,1.54,%,,%,,%,0.131,%,0.288,%,17.5,%,,,"Clay minerals (illite/muscovite), quartz, portlandite, calcite, ettringite, feldspars (albite/microcline), unhydrated cement phases (C2S/C3S)",,,,,,"Frattini CaO Reduction (8 days):
Untreated RCF: 16.16
MCA10 RCF: 24.55
MCA20 RCF: 26.46
MCA30 RCF: 25.27
MCA40 RCF: 31.1",%,,,"7-Day SAI (%):
Untreated RCF: 58
MCA10 RCF: 85
MCA20 RCF: 91
MCA30 RCF: 83
MCA40 RCF: 76

28-Day SAI (%):
Untreated RCF: 60
MCA10 RCF: 83
MCA20 RCF: 81
MCA30 RCF: 81
MCA40 RCF: 76",%,"R³ Cumulative Heat Release (7 days):
Untreated RCF: ~25 (GRAPH-DERIVED)
MCA10 RCF: ~100 (GRAPH-DERIVED)
MCA20 RCF: ~195 (GRAPH-DERIVED)
MCA30 RCF: ~208 (GRAPH-DERIVED)
MCA40 RCF: ~225 (GRAPH-DERIVED)",J/g SCM,"Frattini filtrate concentrations at 8 days:
[OH] (mmol/l): Untreated (48.1), MCA10 (48.21), MCA20 (51.8), MCA30 (53.02), MCA40 (53.59)
[CaO] (mmol/l): Untreated (8.86), MCA10 (7.95), MCA20 (6.99), MCA30 (6.88), MCA40 (6.25)",mmol/l,20,wt%,,,"7-Day Compressive Strength:
PC Reference: 34.1
Untreated RCF: 19.9
MCA10 RCF: 28.9
MCA20 RCF: 31.02
MCA30 RCF: 28.31
MCA40 RCF: 25.77

28-Day Compressive Strength:
PC Reference: 48.55
Untreated RCF: 29.13
MCA10 RCF: 40.19
MCA20 RCF: 39.33
MCA30 RCF: 39.38
MCA40 RCF: 36.81",MPa,"Strength Activity Index (SAI):
7-Day:
Untreated: 58%
MCA10: 85%
MCA20: 91%
MCA30: 83%
MCA40: 76%

28-Day:
Untreated: 60%
MCA10: 83%
MCA20: 81%
MCA30: 81%
MCA40: 76%",%,"Untreated RCF: ~25 (GRAPH-DERIVED)
MCA10 RCF: ~100 (GRAPH-DERIVED)
MCA20 RCF: ~195 (GRAPH-DERIVED)
MCA30 RCF: ~208 (GRAPH-DERIVED)
MCA40 RCF: ~225 (GRAPH-DERIVED)",J/g SCM,,,,,,,,,,,,,,
103,Optimization of calcined concrete waste powder as supplementary cementitious material: a comprehensive study on performance and sustainability,"Nurullah Öksüzer, Muhammed Talha Ünal",Journal of the Australian Ceramic Society,2026,https://doi.org/10.1007/s41779-025-01302-z,Calcined concrete waste powder (CCWP),,Core samples extracted from previously tested pavement concrete,,Calcination followed by grinding in a ball mill,,Heated at a rate of 10 °C/min; ground in a ball mill at 70 rpm,"°C/min, rpm",Thermal treatment (calcination) and mechanical activation (grinding),,"Calcination target temperature 1000 °C, held for 2 h; grinding at 70 rpm for 24 h","°C, h, rpm",,,1000,°C,2,h,Grinding in a ball mill,,24,h,70,rpm,,,0.40,,Particle distribution shown in Fig. 3,,,,17,µm,,,17,µm,,,,,,,,,,,,,45.38,%,19.85,%,12.43,%,9.87,%,2.32,%,0.95,%,0.08,%,4.12,%,4.15,%,TiO2: 0.87,%,XRD analysis presented in Fig. 2,,Amorphous silica and alumina phases,,,,Enhanced pozzolanic reactivity by transforming calcium hydroxide into reactive phases,,,,,,,,,,"0%, 10%, 20%, 30%, 40%, 50%",%,20,%,"CCWP0: 78.41 (28d), 92 (90d)
CCWP10: 73.30 (28d), 98 (90d)
CCWP20: 73.00 (28d), 99 (90d)
CCWP30: 68.41 (28d), 91 (90d)
CCWP40: 67.06 (28d), 86 (90d)
CCWP50: 61.38 (28d), 81 (90d)",MPa,"28-Day: CCWP10 (93.5%), CCWP20 (93.1%), CCWP30 (87.3%), CCWP40 (85.5%), CCWP50 (78.3%)
56-Day: CCWP10 (102.4%), CCWP20 (99.5%), CCWP30 (97.9%)
90-Day: CCWP10 (106.5%), CCWP20 (107.6%), CCWP30 (98.9%), CCWP40 (93.5%), CCWP50 (88.0%)",%,,,,,,,,,"28-Day: CCWP0 (12.87), CCWP10 (13.11), CCWP20 (12.88), CCWP30 (12.80), CCWP40 (12.76), CCWP50 (11.82)
90-Day: CCWP10 (13.16), CCWP20 (13.17), CCWP30 (13.10), CCWP40 (12.60), CCWP50 (11.77)",MPa,"28-Day: CCWP10 (100.8%), CCWP20 (99.1%), CCWP30 (98.5%), CCWP40 (98.1%), CCWP50 (90.9%)
90-Day: CCWP10 (105.9%), CCWP20 (101.7%), CCWP30 (93.2%), CCWP40 (93.3%), CCWP50 (87.0%)",%,,,,
