paper_id,mix_id,replacement_pct,age_days,strength_mpa,wb_block,graph_derived,age_known,mix_activation,source,sio2,cao,al2o3,fe2o3,mgo,so3,na2o,k2o,loi,amorphous_pct,d10,d50,d90,mean_particle_um,specific_surface,bet_surface,blaine,water_absorption,specific_gravity,bulk_density,wb_ratio,thermal_temp_c,thermal_duration,grind_duration,grind_speed,pozzolanic_reactivity,activation_method,processing_method,mineralogy,material_family,reported_optimum_pct,empirical_optimum_pct
0,RC,0.0,7.0,47.0,,True,True,,matrix,,,,,,,,,,,,,,,,,,13.1,,1234.0,,,,,,,,crushing,other,fines,,10.0
0,RC,0.0,28.0,59.3,,True,True,,matrix,,,,,,,,,,,,,,,,,,13.1,,1234.0,,,,,,,,crushing,other,fines,,10.0
0,RC,0.0,28.0,59.4,,True,True,,matrix,,,,,,,,,,,,,,,,,,13.1,,1234.0,,,,,,,,crushing,other,fines,,10.0
0,RC,0.0,56.0,60.0,,True,True,,matrix,,,,,,,,,,,,,,,,,,13.1,,1234.0,,,,,,,,crushing,other,fines,,10.0
0,RC,0.0,,59.3,,True,False,,matrix,,,,,,,,,,,,,,,,,,13.1,,1234.0,,,,,,,,crushing,other,fines,,10.0
0,C10R,10.0,28.0,62.2,,False,True,,matrix,,,,,,,,,,,,,,,,,,13.1,,1234.0,,,,,,,,crushing,other,fines,,10.0
0,C10R,10.0,,59.0,,False,False,,matrix,,,,,,,,,,,,,,,,,,13.1,,1234.0,,,,,,,,crushing,other,fines,,10.0
0,C20R,20.0,28.0,58.4,,False,True,,matrix,,,,,,,,,,,,,,,,,,13.1,,1234.0,,,,,,,,crushing,other,fines,,10.0
0,C20R,20.0,,57.3,,False,False,,matrix,,,,,,,,,,,,,,,,,,13.1,,1234.0,,,,,,,,crushing,other,fines,,10.0
0,C30R,30.0,7.0,46.0,,True,True,,matrix,,,,,,,,,,,,,,,,,,13.1,,1234.0,,,,,,,,crushing,other,fines,,10.0
0,C30R,30.0,28.0,57.1,,True,True,,matrix,,,,,,,,,,,,,,,,,,13.1,,1234.0,,,,,,,,crushing,other,fines,,10.0
0,C30R,30.0,28.0,61.3,,True,True,,matrix,,,,,,,,,,,,,,,,,,13.1,,1234.0,,,,,,,,crushing,other,fines,,10.0
0,C30R,30.0,56.0,61.5,,True,True,,matrix,,,,,,,,,,,,,,,,,,13.1,,1234.0,,,,,,,,crushing,other,fines,,10.0
0,C30R,30.0,,57.1,,True,False,,matrix,,,,,,,,,,,,,,,,,,13.1,,1234.0,,,,,,,,crushing,other,fines,,10.0
0,C50R,50.0,28.0,60.8,,False,True,,matrix,,,,,,,,,,,,,,,,,,13.1,,1234.0,,,,,,,,crushing,other,fines,,10.0
0,C50R,50.0,,58.8,,False,False,,matrix,,,,,,,,,,,,,,,,,,13.1,,1234.0,,,,,,,,crushing,other,fines,,10.0
0,C100R,100.0,7.0,42.0,,True,True,,matrix,,,,,,,,,,,,,,,,,,13.1,,1234.0,,,,,,,,crushing,other,fines,,10.0
0,C100R,100.0,28.0,54.8,,True,True,,matrix,,,,,,,,,,,,,,,,,,13.1,,1234.0,,,,,,,,crushing,other,fines,,10.0
0,C100R,100.0,28.0,61.0,,True,True,,matrix,,,,,,,,,,,,,,,,,,13.1,,1234.0,,,,,,,,crushing,other,fines,,10.0
0,C100R,100.0,56.0,62.0,,True,True,,matrix,,,,,,,,,,,,,,,,,,13.1,,1234.0,,,,,,,,crushing,other,fines,,10.0
0,C100R,100.0,,54.8,,True,False,,matrix,,,,,,,,,,,,,,,,,,13.1,,1234.0,,,,,,,,crushing,other,fines,,10.0
2,,0.0,3.0,28.82,,True,True,,sheet1,,,,,,,,,,,,,,,,,,,,,0.42,,,,,,,thermal,,fines,5.0,
2,,37.5,3.0,29.372,,True,True,,sheet1,,,,,,,,,,,,,,,,,,,,,0.42,,,,,,,thermal,,fines,5.0,
2,,37.5,3.0,29.992,,True,True,,sheet1,,,,,,,,,,,,,,,,,,,,,0.42,,,,,,,thermal,,fines,5.0,
2,,37.5,3.0,30.337,,True,True,,sheet1,,,,,,,,,,,,,,,,,,,,,0.42,,,,,,,thermal,,fines,5.0,
2,,37.5,3.0,32.267,,True,True,,sheet1,,,,,,,,,,,,,,,,,,,,,0.42,,,,,,,thermal,,fines,5.0,
2,,37.5,3.0,32.819,,True,True,,sheet1,,,,,,,,,,,,,,,,,,,,,0.42,,,,,,,thermal,,fines,5.0,
2,,37.5,3.0,34.336,,True,True,,sheet1,,,,,,,,,,,,,,,,,,,,,0.42,,,,,,,thermal,,fines,5.0,
2,,37.5,3.0,35.715,,True,True,,sheet1,,,,,,,,,,,,,,,,,,,,,0.42,,,,,,,thermal,,fines,5.0,
4,S0,0.0,90.0,32.87,,False,True,Sintering / Calcination,matrix,33.43,32.17,18.7,16.72,,,,,,,,,,52.5,,,,,,,0.5,1337.5,1.0,,,,thermal,,,powder,,
4,,0.0,,32.87,,False,False,,sheet1,33.43,32.17,18.7,16.72,,,,,,,,,,52.5,,,,,,,0.5,1337.5,1.0,,,,thermal,,,powder,,
4,S10,10.0,90.0,26.79,,False,True,Sintering / Calcination,matrix,33.43,32.17,18.7,16.72,,,,,,,,,,52.5,,,,,,,0.5,1337.5,1.0,,,,thermal,,,powder,,
4,S30,30.0,90.0,24.75,,False,True,Sintering / Calcination,matrix,33.43,32.17,18.7,16.72,,,,,,,,,,52.5,,,,,,,0.5,1337.5,1.0,,,,thermal,,,powder,,
5,,0.0,2.0,26.6,,False,True,,sheet1,,,,,,,,,,,,8.8,,,,,,,,,0.6699999999999999,,,,,0.0,,crushing,mixed,fines,25.0,0.0
5,,0.0,7.0,36.8,,False,True,,sheet1,,,,,,,,,,,,8.8,,,,,,,,,0.6699999999999999,,,,,0.0,,crushing,mixed,fines,25.0,0.0
5,,0.0,28.0,45.8,,False,True,,sheet1,,,,,,,,,,,,8.8,,,,,,,,,0.6699999999999999,,,,,0.0,,crushing,mixed,fines,25.0,0.0
5,,0.0,90.0,52.0,,False,True,,sheet1,,,,,,,,,,,,8.8,,,,,,,,,0.6699999999999999,,,,,0.0,,crushing,mixed,fines,25.0,0.0
5,,25.0,2.0,24.8,,False,True,,sheet1,,,,,,,,,,,,8.8,,,,,,,,,0.6699999999999999,,,,,0.0,,crushing,mixed,fines,25.0,0.0
5,,25.0,7.0,32.7,,False,True,,sheet1,,,,,,,,,,,,8.8,,,,,,,,,0.6699999999999999,,,,,0.0,,crushing,mixed,fines,25.0,0.0
5,,25.0,28.0,38.4,,False,True,,sheet1,,,,,,,,,,,,8.8,,,,,,,,,0.6699999999999999,,,,,0.0,,crushing,mixed,fines,25.0,0.0
5,,25.0,90.0,38.7,,False,True,,sheet1,,,,,,,,,,,,8.8,,,,,,,,,0.6699999999999999,,,,,0.0,,crushing,mixed,fines,25.0,0.0
5,,50.0,2.0,10.7,,False,True,,sheet1,,,,,,,,,,,,8.8,,,,,,,,,0.6699999999999999,,,,,0.0,,crushing,mixed,fines,25.0,0.0
5,,50.0,7.0,14.0,,False,True,,sheet1,,,,,,,,,,,,8.8,,,,,,,,,0.6699999999999999,,,,,0.0,,crushing,mixed,fines,25.0,0.0
5,,50.0,28.0,16.4,,False,True,,sheet1,,,,,,,,,,,,8.8,,,,,,,,,0.6699999999999999,,,,,0.0,,crushing,mixed,fines,25.0,0.0
5,,50.0,90.0,17.3,,False,True,,sheet1,,,,,,,,,,,,8.8,,,,,,,,,0.6699999999999999,,,,,0.0,,crushing,mixed,fines,25.0,0.0
5,,75.0,2.0,2.5,,False,True,,sheet1,,,,,,,,,,,,8.8,,,,,,,,,0.6699999999999999,,,,,0.0,,crushing,mixed,fines,25.0,0.0
5,,75.0,7.0,5.7,,False,True,,sheet1,,,,,,,,,,,,8.8,,,,,,,,,0.6699999999999999,,,,,0.0,,crushing,mixed,fines,25.0,0.0
5,,75.0,28.0,4.2,,False,True,,sheet1,,,,,,,,,,,,8.8,,,,,,,,,0.6699999999999999,,,,,0.0,,crushing,mixed,fines,25.0,0.0
5,,75.0,90.0,4.6,,False,True,,sheet1,,,,,,,,,,,,8.8,,,,,,,,,0.6699999999999999,,,,,0.0,,crushing,mixed,fines,25.0,0.0
6,RM-0.6-10,10.0,,51.17,,False,False,,matrix,,,,,,,,,,,,,,,,,,7.54,,2540.0,,,,,,,,crushing,,fines,,
6,RM-0.5-10,10.0,,66.63,,False,False,,matrix,,,,,,,,,,,,,,,,,,7.54,,2540.0,,,,,,,,crushing,,fines,,
6,RM-0.6-2.5/5,17.79,,52.08,,False,False,,matrix,,,,,,,,,,,,,,,,,,7.54,,2540.0,,,,,,,,crushing,,fines,,
6,RM-0.5-2.5/5,17.79,,58.32,,False,False,,matrix,,,,,,,,,,,,,,,,,,7.54,,2540.0,,,,,,,,crushing,,fines,,
6,RM-0.6-20,20.0,,49.32,,False,False,,matrix,,,,,,,,,,,,,,,,,,7.54,,2540.0,,,,,,,,crushing,,fines,,
6,RM-0.5-20,20.0,,64.58,,False,False,,matrix,,,,,,,,,,,,,,,,,,7.54,,2540.0,,,,,,,,crushing,,fines,,
6,RM-0.6-0.63/1.25,20.5,,50.06,,False,False,,matrix,,,,,,,,,,,,,,,,,,7.54,,2540.0,,,,,,,,crushing,,fines,,
6,RM-0.5-0.63/1.25,20.5,,52.54,,False,False,,matrix,,,,,,,,,,,,,,,,,,7.54,,2540.0,,,,,,,,crushing,,fines,,
6,RM-0.6-0/0.63,29.31,,44.29,,False,False,,matrix,,,,,,,,,,,,,,,,,,7.54,,2540.0,,,,,,,,crushing,,fines,,
6,RM-0.5-0/0.63,29.31,,45.55,,False,False,,matrix,,,,,,,,,,,,,,,,,,7.54,,2540.0,,,,,,,,crushing,,fines,,
6,RM-0.6-30,30.0,,47.37,,False,False,,matrix,,,,,,,,,,,,,,,,,,7.54,,2540.0,,,,,,,,crushing,,fines,,
6,RM-0.5-30,30.0,,57.23,,False,False,,matrix,,,,,,,,,,,,,,,,,,7.54,,2540.0,,,,,,,,crushing,,fines,,
6,RM-0.6-1.25/2.5,32.08,,50.85,,False,False,,matrix,,,,,,,,,,,,,,,,,,7.54,,2540.0,,,,,,,,crushing,,fines,,
6,RM-0.5-1.25/2.5,32.08,,52.22,,False,False,,matrix,,,,,,,,,,,,,,,,,,7.54,,2540.0,,,,,,,,crushing,,fines,,
6,RM-0.6-50,50.0,,46.92,,False,False,,matrix,,,,,,,,,,,,,,,,,,7.54,,2540.0,,,,,,,,crushing,,fines,,
6,RM-0.5-50,50.0,,53.84,,False,False,,matrix,,,,,,,,,,,,,,,,,,7.54,,2540.0,,,,,,,,crushing,,fines,,
6,RM-0.6-100,100.0,,39.14,,False,False,,matrix,,,,,,,,,,,,,,,,,,7.54,,2540.0,,,,,,,,crushing,,fines,,
6,RM-0.6-S,100.0,,41.96,,False,False,,matrix,,,,,,,,,,,,,,,,,,7.54,,2540.0,,,,,,,,crushing,,fines,,
6,RM-0.5-100,100.0,,42.09,,False,False,,matrix,,,,,,,,,,,,,,,,,,7.54,,2540.0,,,,,,,,crushing,,fines,,
6,RM-0.55-S,100.0,,43.01,,False,False,,matrix,,,,,,,,,,,,,,,,,,7.54,,2540.0,,,,,,,,crushing,,fines,,
6,RM-0.6-D,100.0,,43.76,,False,False,,matrix,,,,,,,,,,,,,,,,,,7.54,,2540.0,,,,,,,,crushing,,fines,,
6,RM-0.5-S,100.0,,45.22,,False,False,,matrix,,,,,,,,,,,,,,,,,,7.54,,2540.0,,,,,,,,crushing,,fines,,
6,RM-0.55-D,100.0,,45.34,,False,False,,matrix,,,,,,,,,,,,,,,,,,7.54,,2540.0,,,,,,,,crushing,,fines,,
6,RM-0.5-D,100.0,,49.84,,False,False,,matrix,,,,,,,,,,,,,,,,,,7.54,,2540.0,,,,,,,,crushing,,fines,,
7,CEM (ref),0.0,,52.1,,False,False,,matrix,,,,,,,,,,,,12.0,,12.0,412.0,,412.0,,,,0.3576,,,,,,mechanical,milling,,powder,10.0,
7,at 5% RCP,5.0,,57.3,,False,False,,sheet1,,,,,,,,,,,,12.0,,12.0,412.0,,412.0,,,,0.3576,,,,,,mechanical,milling,,powder,10.0,
7,at 10% RCP,10.0,,50.2,,False,False,,sheet1,,,,,,,,,,,,12.0,,12.0,412.0,,412.0,,,,0.3576,,,,,,mechanical,milling,,powder,10.0,
7,at 15% RCP,15.0,,51.8,,False,False,,sheet1,,,,,,,,,,,,12.0,,12.0,412.0,,412.0,,,,0.3576,,,,,,mechanical,milling,,powder,10.0,
7,at 20% RCP,20.0,,56.9,,False,False,,sheet1,,,,,,,,,,,,12.0,,12.0,412.0,,412.0,,,,0.3576,,,,,,mechanical,milling,,powder,10.0,
7,at 25% RCP,25.0,,50.1,,False,False,,sheet1,,,,,,,,,,,,12.0,,12.0,412.0,,412.0,,,,0.3576,,,,,,mechanical,milling,,powder,10.0,
8,at 0%,0.0,,76.6,,False,False,,sheet1,,,,,,,,,,,,,,,,,,,,,0.375,,,,,,mechanical,milling,,powder,25.0,
8,at 10%,10.0,,50.2,,False,False,,sheet1,,,,,,,,,,,,,,,,,,,,,0.375,,,,,,mechanical,milling,,powder,25.0,
8,at 20%,20.0,,56.9,,False,False,,sheet1,,,,,,,,,,,,,,,,,,,,,0.375,,,,,,mechanical,milling,,powder,25.0,
8,at 30%,30.0,,45.7,,False,False,,sheet1,,,,,,,,,,,,,,,,,,,,,0.375,,,,,,mechanical,milling,,powder,25.0,
8,at 40%,40.0,,38.8,,False,False,,sheet1,,,,,,,,,,,,,,,,,,,,,0.375,,,,,,mechanical,milling,,powder,25.0,
8,at 50%,50.0,,25.4,,False,False,,sheet1,,,,,,,,,,,,,,,,,,,,,0.375,,,,,,mechanical,milling,,powder,25.0,
9,,0.0,1.0,8.0,,True,True,,sheet1,,3.5,,,,,,,9.666666666666666,,,,,,,,,,,,0.55,617.5,8.0,,,,thermal,combined,calcite,other,,6.0
9,OPC,0.0,1.0,28.0,,True,True,,matrix,,3.5,,,,,,,9.666666666666666,,,,,,,,,,,,0.55,617.5,8.0,,,,thermal,combined,calcite,other,,6.0
9,OPC,0.0,1.0,35.5,,True,True,,matrix,,3.5,,,,,,,9.666666666666666,,,,,,,,,,,,0.55,617.5,8.0,,,,thermal,combined,calcite,other,,6.0
9,,0.0,7.0,28.0,,True,True,,sheet1,,3.5,,,,,,,9.666666666666666,,,,,,,,,,,,0.55,617.5,8.0,,,,thermal,combined,calcite,other,,6.0
9,,0.0,28.0,35.5,,True,True,,sheet1,,3.5,,,,,,,9.666666666666666,,,,,,,,,,,,0.55,617.5,8.0,,,,thermal,combined,calcite,other,,6.0
9,,1.0,1.0,1.0,,True,True,,sheet1,,3.5,,,,,,,9.666666666666666,,,,,,,,,,,,0.55,617.5,8.0,,,,thermal,combined,calcite,other,,6.0
9,,1.0,1.0,4.0,,True,True,,sheet1,,3.5,,,,,,,9.666666666666666,,,,,,,,,,,,0.55,617.5,8.0,,,,thermal,combined,calcite,other,,6.0
9,,1.0,7.0,1.5,,True,True,,sheet1,,3.5,,,,,,,9.666666666666666,,,,,,,,,,,,0.55,617.5,8.0,,,,thermal,combined,calcite,other,,6.0
9,,1.0,7.0,4.0,,True,True,,sheet1,,3.5,,,,,,,9.666666666666666,,,,,,,,,,,,0.55,617.5,8.0,,,,thermal,combined,calcite,other,,6.0
9,,1.0,7.0,14.0,,True,True,,sheet1,,3.5,,,,,,,9.666666666666666,,,,,,,,,,,,0.55,617.5,8.0,,,,thermal,combined,calcite,other,,6.0
9,,1.0,7.0,27.0,,True,True,,sheet1,,3.5,,,,,,,9.666666666666666,,,,,,,,,,,,0.55,617.5,8.0,,,,thermal,combined,calcite,other,,6.0
9,,1.0,28.0,4.5,,True,True,,sheet1,,3.5,,,,,,,9.666666666666666,,,,,,,,,,,,0.55,617.5,8.0,,,,thermal,combined,calcite,other,,6.0
9,,1.0,28.0,21.5,,True,True,,sheet1,,3.5,,,,,,,9.666666666666666,,,,,,,,,,,,0.55,617.5,8.0,,,,thermal,combined,calcite,other,,6.0
9,,1.0,28.0,35.0,,True,True,,sheet1,,3.5,,,,,,,9.666666666666666,,,,,,,,,,,,0.55,617.5,8.0,,,,thermal,combined,calcite,other,,6.0
9,,5.0,1.0,10.0,,True,True,,sheet1,,3.5,,,,,,,9.666666666666666,,,,,,,,,,,,0.55,617.5,8.0,,,,thermal,combined,calcite,other,,6.0
9,,5.0,7.0,23.0,,True,True,,sheet1,,3.5,,,,,,,9.666666666666666,,,,,,,,,,,,0.55,617.5,8.0,,,,thermal,combined,calcite,other,,6.0
9,,5.0,28.0,5.0,,True,True,,sheet1,,3.5,,,,,,,9.666666666666666,,,,,,,,,,,,0.55,617.5,8.0,,,,thermal,combined,calcite,other,,6.0
9,,5.0,28.0,32.5,,True,True,,sheet1,,3.5,,,,,,,9.666666666666666,,,,,,,,,,,,0.55,617.5,8.0,,,,thermal,combined,calcite,other,,6.0
9,,6.0,1.0,7.0,,True,True,,sheet1,,3.5,,,,,,,9.666666666666666,,,,,,,,,,,,0.55,617.5,8.0,,,,thermal,combined,calcite,other,,6.0
9,,6.0,7.0,28.0,,True,True,,sheet1,,3.5,,,,,,,9.666666666666666,,,,,,,,,,,,0.55,617.5,8.0,,,,thermal,combined,calcite,other,,6.0
9,,6.0,28.0,38.0,,True,True,,sheet1,,3.5,,,,,,,9.666666666666666,,,,,,,,,,,,0.55,617.5,8.0,,,,thermal,combined,calcite,other,,6.0
9,#6,70.0,1.0,7.0,,True,True,Thermal,matrix,,3.5,,,,,,,9.666666666666666,,,,,,,,,,,,0.55,617.5,8.0,,,,thermal,combined,calcite,other,,6.0
9,#6,70.0,1.0,28.0,,True,True,Thermal,matrix,,3.5,,,,,,,9.666666666666666,,,,,,,,,,,,0.55,617.5,8.0,,,,thermal,combined,calcite,other,,6.0
9,#6,70.0,1.0,38.0,,True,True,Thermal,matrix,,3.5,,,,,,,9.666666666666666,,,,,,,,,,,,0.55,617.5,8.0,,,,thermal,combined,calcite,other,,6.0
9,#1,100.0,1.0,1.0,,True,True,Thermal,matrix,,3.5,,,,,,,9.666666666666666,,,,,,,,,,,,0.55,617.5,8.0,,,,thermal,combined,calcite,other,,6.0
9,#4,100.0,1.0,1.5,,True,True,Thermal,matrix,,3.5,,,,,,,9.666666666666666,,,,,,,,,,,,0.55,617.5,8.0,,,,thermal,combined,calcite,other,,6.0
9,#1,100.0,1.0,4.0,,True,True,Thermal,matrix,,3.5,,,,,,,9.666666666666666,,,,,,,,,,,,0.55,617.5,8.0,,,,thermal,combined,calcite,other,,6.0
9,#4,100.0,1.0,4.5,,True,True,Thermal,matrix,,3.5,,,,,,,9.666666666666666,,,,,,,,,,,,0.55,617.5,8.0,,,,thermal,combined,calcite,other,,6.0
9,#1,100.0,1.0,5.0,,True,True,Thermal,matrix,,3.5,,,,,,,9.666666666666666,,,,,,,,,,,,0.55,617.5,8.0,,,,thermal,combined,calcite,other,,6.0
9,#5,100.0,1.0,10.0,,True,True,Thermal,matrix,,3.5,,,,,,,9.666666666666666,,,,,,,,,,,,0.55,617.5,8.0,,,,thermal,combined,calcite,other,,6.0
9,#3,100.0,1.0,14.0,,True,True,Thermal,matrix,,3.5,,,,,,,9.666666666666666,,,,,,,,,,,,0.55,617.5,8.0,,,,thermal,combined,calcite,other,,6.0
9,#3,100.0,1.0,21.5,,True,True,Thermal,matrix,,3.5,,,,,,,9.666666666666666,,,,,,,,,,,,0.55,617.5,8.0,,,,thermal,combined,calcite,other,,6.0
9,#5,100.0,1.0,23.0,,True,True,Thermal,matrix,,3.5,,,,,,,9.666666666666666,,,,,,,,,,,,0.55,617.5,8.0,,,,thermal,combined,calcite,other,,6.0
9,#2,100.0,1.0,27.0,,True,True,Thermal,matrix,,3.5,,,,,,,9.666666666666666,,,,,,,,,,,,0.55,617.5,8.0,,,,thermal,combined,calcite,other,,6.0
9,#5,100.0,1.0,32.5,,True,True,Thermal,matrix,,3.5,,,,,,,9.666666666666666,,,,,,,,,,,,0.55,617.5,8.0,,,,thermal,combined,calcite,other,,6.0
9,#2,100.0,1.0,35.0,,True,True,Thermal,matrix,,3.5,,,,,,,9.666666666666666,,,,,,,,,,,,0.55,617.5,8.0,,,,thermal,combined,calcite,other,,6.0
10,,0.0,,34.0,0.5,True,False,,sheet1,43.0,15.5,11.5,5.0,2.0,,,,,,,9.06,,6.536666666666666,639.6,,,,,,0.45,,,,,2.0,,combined,,powder,22.5,
10,,0.0,,48.5,0.4,True,False,,sheet1,43.0,15.5,11.5,5.0,2.0,,,,,,,9.06,,6.536666666666666,639.6,,,,,,0.45,,,,,2.0,,combined,,powder,22.5,
10,RPC-15%RP+15%FA (w/b 0.5),15.0,,35.5,,True,False,,matrix,43.0,15.5,11.5,5.0,2.0,,,,,,,9.06,,6.536666666666666,639.6,,,,,,0.45,,,,,2.0,,combined,,powder,22.5,
10,,15.0,,36.0,0.5,True,False,,sheet1,43.0,15.5,11.5,5.0,2.0,,,,,,,9.06,,6.536666666666666,639.6,,,,,,0.45,,,,,2.0,,combined,,powder,22.5,
10,RPC-15%RP+15%FA (w/b 0.4),15.0,,45.0,,True,False,,matrix,43.0,15.5,11.5,5.0,2.0,,,,,,,9.06,,6.536666666666666,639.6,,,,,,0.45,,,,,2.0,,combined,,powder,22.5,
10,,15.0,,47.3,0.4,True,False,,sheet1,43.0,15.5,11.5,5.0,2.0,,,,,,,9.06,,6.536666666666666,639.6,,,,,,0.45,,,,,2.0,,combined,,powder,22.5,
10,,30.0,,33.0,0.5,True,False,,sheet1,43.0,15.5,11.5,5.0,2.0,,,,,,,9.06,,6.536666666666666,639.6,,,,,,0.45,,,,,2.0,,combined,,powder,22.5,
10,,30.0,,44.8,0.4,True,False,,sheet1,43.0,15.5,11.5,5.0,2.0,,,,,,,9.06,,6.536666666666666,639.6,,,,,,0.45,,,,,2.0,,combined,,powder,22.5,
10,,45.0,,25.4,0.5,True,False,,sheet1,43.0,15.5,11.5,5.0,2.0,,,,,,,9.06,,6.536666666666666,639.6,,,,,,0.45,,,,,2.0,,combined,,powder,22.5,
10,,45.0,,38.3,0.4,True,False,,sheet1,43.0,15.5,11.5,5.0,2.0,,,,,,,9.06,,6.536666666666666,639.6,,,,,,0.45,,,,,2.0,,combined,,powder,22.5,
11,Graph-derived,0.0,28.0,24.0,,True,True,,sheet1,,,,,,,,,31.25,,,250.0,2000.0,,,,,,2.66,,0.5,500.0,43.333333333333336,15.0,,2.0,multiple,combined,mixed,other,25.0,0.0
11,Graph-derived,0.0,28.0,41.0,,True,True,,sheet1,,,,,,,,,31.25,,,250.0,2000.0,,,,,,2.66,,0.5,500.0,43.333333333333336,15.0,,2.0,multiple,combined,mixed,other,25.0,0.0
11,Series 11 (Control),0.0,,41.0,,True,False,,matrix,,,,,,,,,31.25,,,250.0,2000.0,,,,,,2.66,,0.5,500.0,43.333333333333336,15.0,,2.0,multiple,combined,mixed,other,25.0,0.0
11,Series 12 (Control),25.0,,24.0,,True,False,Mechanical only (No Thermal),matrix,,,,,,,,,31.25,,,250.0,2000.0,,,,,,2.66,,0.5,500.0,43.333333333333336,15.0,,2.0,multiple,combined,mixed,other,25.0,0.0
11,Series 5,25.0,,29.5,,True,False,Thermal & Mechanical,matrix,,,,,,,,,31.25,,,250.0,2000.0,,,,,,2.66,,0.5,500.0,43.333333333333336,15.0,,2.0,multiple,combined,mixed,other,25.0,0.0
11,Series 1,25.0,,30.0,,True,False,Thermal & Mechanical,matrix,,,,,,,,,31.25,,,250.0,2000.0,,,,,,2.66,,0.5,500.0,43.333333333333336,15.0,,2.0,multiple,combined,mixed,other,25.0,0.0
11,Series 2,25.0,,32.0,,True,False,Thermal & Mechanical,matrix,,,,,,,,,31.25,,,250.0,2000.0,,,,,,2.66,,0.5,500.0,43.333333333333336,15.0,,2.0,multiple,combined,mixed,other,25.0,0.0
11,Series 7,25.0,,34.0,,True,False,Thermal & Mechanical,matrix,,,,,,,,,31.25,,,250.0,2000.0,,,,,,2.66,,0.5,500.0,43.333333333333336,15.0,,2.0,multiple,combined,mixed,other,25.0,0.0
11,Series 9,25.0,,36.2,,True,False,Thermal & Mechanical,matrix,,,,,,,,,31.25,,,250.0,2000.0,,,,,,2.66,,0.5,500.0,43.333333333333336,15.0,,2.0,multiple,combined,mixed,other,25.0,0.0
11,Series 8,25.0,,38.0,,True,False,Thermal & Mechanical,matrix,,,,,,,,,31.25,,,250.0,2000.0,,,,,,2.66,,0.5,500.0,43.333333333333336,15.0,,2.0,multiple,combined,mixed,other,25.0,0.0
11,Series 6,25.0,,41.5,,True,False,Thermal & Mechanical,matrix,,,,,,,,,31.25,,,250.0,2000.0,,,,,,2.66,,0.5,500.0,43.333333333333336,15.0,,2.0,multiple,combined,mixed,other,25.0,0.0
11,Series 3,25.0,,43.0,,True,False,Thermal & Mechanical,matrix,,,,,,,,,31.25,,,250.0,2000.0,,,,,,2.66,,0.5,500.0,43.333333333333336,15.0,,2.0,multiple,combined,mixed,other,25.0,0.0
11,Series 4,25.0,,44.0,,True,False,Thermal & Mechanical,matrix,,,,,,,,,31.25,,,250.0,2000.0,,,,,,2.66,,0.5,500.0,43.333333333333336,15.0,,2.0,multiple,combined,mixed,other,25.0,0.0
12,CTL,0.0,,1.2,,False,False,,matrix,69.75,9.62,6.92,2.6,0.51,0.53,0.67,2.42,6.94,,1.06,5.94,29.39,10.77,,,,,2.62,,0.5,,,,,2.0,,crushing,,cdw,5.0,5.0
12,CTL,0.0,,1.3,,False,False,,matrix,69.75,9.62,6.92,2.6,0.51,0.53,0.67,2.42,6.94,,1.06,5.94,29.39,10.77,,,,,2.62,,0.5,,,,,2.0,,crushing,,cdw,5.0,5.0
12,CTL,0.0,,2.9,,False,False,,matrix,69.75,9.62,6.92,2.6,0.51,0.53,0.67,2.42,6.94,,1.06,5.94,29.39,10.77,,,,,2.62,,0.5,,,,,2.0,,crushing,,cdw,5.0,5.0
12,,5.0,7.0,42.1,,False,True,,sheet1,69.75,9.62,6.92,2.6,0.51,0.53,0.67,2.42,6.94,,1.06,5.94,29.39,10.77,,,,,2.62,,0.5,,,,,2.0,,crushing,,cdw,5.0,5.0
12,,5.0,28.0,49.4,,False,True,,sheet1,69.75,9.62,6.92,2.6,0.51,0.53,0.67,2.42,6.94,,1.06,5.94,29.39,10.77,,,,,2.62,,0.5,,,,,2.0,,crushing,,cdw,5.0,5.0
12,,5.0,90.0,55.5,,False,True,,sheet1,69.75,9.62,6.92,2.6,0.51,0.53,0.67,2.42,6.94,,1.06,5.94,29.39,10.77,,,,,2.62,,0.5,,,,,2.0,,crushing,,cdw,5.0,5.0
12,CDWg5,5.0,,0.8,,False,False,,matrix,69.75,9.62,6.92,2.6,0.51,0.53,0.67,2.42,6.94,,1.06,5.94,29.39,10.77,,,,,2.62,,0.5,,,,,2.0,,crushing,,cdw,5.0,5.0
12,CDWg5,5.0,,1.8,,False,False,,matrix,69.75,9.62,6.92,2.6,0.51,0.53,0.67,2.42,6.94,,1.06,5.94,29.39,10.77,,,,,2.62,,0.5,,,,,2.0,,crushing,,cdw,5.0,5.0
12,,10.0,7.0,37.5,,False,True,,sheet1,69.75,9.62,6.92,2.6,0.51,0.53,0.67,2.42,6.94,,1.06,5.94,29.39,10.77,,,,,2.62,,0.5,,,,,2.0,,crushing,,cdw,5.0,5.0
12,,10.0,28.0,45.7,,False,True,,sheet1,69.75,9.62,6.92,2.6,0.51,0.53,0.67,2.42,6.94,,1.06,5.94,29.39,10.77,,,,,2.62,,0.5,,,,,2.0,,crushing,,cdw,5.0,5.0
12,,10.0,90.0,54.1,,False,True,,sheet1,69.75,9.62,6.92,2.6,0.51,0.53,0.67,2.42,6.94,,1.06,5.94,29.39,10.77,,,,,2.62,,0.5,,,,,2.0,,crushing,,cdw,5.0,5.0
12,CDWg10,10.0,,0.8,,False,False,,matrix,69.75,9.62,6.92,2.6,0.51,0.53,0.67,2.42,6.94,,1.06,5.94,29.39,10.77,,,,,2.62,,0.5,,,,,2.0,,crushing,,cdw,5.0,5.0
12,CDWg10,10.0,,1.7,,False,False,,matrix,69.75,9.62,6.92,2.6,0.51,0.53,0.67,2.42,6.94,,1.06,5.94,29.39,10.77,,,,,2.62,,0.5,,,,,2.0,,crushing,,cdw,5.0,5.0
13,,0.0,,173.05,,False,False,,sheet1,,,,,,,,,,,,,,,,,,6.24,2.61,,0.18,,,,,,,crushing,,fines,,
13,,0.0,,177.13,,False,False,,sheet1,,,,,,,,,,,,,,,,,,6.24,2.61,,0.18,,,,,,,crushing,,fines,,
13,N80R20,20.0,,179.78,,False,False,,matrix,,,,,,,,,,,,,,,,,,6.24,2.61,,0.18,,,,,,,crushing,,fines,,
13,N60R40,40.0,,184.26,,False,False,,matrix,,,,,,,,,,,,,,,,,,6.24,2.61,,0.18,,,,,,,crushing,,fines,,
13,N40R60,60.0,,180.32,,False,False,,matrix,,,,,,,,,,,,,,,,,,6.24,2.61,,0.18,,,,,,,crushing,,fines,,
13,N20R80,80.0,,177.3,,False,False,,matrix,,,,,,,,,,,,,,,,,,6.24,2.61,,0.18,,,,,,,crushing,,fines,,
13,N0R100,100.0,,173.05,,False,False,,matrix,,,,,,,,,,,,,,,,,,6.24,2.61,,0.18,,,,,,,crushing,,fines,,
14,Control mix,0.0,28.0,63.7,,True,True,,matrix,46.9,19.3,11.7,5.62,2.17,1.49,0.84,2.3,5.9,,,14.5,,,817.0,,,,2.6,,0.5,,,,,2.0,chemical,combined,,powder,,0.0
14,RP,30.0,28.0,45.4,,True,True,,matrix,46.9,19.3,11.7,5.62,2.17,1.49,0.84,2.3,5.9,,,14.5,,,817.0,,,,2.6,,0.5,,,,,2.0,chemical,combined,,powder,,0.0
14,FA,30.0,28.0,45.7,,True,True,,matrix,46.9,19.3,11.7,5.62,2.17,1.49,0.84,2.3,5.9,,,14.5,,,817.0,,,,2.6,,0.5,,,,,2.0,chemical,combined,,powder,,0.0
15,R0/50,0.0,,28.5,,False,False,,sheet1,46.1,40.0,,,,,,,,,,,,,,,,,,2540.0,0.595,,,,,,,combined,,other,,
15,NAC,0.0,,42.8,,False,False,,sheet1,46.1,40.0,,,,,,,,,,,,,,,,,,2540.0,0.595,,,,,,,combined,,other,,
15,R10/50,10.0,,26.9,,False,False,,sheet1,46.1,40.0,,,,,,,,,,,,,,,,,,2540.0,0.595,,,,,,,combined,,other,,
15,R10/0,10.0,,34.8,,False,False,,sheet1,46.1,40.0,,,,,,,,,,,,,,,,,,2540.0,0.595,,,,,,,combined,,other,,
15,R25/50,25.0,,18.3,,False,False,,sheet1,46.1,40.0,,,,,,,,,,,,,,,,,,2540.0,0.595,,,,,,,combined,,other,,
15,R25/0,25.0,,26.5,,False,False,,sheet1,46.1,40.0,,,,,,,,,,,,,,,,,,2540.0,0.595,,,,,,,combined,,other,,
16,R0/50,0.0,,34.8,,False,False,,sheet1,46.1,40.0,3.8,1.5,0.5,0.4,0.3,1.2,6.2,,,,,,,,,,2.54,,0.595,,,2.0,60.0,,,combined,,other,10.0,
16,NAC,0.0,,46.6,,False,False,,sheet1,46.1,40.0,3.8,1.5,0.5,0.4,0.3,1.2,6.2,,,,,,,,,,2.54,,0.595,,,2.0,60.0,,,combined,,other,10.0,
16,R10/50,10.0,,32.8,,False,False,,sheet1,46.1,40.0,3.8,1.5,0.5,0.4,0.3,1.2,6.2,,,,,,,,,,2.54,,0.595,,,2.0,60.0,,,combined,,other,10.0,
16,N10/0,10.0,,37.8,,False,False,,sheet1,46.1,40.0,3.8,1.5,0.5,0.4,0.3,1.2,6.2,,,,,,,,,,2.54,,0.595,,,2.0,60.0,,,combined,,other,10.0,
16,R25/50,25.0,,23.3,,False,False,,sheet1,46.1,40.0,3.8,1.5,0.5,0.4,0.3,1.2,6.2,,,,,,,,,,2.54,,0.595,,,2.0,60.0,,,combined,,other,10.0,
16,N25/0,25.0,,27.7,,False,False,,sheet1,46.1,40.0,3.8,1.5,0.5,0.4,0.3,1.2,6.2,,,,,,,,,,2.54,,0.595,,,2.0,60.0,,,combined,,other,10.0,
17,MC20,20.0,3.0,22.1,,False,True,,sheet1,,16.04,,,,,,,,,,,,85.0,,,,,,755.3333333333334,0.6288888888888889,650.0,5.0,,,,thermal,combined,other,other,35.0,20.0
17,MA20,20.0,3.0,33.2,,False,True,,sheet1,,16.04,,,,,,,,,,,,85.0,,,,,,755.3333333333334,0.6288888888888889,650.0,5.0,,,,thermal,combined,other,other,35.0,20.0
17,MD20,20.0,3.0,46.1,,False,True,,sheet1,,16.04,,,,,,,,,,,,85.0,,,,,,755.3333333333334,0.6288888888888889,650.0,5.0,,,,thermal,combined,other,other,35.0,20.0
17,MC20,20.0,7.0,32.2,,False,True,,sheet1,,16.04,,,,,,,,,,,,85.0,,,,,,755.3333333333334,0.6288888888888889,650.0,5.0,,,,thermal,combined,other,other,35.0,20.0
17,MA20,20.0,7.0,48.1,,False,True,,sheet1,,16.04,,,,,,,,,,,,85.0,,,,,,755.3333333333334,0.6288888888888889,650.0,5.0,,,,thermal,combined,other,other,35.0,20.0
17,MD20,20.0,7.0,61.7,,False,True,,sheet1,,16.04,,,,,,,,,,,,85.0,,,,,,755.3333333333334,0.6288888888888889,650.0,5.0,,,,thermal,combined,other,other,35.0,20.0
17,MC20,20.0,28.0,45.6,,False,True,,sheet1,,16.04,,,,,,,,,,,,85.0,,,,,,755.3333333333334,0.6288888888888889,650.0,5.0,,,,thermal,combined,other,other,35.0,20.0
17,MA20,20.0,28.0,59.7,,False,True,,sheet1,,16.04,,,,,,,,,,,,85.0,,,,,,755.3333333333334,0.6288888888888889,650.0,5.0,,,,thermal,combined,other,other,35.0,20.0
17,MD20,20.0,28.0,74.9,,False,True,,sheet1,,16.04,,,,,,,,,,,,85.0,,,,,,755.3333333333334,0.6288888888888889,650.0,5.0,,,,thermal,combined,other,other,35.0,20.0
17,MA20,20.0,90.0,71.3,,False,True,,sheet1,,16.04,,,,,,,,,,,,85.0,,,,,,755.3333333333334,0.6288888888888889,650.0,5.0,,,,thermal,combined,other,other,35.0,20.0
17,MFP400,50.0,3.0,0.6,,False,True,,sheet1,,16.04,,,,,,,,,,,,85.0,,,,,,755.3333333333334,0.6288888888888889,650.0,5.0,,,,thermal,combined,other,other,35.0,20.0
17,MFP500,50.0,3.0,4.6,,False,True,,sheet1,,16.04,,,,,,,,,,,,85.0,,,,,,755.3333333333334,0.6288888888888889,650.0,5.0,,,,thermal,combined,other,other,35.0,20.0
17,MFP700,50.0,3.0,4.9,,False,True,,sheet1,,16.04,,,,,,,,,,,,85.0,,,,,,755.3333333333334,0.6288888888888889,650.0,5.0,,,,thermal,combined,other,other,35.0,20.0
17,MFP900,50.0,3.0,5.1,,False,True,,sheet1,,16.04,,,,,,,,,,,,85.0,,,,,,755.3333333333334,0.6288888888888889,650.0,5.0,,,,thermal,combined,other,other,35.0,20.0
17,MFP800,50.0,3.0,5.6,,False,True,,sheet1,,16.04,,,,,,,,,,,,85.0,,,,,,755.3333333333334,0.6288888888888889,650.0,5.0,,,,thermal,combined,other,other,35.0,20.0
17,MFP600,50.0,3.0,15.3,,False,True,,sheet1,,16.04,,,,,,,,,,,,85.0,,,,,,755.3333333333334,0.6288888888888889,650.0,5.0,,,,thermal,combined,other,other,35.0,20.0
17,MA50,50.0,3.0,18.1,,False,True,,sheet1,,16.04,,,,,,,,,,,,85.0,,,,,,755.3333333333334,0.6288888888888889,650.0,5.0,,,,thermal,combined,other,other,35.0,20.0
17,MC50,50.0,3.0,23.8,,False,True,,sheet1,,16.04,,,,,,,,,,,,85.0,,,,,,755.3333333333334,0.6288888888888889,650.0,5.0,,,,thermal,combined,other,other,35.0,20.0
17,MD50,50.0,3.0,35.2,,False,True,,sheet1,,16.04,,,,,,,,,,,,85.0,,,,,,755.3333333333334,0.6288888888888889,650.0,5.0,,,,thermal,combined,other,other,35.0,20.0
17,MC50,50.0,7.0,29.4,,False,True,,sheet1,,16.04,,,,,,,,,,,,85.0,,,,,,755.3333333333334,0.6288888888888889,650.0,5.0,,,,thermal,combined,other,other,35.0,20.0
17,MA50,50.0,7.0,33.0,,False,True,,sheet1,,16.04,,,,,,,,,,,,85.0,,,,,,755.3333333333334,0.6288888888888889,650.0,5.0,,,,thermal,combined,other,other,35.0,20.0
17,MD50,50.0,7.0,49.1,,False,True,,sheet1,,16.04,,,,,,,,,,,,85.0,,,,,,755.3333333333334,0.6288888888888889,650.0,5.0,,,,thermal,combined,other,other,35.0,20.0
17,MFP400,50.0,28.0,1.2,,False,True,,sheet1,,16.04,,,,,,,,,,,,85.0,,,,,,755.3333333333334,0.6288888888888889,650.0,5.0,,,,thermal,combined,other,other,35.0,20.0
17,MFP500,50.0,28.0,9.3,,False,True,,sheet1,,16.04,,,,,,,,,,,,85.0,,,,,,755.3333333333334,0.6288888888888889,650.0,5.0,,,,thermal,combined,other,other,35.0,20.0
17,MFP700,50.0,28.0,15.9,,False,True,,sheet1,,16.04,,,,,,,,,,,,85.0,,,,,,755.3333333333334,0.6288888888888889,650.0,5.0,,,,thermal,combined,other,other,35.0,20.0
17,MFP600,50.0,28.0,21.6,,False,True,,sheet1,,16.04,,,,,,,,,,,,85.0,,,,,,755.3333333333334,0.6288888888888889,650.0,5.0,,,,thermal,combined,other,other,35.0,20.0
17,MFP900,50.0,28.0,24.6,,False,True,,sheet1,,16.04,,,,,,,,,,,,85.0,,,,,,755.3333333333334,0.6288888888888889,650.0,5.0,,,,thermal,combined,other,other,35.0,20.0
17,MFP800,50.0,28.0,26.4,,False,True,,sheet1,,16.04,,,,,,,,,,,,85.0,,,,,,755.3333333333334,0.6288888888888889,650.0,5.0,,,,thermal,combined,other,other,35.0,20.0
17,MC50,50.0,28.0,39.7,,False,True,,sheet1,,16.04,,,,,,,,,,,,85.0,,,,,,755.3333333333334,0.6288888888888889,650.0,5.0,,,,thermal,combined,other,other,35.0,20.0
17,MA50,50.0,28.0,47.1,,False,True,,sheet1,,16.04,,,,,,,,,,,,85.0,,,,,,755.3333333333334,0.6288888888888889,650.0,5.0,,,,thermal,combined,other,other,35.0,20.0
17,MD50,50.0,28.0,66.9,,False,True,,sheet1,,16.04,,,,,,,,,,,,85.0,,,,,,755.3333333333334,0.6288888888888889,650.0,5.0,,,,thermal,combined,other,other,35.0,20.0
17,MA50,50.0,90.0,56.3,,False,True,,sheet1,,16.04,,,,,,,,,,,,85.0,,,,,,755.3333333333334,0.6288888888888889,650.0,5.0,,,,thermal,combined,other,other,35.0,20.0
17,MA100,100.0,3.0,3.4,,False,True,,sheet1,,16.04,,,,,,,,,,,,85.0,,,,,,755.3333333333334,0.6288888888888889,650.0,5.0,,,,thermal,combined,other,other,35.0,20.0
17,MC100,100.0,3.0,16.4,,False,True,,sheet1,,16.04,,,,,,,,,,,,85.0,,,,,,755.3333333333334,0.6288888888888889,650.0,5.0,,,,thermal,combined,other,other,35.0,20.0
17,MA100,100.0,7.0,6.0,,False,True,,sheet1,,16.04,,,,,,,,,,,,85.0,,,,,,755.3333333333334,0.6288888888888889,650.0,5.0,,,,thermal,combined,other,other,35.0,20.0
17,MC100,100.0,7.0,21.6,,False,True,,sheet1,,16.04,,,,,,,,,,,,85.0,,,,,,755.3333333333334,0.6288888888888889,650.0,5.0,,,,thermal,combined,other,other,35.0,20.0
17,MA100,100.0,28.0,23.1,,False,True,,sheet1,,16.04,,,,,,,,,,,,85.0,,,,,,755.3333333333334,0.6288888888888889,650.0,5.0,,,,thermal,combined,other,other,35.0,20.0
17,MC100,100.0,28.0,27.1,,False,True,,sheet1,,16.04,,,,,,,,,,,,85.0,,,,,,755.3333333333334,0.6288888888888889,650.0,5.0,,,,thermal,combined,other,other,35.0,20.0
17,MA100,100.0,90.0,30.4,,False,True,,sheet1,,16.04,,,,,,,,,,,,85.0,,,,,,755.3333333333334,0.6288888888888889,650.0,5.0,,,,thermal,combined,other,other,35.0,20.0
19,,0.0,28.0,40.0,,True,True,,sheet1,20.4375,12.2875,5.925,7.987500000000001,2.6875,1.75,2.1375,1.8375000000000001,5.075,,,,,24.18625,,,2500.0,,2.77,2341.4285714285716,0.515,,,,,0.0,,other,,other,25.0,0.0
19,(91d),0.0,91.0,45.5,,True,True,,sheet1,20.4375,12.2875,5.925,7.987500000000001,2.6875,1.75,2.1375,1.8375000000000001,5.075,,,,,24.18625,,,2500.0,,2.77,2341.4285714285716,0.515,,,,,0.0,,other,,other,25.0,0.0
19,,15.0,7.0,27.0,,True,True,,sheet1,20.4375,12.2875,5.925,7.987500000000001,2.6875,1.75,2.1375,1.8375000000000001,5.075,,,,,24.18625,,,2500.0,,2.77,2341.4285714285716,0.515,,,,,0.0,,other,,other,25.0,0.0
19,,15.0,28.0,31.0,,True,True,,sheet1,20.4375,12.2875,5.925,7.987500000000001,2.6875,1.75,2.1375,1.8375000000000001,5.075,,,,,24.18625,,,2500.0,,2.77,2341.4285714285716,0.515,,,,,0.0,,other,,other,25.0,0.0
19,,15.0,28.0,32.0,,True,True,,sheet1,20.4375,12.2875,5.925,7.987500000000001,2.6875,1.75,2.1375,1.8375000000000001,5.075,,,,,24.18625,,,2500.0,,2.77,2341.4285714285716,0.515,,,,,0.0,,other,,other,25.0,0.0
19,,15.0,28.0,34.0,,True,True,,sheet1,20.4375,12.2875,5.925,7.987500000000001,2.6875,1.75,2.1375,1.8375000000000001,5.075,,,,,24.18625,,,2500.0,,2.77,2341.4285714285716,0.515,,,,,0.0,,other,,other,25.0,0.0
19,,15.0,28.0,34.5,,True,True,,sheet1,20.4375,12.2875,5.925,7.987500000000001,2.6875,1.75,2.1375,1.8375000000000001,5.075,,,,,24.18625,,,2500.0,,2.77,2341.4285714285716,0.515,,,,,0.0,,other,,other,25.0,0.0
19,(91d),15.0,91.0,33.5,,True,True,,sheet1,20.4375,12.2875,5.925,7.987500000000001,2.6875,1.75,2.1375,1.8375000000000001,5.075,,,,,24.18625,,,2500.0,,2.77,2341.4285714285716,0.515,,,,,0.0,,other,,other,25.0,0.0
19,(91d),15.0,91.0,38.2,,True,True,,sheet1,20.4375,12.2875,5.925,7.987500000000001,2.6875,1.75,2.1375,1.8375000000000001,5.075,,,,,24.18625,,,2500.0,,2.77,2341.4285714285716,0.515,,,,,0.0,,other,,other,25.0,0.0
19,,25.0,7.0,24.8,,True,True,,sheet1,20.4375,12.2875,5.925,7.987500000000001,2.6875,1.75,2.1375,1.8375000000000001,5.075,,,,,24.18625,,,2500.0,,2.77,2341.4285714285716,0.515,,,,,0.0,,other,,other,25.0,0.0
19,,25.0,28.0,25.5,,True,True,,sheet1,20.4375,12.2875,5.925,7.987500000000001,2.6875,1.75,2.1375,1.8375000000000001,5.075,,,,,24.18625,,,2500.0,,2.77,2341.4285714285716,0.515,,,,,0.0,,other,,other,25.0,0.0
19,,25.0,28.0,28.0,,True,True,,sheet1,20.4375,12.2875,5.925,7.987500000000001,2.6875,1.75,2.1375,1.8375000000000001,5.075,,,,,24.18625,,,2500.0,,2.77,2341.4285714285716,0.515,,,,,0.0,,other,,other,25.0,0.0
19,,25.0,28.0,29.0,,True,True,,sheet1,20.4375,12.2875,5.925,7.987500000000001,2.6875,1.75,2.1375,1.8375000000000001,5.075,,,,,24.18625,,,2500.0,,2.77,2341.4285714285716,0.515,,,,,0.0,,other,,other,25.0,0.0
19,,25.0,28.0,31.5,,True,True,,sheet1,20.4375,12.2875,5.925,7.987500000000001,2.6875,1.75,2.1375,1.8375000000000001,5.075,,,,,24.18625,,,2500.0,,2.77,2341.4285714285716,0.515,,,,,0.0,,other,,other,25.0,0.0
19,(91d),25.0,91.0,32.0,,True,True,,sheet1,20.4375,12.2875,5.925,7.987500000000001,2.6875,1.75,2.1375,1.8375000000000001,5.075,,,,,24.18625,,,2500.0,,2.77,2341.4285714285716,0.515,,,,,0.0,,other,,other,25.0,0.0
19,(91d),25.0,91.0,36.5,,True,True,,sheet1,20.4375,12.2875,5.925,7.987500000000001,2.6875,1.75,2.1375,1.8375000000000001,5.075,,,,,24.18625,,,2500.0,,2.77,2341.4285714285716,0.515,,,,,0.0,,other,,other,25.0,0.0
19,,50.0,7.0,10.5,,True,True,,sheet1,20.4375,12.2875,5.925,7.987500000000001,2.6875,1.75,2.1375,1.8375000000000001,5.075,,,,,24.18625,,,2500.0,,2.77,2341.4285714285716,0.515,,,,,0.0,,other,,other,25.0,0.0
19,(28d),50.0,28.0,15.8,,True,True,,sheet1,20.4375,12.2875,5.925,7.987500000000001,2.6875,1.75,2.1375,1.8375000000000001,5.075,,,,,24.18625,,,2500.0,,2.77,2341.4285714285716,0.515,,,,,0.0,,other,,other,25.0,0.0
19,(91d),50.0,91.0,16.5,,True,True,,sheet1,20.4375,12.2875,5.925,7.987500000000001,2.6875,1.75,2.1375,1.8375000000000001,5.075,,,,,24.18625,,,2500.0,,2.77,2341.4285714285716,0.515,,,,,0.0,,other,,other,25.0,0.0
21,,0.0,3.0,17.68,,False,True,,sheet1,20.5,56.75,8.42,3.99,3.84,3.49,0.49,1.08,1.04,,,,330.2325,15.42,,,,,,,0.5,540.0,3.0,,,,thermal,combined,,powder,30.0,0.0
21,,0.0,3.0,29.41,,False,True,,sheet1,20.5,56.75,8.42,3.99,3.84,3.49,0.49,1.08,1.04,,,,330.2325,15.42,,,,,,,0.5,540.0,3.0,,,,thermal,combined,,powder,30.0,0.0
21,E-0,0.0,3.0,46.82,,False,True,,matrix,20.5,56.75,8.42,3.99,3.84,3.49,0.49,1.08,1.04,,,,330.2325,15.42,,,,,,,0.5,540.0,3.0,,,,thermal,combined,,powder,30.0,0.0
21,E-0,0.0,3.0,55.34,,False,True,,matrix,20.5,56.75,8.42,3.99,3.84,3.49,0.49,1.08,1.04,,,,330.2325,15.42,,,,,,,0.5,540.0,3.0,,,,thermal,combined,,powder,30.0,0.0
21,,0.0,7.0,25.16,,False,True,,sheet1,20.5,56.75,8.42,3.99,3.84,3.49,0.49,1.08,1.04,,,,330.2325,15.42,,,,,,,0.5,540.0,3.0,,,,thermal,combined,,powder,30.0,0.0
21,,0.0,7.0,46.82,,False,True,,sheet1,20.5,56.75,8.42,3.99,3.84,3.49,0.49,1.08,1.04,,,,330.2325,15.42,,,,,,,0.5,540.0,3.0,,,,thermal,combined,,powder,30.0,0.0
21,,0.0,28.0,41.91,,False,True,,sheet1,20.5,56.75,8.42,3.99,3.84,3.49,0.49,1.08,1.04,,,,330.2325,15.42,,,,,,,0.5,540.0,3.0,,,,thermal,combined,,powder,30.0,0.0
21,,0.0,28.0,55.34,,False,True,,sheet1,20.5,56.75,8.42,3.99,3.84,3.49,0.49,1.08,1.04,,,,330.2325,15.42,,,,,,,0.5,540.0,3.0,,,,thermal,combined,,powder,30.0,0.0
21,E-2,30.0,3.0,14.34,,False,True,Thermal Treatment: 200 °C,matrix,20.5,56.75,8.42,3.99,3.84,3.49,0.49,1.08,1.04,,,,330.2325,15.42,,,,,,,0.5,540.0,3.0,,,,thermal,combined,,powder,30.0,0.0
21,E-3,30.0,3.0,14.97,,False,True,Thermal Treatment: 400 °C,matrix,20.5,56.75,8.42,3.99,3.84,3.49,0.49,1.08,1.04,,,,330.2325,15.42,,,,,,,0.5,540.0,3.0,,,,thermal,combined,,powder,30.0,0.0
21,E-4,30.0,3.0,16.68,,False,True,Thermal Treatment: 600 °C,matrix,20.5,56.75,8.42,3.99,3.84,3.49,0.49,1.08,1.04,,,,330.2325,15.42,,,,,,,0.5,540.0,3.0,,,,thermal,combined,,powder,30.0,0.0
21,E-6,30.0,3.0,17.53,,False,True,Thermal Treatment: 800 °C,matrix,20.5,56.75,8.42,3.99,3.84,3.49,0.49,1.08,1.04,,,,330.2325,15.42,,,,,,,0.5,540.0,3.0,,,,thermal,combined,,powder,30.0,0.0
21,E-1,30.0,3.0,17.68,,False,True,Thermal Treatment: 0 °C,matrix,20.5,56.75,8.42,3.99,3.84,3.49,0.49,1.08,1.04,,,,330.2325,15.42,,,,,,,0.5,540.0,3.0,,,,thermal,combined,,powder,30.0,0.0
21,E-4,30.0,3.0,23.16,,False,True,Thermal Treatment: 600 °C,matrix,20.5,56.75,8.42,3.99,3.84,3.49,0.49,1.08,1.04,,,,330.2325,15.42,,,,,,,0.5,540.0,3.0,,,,thermal,combined,,powder,30.0,0.0
21,E-5,30.0,3.0,23.71,,False,True,Thermal Treatment: 700 °C,matrix,20.5,56.75,8.42,3.99,3.84,3.49,0.49,1.08,1.04,,,,330.2325,15.42,,,,,,,0.5,540.0,3.0,,,,thermal,combined,,powder,30.0,0.0
21,E-1,30.0,3.0,25.16,,False,True,Thermal Treatment: 0 °C,matrix,20.5,56.75,8.42,3.99,3.84,3.49,0.49,1.08,1.04,,,,330.2325,15.42,,,,,,,0.5,540.0,3.0,,,,thermal,combined,,powder,30.0,0.0
21,E-2,30.0,3.0,26.2,,False,True,Thermal Treatment: 200 °C,matrix,20.5,56.75,8.42,3.99,3.84,3.49,0.49,1.08,1.04,,,,330.2325,15.42,,,,,,,0.5,540.0,3.0,,,,thermal,combined,,powder,30.0,0.0
21,E-6,30.0,3.0,28.44,,False,True,Thermal Treatment: 800 °C,matrix,20.5,56.75,8.42,3.99,3.84,3.49,0.49,1.08,1.04,,,,330.2325,15.42,,,,,,,0.5,540.0,3.0,,,,thermal,combined,,powder,30.0,0.0
21,E-3,30.0,3.0,29.92,,False,True,Thermal Treatment: 400 °C,matrix,20.5,56.75,8.42,3.99,3.84,3.49,0.49,1.08,1.04,,,,330.2325,15.42,,,,,,,0.5,540.0,3.0,,,,thermal,combined,,powder,30.0,0.0
21,E-5,30.0,3.0,33.43,,False,True,Thermal Treatment: 700 °C,matrix,20.5,56.75,8.42,3.99,3.84,3.49,0.49,1.08,1.04,,,,330.2325,15.42,,,,,,,0.5,540.0,3.0,,,,thermal,combined,,powder,30.0,0.0
21,E-6,30.0,3.0,36.98,,False,True,Thermal Treatment: 800 °C,matrix,20.5,56.75,8.42,3.99,3.84,3.49,0.49,1.08,1.04,,,,330.2325,15.42,,,,,,,0.5,540.0,3.0,,,,thermal,combined,,powder,30.0,0.0
21,E-2,30.0,3.0,38.98,,False,True,Thermal Treatment: 200 °C,matrix,20.5,56.75,8.42,3.99,3.84,3.49,0.49,1.08,1.04,,,,330.2325,15.42,,,,,,,0.5,540.0,3.0,,,,thermal,combined,,powder,30.0,0.0
21,E-4,30.0,3.0,39.82,,False,True,Thermal Treatment: 600 °C,matrix,20.5,56.75,8.42,3.99,3.84,3.49,0.49,1.08,1.04,,,,330.2325,15.42,,,,,,,0.5,540.0,3.0,,,,thermal,combined,,powder,30.0,0.0
21,E-1,30.0,3.0,41.91,,False,True,Thermal Treatment: 0 °C,matrix,20.5,56.75,8.42,3.99,3.84,3.49,0.49,1.08,1.04,,,,330.2325,15.42,,,,,,,0.5,540.0,3.0,,,,thermal,combined,,powder,30.0,0.0
21,E-3,30.0,3.0,42.64,,False,True,Thermal Treatment: 400 °C,matrix,20.5,56.75,8.42,3.99,3.84,3.49,0.49,1.08,1.04,,,,330.2325,15.42,,,,,,,0.5,540.0,3.0,,,,thermal,combined,,powder,30.0,0.0
21,E-5,30.0,3.0,47.71,,False,True,Thermal Treatment: 700 °C,matrix,20.5,56.75,8.42,3.99,3.84,3.49,0.49,1.08,1.04,,,,330.2325,15.42,,,,,,,0.5,540.0,3.0,,,,thermal,combined,,powder,30.0,0.0
22,RCP concrete (w/b=0.61),0.0,,33.5,,False,False,Mechanical Grinding,matrix,50.0,25.0,8.5,5.5,,,,,,,,29.55529411764706,,9.06,527.22,,,,,,0.43625,675.0,45.0,56.333333333333336,,2.0,multiple,combined,other,powder,30.0,
22,RCP-RBP concrete (w/b=0.50),0.0,,34.8,,False,False,Mechanical Grinding,matrix,50.0,25.0,8.5,5.5,,,,,,,,29.55529411764706,,9.06,527.22,,,,,,0.43625,675.0,45.0,56.333333333333336,,2.0,multiple,combined,other,powder,30.0,
22,RCP concrete (w/b=0.54),0.0,,38.1,,False,False,Mechanical Grinding,matrix,50.0,25.0,8.5,5.5,,,,,,,,29.55529411764706,,9.06,527.22,,,,,,0.43625,675.0,45.0,56.333333333333336,,2.0,multiple,combined,other,powder,30.0,
22,RCP-RBP concrete (w/b=0.40),0.0,,48.2,,False,False,Mechanical Grinding,matrix,50.0,25.0,8.5,5.5,,,,,,,,29.55529411764706,,9.06,527.22,,,,,,0.43625,675.0,45.0,56.333333333333336,,2.0,multiple,combined,other,powder,30.0,
22,RCP concrete (w/b=0.40),0.0,,61.68,,False,False,Mechanical Grinding,matrix,50.0,25.0,8.5,5.5,,,,,,,,29.55529411764706,,9.06,527.22,,,,,,0.43625,675.0,45.0,56.333333333333336,,2.0,multiple,combined,other,powder,30.0,
22,RCP concrete (w/b=0.35),0.0,,65.96,,False,False,Mechanical Grinding,matrix,50.0,25.0,8.5,5.5,,,,,,,,29.55529411764706,,9.06,527.22,,,,,,0.43625,675.0,45.0,56.333333333333336,,2.0,multiple,combined,other,powder,30.0,
22,RCP concrete (w/b=0.61),10.0,,33.7,,False,False,Mechanical Grinding,matrix,50.0,25.0,8.5,5.5,,,,,,,,29.55529411764706,,9.06,527.22,,,,,,0.43625,675.0,45.0,56.333333333333336,,2.0,multiple,combined,other,powder,30.0,
22,RCP concrete (w/b=0.54),10.0,,43.2,,False,False,Mechanical Grinding,matrix,50.0,25.0,8.5,5.5,,,,,,,,29.55529411764706,,9.06,527.22,,,,,,0.43625,675.0,45.0,56.333333333333336,,2.0,multiple,combined,other,powder,30.0,
22,RCP concrete (w/b=0.40),10.0,,58.32,,False,False,Mechanical Grinding,matrix,50.0,25.0,8.5,5.5,,,,,,,,29.55529411764706,,9.06,527.22,,,,,,0.43625,675.0,45.0,56.333333333333336,,2.0,multiple,combined,other,powder,30.0,
22,RCP concrete (w/b=0.35),10.0,,60.69,,False,False,Mechanical Grinding,matrix,50.0,25.0,8.5,5.5,,,,,,,,29.55529411764706,,9.06,527.22,,,,,,0.43625,675.0,45.0,56.333333333333336,,2.0,multiple,combined,other,powder,30.0,
22,RCP-RBP concrete (w/b=0.50),15.0,,36.9,,False,False,Mechanical Grinding,matrix,50.0,25.0,8.5,5.5,,,,,,,,29.55529411764706,,9.06,527.22,,,,,,0.43625,675.0,45.0,56.333333333333336,,2.0,multiple,combined,other,powder,30.0,
22,RCP-RBP concrete (w/b=0.40),15.0,,47.1,,False,False,Mechanical Grinding,matrix,50.0,25.0,8.5,5.5,,,,,,,,29.55529411764706,,9.06,527.22,,,,,,0.43625,675.0,45.0,56.333333333333336,,2.0,multiple,combined,other,powder,30.0,
22,RCP concrete (w/b=0.61),20.0,,27.1,,False,False,Mechanical Grinding,matrix,50.0,25.0,8.5,5.5,,,,,,,,29.55529411764706,,9.06,527.22,,,,,,0.43625,675.0,45.0,56.333333333333336,,2.0,multiple,combined,other,powder,30.0,
22,RCP concrete (w/b=0.54),20.0,,32.6,,False,False,Mechanical Grinding,matrix,50.0,25.0,8.5,5.5,,,,,,,,29.55529411764706,,9.06,527.22,,,,,,0.43625,675.0,45.0,56.333333333333336,,2.0,multiple,combined,other,powder,30.0,
22,RCP concrete (w/b=0.40),20.0,,49.44,,False,False,Mechanical Grinding,matrix,50.0,25.0,8.5,5.5,,,,,,,,29.55529411764706,,9.06,527.22,,,,,,0.43625,675.0,45.0,56.333333333333336,,2.0,multiple,combined,other,powder,30.0,
22,RCP concrete (w/b=0.35),20.0,,59.19,,False,False,Mechanical Grinding,matrix,50.0,25.0,8.5,5.5,,,,,,,,29.55529411764706,,9.06,527.22,,,,,,0.43625,675.0,45.0,56.333333333333336,,2.0,multiple,combined,other,powder,30.0,
22,RCP concrete (w/b=0.61),30.0,,22.0,,False,False,Mechanical Grinding,matrix,50.0,25.0,8.5,5.5,,,,,,,,29.55529411764706,,9.06,527.22,,,,,,0.43625,675.0,45.0,56.333333333333336,,2.0,multiple,combined,other,powder,30.0,
22,RCP concrete (w/b=0.54),30.0,,31.3,,False,False,Mechanical Grinding,matrix,50.0,25.0,8.5,5.5,,,,,,,,29.55529411764706,,9.06,527.22,,,,,,0.43625,675.0,45.0,56.333333333333336,,2.0,multiple,combined,other,powder,30.0,
22,RCP-RBP concrete (w/b=0.50),30.0,,34.0,,False,False,Mechanical Grinding,matrix,50.0,25.0,8.5,5.5,,,,,,,,29.55529411764706,,9.06,527.22,,,,,,0.43625,675.0,45.0,56.333333333333336,,2.0,multiple,combined,other,powder,30.0,
22,RCP concrete (w/b=0.40),30.0,,38.88,,False,False,Mechanical Grinding,matrix,50.0,25.0,8.5,5.5,,,,,,,,29.55529411764706,,9.06,527.22,,,,,,0.43625,675.0,45.0,56.333333333333336,,2.0,multiple,combined,other,powder,30.0,
22,RCP-RBP concrete (w/b=0.40),30.0,,44.4,,False,False,Mechanical Grinding,matrix,50.0,25.0,8.5,5.5,,,,,,,,29.55529411764706,,9.06,527.22,,,,,,0.43625,675.0,45.0,56.333333333333336,,2.0,multiple,combined,other,powder,30.0,
22,RCP concrete (w/b=0.35),30.0,,56.18,,False,False,Mechanical Grinding,matrix,50.0,25.0,8.5,5.5,,,,,,,,29.55529411764706,,9.06,527.22,,,,,,0.43625,675.0,45.0,56.333333333333336,,2.0,multiple,combined,other,powder,30.0,
22,RCP concrete (w/b=0.40),40.0,,38.4,,False,False,Mechanical Grinding,matrix,50.0,25.0,8.5,5.5,,,,,,,,29.55529411764706,,9.06,527.22,,,,,,0.43625,675.0,45.0,56.333333333333336,,2.0,multiple,combined,other,powder,30.0,
22,RCP concrete (w/b=0.35),40.0,,45.64,,False,False,Mechanical Grinding,matrix,50.0,25.0,8.5,5.5,,,,,,,,29.55529411764706,,9.06,527.22,,,,,,0.43625,675.0,45.0,56.333333333333336,,2.0,multiple,combined,other,powder,30.0,
22,RCP-RBP concrete (w/b=0.50),45.0,,26.1,,False,False,Mechanical Grinding,matrix,50.0,25.0,8.5,5.5,,,,,,,,29.55529411764706,,9.06,527.22,,,,,,0.43625,675.0,45.0,56.333333333333336,,2.0,multiple,combined,other,powder,30.0,
22,RCP-RBP concrete (w/b=0.40),45.0,,38.1,,False,False,Mechanical Grinding,matrix,50.0,25.0,8.5,5.5,,,,,,,,29.55529411764706,,9.06,527.22,,,,,,0.43625,675.0,45.0,56.333333333333336,,2.0,multiple,combined,other,powder,30.0,
23,RA30,30.0,1.0,15.0,,True,True,None (coarse raw material),matrix,36.1,22.5,18.4,3.1500000000000004,1.75,1.35,,,13.8,,7.343500000000001,72.165,444.8,,1750.0,,,,,,0.35,,,120.0,,1.0,mechanical,combined,mixed,aac,,30.0
23,WA30,30.0,1.0,31.0,,True,True,Mechanical activation via wet-milling,matrix,36.1,22.5,18.4,3.1500000000000004,1.75,1.35,,,13.8,,7.343500000000001,72.165,444.8,,1750.0,,,,,,0.35,,,120.0,,1.0,mechanical,combined,mixed,aac,,30.0
23,RA30,30.0,3.0,38.5,,True,True,None (coarse raw material),matrix,36.1,22.5,18.4,3.1500000000000004,1.75,1.35,,,13.8,,7.343500000000001,72.165,444.8,,1750.0,,,,,,0.35,,,120.0,,1.0,mechanical,combined,mixed,aac,,30.0
23,WA30,30.0,3.0,50.5,,True,True,Mechanical activation via wet-milling,matrix,36.1,22.5,18.4,3.1500000000000004,1.75,1.35,,,13.8,,7.343500000000001,72.165,444.8,,1750.0,,,,,,0.35,,,120.0,,1.0,mechanical,combined,mixed,aac,,30.0
23,RA30,30.0,7.0,46.0,,True,True,None (coarse raw material),matrix,36.1,22.5,18.4,3.1500000000000004,1.75,1.35,,,13.8,,7.343500000000001,72.165,444.8,,1750.0,,,,,,0.35,,,120.0,,1.0,mechanical,combined,mixed,aac,,30.0
23,WA30,30.0,7.0,54.5,,True,True,Mechanical activation via wet-milling,matrix,36.1,22.5,18.4,3.1500000000000004,1.75,1.35,,,13.8,,7.343500000000001,72.165,444.8,,1750.0,,,,,,0.35,,,120.0,,1.0,mechanical,combined,mixed,aac,,30.0
23,RA30,30.0,28.0,52.0,,True,True,None (coarse raw material),matrix,36.1,22.5,18.4,3.1500000000000004,1.75,1.35,,,13.8,,7.343500000000001,72.165,444.8,,1750.0,,,,,,0.35,,,120.0,,1.0,mechanical,combined,mixed,aac,,30.0
23,WA30,30.0,28.0,64.5,,True,True,Mechanical activation via wet-milling,matrix,36.1,22.5,18.4,3.1500000000000004,1.75,1.35,,,13.8,,7.343500000000001,72.165,444.8,,1750.0,,,,,,0.35,,,120.0,,1.0,mechanical,combined,mixed,aac,,30.0
24,,0.0,3.0,27.0,,True,True,,sheet1,27.8,29.1,6.7,2.73,4.49,1.11,0.56,1.09,,,,,,,467.0,,,,,856.0,0.475,,,,,,,combined,,powder,9.0,0.0
24,,0.0,7.0,43.2,,True,True,,sheet1,27.8,29.1,6.7,2.73,4.49,1.11,0.56,1.09,,,,,,,467.0,,,,,856.0,0.475,,,,,,,combined,,powder,9.0,0.0
24,,0.0,28.0,49.3,,False,True,,sheet1,27.8,29.1,6.7,2.73,4.49,1.11,0.56,1.09,,,,,,,467.0,,,,,856.0,0.475,,,,,,,combined,,powder,9.0,0.0
24,J0 / S0,0.0,,8.5,,False,False,,matrix,27.8,29.1,6.7,2.73,4.49,1.11,0.56,1.09,,,,,,,467.0,,,,,856.0,0.475,,,,,,,combined,,powder,9.0,0.0
24,J0 / S0,0.0,,49.3,,False,False,,matrix,27.8,29.1,6.7,2.73,4.49,1.11,0.56,1.09,,,,,,,467.0,,,,,856.0,0.475,,,,,,,combined,,powder,9.0,0.0
24,J1 / S1,10.0,,8.2,,False,False,,matrix,27.8,29.1,6.7,2.73,4.49,1.11,0.56,1.09,,,,,,,467.0,,,,,856.0,0.475,,,,,,,combined,,powder,9.0,0.0
24,J1 / S1,10.0,,43.6,,False,False,,matrix,27.8,29.1,6.7,2.73,4.49,1.11,0.56,1.09,,,,,,,467.0,,,,,856.0,0.475,,,,,,,combined,,powder,9.0,0.0
24,,20.0,3.0,20.0,,True,True,,sheet1,27.8,29.1,6.7,2.73,4.49,1.11,0.56,1.09,,,,,,,467.0,,,,,856.0,0.475,,,,,,,combined,,powder,9.0,0.0
24,J2 / S2,20.0,,7.5,,False,False,,matrix,27.8,29.1,6.7,2.73,4.49,1.11,0.56,1.09,,,,,,,467.0,,,,,856.0,0.475,,,,,,,combined,,powder,9.0,0.0
24,J2 / S2,20.0,,42.6,,False,False,,matrix,27.8,29.1,6.7,2.73,4.49,1.11,0.56,1.09,,,,,,,467.0,,,,,856.0,0.475,,,,,,,combined,,powder,9.0,0.0
24,J3 / S3,30.0,,7.0,,False,False,,matrix,27.8,29.1,6.7,2.73,4.49,1.11,0.56,1.09,,,,,,,467.0,,,,,856.0,0.475,,,,,,,combined,,powder,9.0,0.0
24,F21 / FS21,30.0,,7.1,,False,False,,matrix,27.8,29.1,6.7,2.73,4.49,1.11,0.56,1.09,,,,,,,467.0,,,,,856.0,0.475,,,,,,,combined,,powder,9.0,0.0
24,F22 / FS22,30.0,,7.2,,False,False,,matrix,27.8,29.1,6.7,2.73,4.49,1.11,0.56,1.09,,,,,,,467.0,,,,,856.0,0.475,,,,,,,combined,,powder,9.0,0.0
24,F11 / FS11,30.0,,8.5,,False,False,,matrix,27.8,29.1,6.7,2.73,4.49,1.11,0.56,1.09,,,,,,,467.0,,,,,856.0,0.475,,,,,,,combined,,powder,9.0,0.0
24,F12 / FS12,30.0,,9.0,,False,False,,matrix,27.8,29.1,6.7,2.73,4.49,1.11,0.56,1.09,,,,,,,467.0,,,,,856.0,0.475,,,,,,,combined,,powder,9.0,0.0
24,J3 / S3,30.0,,33.7,,False,False,,matrix,27.8,29.1,6.7,2.73,4.49,1.11,0.56,1.09,,,,,,,467.0,,,,,856.0,0.475,,,,,,,combined,,powder,9.0,0.0
24,F21 / FS21,30.0,,33.8,,False,False,,matrix,27.8,29.1,6.7,2.73,4.49,1.11,0.56,1.09,,,,,,,467.0,,,,,856.0,0.475,,,,,,,combined,,powder,9.0,0.0
24,F11 / FS11,30.0,,36.2,,False,False,,matrix,27.8,29.1,6.7,2.73,4.49,1.11,0.56,1.09,,,,,,,467.0,,,,,856.0,0.475,,,,,,,combined,,powder,9.0,0.0
24,F22 / FS22,30.0,,40.2,,False,False,,matrix,27.8,29.1,6.7,2.73,4.49,1.11,0.56,1.09,,,,,,,467.0,,,,,856.0,0.475,,,,,,,combined,,powder,9.0,0.0
24,F12 / FS12,30.0,,50.6,,False,False,,matrix,27.8,29.1,6.7,2.73,4.49,1.11,0.56,1.09,,,,,,,467.0,,,,,856.0,0.475,,,,,,,combined,,powder,9.0,0.0
24,J4 / S4,40.0,,6.5,,False,False,,matrix,27.8,29.1,6.7,2.73,4.49,1.11,0.56,1.09,,,,,,,467.0,,,,,856.0,0.475,,,,,,,combined,,powder,9.0,0.0
24,J4 / S4,40.0,,27.8,,False,False,,matrix,27.8,29.1,6.7,2.73,4.49,1.11,0.56,1.09,,,,,,,467.0,,,,,856.0,0.475,,,,,,,combined,,powder,9.0,0.0
26,,0.0,28.0,42.5,,True,True,,sheet1,50.93,18.18,13.55,6.37,2.73,0.92,,3.5,11.32,,,,,,,2687.5,637.75,,,,0.5,,,,,0.0,,milling,,powder,,0.0
26,,0.0,90.0,50.5,,True,True,,sheet1,50.93,18.18,13.55,6.37,2.73,0.92,,3.5,11.32,,,,,,,2687.5,637.75,,,,0.5,,,,,0.0,,milling,,powder,,0.0
26,RCP-III,30.0,28.0,28.5,,True,True,,matrix,50.93,18.18,13.55,6.37,2.73,0.92,,3.5,11.32,,,,,,,2687.5,637.75,,,,0.5,,,,,0.0,,milling,,powder,,0.0
26,,30.0,28.0,30.0,,True,True,,sheet1,50.93,18.18,13.55,6.37,2.73,0.92,,3.5,11.32,,,,,,,2687.5,637.75,,,,0.5,,,,,0.0,,milling,,powder,,0.0
26,RCP-I,30.0,28.0,31.0,,True,True,,matrix,50.93,18.18,13.55,6.37,2.73,0.92,,3.5,11.32,,,,,,,2687.5,637.75,,,,0.5,,,,,0.0,,milling,,powder,,0.0
26,RCP-S,30.0,28.0,32.0,,True,True,,matrix,50.93,18.18,13.55,6.37,2.73,0.92,,3.5,11.32,,,,,,,2687.5,637.75,,,,0.5,,,,,0.0,,milling,,powder,,0.0
26,RCP-III,30.0,90.0,36.5,,True,True,,matrix,50.93,18.18,13.55,6.37,2.73,0.92,,3.5,11.32,,,,,,,2687.5,637.75,,,,0.5,,,,,0.0,,milling,,powder,,0.0
26,RCP-II,30.0,90.0,37.0,,True,True,,matrix,50.93,18.18,13.55,6.37,2.73,0.92,,3.5,11.32,,,,,,,2687.5,637.75,,,,0.5,,,,,0.0,,milling,,powder,,0.0
26,RCP-I,30.0,90.0,38.0,,True,True,,matrix,50.93,18.18,13.55,6.37,2.73,0.92,,3.5,11.32,,,,,,,2687.5,637.75,,,,0.5,,,,,0.0,,milling,,powder,,0.0
26,RCP-S,30.0,90.0,39.0,,True,True,,matrix,50.93,18.18,13.55,6.37,2.73,0.92,,3.5,11.32,,,,,,,2687.5,637.75,,,,0.5,,,,,0.0,,milling,,powder,,0.0
27,,0.0,3.0,56.42,,False,True,,sheet1,65.26,4.48,11.05,3.18,1.34,,0.22,1.87,7.21,,,,,61.7744,,,,,,,0.3,,,30.0,,2.0,none,milling,,powder,,0.0
27,,0.0,7.0,70.92,,False,True,,sheet1,65.26,4.48,11.05,3.18,1.34,,0.22,1.87,7.21,,,,,61.7744,,,,,,,0.3,,,30.0,,2.0,none,milling,,powder,,0.0
27,,0.0,28.0,104.83,,False,True,,sheet1,65.26,4.48,11.05,3.18,1.34,,0.22,1.87,7.21,,,,,61.7744,,,,,,,0.3,,,30.0,,2.0,none,milling,,powder,,0.0
27,,20.0,3.0,17.1,,True,True,,sheet1,65.26,4.48,11.05,3.18,1.34,,0.22,1.87,7.21,,,,,61.7744,,,,,,,0.3,,,30.0,,2.0,none,milling,,powder,,0.0
27,,20.0,3.0,23.25,,False,True,,sheet1,65.26,4.48,11.05,3.18,1.34,,0.22,1.87,7.21,,,,,61.7744,,,,,,,0.3,,,30.0,,2.0,none,milling,,powder,,0.0
27,,20.0,7.0,33.76,,True,True,,sheet1,65.26,4.48,11.05,3.18,1.34,,0.22,1.87,7.21,,,,,61.7744,,,,,,,0.3,,,30.0,,2.0,none,milling,,powder,,0.0
27,,20.0,7.0,40.01,,False,True,,sheet1,65.26,4.48,11.05,3.18,1.34,,0.22,1.87,7.21,,,,,61.7744,,,,,,,0.3,,,30.0,,2.0,none,milling,,powder,,0.0
27,,20.0,28.0,54.52,,True,True,,sheet1,65.26,4.48,11.05,3.18,1.34,,0.22,1.87,7.21,,,,,61.7744,,,,,,,0.3,,,30.0,,2.0,none,milling,,powder,,0.0
27,,20.0,28.0,73.46,,False,True,,sheet1,65.26,4.48,11.05,3.18,1.34,,0.22,1.87,7.21,,,,,61.7744,,,,,,,0.3,,,30.0,,2.0,none,milling,,powder,,0.0
28,Bendimerad [111],0.0,,31.4,,False,False,,matrix,56.0,15.442857142857145,8.379999999999999,2.4333333333333336,,0.624,1.32,,13.75,,,,,,6400.0,,,,,,0.52,,,,,0.0,multiple,combined,mixed,fines,,
28,Kim [102],0.0,,31.5,,False,False,,matrix,56.0,15.442857142857145,8.379999999999999,2.4333333333333336,,0.624,1.32,,13.75,,,,,,6400.0,,,,,,0.52,,,,,0.0,multiple,combined,mixed,fines,,
28,"Evangelista [114, 115]",0.0,,33.6,,False,False,Slurry Coating,matrix,56.0,15.442857142857145,8.379999999999999,2.4333333333333336,,0.624,1.32,,13.75,,,,,,6400.0,,,,,,0.52,,,,,0.0,multiple,combined,mixed,fines,,
28,Khoshkenari [103] (AW),0.0,,38.0,,False,False,,matrix,56.0,15.442857142857145,8.379999999999999,2.4333333333333336,,0.624,1.32,,13.75,,,,,,6400.0,,,,,,0.52,,,,,0.0,multiple,combined,mixed,fines,,
28,Yildirim [108],0.0,,38.28,,False,False,Pre-carbonation,matrix,56.0,15.442857142857145,8.379999999999999,2.4333333333333336,,0.624,1.32,,13.75,,,,,,6400.0,,,,,,0.52,,,,,0.0,multiple,combined,mixed,fines,,
28,Pereira [35] (Plain),0.0,,40.0,,False,False,,matrix,56.0,15.442857142857145,8.379999999999999,2.4333333333333336,,0.624,1.32,,13.75,,,,,,6400.0,,,,,,0.52,,,,,0.0,multiple,combined,mixed,fines,,
28,Kumar [113],0.0,,40.72,,False,False,,matrix,56.0,15.442857142857145,8.379999999999999,2.4333333333333336,,0.624,1.32,,13.75,,,,,,6400.0,,,,,,0.52,,,,,0.0,multiple,combined,mixed,fines,,
28,"Sarhat [33, 34]",0.0,,42.0,,False,False,,matrix,56.0,15.442857142857145,8.379999999999999,2.4333333333333336,,0.624,1.32,,13.75,,,,,,6400.0,,,,,,0.52,,,,,0.0,multiple,combined,mixed,fines,,
28,Zega [30],0.0,,43.6,,False,False,,matrix,56.0,15.442857142857145,8.379999999999999,2.4333333333333336,,0.624,1.32,,13.75,,,,,,6400.0,,,,,,0.52,,,,,0.0,multiple,combined,mixed,fines,,
28,Kou [34] (w/c=0.53),0.0,,44.5,,False,False,,matrix,56.0,15.442857142857145,8.379999999999999,2.4333333333333336,,0.624,1.32,,13.75,,,,,,6400.0,,,,,,0.52,,,,,0.0,multiple,combined,mixed,fines,,
28,Yaprak [100],0.0,,45.0,,False,False,,matrix,56.0,15.442857142857145,8.379999999999999,2.4333333333333336,,0.624,1.32,,13.75,,,,,,6400.0,,,,,,0.52,,,,,0.0,multiple,combined,mixed,fines,,
28,Khatib [28],0.0,,46.7,,False,False,,matrix,56.0,15.442857142857145,8.379999999999999,2.4333333333333336,,0.624,1.32,,13.75,,,,,,6400.0,,,,,,0.52,,,,,0.0,multiple,combined,mixed,fines,,
28,Bogas [110] (NC),0.0,,50.2,,False,False,,matrix,56.0,15.442857142857145,8.379999999999999,2.4333333333333336,,0.624,1.32,,13.75,,,,,,6400.0,,,,,,0.52,,,,,0.0,multiple,combined,mixed,fines,,
28,"Cartuxo [104, 105] (Plain)",0.0,,51.17,,False,False,,matrix,56.0,15.442857142857145,8.379999999999999,2.4333333333333336,,0.624,1.32,,13.75,,,,,,6400.0,,,,,,0.52,,,,,0.0,multiple,combined,mixed,fines,,
28,Dapena [19],0.0,,52.0,,False,False,,matrix,56.0,15.442857142857145,8.379999999999999,2.4333333333333336,,0.624,1.32,,13.75,,,,,,6400.0,,,,,,0.52,,,,,0.0,multiple,combined,mixed,fines,,
28,Pereira [35] (+SP1),0.0,,53.7,,False,False,Superplasticizer,matrix,56.0,15.442857142857145,8.379999999999999,2.4333333333333336,,0.624,1.32,,13.75,,,,,,6400.0,,,,,,0.52,,,,,0.0,multiple,combined,mixed,fines,,
28,Levy [98],0.0,,56.1,,False,False,,matrix,56.0,15.442857142857145,8.379999999999999,2.4333333333333336,,0.624,1.32,,13.75,,,,,,6400.0,,,,,,0.52,,,,,0.0,multiple,combined,mixed,fines,,
28,"Fan [27, 57] (Single-stage)",0.0,,56.3,,False,False,,matrix,56.0,15.442857142857145,8.379999999999999,2.4333333333333336,,0.624,1.32,,13.75,,,,,,6400.0,,,,,,0.52,,,,,0.0,multiple,combined,mixed,fines,,
28,"Evangelista [26, 29, 97]",0.0,,59.3,,False,False,,matrix,56.0,15.442857142857145,8.379999999999999,2.4333333333333336,,0.624,1.32,,13.75,,,,,,6400.0,,,,,,0.52,,,,,0.0,multiple,combined,mixed,fines,,
28,Kou [34] (w/c=0.44),0.0,,64.3,,False,False,,matrix,56.0,15.442857142857145,8.379999999999999,2.4333333333333336,,0.624,1.32,,13.75,,,,,,6400.0,,,,,,0.52,,,,,0.0,multiple,combined,mixed,fines,,
28,Pereira [35] (+SP2),0.0,,65.4,,False,False,Superplasticizer,matrix,56.0,15.442857142857145,8.379999999999999,2.4333333333333336,,0.624,1.32,,13.75,,,,,,6400.0,,,,,,0.52,,,,,0.0,multiple,combined,mixed,fines,,
28,"Cartuxo [104, 105] (SP1)",0.0,,66.79,,False,False,Superplasticizer,matrix,56.0,15.442857142857145,8.379999999999999,2.4333333333333336,,0.624,1.32,,13.75,,,,,,6400.0,,,,,,0.52,,,,,0.0,multiple,combined,mixed,fines,,
28,Bogas [110] (HC+SP+AEA),0.0,,67.9,,False,False,Multi-Admixture,matrix,56.0,15.442857142857145,8.379999999999999,2.4333333333333336,,0.624,1.32,,13.75,,,,,,6400.0,,,,,,0.52,,,,,0.0,multiple,combined,mixed,fines,,
28,Carro-Lόpez [31],0.0,,80.0,,False,False,,matrix,56.0,15.442857142857145,8.379999999999999,2.4333333333333336,,0.624,1.32,,13.75,,,,,,6400.0,,,,,,0.52,,,,,0.0,multiple,combined,mixed,fines,,
28,"Cartuxo [104, 105] (SP2)",0.0,,80.64,,False,False,Superplasticizer,matrix,56.0,15.442857142857145,8.379999999999999,2.4333333333333336,,0.624,1.32,,13.75,,,,,,6400.0,,,,,,0.52,,,,,0.0,multiple,combined,mixed,fines,,
28,Bogas [110] (HC+SP),0.0,,81.0,,False,False,Superplasticizer,matrix,56.0,15.442857142857145,8.379999999999999,2.4333333333333336,,0.624,1.32,,13.75,,,,,,6400.0,,,,,,0.52,,,,,0.0,multiple,combined,mixed,fines,,
28,Zhang [37],0.0,,122.0,,False,False,Slurry Coating,matrix,56.0,15.442857142857145,8.379999999999999,2.4333333333333336,,0.624,1.32,,13.75,,,,,,6400.0,,,,,,0.52,,,,,0.0,multiple,combined,mixed,fines,,
29,at 0% replacement,0.0,,51.6,,False,False,,sheet1,,,,,,,,,11.9,,3.5,19.0,65.0,22.0,,,230.0,,,,,,,,,,,crushing,,powder,10.0,
29,at 10% replacement,10.0,,41.3,,False,False,,sheet1,,,,,,,,,11.9,,3.5,19.0,65.0,22.0,,,230.0,,,,,,,,,,,crushing,,powder,10.0,
29,at 20% replacement,20.0,,31.7,,False,False,,sheet1,,,,,,,,,11.9,,3.5,19.0,65.0,22.0,,,230.0,,,,,,,,,,,crushing,,powder,10.0,
29,at 30% replacement,30.0,,22.8,,False,False,,sheet1,,,,,,,,,11.9,,3.5,19.0,65.0,22.0,,,230.0,,,,,,,,,,,crushing,,powder,10.0,
29,at 40% replacement,40.0,,13.6,,False,False,,sheet1,,,,,,,,,11.9,,3.5,19.0,65.0,22.0,,,230.0,,,,,,,,,,,crushing,,powder,10.0,
29,at 50% replacement,50.0,,10.0,,False,False,,sheet1,,,,,,,,,11.9,,3.5,19.0,65.0,22.0,,,230.0,,,,,,,,,,,crushing,,powder,10.0,
30,M-0WCP/M-0WMP/M-0WPP,0.0,,8.62,,False,False,,matrix,,,,,,,,,13.683333333333335,,,25.0,,,,,,,,,0.5,900.0,2.0,,,,thermal,crushing,,powder,,
30,,0.0,,37.08,,False,False,,sheet1,,,,,,,,,13.683333333333335,,,25.0,,,,,,,,,0.5,900.0,2.0,,,,thermal,crushing,,powder,,
30,M-30WPP-1200C,30.0,,4.54,,False,False,Thermal Activation,matrix,,,,,,,,,13.683333333333335,,,25.0,,,,,,,,,0.5,900.0,2.0,,,,thermal,crushing,,powder,,
30,M-30WCP-1200C,30.0,,4.95,,False,False,Thermal Activation,matrix,,,,,,,,,13.683333333333335,,,25.0,,,,,,,,,0.5,900.0,2.0,,,,thermal,crushing,,powder,,
30,M-30WMP-1200C,30.0,,5.37,,False,False,Thermal Activation,matrix,,,,,,,,,13.683333333333335,,,25.0,,,,,,,,,0.5,900.0,2.0,,,,thermal,crushing,,powder,,
30,M-30WMP-1000C,30.0,,5.92,,False,False,Thermal Activation,matrix,,,,,,,,,13.683333333333335,,,25.0,,,,,,,,,0.5,900.0,2.0,,,,thermal,crushing,,powder,,
30,M-30WPP-20C,30.0,,6.44,,False,False,None (Room temperature),matrix,,,,,,,,,13.683333333333335,,,25.0,,,,,,,,,0.5,900.0,2.0,,,,thermal,crushing,,powder,,
30,M-30WMP-800C,30.0,,6.51,,False,False,Thermal Activation,matrix,,,,,,,,,13.683333333333335,,,25.0,,,,,,,,,0.5,900.0,2.0,,,,thermal,crushing,,powder,,
30,M-30WMP-20C,30.0,,6.57,,False,False,None (Room temperature),matrix,,,,,,,,,13.683333333333335,,,25.0,,,,,,,,,0.5,900.0,2.0,,,,thermal,crushing,,powder,,
30,M-30WCP-20C,30.0,,6.68,,False,False,None (Room temperature),matrix,,,,,,,,,13.683333333333335,,,25.0,,,,,,,,,0.5,900.0,2.0,,,,thermal,crushing,,powder,,
30,M-30WCP-600C,30.0,,6.82,,False,False,Thermal Activation,matrix,,,,,,,,,13.683333333333335,,,25.0,,,,,,,,,0.5,900.0,2.0,,,,thermal,crushing,,powder,,
30,M-30WMP-600C,30.0,,6.91,,False,False,Thermal Activation,matrix,,,,,,,,,13.683333333333335,,,25.0,,,,,,,,,0.5,900.0,2.0,,,,thermal,crushing,,powder,,
30,M-30WPP-1000C,30.0,,7.03,,False,False,Thermal Activation,matrix,,,,,,,,,13.683333333333335,,,25.0,,,,,,,,,0.5,900.0,2.0,,,,thermal,crushing,,powder,,
30,M-30WCP-1000C,30.0,,7.56,,False,False,Thermal Activation,matrix,,,,,,,,,13.683333333333335,,,25.0,,,,,,,,,0.5,900.0,2.0,,,,thermal,crushing,,powder,,
30,M-30WCP-800C,30.0,,7.73,,False,False,Thermal Activation,matrix,,,,,,,,,13.683333333333335,,,25.0,,,,,,,,,0.5,900.0,2.0,,,,thermal,crushing,,powder,,
30,,30.0,,20.25,,False,False,,sheet1,,,,,,,,,13.683333333333335,,,25.0,,,,,,,,,0.5,900.0,2.0,,,,thermal,crushing,,powder,,
30,,30.0,,22.25,,False,False,,sheet1,,,,,,,,,13.683333333333335,,,25.0,,,,,,,,,0.5,900.0,2.0,,,,thermal,crushing,,powder,,
30,,30.0,,22.63,,False,False,,sheet1,,,,,,,,,13.683333333333335,,,25.0,,,,,,,,,0.5,900.0,2.0,,,,thermal,crushing,,powder,,
30,,30.0,,23.89,,False,False,,sheet1,,,,,,,,,13.683333333333335,,,25.0,,,,,,,,,0.5,900.0,2.0,,,,thermal,crushing,,powder,,
30,,30.0,,26.59,,False,False,,sheet1,,,,,,,,,13.683333333333335,,,25.0,,,,,,,,,0.5,900.0,2.0,,,,thermal,crushing,,powder,,
30,,30.0,,27.1,,False,False,,sheet1,,,,,,,,,13.683333333333335,,,25.0,,,,,,,,,0.5,900.0,2.0,,,,thermal,crushing,,powder,,
30,,30.0,,27.32,,False,False,,sheet1,,,,,,,,,13.683333333333335,,,25.0,,,,,,,,,0.5,900.0,2.0,,,,thermal,crushing,,powder,,
30,,30.0,,27.9,,False,False,,sheet1,,,,,,,,,13.683333333333335,,,25.0,,,,,,,,,0.5,900.0,2.0,,,,thermal,crushing,,powder,,
30,,30.0,,28.76,,False,False,,sheet1,,,,,,,,,13.683333333333335,,,25.0,,,,,,,,,0.5,900.0,2.0,,,,thermal,crushing,,powder,,
30,,30.0,,28.89,,False,False,,sheet1,,,,,,,,,13.683333333333335,,,25.0,,,,,,,,,0.5,900.0,2.0,,,,thermal,crushing,,powder,,
30,,30.0,,31.16,,False,False,,sheet1,,,,,,,,,13.683333333333335,,,25.0,,,,,,,,,0.5,900.0,2.0,,,,thermal,crushing,,powder,,
30,,30.0,,31.55,,False,False,,sheet1,,,,,,,,,13.683333333333335,,,25.0,,,,,,,,,0.5,900.0,2.0,,,,thermal,crushing,,powder,,
30,,30.0,,31.83,,False,False,,sheet1,,,,,,,,,13.683333333333335,,,25.0,,,,,,,,,0.5,900.0,2.0,,,,thermal,crushing,,powder,,
30,,30.0,,32.16,,False,False,,sheet1,,,,,,,,,13.683333333333335,,,25.0,,,,,,,,,0.5,900.0,2.0,,,,thermal,crushing,,powder,,
30,,30.0,,33.4,,False,False,,sheet1,,,,,,,,,13.683333333333335,,,25.0,,,,,,,,,0.5,900.0,2.0,,,,thermal,crushing,,powder,,
31,,20.0,2.0,20.0,,True,True,,sheet1,,,,,,,,,,,,,,,150.0,,,,,,,,,,,1.0,carbonation,combined,mixed,paste,,40.0
31,CEM-cRCP_I,40.0,1.0,10.0,,True,True,Wet carbonation / Aqueous mineralization,matrix,,,,,,,,,,,,,,,150.0,,,,,,,,,,,1.0,carbonation,combined,mixed,paste,,40.0
31,CEM-cRCP_III,40.0,1.0,10.5,,True,True,Wet carbonation / Aqueous mineralization,matrix,,,,,,,,,,,,,,,150.0,,,,,,,,,,,1.0,carbonation,combined,mixed,paste,,40.0
31,CEM-cRCP_I,40.0,2.0,19.0,,True,True,Wet carbonation / Aqueous mineralization,matrix,,,,,,,,,,,,,,,150.0,,,,,,,,,,,1.0,carbonation,combined,mixed,paste,,40.0
31,CEM-cRCP_III,40.0,2.0,20.0,,True,True,Wet carbonation / Aqueous mineralization,matrix,,,,,,,,,,,,,,,150.0,,,,,,,,,,,1.0,carbonation,combined,mixed,paste,,40.0
31,,40.0,7.0,40.0,,True,True,,sheet1,,,,,,,,,,,,,,,150.0,,,,,,,,,,,1.0,carbonation,combined,mixed,paste,,40.0
31,CEM-cRCP_III,40.0,7.0,42.0,,True,True,Wet carbonation / Aqueous mineralization,matrix,,,,,,,,,,,,,,,150.0,,,,,,,,,,,1.0,carbonation,combined,mixed,paste,,40.0
31,CEM-cRCP_I,40.0,28.0,48.0,,True,True,Wet carbonation / Aqueous mineralization,matrix,,,,,,,,,,,,,,,150.0,,,,,,,,,,,1.0,carbonation,combined,mixed,paste,,40.0
31,CEM-cRCP_III,40.0,28.0,51.0,,True,True,Wet carbonation / Aqueous mineralization,matrix,,,,,,,,,,,,,,,150.0,,,,,,,,,,,1.0,carbonation,combined,mixed,paste,,40.0
31,CEM-cRCP_I,40.0,90.0,50.0,,True,True,Wet carbonation / Aqueous mineralization,matrix,,,,,,,,,,,,,,,150.0,,,,,,,,,,,1.0,carbonation,combined,mixed,paste,,40.0
31,CEM-cRCP_III,40.0,90.0,55.0,,True,True,Wet carbonation / Aqueous mineralization,matrix,,,,,,,,,,,,,,,150.0,,,,,,,,,,,1.0,carbonation,combined,mixed,paste,,40.0
32,,0.0,,31.7,,True,False,,sheet1,27.8,29.1,6.7,2.73,4.49,1.11,,,,,,,,42.6,467.0,,,,,856.0,0.45,,,30.0,,2.0,mechanical,combined,mixed,powder,15.0,
32,J1,10.0,,29.58,,False,False,Mechanical Grinding,matrix,27.8,29.1,6.7,2.73,4.49,1.11,,,,,,,,42.6,467.0,,,,,856.0,0.45,,,30.0,,2.0,mechanical,combined,mixed,powder,15.0,
32,JF32,15.0,,30.2,,True,False,Mechanical Grinding,matrix,27.8,29.1,6.7,2.73,4.49,1.11,,,,,,,,42.6,467.0,,,,,856.0,0.45,,,30.0,,2.0,mechanical,combined,mixed,powder,15.0,
32,JF12,15.0,,36.0,,True,False,Mechanical Grinding,matrix,27.8,29.1,6.7,2.73,4.49,1.11,,,,,,,,42.6,467.0,,,,,856.0,0.45,,,30.0,,2.0,mechanical,combined,mixed,powder,15.0,
32,J2,20.0,,24.0,,True,False,Mechanical Grinding,matrix,27.8,29.1,6.7,2.73,4.49,1.11,,,,,,,,42.6,467.0,,,,,856.0,0.45,,,30.0,,2.0,mechanical,combined,mixed,powder,15.0,
32,JF22,20.0,,26.8,,True,False,Mechanical Grinding,matrix,27.8,29.1,6.7,2.73,4.49,1.11,,,,,,,,42.6,467.0,,,,,856.0,0.45,,,30.0,,2.0,mechanical,combined,mixed,powder,15.0,
32,JF31,21.0,,23.5,,True,False,Mechanical Grinding,matrix,27.8,29.1,6.7,2.73,4.49,1.11,,,,,,,,42.6,467.0,,,,,856.0,0.45,,,30.0,,2.0,mechanical,combined,mixed,powder,15.0,
32,JF11,21.0,,24.2,,True,False,Mechanical Grinding,matrix,27.8,29.1,6.7,2.73,4.49,1.11,,,,,,,,42.6,467.0,,,,,856.0,0.45,,,30.0,,2.0,mechanical,combined,mixed,powder,15.0,
32,JF21,28.0,,19.5,,True,False,Mechanical Grinding,matrix,27.8,29.1,6.7,2.73,4.49,1.11,,,,,,,,42.6,467.0,,,,,856.0,0.45,,,30.0,,2.0,mechanical,combined,mixed,powder,15.0,
32,J3,30.0,,22.5,,True,False,Mechanical Grinding,matrix,27.8,29.1,6.7,2.73,4.49,1.11,,,,,,,,42.6,467.0,,,,,856.0,0.45,,,30.0,,2.0,mechanical,combined,mixed,powder,15.0,
32,J4,40.0,,18.2,,True,False,Mechanical Grinding,matrix,27.8,29.1,6.7,2.73,4.49,1.11,,,,,,,,42.6,467.0,,,,,856.0,0.45,,,30.0,,2.0,mechanical,combined,mixed,powder,15.0,
32,JF41,60.0,,18.5,,True,False,Mechanical Grinding,matrix,27.8,29.1,6.7,2.73,4.49,1.11,,,,,,,,42.6,467.0,,,,,856.0,0.45,,,30.0,,2.0,mechanical,combined,mixed,powder,15.0,
32,JF42,60.0,,23.1,,True,False,Mechanical Grinding,matrix,27.8,29.1,6.7,2.73,4.49,1.11,,,,,,,,42.6,467.0,,,,,856.0,0.45,,,30.0,,2.0,mechanical,combined,mixed,powder,15.0,
35,NAC,0.0,,36.8,,False,False,,matrix,,,,,,,,,,,,,,,,,,,,,0.45,,,,,,,combined,,powder,20.0,
35,RPC3-10%,10.0,,34.0,,True,False,,matrix,,,,,,,,,,,,,,,,,,,,,0.45,,,,,,,combined,,powder,20.0,
35,RPC2-10%,10.0,,35.5,,True,False,,matrix,,,,,,,,,,,,,,,,,,,,,0.45,,,,,,,combined,,powder,20.0,
35,,10.0,,36.0,,True,False,,sheet1,,,,,,,,,,,,,,,,,,,,,0.45,,,,,,,combined,,powder,20.0,
35,RPC1-10%,10.0,,36.5,,True,False,,matrix,,,,,,,,,,,,,,,,,,,,,0.45,,,,,,,combined,,powder,20.0,
35,,10.0,,37.0,,True,False,,sheet1,,,,,,,,,,,,,,,,,,,,,0.45,,,,,,,combined,,powder,20.0,
35,,10.0,,37.6,,True,False,,sheet1,,,,,,,,,,,,,,,,,,,,,0.45,,,,,,,combined,,powder,20.0,
35,RPC3-20%,20.0,,31.5,,True,False,,matrix,,,,,,,,,,,,,,,,,,,,,0.45,,,,,,,combined,,powder,20.0,
35,RPC2-20%,20.0,,32.5,,True,False,,matrix,,,,,,,,,,,,,,,,,,,,,0.45,,,,,,,combined,,powder,20.0,
35,,20.0,,33.0,,True,False,,sheet1,,,,,,,,,,,,,,,,,,,,,0.45,,,,,,,combined,,powder,20.0,
35,,20.0,,33.5,,True,False,,sheet1,,,,,,,,,,,,,,,,,,,,,0.45,,,,,,,combined,,powder,20.0,
35,RPC1-20%,20.0,,34.0,,True,False,,matrix,,,,,,,,,,,,,,,,,,,,,0.45,,,,,,,combined,,powder,20.0,
35,,20.0,,35.3,,True,False,,sheet1,,,,,,,,,,,,,,,,,,,,,0.45,,,,,,,combined,,powder,20.0,
35,RPC1-30%,30.0,,26.0,,True,False,,matrix,,,,,,,,,,,,,,,,,,,,,0.45,,,,,,,combined,,powder,20.0,
35,RPC3-30%,30.0,,26.2,,True,False,,matrix,,,,,,,,,,,,,,,,,,,,,0.45,,,,,,,combined,,powder,20.0,
35,,30.0,,27.2,,True,False,,sheet1,,,,,,,,,,,,,,,,,,,,,0.45,,,,,,,combined,,powder,20.0,
35,,30.0,,28.5,,True,False,,sheet1,,,,,,,,,,,,,,,,,,,,,0.45,,,,,,,combined,,powder,20.0,
35,,30.0,,29.3,,True,False,,sheet1,,,,,,,,,,,,,,,,,,,,,0.45,,,,,,,combined,,powder,20.0,
36,0% RFP (Table 4 / Fig 11),0.0,3.0,21.0,,False,True,,matrix,60.3,17.4,10.4,3.0,3.4,0.7,2.1,,,,,22.7,,22.7,,,,,,,0.5,,,60.0,,1.0,mechanical,combined,mixed,powder,10.0,
36,0% RFP (Table 4 / Fig 11),0.0,3.0,35.1,,False,True,,matrix,60.3,17.4,10.4,3.0,3.4,0.7,2.1,,,,,22.7,,22.7,,,,,,,0.5,,,60.0,,1.0,mechanical,combined,mixed,powder,10.0,
36,0% RFP (Table 4 / Fig 11),0.0,3.0,43.9,,False,True,,matrix,60.3,17.4,10.4,3.0,3.4,0.7,2.1,,,,,22.7,,22.7,,,,,,,0.5,,,60.0,,1.0,mechanical,combined,mixed,powder,10.0,
36,10% RFP (Table 4 / Fig 11),10.0,3.0,24.7,,False,True,Mechanical Activation (Ball milling),matrix,60.3,17.4,10.4,3.0,3.4,0.7,2.1,,,,,22.7,,22.7,,,,,,,0.5,,,60.0,,1.0,mechanical,combined,mixed,powder,10.0,
36,10% RFP (Table 4 / Fig 11),10.0,3.0,32.8,,False,True,Mechanical Activation (Ball milling),matrix,60.3,17.4,10.4,3.0,3.4,0.7,2.1,,,,,22.7,,22.7,,,,,,,0.5,,,60.0,,1.0,mechanical,combined,mixed,powder,10.0,
36,10% RFP (Table 4 / Fig 11),10.0,3.0,43.5,,False,True,Mechanical Activation (Ball milling),matrix,60.3,17.4,10.4,3.0,3.4,0.7,2.1,,,,,22.7,,22.7,,,,,,,0.5,,,60.0,,1.0,mechanical,combined,mixed,powder,10.0,
36,30% RFP (Table 4 / Fig 11),30.0,3.0,19.1,,False,True,Mechanical Activation (Ball milling),matrix,60.3,17.4,10.4,3.0,3.4,0.7,2.1,,,,,22.7,,22.7,,,,,,,0.5,,,60.0,,1.0,mechanical,combined,mixed,powder,10.0,
36,30% RFP (Table 4 / Fig 11),30.0,3.0,24.0,,False,True,Mechanical Activation (Ball milling),matrix,60.3,17.4,10.4,3.0,3.4,0.7,2.1,,,,,22.7,,22.7,,,,,,,0.5,,,60.0,,1.0,mechanical,combined,mixed,powder,10.0,
36,30% RFP (Table 4 / Fig 11),30.0,3.0,33.3,,False,True,Mechanical Activation (Ball milling),matrix,60.3,17.4,10.4,3.0,3.4,0.7,2.1,,,,,22.7,,22.7,,,,,,,0.5,,,60.0,,1.0,mechanical,combined,mixed,powder,10.0,
36,50% RFP (Table 4 / Fig 11),50.0,3.0,11.5,,False,True,Mechanical Activation (Ball milling),matrix,60.3,17.4,10.4,3.0,3.4,0.7,2.1,,,,,22.7,,22.7,,,,,,,0.5,,,60.0,,1.0,mechanical,combined,mixed,powder,10.0,
36,50% RFP (Table 4 / Fig 11),50.0,3.0,15.2,,False,True,Mechanical Activation (Ball milling),matrix,60.3,17.4,10.4,3.0,3.4,0.7,2.1,,,,,22.7,,22.7,,,,,,,0.5,,,60.0,,1.0,mechanical,combined,mixed,powder,10.0,
36,50% RFP (Table 4 / Fig 11),50.0,3.0,20.5,,False,True,Mechanical Activation (Ball milling),matrix,60.3,17.4,10.4,3.0,3.4,0.7,2.1,,,,,22.7,,22.7,,,,,,,0.5,,,60.0,,1.0,mechanical,combined,mixed,powder,10.0,
37,7d,0.0,7.0,29.1,,True,True,,sheet1,46.835,22.25,12.66,5.654999999999999,1.665,0.29000000000000004,,2.14,,,,17.854999999999997,,27.939999999999998,,,440.5,,2.59,,,,,20.0,,1.0,mechanical,combined,,powder,15.0,0.0
37,28d,0.0,28.0,33.6,,True,True,,sheet1,46.835,22.25,12.66,5.654999999999999,1.665,0.29000000000000004,,2.14,,,,17.854999999999997,,27.939999999999998,,,440.5,,2.59,,,,,20.0,,1.0,mechanical,combined,,powder,15.0,0.0
37,15% (8:2),15.0,7.0,25.7,,True,True,Mechanical activation,matrix,46.835,22.25,12.66,5.654999999999999,1.665,0.29000000000000004,,2.14,,,,17.854999999999997,,27.939999999999998,,,440.5,,2.59,,,,,20.0,,1.0,mechanical,combined,,powder,15.0,0.0
37,15% (6:4),15.0,7.0,27.4,,True,True,Mechanical activation,matrix,46.835,22.25,12.66,5.654999999999999,1.665,0.29000000000000004,,2.14,,,,17.854999999999997,,27.939999999999998,,,440.5,,2.59,,,,,20.0,,1.0,mechanical,combined,,powder,15.0,0.0
37,28d,15.0,28.0,30.5,,True,True,,sheet1,46.835,22.25,12.66,5.654999999999999,1.665,0.29000000000000004,,2.14,,,,17.854999999999997,,27.939999999999998,,,440.5,,2.59,,,,,20.0,,1.0,mechanical,combined,,powder,15.0,0.0
37,28d,15.0,28.0,35.0,,True,True,,sheet1,46.835,22.25,12.66,5.654999999999999,1.665,0.29000000000000004,,2.14,,,,17.854999999999997,,27.939999999999998,,,440.5,,2.59,,,,,20.0,,1.0,mechanical,combined,,powder,15.0,0.0
37,2),15.0,,25.7,,True,False,,sheet1,46.835,22.25,12.66,5.654999999999999,1.665,0.29000000000000004,,2.14,,,,17.854999999999997,,27.939999999999998,,,440.5,,2.59,,,,,20.0,,1.0,mechanical,combined,,powder,15.0,0.0
37,4),15.0,,27.4,,True,False,,sheet1,46.835,22.25,12.66,5.654999999999999,1.665,0.29000000000000004,,2.14,,,,17.854999999999997,,27.939999999999998,,,440.5,,2.59,,,,,20.0,,1.0,mechanical,combined,,powder,15.0,0.0
37,30% (8:2),30.0,7.0,20.0,,True,True,Mechanical activation,matrix,46.835,22.25,12.66,5.654999999999999,1.665,0.29000000000000004,,2.14,,,,17.854999999999997,,27.939999999999998,,,440.5,,2.59,,,,,20.0,,1.0,mechanical,combined,,powder,15.0,0.0
37,30% (6:4),30.0,7.0,22.5,,True,True,Mechanical activation,matrix,46.835,22.25,12.66,5.654999999999999,1.665,0.29000000000000004,,2.14,,,,17.854999999999997,,27.939999999999998,,,440.5,,2.59,,,,,20.0,,1.0,mechanical,combined,,powder,15.0,0.0
37,28d,30.0,28.0,27.0,,True,True,,sheet1,46.835,22.25,12.66,5.654999999999999,1.665,0.29000000000000004,,2.14,,,,17.854999999999997,,27.939999999999998,,,440.5,,2.59,,,,,20.0,,1.0,mechanical,combined,,powder,15.0,0.0
37,28d,30.0,28.0,28.2,,True,True,,sheet1,46.835,22.25,12.66,5.654999999999999,1.665,0.29000000000000004,,2.14,,,,17.854999999999997,,27.939999999999998,,,440.5,,2.59,,,,,20.0,,1.0,mechanical,combined,,powder,15.0,0.0
37,2),30.0,,20.0,,True,False,,sheet1,46.835,22.25,12.66,5.654999999999999,1.665,0.29000000000000004,,2.14,,,,17.854999999999997,,27.939999999999998,,,440.5,,2.59,,,,,20.0,,1.0,mechanical,combined,,powder,15.0,0.0
37,4),30.0,,22.5,,True,False,,sheet1,46.835,22.25,12.66,5.654999999999999,1.665,0.29000000000000004,,2.14,,,,17.854999999999997,,27.939999999999998,,,440.5,,2.59,,,,,20.0,,1.0,mechanical,combined,,powder,15.0,0.0
37,45% (8:2),45.0,7.0,19.2,,True,True,Mechanical activation,matrix,46.835,22.25,12.66,5.654999999999999,1.665,0.29000000000000004,,2.14,,,,17.854999999999997,,27.939999999999998,,,440.5,,2.59,,,,,20.0,,1.0,mechanical,combined,,powder,15.0,0.0
37,45% (6:4),45.0,7.0,20.3,,True,True,Mechanical activation,matrix,46.835,22.25,12.66,5.654999999999999,1.665,0.29000000000000004,,2.14,,,,17.854999999999997,,27.939999999999998,,,440.5,,2.59,,,,,20.0,,1.0,mechanical,combined,,powder,15.0,0.0
37,28d,45.0,28.0,21.2,,True,True,,sheet1,46.835,22.25,12.66,5.654999999999999,1.665,0.29000000000000004,,2.14,,,,17.854999999999997,,27.939999999999998,,,440.5,,2.59,,,,,20.0,,1.0,mechanical,combined,,powder,15.0,0.0
37,28d GRAPH-DERIVED,45.0,28.0,24.2,,True,True,,sheet1,46.835,22.25,12.66,5.654999999999999,1.665,0.29000000000000004,,2.14,,,,17.854999999999997,,27.939999999999998,,,440.5,,2.59,,,,,20.0,,1.0,mechanical,combined,,powder,15.0,0.0
37,2),45.0,,19.2,,True,False,,sheet1,46.835,22.25,12.66,5.654999999999999,1.665,0.29000000000000004,,2.14,,,,17.854999999999997,,27.939999999999998,,,440.5,,2.59,,,,,20.0,,1.0,mechanical,combined,,powder,15.0,0.0
37,4),45.0,,20.3,,True,False,,sheet1,46.835,22.25,12.66,5.654999999999999,1.665,0.29000000000000004,,2.14,,,,17.854999999999997,,27.939999999999998,,,440.5,,2.59,,,,,20.0,,1.0,mechanical,combined,,powder,15.0,0.0
38,,0.0,,39.7,,False,False,,sheet1,34.82,24.48,8.52,6.99,3.19,0.21,1.66,0.81,17.89,,,,,,,,,,2.61,,0.6,,,,,,,combined,,powder,57.5,
38,,15.0,,34.6,,False,False,,sheet1,34.82,24.48,8.52,6.99,3.19,0.21,1.66,0.81,17.89,,,,,,,,,,2.61,,0.6,,,,,,,combined,,powder,57.5,
38,,30.0,,26.8,,False,False,,sheet1,34.82,24.48,8.52,6.99,3.19,0.21,1.66,0.81,17.89,,,,,,,,,,2.61,,0.6,,,,,,,combined,,powder,57.5,
38,,40.0,,20.1,,False,False,,sheet1,34.82,24.48,8.52,6.99,3.19,0.21,1.66,0.81,17.89,,,,,,,,,,2.61,,0.6,,,,,,,combined,,powder,57.5,
38,,60.0,,15.8,,False,False,,sheet1,34.82,24.48,8.52,6.99,3.19,0.21,1.66,0.81,17.89,,,,,,,,,,2.61,,0.6,,,,,,,combined,,powder,57.5,
38,,75.0,,5.8,,False,False,,sheet1,34.82,24.48,8.52,6.99,3.19,0.21,1.66,0.81,17.89,,,,,,,,,,2.61,,0.6,,,,,,,combined,,powder,57.5,
38,,100.0,,1.6,,False,False,,sheet1,34.82,24.48,8.52,6.99,3.19,0.21,1.66,0.81,17.89,,,,,,,,,,2.61,,0.6,,,,,,,combined,,powder,57.5,
39,3d,0.0,3.0,19.97,,False,True,,sheet1,33.4,44.9,8.4,1.0,5.4,,,1.7,,,,5.0,,,,,,,,,0.5,,,,,1.0,chemical,crushing,,fines,12.5,0.0
39,7d,0.0,7.0,26.64,,False,True,,sheet1,33.4,44.9,8.4,1.0,5.4,,,1.7,,,,5.0,,,,,,,,,0.5,,,,,1.0,chemical,crushing,,fines,12.5,0.0
39,28d,0.0,28.0,39.17,,False,True,,sheet1,33.4,44.9,8.4,1.0,5.4,,,1.7,,,,5.0,,,,,,,,,0.5,,,,,1.0,chemical,crushing,,fines,12.5,0.0
39,Control,0.0,,39.17,,False,False,,matrix,33.4,44.9,8.4,1.0,5.4,,,1.7,,,,5.0,,,,,,,,,0.5,,,,,1.0,chemical,crushing,,fines,12.5,0.0
42,0%,0.0,28.0,1.9,,True,True,,sheet1,57.02,21.32,10.93,3.45,2.54,1.17,,,,,,75.0,,86.4,,,,,,,0.6,,,,,1.0,,other,,powder,30.0,0.0
42,0%,0.0,28.0,2.0,,True,True,,sheet1,57.02,21.32,10.93,3.45,2.54,1.17,,,,,,75.0,,86.4,,,,,,,0.6,,,,,1.0,,other,,powder,30.0,0.0
42,NFC-II,0.0,,1.9,,True,False,,matrix,57.02,21.32,10.93,3.45,2.54,1.17,,,,,,75.0,,86.4,,,,,,,0.6,,,,,1.0,,other,,powder,30.0,0.0
42,NFC-1,0.0,,2.04,,True,False,,matrix,57.02,21.32,10.93,3.45,2.54,1.17,,,,,,75.0,,86.4,,,,,,,0.6,,,,,1.0,,other,,powder,30.0,0.0
42,10%,10.0,28.0,1.5,,True,True,,sheet1,57.02,21.32,10.93,3.45,2.54,1.17,,,,,,75.0,,86.4,,,,,,,0.6,,,,,1.0,,other,,powder,30.0,0.0
42,10%,10.0,28.0,1.7,,True,True,,sheet1,57.02,21.32,10.93,3.45,2.54,1.17,,,,,,75.0,,86.4,,,,,,,0.6,,,,,1.0,,other,,powder,30.0,0.0
42,RPFC10-II,10.0,,1.5,,True,False,,matrix,57.02,21.32,10.93,3.45,2.54,1.17,,,,,,75.0,,86.4,,,,,,,0.6,,,,,1.0,,other,,powder,30.0,0.0
42,RPFC10-1,10.0,,1.67,,True,False,,matrix,57.02,21.32,10.93,3.45,2.54,1.17,,,,,,75.0,,86.4,,,,,,,0.6,,,,,1.0,,other,,powder,30.0,0.0
42,20%,20.0,28.0,1.3,,True,True,,sheet1,57.02,21.32,10.93,3.45,2.54,1.17,,,,,,75.0,,86.4,,,,,,,0.6,,,,,1.0,,other,,powder,30.0,0.0
42,20%,20.0,28.0,1.5,,True,True,,sheet1,57.02,21.32,10.93,3.45,2.54,1.17,,,,,,75.0,,86.4,,,,,,,0.6,,,,,1.0,,other,,powder,30.0,0.0
42,RPFC20-11,20.0,,1.3,,True,False,,matrix,57.02,21.32,10.93,3.45,2.54,1.17,,,,,,75.0,,86.4,,,,,,,0.6,,,,,1.0,,other,,powder,30.0,0.0
42,RPFC20-1,20.0,,1.5,,True,False,,matrix,57.02,21.32,10.93,3.45,2.54,1.17,,,,,,75.0,,86.4,,,,,,,0.6,,,,,1.0,,other,,powder,30.0,0.0
42,30%,30.0,28.0,1.2,,True,True,,sheet1,57.02,21.32,10.93,3.45,2.54,1.17,,,,,,75.0,,86.4,,,,,,,0.6,,,,,1.0,,other,,powder,30.0,0.0
42,30%,30.0,28.0,1.3,,True,True,,sheet1,57.02,21.32,10.93,3.45,2.54,1.17,,,,,,75.0,,86.4,,,,,,,0.6,,,,,1.0,,other,,powder,30.0,0.0
42,RPFC30-II,30.0,,1.2,,True,False,,matrix,57.02,21.32,10.93,3.45,2.54,1.17,,,,,,75.0,,86.4,,,,,,,0.6,,,,,1.0,,other,,powder,30.0,0.0
42,RPFC30-1,30.0,,1.32,,True,False,,matrix,57.02,21.32,10.93,3.45,2.54,1.17,,,,,,75.0,,86.4,,,,,,,0.6,,,,,1.0,,other,,powder,30.0,0.0
42,40%,40.0,28.0,0.8,,True,True,,sheet1,57.02,21.32,10.93,3.45,2.54,1.17,,,,,,75.0,,86.4,,,,,,,0.6,,,,,1.0,,other,,powder,30.0,0.0
42,40%,40.0,28.0,0.9,,True,True,,sheet1,57.02,21.32,10.93,3.45,2.54,1.17,,,,,,75.0,,86.4,,,,,,,0.6,,,,,1.0,,other,,powder,30.0,0.0
42,RPFC40-II,40.0,,0.76,,True,False,,matrix,57.02,21.32,10.93,3.45,2.54,1.17,,,,,,75.0,,86.4,,,,,,,0.6,,,,,1.0,,other,,powder,30.0,0.0
42,RPFC40-1,40.0,,0.88,,True,False,,matrix,57.02,21.32,10.93,3.45,2.54,1.17,,,,,,75.0,,86.4,,,,,,,0.6,,,,,1.0,,other,,powder,30.0,0.0
43,FRAC,0.0,,2.22,,False,False,,matrix,57.01,21.3,10.93,3.45,1.82,1.17,1.58,2.22,,,,,,,,,,,,,0.45,,,30.0,,,mechanical,combined,,powder,10.0,
43,FCRAC,0.0,,2.71,,False,False,,matrix,57.01,21.3,10.93,3.45,1.82,1.17,1.58,2.22,,,,,,,,,,,,,0.45,,,30.0,,,mechanical,combined,,powder,10.0,
43,FFRAC,0.0,,2.83,,False,False,,matrix,57.01,21.3,10.93,3.45,1.82,1.17,1.58,2.22,,,,,,,,,,,,,0.45,,,30.0,,,mechanical,combined,,powder,10.0,
43,NAC,0.0,,3.63,,False,False,,matrix,57.01,21.3,10.93,3.45,1.82,1.17,1.58,2.22,,,,,,,,,,,,,0.45,,,30.0,,,mechanical,combined,,powder,10.0,
43,FFRAC,0.0,,57.9,,False,False,,matrix,57.01,21.3,10.93,3.45,1.82,1.17,1.58,2.22,,,,,,,,,,,,,0.45,,,30.0,,,mechanical,combined,,powder,10.0,
43,for 0% RP control,0.0,,58.3,,False,False,,sheet1,57.01,21.3,10.93,3.45,1.82,1.17,1.58,2.22,,,,,,,,,,,,,0.45,,,30.0,,,mechanical,combined,,powder,10.0,
43,FCRAC,0.0,,64.6,,False,False,,matrix,57.01,21.3,10.93,3.45,1.82,1.17,1.58,2.22,,,,,,,,,,,,,0.45,,,30.0,,,mechanical,combined,,powder,10.0,
43,NAC,0.0,,67.6,,False,False,,matrix,57.01,21.3,10.93,3.45,1.82,1.17,1.58,2.22,,,,,,,,,,,,,0.45,,,30.0,,,mechanical,combined,,powder,10.0,
43,FRAC-10,10.0,,2.19,,False,False,Mechanical activation,matrix,57.01,21.3,10.93,3.45,1.82,1.17,1.58,2.22,,,,,,,,,,,,,0.45,,,30.0,,,mechanical,combined,,powder,10.0,
43,for 10% RP,10.0,,58.4,,False,False,,sheet1,57.01,21.3,10.93,3.45,1.82,1.17,1.58,2.22,,,,,,,,,,,,,0.45,,,30.0,,,mechanical,combined,,powder,10.0,
43,FRAC-20,20.0,,2.08,,False,False,Mechanical activation,matrix,57.01,21.3,10.93,3.45,1.82,1.17,1.58,2.22,,,,,,,,,,,,,0.45,,,30.0,,,mechanical,combined,,powder,10.0,
43,for 20% RP,20.0,,56.9,,False,False,,sheet1,57.01,21.3,10.93,3.45,1.82,1.17,1.58,2.22,,,,,,,,,,,,,0.45,,,30.0,,,mechanical,combined,,powder,10.0,
43,FRAC-30,30.0,,1.95,,False,False,Mechanical activation,matrix,57.01,21.3,10.93,3.45,1.82,1.17,1.58,2.22,,,,,,,,,,,,,0.45,,,30.0,,,mechanical,combined,,powder,10.0,
43,for 30% RP,30.0,,52.7,,False,False,,sheet1,57.01,21.3,10.93,3.45,1.82,1.17,1.58,2.22,,,,,,,,,,,,,0.45,,,30.0,,,mechanical,combined,,powder,10.0,
44,Mref,0.0,7.0,82.0,,True,True,,matrix,17.08,11.39,1.89,0.57,0.53,0.4,,0.22,67.58,,1.78,14.2,44.7,,,,,12.033333333333333,2.33,,0.415,,,,,0.0,,combined,,fines,10.0,10.0
44,Mref,0.0,7.0,88.0,,True,True,,matrix,17.08,11.39,1.89,0.57,0.53,0.4,,0.22,67.58,,1.78,14.2,44.7,,,,,12.033333333333333,2.33,,0.415,,,,,0.0,,combined,,fines,10.0,10.0
44,Mref,0.0,7.0,92.0,,True,True,,matrix,17.08,11.39,1.89,0.57,0.53,0.4,,0.22,67.58,,1.78,14.2,44.7,,,,,12.033333333333333,2.33,,0.415,,,,,0.0,,combined,,fines,10.0,10.0
44,MSF10,10.0,7.0,74.0,,True,True,,sheet1,17.08,11.39,1.89,0.57,0.53,0.4,,0.22,67.58,,1.78,14.2,44.7,,,,,12.033333333333333,2.33,,0.415,,,,,0.0,,combined,,fines,10.0,10.0
44,MSF 10 / MSF10,10.0,7.0,89.0,,True,True,,matrix,17.08,11.39,1.89,0.57,0.53,0.4,,0.22,67.58,,1.78,14.2,44.7,,,,,12.033333333333333,2.33,,0.415,,,,,0.0,,combined,,fines,10.0,10.0
44,MSF 10 / MSF10,10.0,7.0,92.0,,True,True,,matrix,17.08,11.39,1.89,0.57,0.53,0.4,,0.22,67.58,,1.78,14.2,44.7,,,,,12.033333333333333,2.33,,0.415,,,,,0.0,,combined,,fines,10.0,10.0
44,MSF10,10.0,28.0,89.0,,True,True,,sheet1,17.08,11.39,1.89,0.57,0.53,0.4,,0.22,67.58,,1.78,14.2,44.7,,,,,12.033333333333333,2.33,,0.415,,,,,0.0,,combined,,fines,10.0,10.0
44,MSF10,10.0,56.0,92.0,,True,True,,sheet1,17.08,11.39,1.89,0.57,0.53,0.4,,0.22,67.58,,1.78,14.2,44.7,,,,,12.033333333333333,2.33,,0.415,,,,,0.0,,combined,,fines,10.0,10.0
44,MSF20,20.0,7.0,54.0,,True,True,,sheet1,17.08,11.39,1.89,0.57,0.53,0.4,,0.22,67.58,,1.78,14.2,44.7,,,,,12.033333333333333,2.33,,0.415,,,,,0.0,,combined,,fines,10.0,10.0
44,MSF 20 / MSF20,20.0,7.0,71.0,,True,True,,matrix,17.08,11.39,1.89,0.57,0.53,0.4,,0.22,67.58,,1.78,14.2,44.7,,,,,12.033333333333333,2.33,,0.415,,,,,0.0,,combined,,fines,10.0,10.0
44,MSF 20 / MSF20,20.0,7.0,74.0,,True,True,,matrix,17.08,11.39,1.89,0.57,0.53,0.4,,0.22,67.58,,1.78,14.2,44.7,,,,,12.033333333333333,2.33,,0.415,,,,,0.0,,combined,,fines,10.0,10.0
44,MSF20,20.0,28.0,71.0,,True,True,,sheet1,17.08,11.39,1.89,0.57,0.53,0.4,,0.22,67.58,,1.78,14.2,44.7,,,,,12.033333333333333,2.33,,0.415,,,,,0.0,,combined,,fines,10.0,10.0
44,MSF20,20.0,56.0,74.0,,True,True,,sheet1,17.08,11.39,1.89,0.57,0.53,0.4,,0.22,67.58,,1.78,14.2,44.7,,,,,12.033333333333333,2.33,,0.415,,,,,0.0,,combined,,fines,10.0,10.0
44,MSF30,30.0,7.0,51.0,,True,True,,sheet1,17.08,11.39,1.89,0.57,0.53,0.4,,0.22,67.58,,1.78,14.2,44.7,,,,,12.033333333333333,2.33,,0.415,,,,,0.0,,combined,,fines,10.0,10.0
44,MSF 30 / MSF30,30.0,7.0,59.0,,True,True,,matrix,17.08,11.39,1.89,0.57,0.53,0.4,,0.22,67.58,,1.78,14.2,44.7,,,,,12.033333333333333,2.33,,0.415,,,,,0.0,,combined,,fines,10.0,10.0
44,MSF 30 / MSF30,30.0,7.0,65.0,,True,True,,matrix,17.08,11.39,1.89,0.57,0.53,0.4,,0.22,67.58,,1.78,14.2,44.7,,,,,12.033333333333333,2.33,,0.415,,,,,0.0,,combined,,fines,10.0,10.0
44,MSF30,30.0,28.0,59.0,,True,True,,sheet1,17.08,11.39,1.89,0.57,0.53,0.4,,0.22,67.58,,1.78,14.2,44.7,,,,,12.033333333333333,2.33,,0.415,,,,,0.0,,combined,,fines,10.0,10.0
44,MSF30,30.0,56.0,65.0,,True,True,,sheet1,17.08,11.39,1.89,0.57,0.53,0.4,,0.22,67.58,,1.78,14.2,44.7,,,,,12.033333333333333,2.33,,0.415,,,,,0.0,,combined,,fines,10.0,10.0
46,RGP0,0.0,,14.56,,False,False,,matrix,,,,,,,,,,,,,,,,,,,,,,,,,,2.0,,combined,,fines,30.0,
46,RGP0,0.0,,42.3,,False,False,,sheet1,,,,,,,,,,,,,,,,,,,,,,,,,,2.0,,combined,,fines,30.0,
46,RGP10,10.0,,14.02,,False,False,,matrix,,,,,,,,,,,,,,,,,,,,,,,,,,2.0,,combined,,fines,30.0,
46,RGP10,10.0,,42.2,,False,False,,sheet1,,,,,,,,,,,,,,,,,,,,,,,,,,2.0,,combined,,fines,30.0,
46,RGP20,20.0,,12.4,,False,False,,matrix,,,,,,,,,,,,,,,,,,,,,,,,,,2.0,,combined,,fines,30.0,
46,RGP20,20.0,,36.7,,False,False,,sheet1,,,,,,,,,,,,,,,,,,,,,,,,,,2.0,,combined,,fines,30.0,
46,PS 300,30.0,,7.64,,False,False,,matrix,,,,,,,,,,,,,,,,,,,,,,,,,,2.0,,combined,,fines,30.0,
46,Fibre1.25,30.0,,9.09,,False,False,,matrix,,,,,,,,,,,,,,,,,,,,,,,,,,2.0,,combined,,fines,30.0,
46,PS150,30.0,,9.61,,False,False,,matrix,,,,,,,,,,,,,,,,,,,,,,,,,,2.0,,combined,,fines,30.0,
46,FibreL6,30.0,,9.9,,False,False,,matrix,,,,,,,,,,,,,,,,,,,,,,,,,,2.0,,combined,,fines,30.0,
46,FibreL12,30.0,,9.92,,False,False,,matrix,,,,,,,,,,,,,,,,,,,,,,,,,,2.0,,combined,,fines,30.0,
46,Fibre1.5,30.0,,9.95,,False,False,,matrix,,,,,,,,,,,,,,,,,,,,,,,,,,2.0,,combined,,fines,30.0,
46,Fibre1.75,30.0,,10.96,,False,False,,matrix,,,,,,,,,,,,,,,,,,,,,,,,,,2.0,,combined,,fines,30.0,
46,RGP30,30.0,,11.24,,False,False,,matrix,,,,,,,,,,,,,,,,,,,,,,,,,,2.0,,combined,,fines,30.0,
46,PS 300,30.0,,26.6,,False,False,,matrix,,,,,,,,,,,,,,,,,,,,,,,,,,2.0,,combined,,fines,30.0,
46,FibreL6,30.0,,28.6,,False,False,,matrix,,,,,,,,,,,,,,,,,,,,,,,,,,2.0,,combined,,fines,30.0,
46,Fibre1.25,30.0,,29.3,,False,False,,matrix,,,,,,,,,,,,,,,,,,,,,,,,,,2.0,,combined,,fines,30.0,
46,PS150,30.0,,29.4,,False,False,,matrix,,,,,,,,,,,,,,,,,,,,,,,,,,2.0,,combined,,fines,30.0,
46,FibreL12,30.0,,31.1,,False,False,,matrix,,,,,,,,,,,,,,,,,,,,,,,,,,2.0,,combined,,fines,30.0,
46,Fibre1.5,30.0,,31.2,,False,False,,matrix,,,,,,,,,,,,,,,,,,,,,,,,,,2.0,,combined,,fines,30.0,
46,RGP30,30.0,,32.4,,False,False,,sheet1,,,,,,,,,,,,,,,,,,,,,,,,,,2.0,,combined,,fines,30.0,
46,Fibre1.75,30.0,,33.4,,False,False,,matrix,,,,,,,,,,,,,,,,,,,,,,,,,,2.0,,combined,,fines,30.0,
47,,15.0,1.0,9.0,,False,True,,sheet1,48.69,30.94,9.0,4.35,2.73,1.04,0.94,1.81,17.13,,,25.29,,,2339.5,,351.0,,2.5,,0.5,,,,,1.0,,crushing,mixed,powder,15.0,15.0
47,,15.0,3.0,23.3,,False,True,,sheet1,48.69,30.94,9.0,4.35,2.73,1.04,0.94,1.81,17.13,,,25.29,,,2339.5,,351.0,,2.5,,0.5,,,,,1.0,,crushing,mixed,powder,15.0,15.0
47,,15.0,7.0,35.5,,False,True,,sheet1,48.69,30.94,9.0,4.35,2.73,1.04,0.94,1.81,17.13,,,25.29,,,2339.5,,351.0,,2.5,,0.5,,,,,1.0,,crushing,mixed,powder,15.0,15.0
47,,15.0,28.0,48.0,,False,True,,sheet1,48.69,30.94,9.0,4.35,2.73,1.04,0.94,1.81,17.13,,,25.29,,,2339.5,,351.0,,2.5,,0.5,,,,,1.0,,crushing,mixed,powder,15.0,15.0
47,,15.0,56.0,59.0,,False,True,,sheet1,48.69,30.94,9.0,4.35,2.73,1.04,0.94,1.81,17.13,,,25.29,,,2339.5,,351.0,,2.5,,0.5,,,,,1.0,,crushing,mixed,powder,15.0,15.0
47,,30.0,3.0,17.7,,False,True,,sheet1,48.69,30.94,9.0,4.35,2.73,1.04,0.94,1.81,17.13,,,25.29,,,2339.5,,351.0,,2.5,,0.5,,,,,1.0,,crushing,mixed,powder,15.0,15.0
47,,30.0,7.0,27.3,,False,True,,sheet1,48.69,30.94,9.0,4.35,2.73,1.04,0.94,1.81,17.13,,,25.29,,,2339.5,,351.0,,2.5,,0.5,,,,,1.0,,crushing,mixed,powder,15.0,15.0
47,,30.0,28.0,35.5,,False,True,,sheet1,48.69,30.94,9.0,4.35,2.73,1.04,0.94,1.81,17.13,,,25.29,,,2339.5,,351.0,,2.5,,0.5,,,,,1.0,,crushing,mixed,powder,15.0,15.0
47,RCP30,30.0,56.0,6.3,,False,True,,sheet1,48.69,30.94,9.0,4.35,2.73,1.04,0.94,1.81,17.13,,,25.29,,,2339.5,,351.0,,2.5,,0.5,,,,,1.0,,crushing,mixed,powder,15.0,15.0
47,,30.0,56.0,42.7,,False,True,,sheet1,48.69,30.94,9.0,4.35,2.73,1.04,0.94,1.81,17.13,,,25.29,,,2339.5,,351.0,,2.5,,0.5,,,,,1.0,,crushing,mixed,powder,15.0,15.0
47,,45.0,3.0,9.7,,False,True,,sheet1,48.69,30.94,9.0,4.35,2.73,1.04,0.94,1.81,17.13,,,25.29,,,2339.5,,351.0,,2.5,,0.5,,,,,1.0,,crushing,mixed,powder,15.0,15.0
47,,45.0,7.0,16.2,,False,True,,sheet1,48.69,30.94,9.0,4.35,2.73,1.04,0.94,1.81,17.13,,,25.29,,,2339.5,,351.0,,2.5,,0.5,,,,,1.0,,crushing,mixed,powder,15.0,15.0
47,,45.0,28.0,19.8,,False,True,,sheet1,48.69,30.94,9.0,4.35,2.73,1.04,0.94,1.81,17.13,,,25.29,,,2339.5,,351.0,,2.5,,0.5,,,,,1.0,,crushing,mixed,powder,15.0,15.0
47,RCP45,45.0,56.0,3.5,,False,True,,sheet1,48.69,30.94,9.0,4.35,2.73,1.04,0.94,1.81,17.13,,,25.29,,,2339.5,,351.0,,2.5,,0.5,,,,,1.0,,crushing,mixed,powder,15.0,15.0
47,,45.0,56.0,34.0,,False,True,,sheet1,48.69,30.94,9.0,4.35,2.73,1.04,0.94,1.81,17.13,,,25.29,,,2339.5,,351.0,,2.5,,0.5,,,,,1.0,,crushing,mixed,powder,15.0,15.0
48,,0.0,,14.5,0.5,True,False,,sheet1,39.46666666666667,37.596666666666664,9.413333333333332,5.18,1.9000000000000001,1.9266666666666667,1.1466666666666667,1.2133333333333334,15.366666666666667,,5.2299999999999995,39.233333333333334,86.63333333333333,,,11818.333333333334,,,2.48,,0.45,,,,,,,combined,calcite,powder,10.0,
48,RFP10,8.0,,15.2,,True,False,,matrix,39.46666666666667,37.596666666666664,9.413333333333332,5.18,1.9000000000000001,1.9266666666666667,1.1466666666666667,1.2133333333333334,15.366666666666667,,5.2299999999999995,39.233333333333334,86.63333333333333,,,11818.333333333334,,,2.48,,0.45,,,,,,,combined,calcite,powder,10.0,
48,RCP10,8.2,,12.3,,True,False,,matrix,39.46666666666667,37.596666666666664,9.413333333333332,5.18,1.9000000000000001,1.9266666666666667,1.1466666666666667,1.2133333333333334,15.366666666666667,,5.2299999999999995,39.233333333333334,86.63333333333333,,,11818.333333333334,,,2.48,,0.45,,,,,,,combined,calcite,powder,10.0,
48,RMP10,8.2,,12.5,,True,False,,matrix,39.46666666666667,37.596666666666664,9.413333333333332,5.18,1.9000000000000001,1.9266666666666667,1.1466666666666667,1.2133333333333334,15.366666666666667,,5.2299999999999995,39.233333333333334,86.63333333333333,,,11818.333333333334,,,2.48,,0.45,,,,,,,combined,calcite,powder,10.0,
48,,10.0,,12.3,0.5,True,False,,sheet1,39.46666666666667,37.596666666666664,9.413333333333332,5.18,1.9000000000000001,1.9266666666666667,1.1466666666666667,1.2133333333333334,15.366666666666667,,5.2299999999999995,39.233333333333334,86.63333333333333,,,11818.333333333334,,,2.48,,0.45,,,,,,,combined,calcite,powder,10.0,
48,,10.0,,12.5,0.5,True,False,,sheet1,39.46666666666667,37.596666666666664,9.413333333333332,5.18,1.9000000000000001,1.9266666666666667,1.1466666666666667,1.2133333333333334,15.366666666666667,,5.2299999999999995,39.233333333333334,86.63333333333333,,,11818.333333333334,,,2.48,,0.45,,,,,,,combined,calcite,powder,10.0,
48,,10.0,,15.2,0.5,True,False,,sheet1,39.46666666666667,37.596666666666664,9.413333333333332,5.18,1.9000000000000001,1.9266666666666667,1.1466666666666667,1.2133333333333334,15.366666666666667,,5.2299999999999995,39.233333333333334,86.63333333333333,,,11818.333333333334,,,2.48,,0.45,,,,,,,combined,calcite,powder,10.0,
48,RFP20,16.1,,13.1,,True,False,,matrix,39.46666666666667,37.596666666666664,9.413333333333332,5.18,1.9000000000000001,1.9266666666666667,1.1466666666666667,1.2133333333333334,15.366666666666667,,5.2299999999999995,39.233333333333334,86.63333333333333,,,11818.333333333334,,,2.48,,0.45,,,,,,,combined,calcite,powder,10.0,
48,RCP20,16.5,,11.2,,True,False,,matrix,39.46666666666667,37.596666666666664,9.413333333333332,5.18,1.9000000000000001,1.9266666666666667,1.1466666666666667,1.2133333333333334,15.366666666666667,,5.2299999999999995,39.233333333333334,86.63333333333333,,,11818.333333333334,,,2.48,,0.45,,,,,,,combined,calcite,powder,10.0,
48,RMP20,16.5,,11.8,,True,False,,matrix,39.46666666666667,37.596666666666664,9.413333333333332,5.18,1.9000000000000001,1.9266666666666667,1.1466666666666667,1.2133333333333334,15.366666666666667,,5.2299999999999995,39.233333333333334,86.63333333333333,,,11818.333333333334,,,2.48,,0.45,,,,,,,combined,calcite,powder,10.0,
48,,20.0,,11.2,0.5,True,False,,sheet1,39.46666666666667,37.596666666666664,9.413333333333332,5.18,1.9000000000000001,1.9266666666666667,1.1466666666666667,1.2133333333333334,15.366666666666667,,5.2299999999999995,39.233333333333334,86.63333333333333,,,11818.333333333334,,,2.48,,0.45,,,,,,,combined,calcite,powder,10.0,
48,,20.0,,11.8,0.5,True,False,,sheet1,39.46666666666667,37.596666666666664,9.413333333333332,5.18,1.9000000000000001,1.9266666666666667,1.1466666666666667,1.2133333333333334,15.366666666666667,,5.2299999999999995,39.233333333333334,86.63333333333333,,,11818.333333333334,,,2.48,,0.45,,,,,,,combined,calcite,powder,10.0,
48,,20.0,,13.1,0.5,True,False,,sheet1,39.46666666666667,37.596666666666664,9.413333333333332,5.18,1.9000000000000001,1.9266666666666667,1.1466666666666667,1.2133333333333334,15.366666666666667,,5.2299999999999995,39.233333333333334,86.63333333333333,,,11818.333333333334,,,2.48,,0.45,,,,,,,combined,calcite,powder,10.0,
48,RFP30,24.1,,10.2,,True,False,,matrix,39.46666666666667,37.596666666666664,9.413333333333332,5.18,1.9000000000000001,1.9266666666666667,1.1466666666666667,1.2133333333333334,15.366666666666667,,5.2299999999999995,39.233333333333334,86.63333333333333,,,11818.333333333334,,,2.48,,0.45,,,,,,,combined,calcite,powder,10.0,
48,RCP30,24.7,,9.8,,True,False,,matrix,39.46666666666667,37.596666666666664,9.413333333333332,5.18,1.9000000000000001,1.9266666666666667,1.1466666666666667,1.2133333333333334,15.366666666666667,,5.2299999999999995,39.233333333333334,86.63333333333333,,,11818.333333333334,,,2.48,,0.45,,,,,,,combined,calcite,powder,10.0,
48,RMP30,24.7,,10.1,,True,False,,matrix,39.46666666666667,37.596666666666664,9.413333333333332,5.18,1.9000000000000001,1.9266666666666667,1.1466666666666667,1.2133333333333334,15.366666666666667,,5.2299999999999995,39.233333333333334,86.63333333333333,,,11818.333333333334,,,2.48,,0.45,,,,,,,combined,calcite,powder,10.0,
48,,30.0,,9.8,0.5,True,False,,sheet1,39.46666666666667,37.596666666666664,9.413333333333332,5.18,1.9000000000000001,1.9266666666666667,1.1466666666666667,1.2133333333333334,15.366666666666667,,5.2299999999999995,39.233333333333334,86.63333333333333,,,11818.333333333334,,,2.48,,0.45,,,,,,,combined,calcite,powder,10.0,
48,,30.0,,10.1,0.5,True,False,,sheet1,39.46666666666667,37.596666666666664,9.413333333333332,5.18,1.9000000000000001,1.9266666666666667,1.1466666666666667,1.2133333333333334,15.366666666666667,,5.2299999999999995,39.233333333333334,86.63333333333333,,,11818.333333333334,,,2.48,,0.45,,,,,,,combined,calcite,powder,10.0,
48,,30.0,,10.2,0.5,True,False,,sheet1,39.46666666666667,37.596666666666664,9.413333333333332,5.18,1.9000000000000001,1.9266666666666667,1.1466666666666667,1.2133333333333334,15.366666666666667,,5.2299999999999995,39.233333333333334,86.63333333333333,,,11818.333333333334,,,2.48,,0.45,,,,,,,combined,calcite,powder,10.0,
49,Ref,0.0,,54.9,,False,False,,matrix,,,,,,,,,6.412499999999999,,3.5,13.666666666666666,59.0,,234.60000000000002,,,,,2478.8888888888887,,,,10.0,600.0,0.0,,combined,,powder,,
49,R4 - 10%,10.0,,39.0,,False,False,Mechanical Grinding,matrix,,,,,,,,,6.412499999999999,,3.5,13.666666666666666,59.0,,234.60000000000002,,,,,2478.8888888888887,,,,10.0,600.0,0.0,,combined,,powder,,
49,R5 - 10%,10.0,,40.8,,False,False,Mechanical Grinding,matrix,,,,,,,,,6.412499999999999,,3.5,13.666666666666666,59.0,,234.60000000000002,,,,,2478.8888888888887,,,,10.0,600.0,0.0,,combined,,powder,,
49,R2 - 10%,10.0,,43.4,,False,False,Mechanical Grinding,matrix,,,,,,,,,6.412499999999999,,3.5,13.666666666666666,59.0,,234.60000000000002,,,,,2478.8888888888887,,,,10.0,600.0,0.0,,combined,,powder,,
49,R6 - 10%,10.0,,43.7,,False,False,Mechanical Grinding,matrix,,,,,,,,,6.412499999999999,,3.5,13.666666666666666,59.0,,234.60000000000002,,,,,2478.8888888888887,,,,10.0,600.0,0.0,,combined,,powder,,
49,R3 - 10%,10.0,,44.1,,False,False,Mechanical Grinding,matrix,,,,,,,,,6.412499999999999,,3.5,13.666666666666666,59.0,,234.60000000000002,,,,,2478.8888888888887,,,,10.0,600.0,0.0,,combined,,powder,,
49,L - 10%,10.0,,45.1,,False,False,,matrix,,,,,,,,,6.412499999999999,,3.5,13.666666666666666,59.0,,234.60000000000002,,,,,2478.8888888888887,,,,10.0,600.0,0.0,,combined,,powder,,
49,10%,10.0,,47.2,,False,False,,sheet1,,,,,,,,,6.412499999999999,,3.5,13.666666666666666,59.0,,234.60000000000002,,,,,2478.8888888888887,,,,10.0,600.0,0.0,,combined,,powder,,
49,20%,20.0,,32.7,,False,False,,sheet1,,,,,,,,,6.412499999999999,,3.5,13.666666666666666,59.0,,234.60000000000002,,,,,2478.8888888888887,,,,10.0,600.0,0.0,,combined,,powder,,
49,20%,20.0,,34.5,,False,False,,sheet1,,,,,,,,,6.412499999999999,,3.5,13.666666666666666,59.0,,234.60000000000002,,,,,2478.8888888888887,,,,10.0,600.0,0.0,,combined,,powder,,
49,20%,20.0,,36.6,,False,False,,sheet1,,,,,,,,,6.412499999999999,,3.5,13.666666666666666,59.0,,234.60000000000002,,,,,2478.8888888888887,,,,10.0,600.0,0.0,,combined,,powder,,
49,20%,20.0,,38.1,,False,False,,sheet1,,,,,,,,,6.412499999999999,,3.5,13.666666666666666,59.0,,234.60000000000002,,,,,2478.8888888888887,,,,10.0,600.0,0.0,,combined,,powder,,
49,20%,20.0,,38.7,,False,False,,sheet1,,,,,,,,,6.412499999999999,,3.5,13.666666666666666,59.0,,234.60000000000002,,,,,2478.8888888888887,,,,10.0,600.0,0.0,,combined,,powder,,
49,L - 20%,20.0,,40.8,,False,False,,matrix,,,,,,,,,6.412499999999999,,3.5,13.666666666666666,59.0,,234.60000000000002,,,,,2478.8888888888887,,,,10.0,600.0,0.0,,combined,,powder,,
49,20%,20.0,,41.3,,False,False,,sheet1,,,,,,,,,6.412499999999999,,3.5,13.666666666666666,59.0,,234.60000000000002,,,,,2478.8888888888887,,,,10.0,600.0,0.0,,combined,,powder,,
49,30%,30.0,,26.7,,False,False,,sheet1,,,,,,,,,6.412499999999999,,3.5,13.666666666666666,59.0,,234.60000000000002,,,,,2478.8888888888887,,,,10.0,600.0,0.0,,combined,,powder,,
49,30%,30.0,,28.2,,False,False,,sheet1,,,,,,,,,6.412499999999999,,3.5,13.666666666666666,59.0,,234.60000000000002,,,,,2478.8888888888887,,,,10.0,600.0,0.0,,combined,,powder,,
49,30%,30.0,,30.4,,False,False,,sheet1,,,,,,,,,6.412499999999999,,3.5,13.666666666666666,59.0,,234.60000000000002,,,,,2478.8888888888887,,,,10.0,600.0,0.0,,combined,,powder,,
49,30%,30.0,,31.5,,False,False,,sheet1,,,,,,,,,6.412499999999999,,3.5,13.666666666666666,59.0,,234.60000000000002,,,,,2478.8888888888887,,,,10.0,600.0,0.0,,combined,,powder,,
49,L - 30%,30.0,,33.7,,False,False,,matrix,,,,,,,,,6.412499999999999,,3.5,13.666666666666666,59.0,,234.60000000000002,,,,,2478.8888888888887,,,,10.0,600.0,0.0,,combined,,powder,,
49,30%,30.0,,33.9,,False,False,,sheet1,,,,,,,,,6.412499999999999,,3.5,13.666666666666666,59.0,,234.60000000000002,,,,,2478.8888888888887,,,,10.0,600.0,0.0,,combined,,powder,,
49,30%,30.0,,34.2,,False,False,,sheet1,,,,,,,,,6.412499999999999,,3.5,13.666666666666666,59.0,,234.60000000000002,,,,,2478.8888888888887,,,,10.0,600.0,0.0,,combined,,powder,,
49,R4,30.0,,39.0,,False,False,,sheet1,,,,,,,,,6.412499999999999,,3.5,13.666666666666666,59.0,,234.60000000000002,,,,,2478.8888888888887,,,,10.0,600.0,0.0,,combined,,powder,,
49,R5,30.0,,40.8,,False,False,,sheet1,,,,,,,,,6.412499999999999,,3.5,13.666666666666666,59.0,,234.60000000000002,,,,,2478.8888888888887,,,,10.0,600.0,0.0,,combined,,powder,,
49,R2,30.0,,43.4,,False,False,,sheet1,,,,,,,,,6.412499999999999,,3.5,13.666666666666666,59.0,,234.60000000000002,,,,,2478.8888888888887,,,,10.0,600.0,0.0,,combined,,powder,,
49,R6,30.0,,43.7,,False,False,,sheet1,,,,,,,,,6.412499999999999,,3.5,13.666666666666666,59.0,,234.60000000000002,,,,,2478.8888888888887,,,,10.0,600.0,0.0,,combined,,powder,,
49,R3,30.0,,44.1,,False,False,,sheet1,,,,,,,,,6.412499999999999,,3.5,13.666666666666666,59.0,,234.60000000000002,,,,,2478.8888888888887,,,,10.0,600.0,0.0,,combined,,powder,,
50,Reference,0.0,,34.7,,False,False,,matrix,17.44,22.82166666666667,5.178333333333334,5.191666666666667,1.581666666666667,1.6633333333333333,,2.4250000000000003,,,,,,,,,,,,2198.3333333333335,0.484,,,,,,,combined,,powder,15.0,
50,RCPM3-10,10.0,,16.2,,False,False,,sheet1,17.44,22.82166666666667,5.178333333333334,5.191666666666667,1.581666666666667,1.6633333333333333,,2.4250000000000003,,,,,,,,,,,,2198.3333333333335,0.484,,,,,,,combined,,powder,15.0,
50,RCPM2-10,10.0,,29.5,,False,False,,sheet1,17.44,22.82166666666667,5.178333333333334,5.191666666666667,1.581666666666667,1.6633333333333333,,2.4250000000000003,,,,,,,,,,,,2198.3333333333335,0.484,,,,,,,combined,,powder,15.0,
50,,10.0,,32.2,,False,False,,sheet1,17.44,22.82166666666667,5.178333333333334,5.191666666666667,1.581666666666667,1.6633333333333333,,2.4250000000000003,,,,,,,,,,,,2198.3333333333335,0.484,,,,,,,combined,,powder,15.0,
50,RCPM3-20,20.0,,15.4,,False,False,,sheet1,17.44,22.82166666666667,5.178333333333334,5.191666666666667,1.581666666666667,1.6633333333333333,,2.4250000000000003,,,,,,,,,,,,2198.3333333333335,0.484,,,,,,,combined,,powder,15.0,
50,RCPM2-20,20.0,,24.8,,False,False,,sheet1,17.44,22.82166666666667,5.178333333333334,5.191666666666667,1.581666666666667,1.6633333333333333,,2.4250000000000003,,,,,,,,,,,,2198.3333333333335,0.484,,,,,,,combined,,powder,15.0,
50,RCPM1-20,20.0,,29.5,,False,False,,sheet1,17.44,22.82166666666667,5.178333333333334,5.191666666666667,1.581666666666667,1.6633333333333333,,2.4250000000000003,,,,,,,,,,,,2198.3333333333335,0.484,,,,,,,combined,,powder,15.0,
50,RCPM3-30,30.0,,10.9,,False,False,,sheet1,17.44,22.82166666666667,5.178333333333334,5.191666666666667,1.581666666666667,1.6633333333333333,,2.4250000000000003,,,,,,,,,,,,2198.3333333333335,0.484,,,,,,,combined,,powder,15.0,
50,RCPM2-30,30.0,,22.4,,False,False,,sheet1,17.44,22.82166666666667,5.178333333333334,5.191666666666667,1.581666666666667,1.6633333333333333,,2.4250000000000003,,,,,,,,,,,,2198.3333333333335,0.484,,,,,,,combined,,powder,15.0,
50,RCPM1-30,30.0,,22.8,,False,False,,sheet1,17.44,22.82166666666667,5.178333333333334,5.191666666666667,1.581666666666667,1.6633333333333333,,2.4250000000000003,,,,,,,,,,,,2198.3333333333335,0.484,,,,,,,combined,,powder,15.0,
51,Cement,0.0,1.0,12.0,,False,True,,matrix,29.25,42.54,6.865,6.365,1.1199999999999999,1.22,0.2,4.404999999999999,16.42,37.1,3.089,13.08,44.589,,,7760.0,,10.55,,,0.45,,,,,1.0,,combined,mixed,powder,,
51,C/RCPI10,10.0,1.0,7.88,,False,True,,matrix,29.25,42.54,6.865,6.365,1.1199999999999999,1.22,0.2,4.404999999999999,16.42,37.1,3.089,13.08,44.589,,,7760.0,,10.55,,,0.45,,,,,1.0,,combined,mixed,powder,,
51,C/RCPII10,10.0,1.0,10.98,,False,True,,matrix,29.25,42.54,6.865,6.365,1.1199999999999999,1.22,0.2,4.404999999999999,16.42,37.1,3.089,13.08,44.589,,,7760.0,,10.55,,,0.45,,,,,1.0,,combined,mixed,powder,,
51,C/RCPI10,10.0,,7.88,,False,False,,sheet1,29.25,42.54,6.865,6.365,1.1199999999999999,1.22,0.2,4.404999999999999,16.42,37.1,3.089,13.08,44.589,,,7760.0,,10.55,,,0.45,,,,,1.0,,combined,mixed,powder,,
51,C/RCPII10,10.0,,10.98,,False,False,,sheet1,29.25,42.54,6.865,6.365,1.1199999999999999,1.22,0.2,4.404999999999999,16.42,37.1,3.089,13.08,44.589,,,7760.0,,10.55,,,0.45,,,,,1.0,,combined,mixed,powder,,
51,C/RCPI20,20.0,1.0,6.84,,False,True,,matrix,29.25,42.54,6.865,6.365,1.1199999999999999,1.22,0.2,4.404999999999999,16.42,37.1,3.089,13.08,44.589,,,7760.0,,10.55,,,0.45,,,,,1.0,,combined,mixed,powder,,
51,C/RCPII20,20.0,1.0,7.81,,False,True,,matrix,29.25,42.54,6.865,6.365,1.1199999999999999,1.22,0.2,4.404999999999999,16.42,37.1,3.089,13.08,44.589,,,7760.0,,10.55,,,0.45,,,,,1.0,,combined,mixed,powder,,
51,C/RCPI20,20.0,,6.84,,False,False,,sheet1,29.25,42.54,6.865,6.365,1.1199999999999999,1.22,0.2,4.404999999999999,16.42,37.1,3.089,13.08,44.589,,,7760.0,,10.55,,,0.45,,,,,1.0,,combined,mixed,powder,,
51,C/RCPII20,20.0,,7.81,,False,False,,sheet1,29.25,42.54,6.865,6.365,1.1199999999999999,1.22,0.2,4.404999999999999,16.42,37.1,3.089,13.08,44.589,,,7760.0,,10.55,,,0.45,,,,,1.0,,combined,mixed,powder,,
51,C/RCPI30,30.0,1.0,5.92,,False,True,,matrix,29.25,42.54,6.865,6.365,1.1199999999999999,1.22,0.2,4.404999999999999,16.42,37.1,3.089,13.08,44.589,,,7760.0,,10.55,,,0.45,,,,,1.0,,combined,mixed,powder,,
51,C/RCPII30,30.0,1.0,5.94,,False,True,,matrix,29.25,42.54,6.865,6.365,1.1199999999999999,1.22,0.2,4.404999999999999,16.42,37.1,3.089,13.08,44.589,,,7760.0,,10.55,,,0.45,,,,,1.0,,combined,mixed,powder,,
51,C/RCPI30,30.0,,5.92,,False,False,,sheet1,29.25,42.54,6.865,6.365,1.1199999999999999,1.22,0.2,4.404999999999999,16.42,37.1,3.089,13.08,44.589,,,7760.0,,10.55,,,0.45,,,,,1.0,,combined,mixed,powder,,
51,C/RCPII30,30.0,,5.94,,False,False,,sheet1,29.25,42.54,6.865,6.365,1.1199999999999999,1.22,0.2,4.404999999999999,16.42,37.1,3.089,13.08,44.589,,,7760.0,,10.55,,,0.45,,,,,1.0,,combined,mixed,powder,,
52,RAC,0.0,7.0,36.8,,True,True,,matrix,48.82,27.08,11.76,3.5,3.04,0.71,1.62,2.59,0.88,,,,,15.16,,,,,,,0.35,,,,,2.0,,milling,quartz,powder,11.0,0.0
52,RAC,0.0,28.0,43.2,,True,True,,matrix,48.82,27.08,11.76,3.5,3.04,0.71,1.62,2.59,0.88,,,,,15.16,,,,,,,0.35,,,,,2.0,,milling,quartz,powder,11.0,0.0
52,RAC,0.0,56.0,48.3,,True,True,,matrix,48.82,27.08,11.76,3.5,3.04,0.71,1.62,2.59,0.88,,,,,15.16,,,,,,,0.35,,,,,2.0,,milling,quartz,powder,11.0,0.0
52,RPAC1,5.5,7.0,33.6,,True,True,,matrix,48.82,27.08,11.76,3.5,3.04,0.71,1.62,2.59,0.88,,,,,15.16,,,,,,,0.35,,,,,2.0,,milling,quartz,powder,11.0,0.0
52,FPAC1,5.5,7.0,35.8,,True,True,Mechanical (Ball milling adhesion),matrix,48.82,27.08,11.76,3.5,3.04,0.71,1.62,2.59,0.88,,,,,15.16,,,,,,,0.35,,,,,2.0,,milling,quartz,powder,11.0,0.0
52,RPAC1,5.5,28.0,42.2,,True,True,,matrix,48.82,27.08,11.76,3.5,3.04,0.71,1.62,2.59,0.88,,,,,15.16,,,,,,,0.35,,,,,2.0,,milling,quartz,powder,11.0,0.0
52,FPAC1,5.5,28.0,43.1,,True,True,Mechanical (Ball milling adhesion),matrix,48.82,27.08,11.76,3.5,3.04,0.71,1.62,2.59,0.88,,,,,15.16,,,,,,,0.35,,,,,2.0,,milling,quartz,powder,11.0,0.0
52,RPAC1,5.5,56.0,47.7,,True,True,,matrix,48.82,27.08,11.76,3.5,3.04,0.71,1.62,2.59,0.88,,,,,15.16,,,,,,,0.35,,,,,2.0,,milling,quartz,powder,11.0,0.0
52,FPAC1,5.5,56.0,49.6,,True,True,Mechanical (Ball milling adhesion),matrix,48.82,27.08,11.76,3.5,3.04,0.71,1.62,2.59,0.88,,,,,15.16,,,,,,,0.35,,,,,2.0,,milling,quartz,powder,11.0,0.0
52,RPAC2,11.0,7.0,31.8,,True,True,,matrix,48.82,27.08,11.76,3.5,3.04,0.71,1.62,2.59,0.88,,,,,15.16,,,,,,,0.35,,,,,2.0,,milling,quartz,powder,11.0,0.0
52,RPAC2,11.0,28.0,38.0,,True,True,,matrix,48.82,27.08,11.76,3.5,3.04,0.71,1.62,2.59,0.88,,,,,15.16,,,,,,,0.35,,,,,2.0,,milling,quartz,powder,11.0,0.0
52,,11.0,28.0,44.75,,False,True,,sheet1,48.82,27.08,11.76,3.5,3.04,0.71,1.62,2.59,0.88,,,,,15.16,,,,,,,0.35,,,,,2.0,,milling,quartz,powder,11.0,0.0
52,RPAC2,11.0,56.0,44.6,,True,True,,matrix,48.82,27.08,11.76,3.5,3.04,0.71,1.62,2.59,0.88,,,,,15.16,,,,,,,0.35,,,,,2.0,,milling,quartz,powder,11.0,0.0
52,,11.0,56.0,51.85,,False,True,,sheet1,48.82,27.08,11.76,3.5,3.04,0.71,1.62,2.59,0.88,,,,,15.16,,,,,,,0.35,,,,,2.0,,milling,quartz,powder,11.0,0.0
52,RPAC3,16.5,7.0,27.5,,True,True,,matrix,48.82,27.08,11.76,3.5,3.04,0.71,1.62,2.59,0.88,,,,,15.16,,,,,,,0.35,,,,,2.0,,milling,quartz,powder,11.0,0.0
52,FPAC3,16.5,7.0,31.4,,True,True,Mechanical (Ball milling adhesion),matrix,48.82,27.08,11.76,3.5,3.04,0.71,1.62,2.59,0.88,,,,,15.16,,,,,,,0.35,,,,,2.0,,milling,quartz,powder,11.0,0.0
52,RPAC3,16.5,28.0,36.6,,True,True,,matrix,48.82,27.08,11.76,3.5,3.04,0.71,1.62,2.59,0.88,,,,,15.16,,,,,,,0.35,,,,,2.0,,milling,quartz,powder,11.0,0.0
52,FPAC3,16.5,28.0,42.1,,True,True,Mechanical (Ball milling adhesion),matrix,48.82,27.08,11.76,3.5,3.04,0.71,1.62,2.59,0.88,,,,,15.16,,,,,,,0.35,,,,,2.0,,milling,quartz,powder,11.0,0.0
52,RPAC3,16.5,56.0,41.9,,True,True,,matrix,48.82,27.08,11.76,3.5,3.04,0.71,1.62,2.59,0.88,,,,,15.16,,,,,,,0.35,,,,,2.0,,milling,quartz,powder,11.0,0.0
52,FPAC3,16.5,56.0,48.8,,True,True,Mechanical (Ball milling adhesion),matrix,48.82,27.08,11.76,3.5,3.04,0.71,1.62,2.59,0.88,,,,,15.16,,,,,,,0.35,,,,,2.0,,milling,quartz,powder,11.0,0.0
52,RPAC4,22.0,7.0,23.6,,True,True,,matrix,48.82,27.08,11.76,3.5,3.04,0.71,1.62,2.59,0.88,,,,,15.16,,,,,,,0.35,,,,,2.0,,milling,quartz,powder,11.0,0.0
52,FPAC4,22.0,7.0,28.6,,True,True,Mechanical (Ball milling adhesion),matrix,48.82,27.08,11.76,3.5,3.04,0.71,1.62,2.59,0.88,,,,,15.16,,,,,,,0.35,,,,,2.0,,milling,quartz,powder,11.0,0.0
52,RPAC4,22.0,28.0,31.0,,True,True,,matrix,48.82,27.08,11.76,3.5,3.04,0.71,1.62,2.59,0.88,,,,,15.16,,,,,,,0.35,,,,,2.0,,milling,quartz,powder,11.0,0.0
52,FPAC4,22.0,28.0,35.1,,True,True,Mechanical (Ball milling adhesion),matrix,48.82,27.08,11.76,3.5,3.04,0.71,1.62,2.59,0.88,,,,,15.16,,,,,,,0.35,,,,,2.0,,milling,quartz,powder,11.0,0.0
52,RPAC4,22.0,56.0,37.3,,True,True,,matrix,48.82,27.08,11.76,3.5,3.04,0.71,1.62,2.59,0.88,,,,,15.16,,,,,,,0.35,,,,,2.0,,milling,quartz,powder,11.0,0.0
52,FPAC4,22.0,56.0,42.1,,True,True,Mechanical (Ball milling adhesion),matrix,48.82,27.08,11.76,3.5,3.04,0.71,1.62,2.59,0.88,,,,,15.16,,,,,,,0.35,,,,,2.0,,milling,quartz,powder,11.0,0.0
53,C-Control,0.0,,43.5,,True,False,,matrix,,,,,,,,,,,,,,,,,,,,,0.5,700.0,2.0,30.0,,1.0,multiple,combined,quartz,powder,10.0,
53,C-10ARP-600C,10.0,,42.0,,True,False,Heat-Mechanical,matrix,,,,,,,,,,,,,,,,,,,,,0.5,700.0,2.0,30.0,,1.0,multiple,combined,quartz,powder,10.0,
53,C-10ARP-800C,10.0,,44.0,,True,False,Heat-Mechanical,matrix,,,,,,,,,,,,,,,,,,,,,0.5,700.0,2.0,30.0,,1.0,multiple,combined,quartz,powder,10.0,
53,C-20ARP-600C,20.0,,38.5,,True,False,Heat-Mechanical,matrix,,,,,,,,,,,,,,,,,,,,,0.5,700.0,2.0,30.0,,1.0,multiple,combined,quartz,powder,10.0,
53,C-20ARP-800C,20.0,,40.5,,True,False,Heat-Mechanical,matrix,,,,,,,,,,,,,,,,,,,,,0.5,700.0,2.0,30.0,,1.0,multiple,combined,quartz,powder,10.0,
53,C-30ARP-600C,30.0,,32.5,,True,False,Heat-Mechanical,matrix,,,,,,,,,,,,,,,,,,,,,0.5,700.0,2.0,30.0,,1.0,multiple,combined,quartz,powder,10.0,
53,C-30ARP-800C,30.0,,34.5,,True,False,Heat-Mechanical,matrix,,,,,,,,,,,,,,,,,,,,,0.5,700.0,2.0,30.0,,1.0,multiple,combined,quartz,powder,10.0,
54,Blended Cement Paste (w/b 0.55),30.0,,43.0,,True,False,Enforced / Wet / Dry Carbonation,matrix,,,,,,,,,,15.75,,,,12.0,30000.0,,,7.666666666666667,,,0.4166666666666667,100.0,,,,2.0,carbonation,combined,calcite,fines,30.0,
54,Blended Cement Paste (w/b 0.40),30.0,,50.0,,True,False,Enforced / Wet / Dry Carbonation,matrix,,,,,,,,,,15.75,,,,12.0,30000.0,,,7.666666666666667,,,0.4166666666666667,100.0,,,,2.0,carbonation,combined,calcite,fines,30.0,
54,Blended Cement Paste (w/b 0.30),30.0,,61.0,,True,False,Enforced / Wet / Dry Carbonation,matrix,,,,,,,,,,15.75,,,,12.0,30000.0,,,7.666666666666667,,,0.4166666666666667,100.0,,,,2.0,carbonation,combined,calcite,fines,30.0,
55,CP,0.0,1.0,17.94,,False,True,,matrix,34.32,36.76,8.94,5.22,,2.7,,1.76,8.47,,1.72,14.42,60.67,,,,,,2.68,,0.4,,,30.0,300.0,1.0,mechanical,combined,,powder,20.0,10.0
55,CP,0.0,1.0,42.29,,False,True,,matrix,34.32,36.76,8.94,5.22,,2.7,,1.76,8.47,,1.72,14.42,60.67,,,,,,2.68,,0.4,,,30.0,300.0,1.0,mechanical,combined,,powder,20.0,10.0
55,CP,0.0,1.0,47.53,,False,True,,matrix,34.32,36.76,8.94,5.22,,2.7,,1.76,8.47,,1.72,14.42,60.67,,,,,,2.68,,0.4,,,30.0,300.0,1.0,mechanical,combined,,powder,20.0,10.0
55,CP,0.0,1.0,57.46,,False,True,,matrix,34.32,36.76,8.94,5.22,,2.7,,1.76,8.47,,1.72,14.42,60.67,,,,,,2.68,,0.4,,,30.0,300.0,1.0,mechanical,combined,,powder,20.0,10.0
55,C10,10.0,1.0,13.55,,False,True,,sheet1,34.32,36.76,8.94,5.22,,2.7,,1.76,8.47,,1.72,14.42,60.67,,,,,,2.68,,0.4,,,30.0,300.0,1.0,mechanical,combined,,powder,20.0,10.0
55,C10,10.0,1.0,40.0,,False,True,Mechanical activation (ball mill grinding),matrix,34.32,36.76,8.94,5.22,,2.7,,1.76,8.47,,1.72,14.42,60.67,,,,,,2.68,,0.4,,,30.0,300.0,1.0,mechanical,combined,,powder,20.0,10.0
55,C10,10.0,1.0,45.78,,False,True,Mechanical activation (ball mill grinding),matrix,34.32,36.76,8.94,5.22,,2.7,,1.76,8.47,,1.72,14.42,60.67,,,,,,2.68,,0.4,,,30.0,300.0,1.0,mechanical,combined,,powder,20.0,10.0
55,C10,10.0,1.0,55.13,,False,True,Mechanical activation (ball mill grinding),matrix,34.32,36.76,8.94,5.22,,2.7,,1.76,8.47,,1.72,14.42,60.67,,,,,,2.68,,0.4,,,30.0,300.0,1.0,mechanical,combined,,powder,20.0,10.0
55,C10,10.0,7.0,40.0,,False,True,,sheet1,34.32,36.76,8.94,5.22,,2.7,,1.76,8.47,,1.72,14.42,60.67,,,,,,2.68,,0.4,,,30.0,300.0,1.0,mechanical,combined,,powder,20.0,10.0
55,C10,10.0,28.0,45.78,,False,True,,sheet1,34.32,36.76,8.94,5.22,,2.7,,1.76,8.47,,1.72,14.42,60.67,,,,,,2.68,,0.4,,,30.0,300.0,1.0,mechanical,combined,,powder,20.0,10.0
55,C10,10.0,120.0,55.13,,False,True,,sheet1,34.32,36.76,8.94,5.22,,2.7,,1.76,8.47,,1.72,14.42,60.67,,,,,,2.68,,0.4,,,30.0,300.0,1.0,mechanical,combined,,powder,20.0,10.0
55,C20,20.0,1.0,11.86,,False,True,,sheet1,34.32,36.76,8.94,5.22,,2.7,,1.76,8.47,,1.72,14.42,60.67,,,,,,2.68,,0.4,,,30.0,300.0,1.0,mechanical,combined,,powder,20.0,10.0
55,C20,20.0,1.0,32.94,,False,True,Mechanical activation (ball mill grinding),matrix,34.32,36.76,8.94,5.22,,2.7,,1.76,8.47,,1.72,14.42,60.67,,,,,,2.68,,0.4,,,30.0,300.0,1.0,mechanical,combined,,powder,20.0,10.0
55,C20,20.0,1.0,42.38,,False,True,Mechanical activation (ball mill grinding),matrix,34.32,36.76,8.94,5.22,,2.7,,1.76,8.47,,1.72,14.42,60.67,,,,,,2.68,,0.4,,,30.0,300.0,1.0,mechanical,combined,,powder,20.0,10.0
55,C20,20.0,1.0,50.93,,False,True,Mechanical activation (ball mill grinding),matrix,34.32,36.76,8.94,5.22,,2.7,,1.76,8.47,,1.72,14.42,60.67,,,,,,2.68,,0.4,,,30.0,300.0,1.0,mechanical,combined,,powder,20.0,10.0
55,C20,20.0,7.0,32.94,,False,True,,sheet1,34.32,36.76,8.94,5.22,,2.7,,1.76,8.47,,1.72,14.42,60.67,,,,,,2.68,,0.4,,,30.0,300.0,1.0,mechanical,combined,,powder,20.0,10.0
55,C20,20.0,28.0,42.38,,False,True,,sheet1,34.32,36.76,8.94,5.22,,2.7,,1.76,8.47,,1.72,14.42,60.67,,,,,,2.68,,0.4,,,30.0,300.0,1.0,mechanical,combined,,powder,20.0,10.0
55,C20,20.0,120.0,50.93,,False,True,,sheet1,34.32,36.76,8.94,5.22,,2.7,,1.76,8.47,,1.72,14.42,60.67,,,,,,2.68,,0.4,,,30.0,300.0,1.0,mechanical,combined,,powder,20.0,10.0
55,C30,30.0,1.0,10.23,,False,True,,sheet1,34.32,36.76,8.94,5.22,,2.7,,1.76,8.47,,1.72,14.42,60.67,,,,,,2.68,,0.4,,,30.0,300.0,1.0,mechanical,combined,,powder,20.0,10.0
55,C30,30.0,1.0,27.84,,False,True,Mechanical activation (ball mill grinding),matrix,34.32,36.76,8.94,5.22,,2.7,,1.76,8.47,,1.72,14.42,60.67,,,,,,2.68,,0.4,,,30.0,300.0,1.0,mechanical,combined,,powder,20.0,10.0
55,C30,30.0,1.0,35.38,,False,True,Mechanical activation (ball mill grinding),matrix,34.32,36.76,8.94,5.22,,2.7,,1.76,8.47,,1.72,14.42,60.67,,,,,,2.68,,0.4,,,30.0,300.0,1.0,mechanical,combined,,powder,20.0,10.0
55,C30,30.0,1.0,39.48,,False,True,Mechanical activation (ball mill grinding),matrix,34.32,36.76,8.94,5.22,,2.7,,1.76,8.47,,1.72,14.42,60.67,,,,,,2.68,,0.4,,,30.0,300.0,1.0,mechanical,combined,,powder,20.0,10.0
55,C30,30.0,7.0,27.84,,False,True,,sheet1,34.32,36.76,8.94,5.22,,2.7,,1.76,8.47,,1.72,14.42,60.67,,,,,,2.68,,0.4,,,30.0,300.0,1.0,mechanical,combined,,powder,20.0,10.0
55,C30,30.0,28.0,35.38,,False,True,,sheet1,34.32,36.76,8.94,5.22,,2.7,,1.76,8.47,,1.72,14.42,60.67,,,,,,2.68,,0.4,,,30.0,300.0,1.0,mechanical,combined,,powder,20.0,10.0
55,C30,30.0,120.0,39.48,,False,True,,sheet1,34.32,36.76,8.94,5.22,,2.7,,1.76,8.47,,1.72,14.42,60.67,,,,,,2.68,,0.4,,,30.0,300.0,1.0,mechanical,combined,,powder,20.0,10.0
56,,0.0,28.0,46.7,,False,True,,sheet1,23.150000000000002,10.5,6.3,7.266666666666666,2.733333333333333,1.8333333333333333,2.0500000000000003,1.9666666666666668,5.716666666666666,,,9.265,,15.777142857142858,,,2833.3333333333335,,2.524,,0.48,,,2.8333333333333335,500.0,1.0,mechanical,combined,,powder,8.5,0.0
56,,0.0,91.0,50.4,,False,True,,sheet1,23.150000000000002,10.5,6.3,7.266666666666666,2.733333333333333,1.8333333333333333,2.0500000000000003,1.9666666666666668,5.716666666666666,,,9.265,,15.777142857142858,,,2833.3333333333335,,2.524,,0.48,,,2.8333333333333335,500.0,1.0,mechanical,combined,,powder,8.5,0.0
56,,7.0,28.0,30.36,,False,True,,sheet1,23.150000000000002,10.5,6.3,7.266666666666666,2.733333333333333,1.8333333333333333,2.0500000000000003,1.9666666666666668,5.716666666666666,,,9.265,,15.777142857142858,,,2833.3333333333335,,2.524,,0.48,,,2.8333333333333335,500.0,1.0,mechanical,combined,,powder,8.5,0.0
56,7% (0.5h),7.0,28.0,38.26,0.5,False,True,,sheet1,23.150000000000002,10.5,6.3,7.266666666666666,2.733333333333333,1.8333333333333333,2.0500000000000003,1.9666666666666668,5.716666666666666,,,9.265,,15.777142857142858,,,2833.3333333333335,,2.524,,0.48,,,2.8333333333333335,500.0,1.0,mechanical,combined,,powder,8.5,0.0
56,7% (2h),7.0,28.0,38.78,,False,True,,sheet1,23.150000000000002,10.5,6.3,7.266666666666666,2.733333333333333,1.8333333333333333,2.0500000000000003,1.9666666666666668,5.716666666666666,,,9.265,,15.777142857142858,,,2833.3333333333335,,2.524,,0.48,,,2.8333333333333335,500.0,1.0,mechanical,combined,,powder,8.5,0.0
56,7% (6h),7.0,28.0,43.95,,False,True,,sheet1,23.150000000000002,10.5,6.3,7.266666666666666,2.733333333333333,1.8333333333333333,2.0500000000000003,1.9666666666666668,5.716666666666666,,,9.265,,15.777142857142858,,,2833.3333333333335,,2.524,,0.48,,,2.8333333333333335,500.0,1.0,mechanical,combined,,powder,8.5,0.0
56,,7.0,91.0,31.04,,False,True,,sheet1,23.150000000000002,10.5,6.3,7.266666666666666,2.733333333333333,1.8333333333333333,2.0500000000000003,1.9666666666666668,5.716666666666666,,,9.265,,15.777142857142858,,,2833.3333333333335,,2.524,,0.48,,,2.8333333333333335,500.0,1.0,mechanical,combined,,powder,8.5,0.0
56,7% (0.5h),7.0,91.0,41.66,0.5,False,True,,sheet1,23.150000000000002,10.5,6.3,7.266666666666666,2.733333333333333,1.8333333333333333,2.0500000000000003,1.9666666666666668,5.716666666666666,,,9.265,,15.777142857142858,,,2833.3333333333335,,2.524,,0.48,,,2.8333333333333335,500.0,1.0,mechanical,combined,,powder,8.5,0.0
56,7% (2h),7.0,91.0,42.35,,False,True,,sheet1,23.150000000000002,10.5,6.3,7.266666666666666,2.733333333333333,1.8333333333333333,2.0500000000000003,1.9666666666666668,5.716666666666666,,,9.265,,15.777142857142858,,,2833.3333333333335,,2.524,,0.48,,,2.8333333333333335,500.0,1.0,mechanical,combined,,powder,8.5,0.0
56,7% (6h),7.0,91.0,48.88,,False,True,,sheet1,23.150000000000002,10.5,6.3,7.266666666666666,2.733333333333333,1.8333333333333333,2.0500000000000003,1.9666666666666668,5.716666666666666,,,9.265,,15.777142857142858,,,2833.3333333333335,,2.524,,0.48,,,2.8333333333333335,500.0,1.0,mechanical,combined,,powder,8.5,0.0
56,15% (6h),15.0,28.0,33.49,,False,True,,sheet1,23.150000000000002,10.5,6.3,7.266666666666666,2.733333333333333,1.8333333333333333,2.0500000000000003,1.9666666666666668,5.716666666666666,,,9.265,,15.777142857142858,,,2833.3333333333335,,2.524,,0.48,,,2.8333333333333335,500.0,1.0,mechanical,combined,,powder,8.5,0.0
56,,15.0,28.0,34.23,,False,True,,sheet1,23.150000000000002,10.5,6.3,7.266666666666666,2.733333333333333,1.8333333333333333,2.0500000000000003,1.9666666666666668,5.716666666666666,,,9.265,,15.777142857142858,,,2833.3333333333335,,2.524,,0.48,,,2.8333333333333335,500.0,1.0,mechanical,combined,,powder,8.5,0.0
56,15% (0.5h),15.0,28.0,36.35,0.5,False,True,,sheet1,23.150000000000002,10.5,6.3,7.266666666666666,2.733333333333333,1.8333333333333333,2.0500000000000003,1.9666666666666668,5.716666666666666,,,9.265,,15.777142857142858,,,2833.3333333333335,,2.524,,0.48,,,2.8333333333333335,500.0,1.0,mechanical,combined,,powder,8.5,0.0
56,15% (2h),15.0,28.0,39.33,,False,True,,sheet1,23.150000000000002,10.5,6.3,7.266666666666666,2.733333333333333,1.8333333333333333,2.0500000000000003,1.9666666666666668,5.716666666666666,,,9.265,,15.777142857142858,,,2833.3333333333335,,2.524,,0.48,,,2.8333333333333335,500.0,1.0,mechanical,combined,,powder,8.5,0.0
56,15% (0.5h),15.0,91.0,33.4,0.5,False,True,,sheet1,23.150000000000002,10.5,6.3,7.266666666666666,2.733333333333333,1.8333333333333333,2.0500000000000003,1.9666666666666668,5.716666666666666,,,9.265,,15.777142857142858,,,2833.3333333333335,,2.524,,0.48,,,2.8333333333333335,500.0,1.0,mechanical,combined,,powder,8.5,0.0
56,,15.0,91.0,33.42,,False,True,,sheet1,23.150000000000002,10.5,6.3,7.266666666666666,2.733333333333333,1.8333333333333333,2.0500000000000003,1.9666666666666668,5.716666666666666,,,9.265,,15.777142857142858,,,2833.3333333333335,,2.524,,0.48,,,2.8333333333333335,500.0,1.0,mechanical,combined,,powder,8.5,0.0
56,15% (6h),15.0,91.0,38.5,,False,True,,sheet1,23.150000000000002,10.5,6.3,7.266666666666666,2.733333333333333,1.8333333333333333,2.0500000000000003,1.9666666666666668,5.716666666666666,,,9.265,,15.777142857142858,,,2833.3333333333335,,2.524,,0.48,,,2.8333333333333335,500.0,1.0,mechanical,combined,,powder,8.5,0.0
56,15% (2h),15.0,91.0,46.93,,False,True,,sheet1,23.150000000000002,10.5,6.3,7.266666666666666,2.733333333333333,1.8333333333333333,2.0500000000000003,1.9666666666666668,5.716666666666666,,,9.265,,15.777142857142858,,,2833.3333333333335,,2.524,,0.48,,,2.8333333333333335,500.0,1.0,mechanical,combined,,powder,8.5,0.0
56,25% (6h),25.0,28.0,24.14,,False,True,,sheet1,23.150000000000002,10.5,6.3,7.266666666666666,2.733333333333333,1.8333333333333333,2.0500000000000003,1.9666666666666668,5.716666666666666,,,9.265,,15.777142857142858,,,2833.3333333333335,,2.524,,0.48,,,2.8333333333333335,500.0,1.0,mechanical,combined,,powder,8.5,0.0
56,25% (2h),25.0,28.0,27.06,,False,True,,sheet1,23.150000000000002,10.5,6.3,7.266666666666666,2.733333333333333,1.8333333333333333,2.0500000000000003,1.9666666666666668,5.716666666666666,,,9.265,,15.777142857142858,,,2833.3333333333335,,2.524,,0.48,,,2.8333333333333335,500.0,1.0,mechanical,combined,,powder,8.5,0.0
56,25% (0.5h),25.0,28.0,27.6,0.5,False,True,,sheet1,23.150000000000002,10.5,6.3,7.266666666666666,2.733333333333333,1.8333333333333333,2.0500000000000003,1.9666666666666668,5.716666666666666,,,9.265,,15.777142857142858,,,2833.3333333333335,,2.524,,0.48,,,2.8333333333333335,500.0,1.0,mechanical,combined,,powder,8.5,0.0
56,,25.0,28.0,29.03,,False,True,,sheet1,23.150000000000002,10.5,6.3,7.266666666666666,2.733333333333333,1.8333333333333333,2.0500000000000003,1.9666666666666668,5.716666666666666,,,9.265,,15.777142857142858,,,2833.3333333333335,,2.524,,0.48,,,2.8333333333333335,500.0,1.0,mechanical,combined,,powder,8.5,0.0
56,25% (6h),25.0,91.0,29.9,,False,True,,sheet1,23.150000000000002,10.5,6.3,7.266666666666666,2.733333333333333,1.8333333333333333,2.0500000000000003,1.9666666666666668,5.716666666666666,,,9.265,,15.777142857142858,,,2833.3333333333335,,2.524,,0.48,,,2.8333333333333335,500.0,1.0,mechanical,combined,,powder,8.5,0.0
56,25% (0.5h),25.0,91.0,30.69,0.5,False,True,,sheet1,23.150000000000002,10.5,6.3,7.266666666666666,2.733333333333333,1.8333333333333333,2.0500000000000003,1.9666666666666668,5.716666666666666,,,9.265,,15.777142857142858,,,2833.3333333333335,,2.524,,0.48,,,2.8333333333333335,500.0,1.0,mechanical,combined,,powder,8.5,0.0
56,,25.0,91.0,32.04,,False,True,,sheet1,23.150000000000002,10.5,6.3,7.266666666666666,2.733333333333333,1.8333333333333333,2.0500000000000003,1.9666666666666668,5.716666666666666,,,9.265,,15.777142857142858,,,2833.3333333333335,,2.524,,0.48,,,2.8333333333333335,500.0,1.0,mechanical,combined,,powder,8.5,0.0
56,25% (2h),25.0,91.0,33.76,,False,True,,sheet1,23.150000000000002,10.5,6.3,7.266666666666666,2.733333333333333,1.8333333333333333,2.0500000000000003,1.9666666666666668,5.716666666666666,,,9.265,,15.777142857142858,,,2833.3333333333335,,2.524,,0.48,,,2.8333333333333335,500.0,1.0,mechanical,combined,,powder,8.5,0.0
58,REF,0.0,7.0,50.87,,False,True,,matrix,38.32,24.096666666666668,7.8066666666666675,5.153333333333333,1.37,1.5433333333333337,0.3733333333333333,1.8999999999999997,18.333333333333332,,,175.0,210.55555555555554,,,,,,2.488333333333333,,0.4666666666666666,450.0,2.0,,,1.0,thermal,combined,mixed,fines,20.0,0.0
58,REF,0.0,28.0,60.22,,False,True,,matrix,38.32,24.096666666666668,7.8066666666666675,5.153333333333333,1.37,1.5433333333333337,0.3733333333333333,1.8999999999999997,18.333333333333332,,,175.0,210.55555555555554,,,,,,2.488333333333333,,0.4666666666666666,450.0,2.0,,,1.0,thermal,combined,mixed,fines,20.0,0.0
58,50.19,0.0,28.0,105.0,,False,True,,sheet1,38.32,24.096666666666668,7.8066666666666675,5.153333333333333,1.37,1.5433333333333337,0.3733333333333333,1.8999999999999997,18.333333333333332,,,175.0,210.55555555555554,,,,,,2.488333333333333,,0.4666666666666666,450.0,2.0,,,1.0,thermal,combined,mixed,fines,20.0,0.0
58,REF,0.0,90.0,65.94,,False,True,,matrix,38.32,24.096666666666668,7.8066666666666675,5.153333333333333,1.37,1.5433333333333337,0.3733333333333333,1.8999999999999997,18.333333333333332,,,175.0,210.55555555555554,,,,,,2.488333333333333,,0.4666666666666666,450.0,2.0,,,1.0,thermal,combined,mixed,fines,20.0,0.0
58,55.84,0.0,90.0,105.0,,False,True,,sheet1,38.32,24.096666666666668,7.8066666666666675,5.153333333333333,1.37,1.5433333333333337,0.3733333333333333,1.8999999999999997,18.333333333333332,,,175.0,210.55555555555554,,,,,,2.488333333333333,,0.4666666666666666,450.0,2.0,,,1.0,thermal,combined,mixed,fines,20.0,0.0
58,WM105,20.0,7.0,37.93,,False,True,Thermal (Drying),matrix,38.32,24.096666666666668,7.8066666666666675,5.153333333333333,1.37,1.5433333333333337,0.3733333333333333,1.8999999999999997,18.333333333333332,,,175.0,210.55555555555554,,,,,,2.488333333333333,,0.4666666666666666,450.0,2.0,,,1.0,thermal,combined,mixed,fines,20.0,0.0
58,MSN,20.0,7.0,37.98,,False,True,,matrix,38.32,24.096666666666668,7.8066666666666675,5.153333333333333,1.37,1.5433333333333337,0.3733333333333333,1.8999999999999997,18.333333333333332,,,175.0,210.55555555555554,,,,,,2.488333333333333,,0.4666666666666666,450.0,2.0,,,1.0,thermal,combined,mixed,fines,20.0,0.0
58,WMN,20.0,7.0,38.11,,False,True,,matrix,38.32,24.096666666666668,7.8066666666666675,5.153333333333333,1.37,1.5433333333333337,0.3733333333333333,1.8999999999999997,18.333333333333332,,,175.0,210.55555555555554,,,,,,2.488333333333333,,0.4666666666666666,450.0,2.0,,,1.0,thermal,combined,mixed,fines,20.0,0.0
58,CS105,20.0,7.0,38.98,,False,True,Thermal (Drying),matrix,38.32,24.096666666666668,7.8066666666666675,5.153333333333333,1.37,1.5433333333333337,0.3733333333333333,1.8999999999999997,18.333333333333332,,,175.0,210.55555555555554,,,,,,2.488333333333333,,0.4666666666666666,450.0,2.0,,,1.0,thermal,combined,mixed,fines,20.0,0.0
58,MS400,20.0,7.0,39.02,,False,True,Thermal Calcination,matrix,38.32,24.096666666666668,7.8066666666666675,5.153333333333333,1.37,1.5433333333333337,0.3733333333333333,1.8999999999999997,18.333333333333332,,,175.0,210.55555555555554,,,,,,2.488333333333333,,0.4666666666666666,450.0,2.0,,,1.0,thermal,combined,mixed,fines,20.0,0.0
58,MS105,20.0,7.0,39.15,,False,True,Thermal (Drying),matrix,38.32,24.096666666666668,7.8066666666666675,5.153333333333333,1.37,1.5433333333333337,0.3733333333333333,1.8999999999999997,18.333333333333332,,,175.0,210.55555555555554,,,,,,2.488333333333333,,0.4666666666666666,450.0,2.0,,,1.0,thermal,combined,mixed,fines,20.0,0.0
58,CSN,20.0,7.0,39.2,,False,True,,matrix,38.32,24.096666666666668,7.8066666666666675,5.153333333333333,1.37,1.5433333333333337,0.3733333333333333,1.8999999999999997,18.333333333333332,,,175.0,210.55555555555554,,,,,,2.488333333333333,,0.4666666666666666,450.0,2.0,,,1.0,thermal,combined,mixed,fines,20.0,0.0
58,CS400,20.0,7.0,39.36,,False,True,Thermal Calcination,matrix,38.32,24.096666666666668,7.8066666666666675,5.153333333333333,1.37,1.5433333333333337,0.3733333333333333,1.8999999999999997,18.333333333333332,,,175.0,210.55555555555554,,,,,,2.488333333333333,,0.4666666666666666,450.0,2.0,,,1.0,thermal,combined,mixed,fines,20.0,0.0
58,WM400,20.0,7.0,39.74,,False,True,Thermal Calcination,matrix,38.32,24.096666666666668,7.8066666666666675,5.153333333333333,1.37,1.5433333333333337,0.3733333333333333,1.8999999999999997,18.333333333333332,,,175.0,210.55555555555554,,,,,,2.488333333333333,,0.4666666666666666,450.0,2.0,,,1.0,thermal,combined,mixed,fines,20.0,0.0
58,MS500,20.0,7.0,41.01,,False,True,Thermal Calcination,matrix,38.32,24.096666666666668,7.8066666666666675,5.153333333333333,1.37,1.5433333333333337,0.3733333333333333,1.8999999999999997,18.333333333333332,,,175.0,210.55555555555554,,,,,,2.488333333333333,,0.4666666666666666,450.0,2.0,,,1.0,thermal,combined,mixed,fines,20.0,0.0
58,WM500,20.0,7.0,41.08,,False,True,Thermal Calcination,matrix,38.32,24.096666666666668,7.8066666666666675,5.153333333333333,1.37,1.5433333333333337,0.3733333333333333,1.8999999999999997,18.333333333333332,,,175.0,210.55555555555554,,,,,,2.488333333333333,,0.4666666666666666,450.0,2.0,,,1.0,thermal,combined,mixed,fines,20.0,0.0
58,CS500,20.0,7.0,41.65,,False,True,Thermal Calcination,matrix,38.32,24.096666666666668,7.8066666666666675,5.153333333333333,1.37,1.5433333333333337,0.3733333333333333,1.8999999999999997,18.333333333333332,,,175.0,210.55555555555554,,,,,,2.488333333333333,,0.4666666666666666,450.0,2.0,,,1.0,thermal,combined,mixed,fines,20.0,0.0
58,MSN,20.0,28.0,46.25,,False,True,,matrix,38.32,24.096666666666668,7.8066666666666675,5.153333333333333,1.37,1.5433333333333337,0.3733333333333333,1.8999999999999997,18.333333333333332,,,175.0,210.55555555555554,,,,,,2.488333333333333,,0.4666666666666666,450.0,2.0,,,1.0,thermal,combined,mixed,fines,20.0,0.0
58,WMN,20.0,28.0,47.12,,False,True,,matrix,38.32,24.096666666666668,7.8066666666666675,5.153333333333333,1.37,1.5433333333333337,0.3733333333333333,1.8999999999999997,18.333333333333332,,,175.0,210.55555555555554,,,,,,2.488333333333333,,0.4666666666666666,450.0,2.0,,,1.0,thermal,combined,mixed,fines,20.0,0.0
58,CSN,20.0,28.0,47.23,,False,True,,matrix,38.32,24.096666666666668,7.8066666666666675,5.153333333333333,1.37,1.5433333333333337,0.3733333333333333,1.8999999999999997,18.333333333333332,,,175.0,210.55555555555554,,,,,,2.488333333333333,,0.4666666666666666,450.0,2.0,,,1.0,thermal,combined,mixed,fines,20.0,0.0
58,WM105,20.0,28.0,47.79,,False,True,Thermal (Drying),matrix,38.32,24.096666666666668,7.8066666666666675,5.153333333333333,1.37,1.5433333333333337,0.3733333333333333,1.8999999999999997,18.333333333333332,,,175.0,210.55555555555554,,,,,,2.488333333333333,,0.4666666666666666,450.0,2.0,,,1.0,thermal,combined,mixed,fines,20.0,0.0
58,MS105,20.0,28.0,49.56,,False,True,Thermal (Drying),matrix,38.32,24.096666666666668,7.8066666666666675,5.153333333333333,1.37,1.5433333333333337,0.3733333333333333,1.8999999999999997,18.333333333333332,,,175.0,210.55555555555554,,,,,,2.488333333333333,,0.4666666666666666,450.0,2.0,,,1.0,thermal,combined,mixed,fines,20.0,0.0
58,WM400,20.0,28.0,50.12,,False,True,Thermal Calcination,matrix,38.32,24.096666666666668,7.8066666666666675,5.153333333333333,1.37,1.5433333333333337,0.3733333333333333,1.8999999999999997,18.333333333333332,,,175.0,210.55555555555554,,,,,,2.488333333333333,,0.4666666666666666,450.0,2.0,,,1.0,thermal,combined,mixed,fines,20.0,0.0
58,CS105,20.0,28.0,50.19,,False,True,Thermal (Drying),matrix,38.32,24.096666666666668,7.8066666666666675,5.153333333333333,1.37,1.5433333333333337,0.3733333333333333,1.8999999999999997,18.333333333333332,,,175.0,210.55555555555554,,,,,,2.488333333333333,,0.4666666666666666,450.0,2.0,,,1.0,thermal,combined,mixed,fines,20.0,0.0
58,MS400,20.0,28.0,51.06,,False,True,Thermal Calcination,matrix,38.32,24.096666666666668,7.8066666666666675,5.153333333333333,1.37,1.5433333333333337,0.3733333333333333,1.8999999999999997,18.333333333333332,,,175.0,210.55555555555554,,,,,,2.488333333333333,,0.4666666666666666,450.0,2.0,,,1.0,thermal,combined,mixed,fines,20.0,0.0
58,CS400,20.0,28.0,51.19,,False,True,Thermal Calcination,matrix,38.32,24.096666666666668,7.8066666666666675,5.153333333333333,1.37,1.5433333333333337,0.3733333333333333,1.8999999999999997,18.333333333333332,,,175.0,210.55555555555554,,,,,,2.488333333333333,,0.4666666666666666,450.0,2.0,,,1.0,thermal,combined,mixed,fines,20.0,0.0
58,WM500,20.0,28.0,51.38,,False,True,Thermal Calcination,matrix,38.32,24.096666666666668,7.8066666666666675,5.153333333333333,1.37,1.5433333333333337,0.3733333333333333,1.8999999999999997,18.333333333333332,,,175.0,210.55555555555554,,,,,,2.488333333333333,,0.4666666666666666,450.0,2.0,,,1.0,thermal,combined,mixed,fines,20.0,0.0
58,MS500,20.0,28.0,52.28,,False,True,Thermal Calcination,matrix,38.32,24.096666666666668,7.8066666666666675,5.153333333333333,1.37,1.5433333333333337,0.3733333333333333,1.8999999999999997,18.333333333333332,,,175.0,210.55555555555554,,,,,,2.488333333333333,,0.4666666666666666,450.0,2.0,,,1.0,thermal,combined,mixed,fines,20.0,0.0
58,CS500,20.0,28.0,53.45,,False,True,Thermal Calcination,matrix,38.32,24.096666666666668,7.8066666666666675,5.153333333333333,1.37,1.5433333333333337,0.3733333333333333,1.8999999999999997,18.333333333333332,,,175.0,210.55555555555554,,,,,,2.488333333333333,,0.4666666666666666,450.0,2.0,,,1.0,thermal,combined,mixed,fines,20.0,0.0
58,MSN,20.0,90.0,51.33,,False,True,,matrix,38.32,24.096666666666668,7.8066666666666675,5.153333333333333,1.37,1.5433333333333337,0.3733333333333333,1.8999999999999997,18.333333333333332,,,175.0,210.55555555555554,,,,,,2.488333333333333,,0.4666666666666666,450.0,2.0,,,1.0,thermal,combined,mixed,fines,20.0,0.0
58,WMN,20.0,90.0,52.63,,False,True,,matrix,38.32,24.096666666666668,7.8066666666666675,5.153333333333333,1.37,1.5433333333333337,0.3733333333333333,1.8999999999999997,18.333333333333332,,,175.0,210.55555555555554,,,,,,2.488333333333333,,0.4666666666666666,450.0,2.0,,,1.0,thermal,combined,mixed,fines,20.0,0.0
58,CSN,20.0,90.0,52.94,,False,True,,matrix,38.32,24.096666666666668,7.8066666666666675,5.153333333333333,1.37,1.5433333333333337,0.3733333333333333,1.8999999999999997,18.333333333333332,,,175.0,210.55555555555554,,,,,,2.488333333333333,,0.4666666666666666,450.0,2.0,,,1.0,thermal,combined,mixed,fines,20.0,0.0
58,WM105,20.0,90.0,53.09,,False,True,Thermal (Drying),matrix,38.32,24.096666666666668,7.8066666666666675,5.153333333333333,1.37,1.5433333333333337,0.3733333333333333,1.8999999999999997,18.333333333333332,,,175.0,210.55555555555554,,,,,,2.488333333333333,,0.4666666666666666,450.0,2.0,,,1.0,thermal,combined,mixed,fines,20.0,0.0
58,WM400,20.0,90.0,55.13,,False,True,Thermal Calcination,matrix,38.32,24.096666666666668,7.8066666666666675,5.153333333333333,1.37,1.5433333333333337,0.3733333333333333,1.8999999999999997,18.333333333333332,,,175.0,210.55555555555554,,,,,,2.488333333333333,,0.4666666666666666,450.0,2.0,,,1.0,thermal,combined,mixed,fines,20.0,0.0
58,CS105,20.0,90.0,55.84,,False,True,Thermal (Drying),matrix,38.32,24.096666666666668,7.8066666666666675,5.153333333333333,1.37,1.5433333333333337,0.3733333333333333,1.8999999999999997,18.333333333333332,,,175.0,210.55555555555554,,,,,,2.488333333333333,,0.4666666666666666,450.0,2.0,,,1.0,thermal,combined,mixed,fines,20.0,0.0
58,MS105,20.0,90.0,56.1,,False,True,Thermal (Drying),matrix,38.32,24.096666666666668,7.8066666666666675,5.153333333333333,1.37,1.5433333333333337,0.3733333333333333,1.8999999999999997,18.333333333333332,,,175.0,210.55555555555554,,,,,,2.488333333333333,,0.4666666666666666,450.0,2.0,,,1.0,thermal,combined,mixed,fines,20.0,0.0
58,CS400,20.0,90.0,56.44,,False,True,Thermal Calcination,matrix,38.32,24.096666666666668,7.8066666666666675,5.153333333333333,1.37,1.5433333333333337,0.3733333333333333,1.8999999999999997,18.333333333333332,,,175.0,210.55555555555554,,,,,,2.488333333333333,,0.4666666666666666,450.0,2.0,,,1.0,thermal,combined,mixed,fines,20.0,0.0
58,MS400,20.0,90.0,56.5,,False,True,Thermal Calcination,matrix,38.32,24.096666666666668,7.8066666666666675,5.153333333333333,1.37,1.5433333333333337,0.3733333333333333,1.8999999999999997,18.333333333333332,,,175.0,210.55555555555554,,,,,,2.488333333333333,,0.4666666666666666,450.0,2.0,,,1.0,thermal,combined,mixed,fines,20.0,0.0
58,MS500,20.0,90.0,57.88,,False,True,Thermal Calcination,matrix,38.32,24.096666666666668,7.8066666666666675,5.153333333333333,1.37,1.5433333333333337,0.3733333333333333,1.8999999999999997,18.333333333333332,,,175.0,210.55555555555554,,,,,,2.488333333333333,,0.4666666666666666,450.0,2.0,,,1.0,thermal,combined,mixed,fines,20.0,0.0
58,CS500,20.0,90.0,59.47,,False,True,Thermal Calcination,matrix,38.32,24.096666666666668,7.8066666666666675,5.153333333333333,1.37,1.5433333333333337,0.3733333333333333,1.8999999999999997,18.333333333333332,,,175.0,210.55555555555554,,,,,,2.488333333333333,,0.4666666666666666,450.0,2.0,,,1.0,thermal,combined,mixed,fines,20.0,0.0
59,C100,0.0,7.0,56.0,,True,True,,matrix,25.12,29.12,5.56,13.18,1.74,1.78,,2.65,15.1,,1.745,,50.515,,,,,,2.1566666666666667,,0.35,650.0,2.0,2.0,,1.0,multiple,other,,powder,35.0,10.0
59,C100,0.0,7.0,72.5,,True,True,,matrix,25.12,29.12,5.56,13.18,1.74,1.78,,2.65,15.1,,1.745,,50.515,,,,,,2.1566666666666667,,0.35,650.0,2.0,2.0,,1.0,multiple,other,,powder,35.0,10.0
59,C100,0.0,7.0,74.0,,True,True,,matrix,25.12,29.12,5.56,13.18,1.74,1.78,,2.65,15.1,,1.745,,50.515,,,,,,2.1566666666666667,,0.35,650.0,2.0,2.0,,1.0,multiple,other,,powder,35.0,10.0
59,,10.0,7.0,37.0,,True,True,,sheet1,25.12,29.12,5.56,13.18,1.74,1.78,,2.65,15.1,,1.745,,50.515,,,,,,2.1566666666666667,,0.35,650.0,2.0,2.0,,1.0,multiple,other,,powder,35.0,10.0
59,,10.0,7.0,53.5,,True,True,,sheet1,25.12,29.12,5.56,13.18,1.74,1.78,,2.65,15.1,,1.745,,50.515,,,,,,2.1566666666666667,,0.35,650.0,2.0,2.0,,1.0,multiple,other,,powder,35.0,10.0
59,AW10,10.0,7.0,54.0,,True,True,As Received (None),matrix,25.12,29.12,5.56,13.18,1.74,1.78,,2.65,15.1,,1.745,,50.515,,,,,,2.1566666666666667,,0.35,650.0,2.0,2.0,,1.0,multiple,other,,powder,35.0,10.0
59,,10.0,7.0,54.5,,True,True,,sheet1,25.12,29.12,5.56,13.18,1.74,1.78,,2.65,15.1,,1.745,,50.515,,,,,,2.1566666666666667,,0.35,650.0,2.0,2.0,,1.0,multiple,other,,powder,35.0,10.0
59,AW10,10.0,7.0,56.0,,True,True,As Received (None),matrix,25.12,29.12,5.56,13.18,1.74,1.78,,2.65,15.1,,1.745,,50.515,,,,,,2.1566666666666667,,0.35,650.0,2.0,2.0,,1.0,multiple,other,,powder,35.0,10.0
59,BMW10,10.0,7.0,60.5,,True,True,Thermo-mechanical,matrix,25.12,29.12,5.56,13.18,1.74,1.78,,2.65,15.1,,1.745,,50.515,,,,,,2.1566666666666667,,0.35,650.0,2.0,2.0,,1.0,multiple,other,,powder,35.0,10.0
59,MW10,10.0,7.0,64.0,,True,True,Mechanical Grinding,matrix,25.12,29.12,5.56,13.18,1.74,1.78,,2.65,15.1,,1.745,,50.515,,,,,,2.1566666666666667,,0.35,650.0,2.0,2.0,,1.0,multiple,other,,powder,35.0,10.0
59,BMW10,10.0,7.0,64.5,,True,True,Thermo-mechanical,matrix,25.12,29.12,5.56,13.18,1.74,1.78,,2.65,15.1,,1.745,,50.515,,,,,,2.1566666666666667,,0.35,650.0,2.0,2.0,,1.0,multiple,other,,powder,35.0,10.0
59,MW10,10.0,7.0,69.5,,True,True,Mechanical Grinding,matrix,25.12,29.12,5.56,13.18,1.74,1.78,,2.65,15.1,,1.745,,50.515,,,,,,2.1566666666666667,,0.35,650.0,2.0,2.0,,1.0,multiple,other,,powder,35.0,10.0
59,,10.0,28.0,54.0,,True,True,,sheet1,25.12,29.12,5.56,13.18,1.74,1.78,,2.65,15.1,,1.745,,50.515,,,,,,2.1566666666666667,,0.35,650.0,2.0,2.0,,1.0,multiple,other,,powder,35.0,10.0
59,,10.0,28.0,60.5,,True,True,,sheet1,25.12,29.12,5.56,13.18,1.74,1.78,,2.65,15.1,,1.745,,50.515,,,,,,2.1566666666666667,,0.35,650.0,2.0,2.0,,1.0,multiple,other,,powder,35.0,10.0
59,,10.0,28.0,64.0,,True,True,,sheet1,25.12,29.12,5.56,13.18,1.74,1.78,,2.65,15.1,,1.745,,50.515,,,,,,2.1566666666666667,,0.35,650.0,2.0,2.0,,1.0,multiple,other,,powder,35.0,10.0
59,,10.0,56.0,56.0,,True,True,,sheet1,25.12,29.12,5.56,13.18,1.74,1.78,,2.65,15.1,,1.745,,50.515,,,,,,2.1566666666666667,,0.35,650.0,2.0,2.0,,1.0,multiple,other,,powder,35.0,10.0
59,,10.0,56.0,64.5,,True,True,,sheet1,25.12,29.12,5.56,13.18,1.74,1.78,,2.65,15.1,,1.745,,50.515,,,,,,2.1566666666666667,,0.35,650.0,2.0,2.0,,1.0,multiple,other,,powder,35.0,10.0
59,,10.0,56.0,69.5,,True,True,,sheet1,25.12,29.12,5.56,13.18,1.74,1.78,,2.65,15.1,,1.745,,50.515,,,,,,2.1566666666666667,,0.35,650.0,2.0,2.0,,1.0,multiple,other,,powder,35.0,10.0
59,AW20,20.0,7.0,31.0,,True,True,,sheet1,25.12,29.12,5.56,13.18,1.74,1.78,,2.65,15.1,,1.745,,50.515,,,,,,2.1566666666666667,,0.35,650.0,2.0,2.0,,1.0,multiple,other,,powder,35.0,10.0
59,MW20,20.0,7.0,48.0,,True,True,,sheet1,25.12,29.12,5.56,13.18,1.74,1.78,,2.65,15.1,,1.745,,50.515,,,,,,2.1566666666666667,,0.35,650.0,2.0,2.0,,1.0,multiple,other,,powder,35.0,10.0
59,AW20,20.0,7.0,50.0,,True,True,As Received (None),matrix,25.12,29.12,5.56,13.18,1.74,1.78,,2.65,15.1,,1.745,,50.515,,,,,,2.1566666666666667,,0.35,650.0,2.0,2.0,,1.0,multiple,other,,powder,35.0,10.0
59,AW20,20.0,7.0,52.0,,True,True,As Received (None),matrix,25.12,29.12,5.56,13.18,1.74,1.78,,2.65,15.1,,1.745,,50.515,,,,,,2.1566666666666667,,0.35,650.0,2.0,2.0,,1.0,multiple,other,,powder,35.0,10.0
59,BMW20,20.0,7.0,54.5,,True,True,,sheet1,25.12,29.12,5.56,13.18,1.74,1.78,,2.65,15.1,,1.745,,50.515,,,,,,2.1566666666666667,,0.35,650.0,2.0,2.0,,1.0,multiple,other,,powder,35.0,10.0
59,MW20,20.0,7.0,58.0,,True,True,Mechanical Grinding,matrix,25.12,29.12,5.56,13.18,1.74,1.78,,2.65,15.1,,1.745,,50.515,,,,,,2.1566666666666667,,0.35,650.0,2.0,2.0,,1.0,multiple,other,,powder,35.0,10.0
59,MW20,20.0,7.0,59.0,,True,True,Mechanical Grinding,matrix,25.12,29.12,5.56,13.18,1.74,1.78,,2.65,15.1,,1.745,,50.515,,,,,,2.1566666666666667,,0.35,650.0,2.0,2.0,,1.0,multiple,other,,powder,35.0,10.0
59,BMW20,20.0,7.0,62.5,,True,True,Thermo-mechanical,matrix,25.12,29.12,5.56,13.18,1.74,1.78,,2.65,15.1,,1.745,,50.515,,,,,,2.1566666666666667,,0.35,650.0,2.0,2.0,,1.0,multiple,other,,powder,35.0,10.0
59,BMW20,20.0,7.0,65.5,,True,True,Thermo-mechanical,matrix,25.12,29.12,5.56,13.18,1.74,1.78,,2.65,15.1,,1.745,,50.515,,,,,,2.1566666666666667,,0.35,650.0,2.0,2.0,,1.0,multiple,other,,powder,35.0,10.0
59,AW20,20.0,28.0,52.0,,True,True,,sheet1,25.12,29.12,5.56,13.18,1.74,1.78,,2.65,15.1,,1.745,,50.515,,,,,,2.1566666666666667,,0.35,650.0,2.0,2.0,,1.0,multiple,other,,powder,35.0,10.0
59,MW20,20.0,28.0,59.0,,True,True,,sheet1,25.12,29.12,5.56,13.18,1.74,1.78,,2.65,15.1,,1.745,,50.515,,,,,,2.1566666666666667,,0.35,650.0,2.0,2.0,,1.0,multiple,other,,powder,35.0,10.0
59,BMW20,20.0,28.0,65.5,,True,True,,sheet1,25.12,29.12,5.56,13.18,1.74,1.78,,2.65,15.1,,1.745,,50.515,,,,,,2.1566666666666667,,0.35,650.0,2.0,2.0,,1.0,multiple,other,,powder,35.0,10.0
59,AW20,20.0,56.0,50.0,,True,True,,sheet1,25.12,29.12,5.56,13.18,1.74,1.78,,2.65,15.1,,1.745,,50.515,,,,,,2.1566666666666667,,0.35,650.0,2.0,2.0,,1.0,multiple,other,,powder,35.0,10.0
59,MW20,20.0,56.0,58.0,,True,True,,sheet1,25.12,29.12,5.56,13.18,1.74,1.78,,2.65,15.1,,1.745,,50.515,,,,,,2.1566666666666667,,0.35,650.0,2.0,2.0,,1.0,multiple,other,,powder,35.0,10.0
59,BMW20,20.0,56.0,62.5,,True,True,,sheet1,25.12,29.12,5.56,13.18,1.74,1.78,,2.65,15.1,,1.745,,50.515,,,,,,2.1566666666666667,,0.35,650.0,2.0,2.0,,1.0,multiple,other,,powder,35.0,10.0
59,AW30,30.0,7.0,18.5,,True,True,,sheet1,25.12,29.12,5.56,13.18,1.74,1.78,,2.65,15.1,,1.745,,50.515,,,,,,2.1566666666666667,,0.35,650.0,2.0,2.0,,1.0,multiple,other,,powder,35.0,10.0
59,AW30,30.0,7.0,40.0,,True,True,As Received (None),matrix,25.12,29.12,5.56,13.18,1.74,1.78,,2.65,15.1,,1.745,,50.515,,,,,,2.1566666666666667,,0.35,650.0,2.0,2.0,,1.0,multiple,other,,powder,35.0,10.0
59,MW30,30.0,7.0,44.0,,True,True,,sheet1,25.12,29.12,5.56,13.18,1.74,1.78,,2.65,15.1,,1.745,,50.515,,,,,,2.1566666666666667,,0.35,650.0,2.0,2.0,,1.0,multiple,other,,powder,35.0,10.0
59,MW30,30.0,7.0,44.5,,True,True,Mechanical Grinding,matrix,25.12,29.12,5.56,13.18,1.74,1.78,,2.65,15.1,,1.745,,50.515,,,,,,2.1566666666666667,,0.35,650.0,2.0,2.0,,1.0,multiple,other,,powder,35.0,10.0
59,MW30,30.0,7.0,51.0,,True,True,Mechanical Grinding,matrix,25.12,29.12,5.56,13.18,1.74,1.78,,2.65,15.1,,1.745,,50.515,,,,,,2.1566666666666667,,0.35,650.0,2.0,2.0,,1.0,multiple,other,,powder,35.0,10.0
59,BMW30,30.0,7.0,57.0,,True,True,,sheet1,25.12,29.12,5.56,13.18,1.74,1.78,,2.65,15.1,,1.745,,50.515,,,,,,2.1566666666666667,,0.35,650.0,2.0,2.0,,1.0,multiple,other,,powder,35.0,10.0
59,BMW30,30.0,7.0,61.0,,True,True,Thermo-mechanical,matrix,25.12,29.12,5.56,13.18,1.74,1.78,,2.65,15.1,,1.745,,50.515,,,,,,2.1566666666666667,,0.35,650.0,2.0,2.0,,1.0,multiple,other,,powder,35.0,10.0
59,BMW30,30.0,7.0,65.0,,True,True,Thermo-mechanical,matrix,25.12,29.12,5.56,13.18,1.74,1.78,,2.65,15.1,,1.745,,50.515,,,,,,2.1566666666666667,,0.35,650.0,2.0,2.0,,1.0,multiple,other,,powder,35.0,10.0
59,AW30,30.0,28.0,40.0,,True,True,,sheet1,25.12,29.12,5.56,13.18,1.74,1.78,,2.65,15.1,,1.745,,50.515,,,,,,2.1566666666666667,,0.35,650.0,2.0,2.0,,1.0,multiple,other,,powder,35.0,10.0
59,MW30,30.0,28.0,51.0,,True,True,,sheet1,25.12,29.12,5.56,13.18,1.74,1.78,,2.65,15.1,,1.745,,50.515,,,,,,2.1566666666666667,,0.35,650.0,2.0,2.0,,1.0,multiple,other,,powder,35.0,10.0
59,BMW30,30.0,28.0,65.0,,True,True,,sheet1,25.12,29.12,5.56,13.18,1.74,1.78,,2.65,15.1,,1.745,,50.515,,,,,,2.1566666666666667,,0.35,650.0,2.0,2.0,,1.0,multiple,other,,powder,35.0,10.0
59,AW30,30.0,56.0,40.0,,True,True,,sheet1,25.12,29.12,5.56,13.18,1.74,1.78,,2.65,15.1,,1.745,,50.515,,,,,,2.1566666666666667,,0.35,650.0,2.0,2.0,,1.0,multiple,other,,powder,35.0,10.0
59,MW30,30.0,56.0,44.5,,True,True,,sheet1,25.12,29.12,5.56,13.18,1.74,1.78,,2.65,15.1,,1.745,,50.515,,,,,,2.1566666666666667,,0.35,650.0,2.0,2.0,,1.0,multiple,other,,powder,35.0,10.0
59,BMW30,30.0,56.0,61.0,,True,True,,sheet1,25.12,29.12,5.56,13.18,1.74,1.78,,2.65,15.1,,1.745,,50.515,,,,,,2.1566666666666667,,0.35,650.0,2.0,2.0,,1.0,multiple,other,,powder,35.0,10.0
59,AW40,40.0,7.0,11.5,,True,True,,sheet1,25.12,29.12,5.56,13.18,1.74,1.78,,2.65,15.1,,1.745,,50.515,,,,,,2.1566666666666667,,0.35,650.0,2.0,2.0,,1.0,multiple,other,,powder,35.0,10.0
59,AW40,40.0,7.0,28.0,,True,True,As Received (None),matrix,25.12,29.12,5.56,13.18,1.74,1.78,,2.65,15.1,,1.745,,50.515,,,,,,2.1566666666666667,,0.35,650.0,2.0,2.0,,1.0,multiple,other,,powder,35.0,10.0
59,AW40,40.0,7.0,28.5,,True,True,As Received (None),matrix,25.12,29.12,5.56,13.18,1.74,1.78,,2.65,15.1,,1.745,,50.515,,,,,,2.1566666666666667,,0.35,650.0,2.0,2.0,,1.0,multiple,other,,powder,35.0,10.0
59,MW40,40.0,7.0,39.0,,True,True,,sheet1,25.12,29.12,5.56,13.18,1.74,1.78,,2.65,15.1,,1.745,,50.515,,,,,,2.1566666666666667,,0.35,650.0,2.0,2.0,,1.0,multiple,other,,powder,35.0,10.0
59,MW40,40.0,7.0,44.5,,True,True,Mechanical Grinding,matrix,25.12,29.12,5.56,13.18,1.74,1.78,,2.65,15.1,,1.745,,50.515,,,,,,2.1566666666666667,,0.35,650.0,2.0,2.0,,1.0,multiple,other,,powder,35.0,10.0
59,MW40,40.0,7.0,45.5,,True,True,Mechanical Grinding,matrix,25.12,29.12,5.56,13.18,1.74,1.78,,2.65,15.1,,1.745,,50.515,,,,,,2.1566666666666667,,0.35,650.0,2.0,2.0,,1.0,multiple,other,,powder,35.0,10.0
59,BMW40,40.0,7.0,51.5,,True,True,,sheet1,25.12,29.12,5.56,13.18,1.74,1.78,,2.65,15.1,,1.745,,50.515,,,,,,2.1566666666666667,,0.35,650.0,2.0,2.0,,1.0,multiple,other,,powder,35.0,10.0
59,BMW40,40.0,7.0,59.5,,True,True,Thermo-mechanical,matrix,25.12,29.12,5.56,13.18,1.74,1.78,,2.65,15.1,,1.745,,50.515,,,,,,2.1566666666666667,,0.35,650.0,2.0,2.0,,1.0,multiple,other,,powder,35.0,10.0
59,BMW40,40.0,7.0,65.0,,True,True,Thermo-mechanical,matrix,25.12,29.12,5.56,13.18,1.74,1.78,,2.65,15.1,,1.745,,50.515,,,,,,2.1566666666666667,,0.35,650.0,2.0,2.0,,1.0,multiple,other,,powder,35.0,10.0
59,AW40,40.0,28.0,28.0,,True,True,,sheet1,25.12,29.12,5.56,13.18,1.74,1.78,,2.65,15.1,,1.745,,50.515,,,,,,2.1566666666666667,,0.35,650.0,2.0,2.0,,1.0,multiple,other,,powder,35.0,10.0
59,MW40,40.0,28.0,45.5,,True,True,,sheet1,25.12,29.12,5.56,13.18,1.74,1.78,,2.65,15.1,,1.745,,50.515,,,,,,2.1566666666666667,,0.35,650.0,2.0,2.0,,1.0,multiple,other,,powder,35.0,10.0
59,BMW40,40.0,28.0,65.0,,True,True,,sheet1,25.12,29.12,5.56,13.18,1.74,1.78,,2.65,15.1,,1.745,,50.515,,,,,,2.1566666666666667,,0.35,650.0,2.0,2.0,,1.0,multiple,other,,powder,35.0,10.0
59,AW40,40.0,56.0,28.5,,True,True,,sheet1,25.12,29.12,5.56,13.18,1.74,1.78,,2.65,15.1,,1.745,,50.515,,,,,,2.1566666666666667,,0.35,650.0,2.0,2.0,,1.0,multiple,other,,powder,35.0,10.0
59,MW40,40.0,56.0,44.5,,True,True,,sheet1,25.12,29.12,5.56,13.18,1.74,1.78,,2.65,15.1,,1.745,,50.515,,,,,,2.1566666666666667,,0.35,650.0,2.0,2.0,,1.0,multiple,other,,powder,35.0,10.0
59,BMW40,40.0,56.0,59.5,,True,True,,sheet1,25.12,29.12,5.56,13.18,1.74,1.78,,2.65,15.1,,1.745,,50.515,,,,,,2.1566666666666667,,0.35,650.0,2.0,2.0,,1.0,multiple,other,,powder,35.0,10.0
60,M-Control,0.0,,37.8,,False,False,Un-activated,matrix,31.0,54.9,3.4,1.9,5.6,,,,,,,,,,,,,,,,0.5,,,,,2.0,,combined,mixed,fines,10.0,
60,M-WCF-5C,5.0,,37.3,,False,False,,sheet1,31.0,54.9,3.4,1.9,5.6,,,,,,,,,,,,,,,,0.5,,,,,2.0,,combined,mixed,fines,10.0,
60,M-WCF-10C,10.0,,33.8,,False,False,,sheet1,31.0,54.9,3.4,1.9,5.6,,,,,,,,,,,,,,,,0.5,,,,,2.0,,combined,mixed,fines,10.0,
60,M-WCF-10S+10C,10.0,,41.7,,False,False,Un-activated,matrix,31.0,54.9,3.4,1.9,5.6,,,,,,,,,,,,,,,,0.5,,,,,2.0,,combined,mixed,fines,10.0,
60,M-WCF-20C,20.0,,31.8,,False,False,,sheet1,31.0,54.9,3.4,1.9,5.6,,,,,,,,,,,,,,,,0.5,,,,,2.0,,combined,mixed,fines,10.0,
60,M-WCF-30C,30.0,,29.0,,False,False,,sheet1,31.0,54.9,3.4,1.9,5.6,,,,,,,,,,,,,,,,0.5,,,,,2.0,,combined,mixed,fines,10.0,
62,Plain Paste (C-L),0.0,28.0,52.1,,False,True,,matrix,,1.4433333333333334,0.25,,,,,,,,,,,,,,,13.64,,,0.55,70.0,3.625,,,2.0,carbonation,,mixed,fines,20.0,0.0
62,Plain Paste (C-L),0.0,28.0,61.0,,False,True,,matrix,,1.4433333333333334,0.25,,,,,,,,,,,,,,,13.64,,,0.55,70.0,3.625,,,2.0,carbonation,,mixed,fines,20.0,0.0
62,relative to plain RCF paste,0.0,,1.46,,False,False,,sheet1,,1.4433333333333334,0.25,,,,,,,,,,,,,,,13.64,,,0.55,70.0,3.625,,,2.0,carbonation,,mixed,fines,20.0,0.0
63,OPC Concrete,0.0,2.0,1.2,,True,True,,matrix,62.36,8.36,12.03,4.19,0.93,0.15,1.44,3.34,6.01,,1.11,6.58,44.23,,660.0,,660.0,,2.58,,0.5,,,,,2.0,mechanical,combined,mixed,powder,,0.0
63,OPC Concrete,0.0,2.0,8.0,,True,True,,matrix,62.36,8.36,12.03,4.19,0.93,0.15,1.44,3.34,6.01,,1.11,6.58,44.23,,660.0,,660.0,,2.58,,0.5,,,,,2.0,mechanical,combined,mixed,powder,,0.0
63,OPC Concrete,0.0,7.0,2.0,,True,True,,matrix,62.36,8.36,12.03,4.19,0.93,0.15,1.44,3.34,6.01,,1.11,6.58,44.23,,660.0,,660.0,,2.58,,0.5,,,,,2.0,mechanical,combined,mixed,powder,,0.0
63,OPC Concrete,0.0,7.0,23.0,,True,True,,matrix,62.36,8.36,12.03,4.19,0.93,0.15,1.44,3.34,6.01,,1.11,6.58,44.23,,660.0,,660.0,,2.58,,0.5,,,,,2.0,mechanical,combined,mixed,powder,,0.0
63,OPC Concrete,0.0,28.0,2.6,,True,True,,matrix,62.36,8.36,12.03,4.19,0.93,0.15,1.44,3.34,6.01,,1.11,6.58,44.23,,660.0,,660.0,,2.58,,0.5,,,,,2.0,mechanical,combined,mixed,powder,,0.0
63,OPC Concrete,0.0,28.0,30.0,,True,True,,matrix,62.36,8.36,12.03,4.19,0.93,0.15,1.44,3.34,6.01,,1.11,6.58,44.23,,660.0,,660.0,,2.58,,0.5,,,,,2.0,mechanical,combined,mixed,powder,,0.0
63,OPC (Reference Paste/Mortar),0.0,28.0,39.48,,False,True,,matrix,62.36,8.36,12.03,4.19,0.93,0.15,1.44,3.34,6.01,,1.11,6.58,44.23,,660.0,,660.0,,2.58,,0.5,,,,,2.0,mechanical,combined,mixed,powder,,0.0
63,OPC Concrete,0.0,90.0,2.8,,True,True,,matrix,62.36,8.36,12.03,4.19,0.93,0.15,1.44,3.34,6.01,,1.11,6.58,44.23,,660.0,,660.0,,2.58,,0.5,,,,,2.0,mechanical,combined,mixed,powder,,0.0
63,OPC Concrete,0.0,90.0,35.0,,True,True,,matrix,62.36,8.36,12.03,4.19,0.93,0.15,1.44,3.34,6.01,,1.11,6.58,44.23,,660.0,,660.0,,2.58,,0.5,,,,,2.0,mechanical,combined,mixed,powder,,0.0
63,25CBW Concrete,25.0,2.0,0.8,,True,True,Mechanical (Grinding),matrix,62.36,8.36,12.03,4.19,0.93,0.15,1.44,3.34,6.01,,1.11,6.58,44.23,,660.0,,660.0,,2.58,,0.5,,,,,2.0,mechanical,combined,mixed,powder,,0.0
63,25CBW Concrete,25.0,2.0,6.0,,True,True,Mechanical (Grinding),matrix,62.36,8.36,12.03,4.19,0.93,0.15,1.44,3.34,6.01,,1.11,6.58,44.23,,660.0,,660.0,,2.58,,0.5,,,,,2.0,mechanical,combined,mixed,powder,,0.0
63,25CBW Concrete,25.0,7.0,2.0,,True,True,Mechanical (Grinding),matrix,62.36,8.36,12.03,4.19,0.93,0.15,1.44,3.34,6.01,,1.11,6.58,44.23,,660.0,,660.0,,2.58,,0.5,,,,,2.0,mechanical,combined,mixed,powder,,0.0
63,25CBW Concrete,25.0,7.0,19.5,,True,True,Mechanical (Grinding),matrix,62.36,8.36,12.03,4.19,0.93,0.15,1.44,3.34,6.01,,1.11,6.58,44.23,,660.0,,660.0,,2.58,,0.5,,,,,2.0,mechanical,combined,mixed,powder,,0.0
63,25CBW Concrete,25.0,28.0,2.2,,True,True,Mechanical (Grinding),matrix,62.36,8.36,12.03,4.19,0.93,0.15,1.44,3.34,6.01,,1.11,6.58,44.23,,660.0,,660.0,,2.58,,0.5,,,,,2.0,mechanical,combined,mixed,powder,,0.0
63,25CBW Concrete,25.0,28.0,28.5,,True,True,Mechanical (Grinding),matrix,62.36,8.36,12.03,4.19,0.93,0.15,1.44,3.34,6.01,,1.11,6.58,44.23,,660.0,,660.0,,2.58,,0.5,,,,,2.0,mechanical,combined,mixed,powder,,0.0
63,25CBW (Paste/Mortar),25.0,28.0,33.17,,False,True,Mechanical (Grinding),matrix,62.36,8.36,12.03,4.19,0.93,0.15,1.44,3.34,6.01,,1.11,6.58,44.23,,660.0,,660.0,,2.58,,0.5,,,,,2.0,mechanical,combined,mixed,powder,,0.0
63,25CBW Concrete,25.0,90.0,2.4,,True,True,Mechanical (Grinding),matrix,62.36,8.36,12.03,4.19,0.93,0.15,1.44,3.34,6.01,,1.11,6.58,44.23,,660.0,,660.0,,2.58,,0.5,,,,,2.0,mechanical,combined,mixed,powder,,0.0
63,25CBW Concrete,25.0,90.0,33.5,,True,True,Mechanical (Grinding),matrix,62.36,8.36,12.03,4.19,0.93,0.15,1.44,3.34,6.01,,1.11,6.58,44.23,,660.0,,660.0,,2.58,,0.5,,,,,2.0,mechanical,combined,mixed,powder,,0.0
64,5h0°C,0.0,,20.6,,False,False,,sheet1,51.57333333333333,9.8,9.816666666666668,3.155,1.6883333333333332,0.365,0.49666666666666665,1.445,4.641666666666667,,60.33083333333334,326.8831578947369,90.73083333333334,,,12185.454545454546,,,2.602,,0.5,750.0,2.0,3.3333333333333335,30.0,1.0,multiple,crushing,,cdw,,
64,,0.0,,21.3,,False,False,,sheet1,51.57333333333333,9.8,9.816666666666668,3.155,1.6883333333333332,0.365,0.49666666666666665,1.445,4.641666666666667,,60.33083333333334,326.8831578947369,90.73083333333334,,,12185.454545454546,,,2.602,,0.5,750.0,2.0,3.3333333333333335,30.0,1.0,multiple,crushing,,cdw,,
64,0h900°C,0.0,,21.6,,False,False,,sheet1,51.57333333333333,9.8,9.816666666666668,3.155,1.6883333333333332,0.365,0.49666666666666665,1.445,4.641666666666667,,60.33083333333334,326.8831578947369,90.73083333333334,,,12185.454545454546,,,2.602,,0.5,750.0,2.0,3.3333333333333335,30.0,1.0,multiple,crushing,,cdw,,
64,0h600°C,0.0,,22.6,,False,False,,sheet1,51.57333333333333,9.8,9.816666666666668,3.155,1.6883333333333332,0.365,0.49666666666666665,1.445,4.641666666666667,,60.33083333333334,326.8831578947369,90.73083333333334,,,12185.454545454546,,,2.602,,0.5,750.0,2.0,3.3333333333333335,30.0,1.0,multiple,crushing,,cdw,,
64,5h600°C,0.0,,22.8,,False,False,,sheet1,51.57333333333333,9.8,9.816666666666668,3.155,1.6883333333333332,0.365,0.49666666666666665,1.445,4.641666666666667,,60.33083333333334,326.8831578947369,90.73083333333334,,,12185.454545454546,,,2.602,,0.5,750.0,2.0,3.3333333333333335,30.0,1.0,multiple,crushing,,cdw,,
64,0h700°C,0.0,,23.3,,False,False,,sheet1,51.57333333333333,9.8,9.816666666666668,3.155,1.6883333333333332,0.365,0.49666666666666665,1.445,4.641666666666667,,60.33083333333334,326.8831578947369,90.73083333333334,,,12185.454545454546,,,2.602,,0.5,750.0,2.0,3.3333333333333335,30.0,1.0,multiple,crushing,,cdw,,
64,5h900°C,0.0,,24.0,,False,False,,sheet1,51.57333333333333,9.8,9.816666666666668,3.155,1.6883333333333332,0.365,0.49666666666666665,1.445,4.641666666666667,,60.33083333333334,326.8831578947369,90.73083333333334,,,12185.454545454546,,,2.602,,0.5,750.0,2.0,3.3333333333333335,30.0,1.0,multiple,crushing,,cdw,,
64,0h800°C,0.0,,24.8,,False,False,,sheet1,51.57333333333333,9.8,9.816666666666668,3.155,1.6883333333333332,0.365,0.49666666666666665,1.445,4.641666666666667,,60.33083333333334,326.8831578947369,90.73083333333334,,,12185.454545454546,,,2.602,,0.5,750.0,2.0,3.3333333333333335,30.0,1.0,multiple,crushing,,cdw,,
64,5h700°C,0.0,,26.0,,False,False,,sheet1,51.57333333333333,9.8,9.816666666666668,3.155,1.6883333333333332,0.365,0.49666666666666665,1.445,4.641666666666667,,60.33083333333334,326.8831578947369,90.73083333333334,,,12185.454545454546,,,2.602,,0.5,750.0,2.0,3.3333333333333335,30.0,1.0,multiple,crushing,,cdw,,
64,5h800°C,0.0,,26.4,,False,False,,sheet1,51.57333333333333,9.8,9.816666666666668,3.155,1.6883333333333332,0.365,0.49666666666666665,1.445,4.641666666666667,,60.33083333333334,326.8831578947369,90.73083333333334,,,12185.454545454546,,,2.602,,0.5,750.0,2.0,3.3333333333333335,30.0,1.0,multiple,crushing,,cdw,,
64,5h0°C,25.0,,20.6,,False,False,Mechanical,matrix,51.57333333333333,9.8,9.816666666666668,3.155,1.6883333333333332,0.365,0.49666666666666665,1.445,4.641666666666667,,60.33083333333334,326.8831578947369,90.73083333333334,,,12185.454545454546,,,2.602,,0.5,750.0,2.0,3.3333333333333335,30.0,1.0,multiple,crushing,,cdw,,
64,0h0°C,25.0,,21.3,,False,False,Unactivated (Fresh),matrix,51.57333333333333,9.8,9.816666666666668,3.155,1.6883333333333332,0.365,0.49666666666666665,1.445,4.641666666666667,,60.33083333333334,326.8831578947369,90.73083333333334,,,12185.454545454546,,,2.602,,0.5,750.0,2.0,3.3333333333333335,30.0,1.0,multiple,crushing,,cdw,,
64,0h700°C,25.0,,23.3,,False,False,Thermal,matrix,51.57333333333333,9.8,9.816666666666668,3.155,1.6883333333333332,0.365,0.49666666666666665,1.445,4.641666666666667,,60.33083333333334,326.8831578947369,90.73083333333334,,,12185.454545454546,,,2.602,,0.5,750.0,2.0,3.3333333333333335,30.0,1.0,multiple,crushing,,cdw,,
64,0h800°C,25.0,,24.8,,False,False,Thermal,matrix,51.57333333333333,9.8,9.816666666666668,3.155,1.6883333333333332,0.365,0.49666666666666665,1.445,4.641666666666667,,60.33083333333334,326.8831578947369,90.73083333333334,,,12185.454545454546,,,2.602,,0.5,750.0,2.0,3.3333333333333335,30.0,1.0,multiple,crushing,,cdw,,
64,5h700°C,25.0,,26.0,,False,False,Thermomechanical,matrix,51.57333333333333,9.8,9.816666666666668,3.155,1.6883333333333332,0.365,0.49666666666666665,1.445,4.641666666666667,,60.33083333333334,326.8831578947369,90.73083333333334,,,12185.454545454546,,,2.602,,0.5,750.0,2.0,3.3333333333333335,30.0,1.0,multiple,crushing,,cdw,,
64,5h800°C,25.0,,26.4,,False,False,Thermomechanical,matrix,51.57333333333333,9.8,9.816666666666668,3.155,1.6883333333333332,0.365,0.49666666666666665,1.445,4.641666666666667,,60.33083333333334,326.8831578947369,90.73083333333334,,,12185.454545454546,,,2.602,,0.5,750.0,2.0,3.3333333333333335,30.0,1.0,multiple,crushing,,cdw,,
66,C-RFC0,0.0,,38.45,,False,False,,matrix,,,,,,,,,,,,,,,,,,7.8500000000000005,,2526.5,,,,,,,carbonation,crushing,calcite,other,,
66,C-RFC25,25.0,,40.25,,False,False,Accelerated Carbonation,matrix,,,,,,,,,,,,,,,,,,7.8500000000000005,,2526.5,,,,,,,carbonation,crushing,calcite,other,,
66,C-RFC50,50.0,,42.5,,False,False,Accelerated Carbonation,matrix,,,,,,,,,,,,,,,,,,7.8500000000000005,,2526.5,,,,,,,carbonation,crushing,calcite,other,,
66,C-RFC75,75.0,,45.05,,False,False,Accelerated Carbonation,matrix,,,,,,,,,,,,,,,,,,7.8500000000000005,,2526.5,,,,,,,carbonation,crushing,calcite,other,,
66,C-RFC100,100.0,,46.05,,False,False,Accelerated Carbonation,matrix,,,,,,,,,,,,,,,,,,7.8500000000000005,,2526.5,,,,,,,carbonation,crushing,calcite,other,,
66,C-RFC100,100.0,,46.8,,False,False,Accelerated Carbonation,matrix,,,,,,,,,,,,,,,,,,7.8500000000000005,,2526.5,,,,,,,carbonation,crushing,calcite,other,,
68,,0.0,3.0,13.44,,False,True,,sheet1,,,,,,,,,,,,,,,,,,,,,0.475,,,,,,,crushing,,cdw,10.0,
68,,0.0,3.0,27.25,,False,True,,sheet1,,,,,,,,,,,,,,,,,,,,,0.475,,,,,,,crushing,,cdw,10.0,
68,,0.0,3.0,32.0,,False,True,,sheet1,,,,,,,,,,,,,,,,,,,,,0.475,,,,,,,crushing,,cdw,10.0,
68,,2.5,3.0,13.27,,False,True,,sheet1,,,,,,,,,,,,,,,,,,,,,0.475,,,,,,,crushing,,cdw,10.0,
68,,2.5,3.0,13.65,,False,True,,sheet1,,,,,,,,,,,,,,,,,,,,,0.475,,,,,,,crushing,,cdw,10.0,
68,,2.5,3.0,27.18,,False,True,,sheet1,,,,,,,,,,,,,,,,,,,,,0.475,,,,,,,crushing,,cdw,10.0,
68,,2.5,3.0,27.95,,False,True,,sheet1,,,,,,,,,,,,,,,,,,,,,0.475,,,,,,,crushing,,cdw,10.0,
68,,2.5,3.0,31.6,,False,True,,sheet1,,,,,,,,,,,,,,,,,,,,,0.475,,,,,,,crushing,,cdw,10.0,
68,,2.5,3.0,32.5,,False,True,,sheet1,,,,,,,,,,,,,,,,,,,,,0.475,,,,,,,crushing,,cdw,10.0,
68,,5.0,3.0,12.13,,False,True,,sheet1,,,,,,,,,,,,,,,,,,,,,0.475,,,,,,,crushing,,cdw,10.0,
68,,5.0,3.0,14.58,,False,True,,sheet1,,,,,,,,,,,,,,,,,,,,,0.475,,,,,,,crushing,,cdw,10.0,
68,,5.0,3.0,25.82,,False,True,,sheet1,,,,,,,,,,,,,,,,,,,,,0.475,,,,,,,crushing,,cdw,10.0,
68,,5.0,3.0,29.8,,False,True,,sheet1,,,,,,,,,,,,,,,,,,,,,0.475,,,,,,,crushing,,cdw,10.0,
68,,5.0,3.0,30.03,,False,True,,sheet1,,,,,,,,,,,,,,,,,,,,,0.475,,,,,,,crushing,,cdw,10.0,
68,,5.0,3.0,34.6,,False,True,,sheet1,,,,,,,,,,,,,,,,,,,,,0.475,,,,,,,crushing,,cdw,10.0,
68,,7.5,3.0,11.69,,False,True,,sheet1,,,,,,,,,,,,,,,,,,,,,0.475,,,,,,,crushing,,cdw,10.0,
68,,7.5,3.0,14.3,,False,True,,sheet1,,,,,,,,,,,,,,,,,,,,,0.475,,,,,,,crushing,,cdw,10.0,
68,,7.5,3.0,23.94,,False,True,,sheet1,,,,,,,,,,,,,,,,,,,,,0.475,,,,,,,crushing,,cdw,10.0,
68,,7.5,3.0,27.84,,False,True,,sheet1,,,,,,,,,,,,,,,,,,,,,0.475,,,,,,,crushing,,cdw,10.0,
68,,7.5,3.0,29.33,,False,True,,sheet1,,,,,,,,,,,,,,,,,,,,,0.475,,,,,,,crushing,,cdw,10.0,
68,,7.5,3.0,34.1,,False,True,,sheet1,,,,,,,,,,,,,,,,,,,,,0.475,,,,,,,crushing,,cdw,10.0,
68,,10.0,3.0,11.04,,False,True,,sheet1,,,,,,,,,,,,,,,,,,,,,0.475,,,,,,,crushing,,cdw,10.0,
68,,10.0,3.0,15.18,,False,True,,sheet1,,,,,,,,,,,,,,,,,,,,,0.475,,,,,,,crushing,,cdw,10.0,
68,,10.0,3.0,22.52,,False,True,,sheet1,,,,,,,,,,,,,,,,,,,,,0.475,,,,,,,crushing,,cdw,10.0,
68,,10.0,3.0,26.19,,False,True,,sheet1,,,,,,,,,,,,,,,,,,,,,0.475,,,,,,,crushing,,cdw,10.0,
68,,10.0,3.0,31.0,,False,True,,sheet1,,,,,,,,,,,,,,,,,,,,,0.475,,,,,,,crushing,,cdw,10.0,
68,,10.0,3.0,36.2,,False,True,,sheet1,,,,,,,,,,,,,,,,,,,,,0.475,,,,,,,crushing,,cdw,10.0,
68,,12.5,3.0,7.37,,False,True,,sheet1,,,,,,,,,,,,,,,,,,,,,0.475,,,,,,,crushing,,cdw,10.0,
68,,12.5,3.0,13.9,,False,True,,sheet1,,,,,,,,,,,,,,,,,,,,,0.475,,,,,,,crushing,,cdw,10.0,
68,,12.5,3.0,15.08,,False,True,,sheet1,,,,,,,,,,,,,,,,,,,,,0.475,,,,,,,crushing,,cdw,10.0,
68,,12.5,3.0,17.54,,False,True,,sheet1,,,,,,,,,,,,,,,,,,,,,0.475,,,,,,,crushing,,cdw,10.0,
68,,12.5,3.0,28.55,,False,True,,sheet1,,,,,,,,,,,,,,,,,,,,,0.475,,,,,,,crushing,,cdw,10.0,
68,,12.5,3.0,33.2,,False,True,,sheet1,,,,,,,,,,,,,,,,,,,,,0.475,,,,,,,crushing,,cdw,10.0,
68,,15.0,3.0,7.31,,False,True,,sheet1,,,,,,,,,,,,,,,,,,,,,0.475,,,,,,,crushing,,cdw,10.0,
68,,15.0,3.0,12.6,,False,True,,sheet1,,,,,,,,,,,,,,,,,,,,,0.475,,,,,,,crushing,,cdw,10.0,
68,,15.0,3.0,14.96,,False,True,,sheet1,,,,,,,,,,,,,,,,,,,,,0.475,,,,,,,crushing,,cdw,10.0,
68,,15.0,3.0,17.4,,False,True,,sheet1,,,,,,,,,,,,,,,,,,,,,0.475,,,,,,,crushing,,cdw,10.0,
68,,15.0,3.0,25.8,,False,True,,sheet1,,,,,,,,,,,,,,,,,,,,,0.475,,,,,,,crushing,,cdw,10.0,
68,,15.0,3.0,30.0,,False,True,,sheet1,,,,,,,,,,,,,,,,,,,,,0.475,,,,,,,crushing,,cdw,10.0,
68,,20.0,3.0,6.72,,False,True,,sheet1,,,,,,,,,,,,,,,,,,,,,0.475,,,,,,,crushing,,cdw,10.0,
68,,20.0,3.0,12.0,,False,True,,sheet1,,,,,,,,,,,,,,,,,,,,,0.475,,,,,,,crushing,,cdw,10.0,
68,,20.0,3.0,13.75,,False,True,,sheet1,,,,,,,,,,,,,,,,,,,,,0.475,,,,,,,crushing,,cdw,10.0,
68,,20.0,3.0,16.0,,False,True,,sheet1,,,,,,,,,,,,,,,,,,,,,0.475,,,,,,,crushing,,cdw,10.0,
68,,20.0,3.0,24.6,,False,True,,sheet1,,,,,,,,,,,,,,,,,,,,,0.475,,,,,,,crushing,,cdw,10.0,
68,,20.0,3.0,28.0,,False,True,,sheet1,,,,,,,,,,,,,,,,,,,,,0.475,,,,,,,crushing,,cdw,10.0,
69,Ref,0.0,,53.8,,False,False,,matrix,17.44,22.82166666666667,5.178333333333334,5.191666666666667,1.581666666666667,1.6633333333333333,,2.4250000000000003,,,,,,,,,,,,2198.3333333333335,0.5,500.0,2.0,,,2.0,thermal,combined,,powder,25.0,
69,Reference,0.0,,54.0,,True,False,,matrix,17.44,22.82166666666667,5.178333333333334,5.191666666666667,1.581666666666667,1.6633333333333333,,2.4250000000000003,,,,,,,,,,,,2198.3333333333335,0.5,500.0,2.0,,,2.0,thermal,combined,,powder,25.0,
69,R3-400-10,10.0,,48.2,,True,False,Thermal Treatment,matrix,17.44,22.82166666666667,5.178333333333334,5.191666666666667,1.581666666666667,1.6633333333333333,,2.4250000000000003,,,,,,,,,,,,2198.3333333333335,0.5,500.0,2.0,,,2.0,thermal,combined,,powder,25.0,
69,R3-400-10,10.0,,48.6,,True,False,Thermal,matrix,17.44,22.82166666666667,5.178333333333334,5.191666666666667,1.581666666666667,1.6633333333333333,,2.4250000000000003,,,,,,,,,,,,2198.3333333333335,0.5,500.0,2.0,,,2.0,thermal,combined,,powder,25.0,
69,R3-200-10,10.0,,49.4,,True,False,Thermal,matrix,17.44,22.82166666666667,5.178333333333334,5.191666666666667,1.581666666666667,1.6633333333333333,,2.4250000000000003,,,,,,,,,,,,2198.3333333333335,0.5,500.0,2.0,,,2.0,thermal,combined,,powder,25.0,
69,R3-600-10,10.0,,50.1,,True,False,Thermal Treatment,matrix,17.44,22.82166666666667,5.178333333333334,5.191666666666667,1.581666666666667,1.6633333333333333,,2.4250000000000003,,,,,,,,,,,,2198.3333333333335,0.5,500.0,2.0,,,2.0,thermal,combined,,powder,25.0,
69,R3-600-10,10.0,,50.2,,True,False,Thermal,matrix,17.44,22.82166666666667,5.178333333333334,5.191666666666667,1.581666666666667,1.6633333333333333,,2.4250000000000003,,,,,,,,,,,,2198.3333333333335,0.5,500.0,2.0,,,2.0,thermal,combined,,powder,25.0,
69,R3-RT-10,10.0,,50.3,,True,False,Untreated (RT),matrix,17.44,22.82166666666667,5.178333333333334,5.191666666666667,1.581666666666667,1.6633333333333333,,2.4250000000000003,,,,,,,,,,,,2198.3333333333335,0.5,500.0,2.0,,,2.0,thermal,combined,,powder,25.0,
69,R3-RT-10,10.0,,50.5,,True,False,Untreated (RT),matrix,17.44,22.82166666666667,5.178333333333334,5.191666666666667,1.581666666666667,1.6633333333333333,,2.4250000000000003,,,,,,,,,,,,2198.3333333333335,0.5,500.0,2.0,,,2.0,thermal,combined,,powder,25.0,
69,R2-200-10,10.0,,50.8,,True,False,Thermal,matrix,17.44,22.82166666666667,5.178333333333334,5.191666666666667,1.581666666666667,1.6633333333333333,,2.4250000000000003,,,,,,,,,,,,2198.3333333333335,0.5,500.0,2.0,,,2.0,thermal,combined,,powder,25.0,
69,R2-400-10,10.0,,50.9,,True,False,Thermal,matrix,17.44,22.82166666666667,5.178333333333334,5.191666666666667,1.581666666666667,1.6633333333333333,,2.4250000000000003,,,,,,,,,,,,2198.3333333333335,0.5,500.0,2.0,,,2.0,thermal,combined,,powder,25.0,
69,R1-200-10,10.0,,51.8,,True,False,Thermal Treatment,matrix,17.44,22.82166666666667,5.178333333333334,5.191666666666667,1.581666666666667,1.6633333333333333,,2.4250000000000003,,,,,,,,,,,,2198.3333333333335,0.5,500.0,2.0,,,2.0,thermal,combined,,powder,25.0,
69,R1-200-10,10.0,,51.9,,True,False,Thermal,matrix,17.44,22.82166666666667,5.178333333333334,5.191666666666667,1.581666666666667,1.6633333333333333,,2.4250000000000003,,,,,,,,,,,,2198.3333333333335,0.5,500.0,2.0,,,2.0,thermal,combined,,powder,25.0,
69,R2-RT-10,10.0,,52.1,,True,False,Untreated (RT),matrix,17.44,22.82166666666667,5.178333333333334,5.191666666666667,1.581666666666667,1.6633333333333333,,2.4250000000000003,,,,,,,,,,,,2198.3333333333335,0.5,500.0,2.0,,,2.0,thermal,combined,,powder,25.0,
69,R1-400-10,10.0,,52.5,,True,False,Thermal,matrix,17.44,22.82166666666667,5.178333333333334,5.191666666666667,1.581666666666667,1.6633333333333333,,2.4250000000000003,,,,,,,,,,,,2198.3333333333335,0.5,500.0,2.0,,,2.0,thermal,combined,,powder,25.0,
69,R3-800-10,10.0,,52.7,,True,False,Thermal Treatment,matrix,17.44,22.82166666666667,5.178333333333334,5.191666666666667,1.581666666666667,1.6633333333333333,,2.4250000000000003,,,,,,,,,,,,2198.3333333333335,0.5,500.0,2.0,,,2.0,thermal,combined,,powder,25.0,
69,R3-800-10,10.0,,52.8,,True,False,Thermal,matrix,17.44,22.82166666666667,5.178333333333334,5.191666666666667,1.581666666666667,1.6633333333333333,,2.4250000000000003,,,,,,,,,,,,2198.3333333333335,0.5,500.0,2.0,,,2.0,thermal,combined,,powder,25.0,
69,R2-800-10,10.0,,53.6,,True,False,Thermal,matrix,17.44,22.82166666666667,5.178333333333334,5.191666666666667,1.581666666666667,1.6633333333333333,,2.4250000000000003,,,,,,,,,,,,2198.3333333333335,0.5,500.0,2.0,,,2.0,thermal,combined,,powder,25.0,
69,R1-RT-10,10.0,,53.7,,True,False,Untreated (RT),matrix,17.44,22.82166666666667,5.178333333333334,5.191666666666667,1.581666666666667,1.6633333333333333,,2.4250000000000003,,,,,,,,,,,,2198.3333333333335,0.5,500.0,2.0,,,2.0,thermal,combined,,powder,25.0,
69,R2-800-10,10.0,,53.8,,True,False,Thermal Treatment,matrix,17.44,22.82166666666667,5.178333333333334,5.191666666666667,1.581666666666667,1.6633333333333333,,2.4250000000000003,,,,,,,,,,,,2198.3333333333335,0.5,500.0,2.0,,,2.0,thermal,combined,,powder,25.0,
69,R1-RT-10,10.0,,53.9,,True,False,Untreated (RT),matrix,17.44,22.82166666666667,5.178333333333334,5.191666666666667,1.581666666666667,1.6633333333333333,,2.4250000000000003,,,,,,,,,,,,2198.3333333333335,0.5,500.0,2.0,,,2.0,thermal,combined,,powder,25.0,
69,R1-600-10,10.0,,55.1,,True,False,Thermal Treatment,matrix,17.44,22.82166666666667,5.178333333333334,5.191666666666667,1.581666666666667,1.6633333333333333,,2.4250000000000003,,,,,,,,,,,,2198.3333333333335,0.5,500.0,2.0,,,2.0,thermal,combined,,powder,25.0,
69,R1-600-10,10.0,,55.2,,True,False,Thermal,matrix,17.44,22.82166666666667,5.178333333333334,5.191666666666667,1.581666666666667,1.6633333333333333,,2.4250000000000003,,,,,,,,,,,,2198.3333333333335,0.5,500.0,2.0,,,2.0,thermal,combined,,powder,25.0,
69,R1-800-10,10.0,,55.5,,True,False,Thermal,matrix,17.44,22.82166666666667,5.178333333333334,5.191666666666667,1.581666666666667,1.6633333333333333,,2.4250000000000003,,,,,,,,,,,,2198.3333333333335,0.5,500.0,2.0,,,2.0,thermal,combined,,powder,25.0,
69,R3-200-20,20.0,,33.6,,True,False,Thermal,matrix,17.44,22.82166666666667,5.178333333333334,5.191666666666667,1.581666666666667,1.6633333333333333,,2.4250000000000003,,,,,,,,,,,,2198.3333333333335,0.5,500.0,2.0,,,2.0,thermal,combined,,powder,25.0,
69,R3-400-20,20.0,,33.8,,True,False,Thermal,matrix,17.44,22.82166666666667,5.178333333333334,5.191666666666667,1.581666666666667,1.6633333333333333,,2.4250000000000003,,,,,,,,,,,,2198.3333333333335,0.5,500.0,2.0,,,2.0,thermal,combined,,powder,25.0,
69,R3-RT-20,20.0,,34.2,,True,False,Untreated (RT),matrix,17.44,22.82166666666667,5.178333333333334,5.191666666666667,1.581666666666667,1.6633333333333333,,2.4250000000000003,,,,,,,,,,,,2198.3333333333335,0.5,500.0,2.0,,,2.0,thermal,combined,,powder,25.0,
69,R3-RT-20,20.0,,34.3,,True,False,Untreated (RT),matrix,17.44,22.82166666666667,5.178333333333334,5.191666666666667,1.581666666666667,1.6633333333333333,,2.4250000000000003,,,,,,,,,,,,2198.3333333333335,0.5,500.0,2.0,,,2.0,thermal,combined,,powder,25.0,
69,R3-600-20,20.0,,36.2,,True,False,Thermal,matrix,17.44,22.82166666666667,5.178333333333334,5.191666666666667,1.581666666666667,1.6633333333333333,,2.4250000000000003,,,,,,,,,,,,2198.3333333333335,0.5,500.0,2.0,,,2.0,thermal,combined,,powder,25.0,
69,R3-600-20,20.0,,36.6,,True,False,Thermal Treatment,matrix,17.44,22.82166666666667,5.178333333333334,5.191666666666667,1.581666666666667,1.6633333333333333,,2.4250000000000003,,,,,,,,,,,,2198.3333333333335,0.5,500.0,2.0,,,2.0,thermal,combined,,powder,25.0,
69,R2-200-20,20.0,,38.1,,True,False,Thermal,matrix,17.44,22.82166666666667,5.178333333333334,5.191666666666667,1.581666666666667,1.6633333333333333,,2.4250000000000003,,,,,,,,,,,,2198.3333333333335,0.5,500.0,2.0,,,2.0,thermal,combined,,powder,25.0,
69,R2-400-20,20.0,,38.6,,True,False,Thermal,matrix,17.44,22.82166666666667,5.178333333333334,5.191666666666667,1.581666666666667,1.6633333333333333,,2.4250000000000003,,,,,,,,,,,,2198.3333333333335,0.5,500.0,2.0,,,2.0,thermal,combined,,powder,25.0,
69,R2-RT-20,20.0,,38.8,,True,False,Untreated (RT),matrix,17.44,22.82166666666667,5.178333333333334,5.191666666666667,1.581666666666667,1.6633333333333333,,2.4250000000000003,,,,,,,,,,,,2198.3333333333335,0.5,500.0,2.0,,,2.0,thermal,combined,,powder,25.0,
69,R1-200-20,20.0,,39.8,,True,False,Thermal Treatment,matrix,17.44,22.82166666666667,5.178333333333334,5.191666666666667,1.581666666666667,1.6633333333333333,,2.4250000000000003,,,,,,,,,,,,2198.3333333333335,0.5,500.0,2.0,,,2.0,thermal,combined,,powder,25.0,
69,R1-200-20,20.0,,39.9,,True,False,Thermal,matrix,17.44,22.82166666666667,5.178333333333334,5.191666666666667,1.581666666666667,1.6633333333333333,,2.4250000000000003,,,,,,,,,,,,2198.3333333333335,0.5,500.0,2.0,,,2.0,thermal,combined,,powder,25.0,
69,R2-600-20,20.0,,40.1,,True,False,Thermal,matrix,17.44,22.82166666666667,5.178333333333334,5.191666666666667,1.581666666666667,1.6633333333333333,,2.4250000000000003,,,,,,,,,,,,2198.3333333333335,0.5,500.0,2.0,,,2.0,thermal,combined,,powder,25.0,
69,R2-600-20,20.0,,40.3,,True,False,Thermal Treatment,matrix,17.44,22.82166666666667,5.178333333333334,5.191666666666667,1.581666666666667,1.6633333333333333,,2.4250000000000003,,,,,,,,,,,,2198.3333333333335,0.5,500.0,2.0,,,2.0,thermal,combined,,powder,25.0,
69,R3-800-20,20.0,,40.8,,True,False,Thermal,matrix,17.44,22.82166666666667,5.178333333333334,5.191666666666667,1.581666666666667,1.6633333333333333,,2.4250000000000003,,,,,,,,,,,,2198.3333333333335,0.5,500.0,2.0,,,2.0,thermal,combined,,powder,25.0,
69,R1-RT-20,20.0,,41.5,,True,False,Untreated (RT),matrix,17.44,22.82166666666667,5.178333333333334,5.191666666666667,1.581666666666667,1.6633333333333333,,2.4250000000000003,,,,,,,,,,,,2198.3333333333335,0.5,500.0,2.0,,,2.0,thermal,combined,,powder,25.0,
69,R1-RT-20,20.0,,41.6,,True,False,Untreated (RT),matrix,17.44,22.82166666666667,5.178333333333334,5.191666666666667,1.581666666666667,1.6633333333333333,,2.4250000000000003,,,,,,,,,,,,2198.3333333333335,0.5,500.0,2.0,,,2.0,thermal,combined,,powder,25.0,
69,R1-400-20,20.0,,42.1,,True,False,Thermal,matrix,17.44,22.82166666666667,5.178333333333334,5.191666666666667,1.581666666666667,1.6633333333333333,,2.4250000000000003,,,,,,,,,,,,2198.3333333333335,0.5,500.0,2.0,,,2.0,thermal,combined,,powder,25.0,
69,R1-400-20,20.0,,42.3,,True,False,Thermal Treatment,matrix,17.44,22.82166666666667,5.178333333333334,5.191666666666667,1.581666666666667,1.6633333333333333,,2.4250000000000003,,,,,,,,,,,,2198.3333333333335,0.5,500.0,2.0,,,2.0,thermal,combined,,powder,25.0,
69,R2-800-20,20.0,,43.5,,True,False,Thermal,matrix,17.44,22.82166666666667,5.178333333333334,5.191666666666667,1.581666666666667,1.6633333333333333,,2.4250000000000003,,,,,,,,,,,,2198.3333333333335,0.5,500.0,2.0,,,2.0,thermal,combined,,powder,25.0,
69,R2-800-20,20.0,,43.6,,True,False,Thermal Treatment,matrix,17.44,22.82166666666667,5.178333333333334,5.191666666666667,1.581666666666667,1.6633333333333333,,2.4250000000000003,,,,,,,,,,,,2198.3333333333335,0.5,500.0,2.0,,,2.0,thermal,combined,,powder,25.0,
69,R1-600-20,20.0,,44.8,,True,False,Thermal,matrix,17.44,22.82166666666667,5.178333333333334,5.191666666666667,1.581666666666667,1.6633333333333333,,2.4250000000000003,,,,,,,,,,,,2198.3333333333335,0.5,500.0,2.0,,,2.0,thermal,combined,,powder,25.0,
69,R1-600-20,20.0,,45.1,,True,False,Thermal Treatment,matrix,17.44,22.82166666666667,5.178333333333334,5.191666666666667,1.581666666666667,1.6633333333333333,,2.4250000000000003,,,,,,,,,,,,2198.3333333333335,0.5,500.0,2.0,,,2.0,thermal,combined,,powder,25.0,
69,R1-800-20,20.0,,46.9,,True,False,Thermal,matrix,17.44,22.82166666666667,5.178333333333334,5.191666666666667,1.581666666666667,1.6633333333333333,,2.4250000000000003,,,,,,,,,,,,2198.3333333333335,0.5,500.0,2.0,,,2.0,thermal,combined,,powder,25.0,
69,R1-800-20,20.0,,47.0,,True,False,Thermal Treatment,matrix,17.44,22.82166666666667,5.178333333333334,5.191666666666667,1.581666666666667,1.6633333333333333,,2.4250000000000003,,,,,,,,,,,,2198.3333333333335,0.5,500.0,2.0,,,2.0,thermal,combined,,powder,25.0,
69,,30.0,,30.0,,False,False,,sheet1,17.44,22.82166666666667,5.178333333333334,5.191666666666667,1.581666666666667,1.6633333333333333,,2.4250000000000003,,,,,,,,,,,,2198.3333333333335,0.5,500.0,2.0,,,2.0,thermal,combined,,powder,25.0,
69,R3-200-30,30.0,,30.2,,True,False,Thermal,matrix,17.44,22.82166666666667,5.178333333333334,5.191666666666667,1.581666666666667,1.6633333333333333,,2.4250000000000003,,,,,,,,,,,,2198.3333333333335,0.5,500.0,2.0,,,2.0,thermal,combined,,powder,25.0,
69,R3-200-30,30.0,,30.8,,True,False,Thermal Treatment,matrix,17.44,22.82166666666667,5.178333333333334,5.191666666666667,1.581666666666667,1.6633333333333333,,2.4250000000000003,,,,,,,,,,,,2198.3333333333335,0.5,500.0,2.0,,,2.0,thermal,combined,,powder,25.0,
69,R3-400-30,30.0,,31.0,,True,False,Thermal,matrix,17.44,22.82166666666667,5.178333333333334,5.191666666666667,1.581666666666667,1.6633333333333333,,2.4250000000000003,,,,,,,,,,,,2198.3333333333335,0.5,500.0,2.0,,,2.0,thermal,combined,,powder,25.0,
69,R3-600-30,30.0,,33.1,,True,False,Thermal,matrix,17.44,22.82166666666667,5.178333333333334,5.191666666666667,1.581666666666667,1.6633333333333333,,2.4250000000000003,,,,,,,,,,,,2198.3333333333335,0.5,500.0,2.0,,,2.0,thermal,combined,,powder,25.0,
69,R3-600-30,30.0,,33.2,,True,False,Thermal Treatment,matrix,17.44,22.82166666666667,5.178333333333334,5.191666666666667,1.581666666666667,1.6633333333333333,,2.4250000000000003,,,,,,,,,,,,2198.3333333333335,0.5,500.0,2.0,,,2.0,thermal,combined,,powder,25.0,
69,R2-200-30,30.0,,33.8,,True,False,Thermal,matrix,17.44,22.82166666666667,5.178333333333334,5.191666666666667,1.581666666666667,1.6633333333333333,,2.4250000000000003,,,,,,,,,,,,2198.3333333333335,0.5,500.0,2.0,,,2.0,thermal,combined,,powder,25.0,
69,R2-RT-30,30.0,,33.9,,True,False,Untreated (RT),matrix,17.44,22.82166666666667,5.178333333333334,5.191666666666667,1.581666666666667,1.6633333333333333,,2.4250000000000003,,,,,,,,,,,,2198.3333333333335,0.5,500.0,2.0,,,2.0,thermal,combined,,powder,25.0,
69,R2-200-30,30.0,,34.0,,True,False,Thermal Treatment,matrix,17.44,22.82166666666667,5.178333333333334,5.191666666666667,1.581666666666667,1.6633333333333333,,2.4250000000000003,,,,,,,,,,,,2198.3333333333335,0.5,500.0,2.0,,,2.0,thermal,combined,,powder,25.0,
69,R2-RT-30,30.0,,34.1,,True,False,Untreated (RT),matrix,17.44,22.82166666666667,5.178333333333334,5.191666666666667,1.581666666666667,1.6633333333333333,,2.4250000000000003,,,,,,,,,,,,2198.3333333333335,0.5,500.0,2.0,,,2.0,thermal,combined,,powder,25.0,
69,R2-400-30,30.0,,34.3,,True,False,Thermal,matrix,17.44,22.82166666666667,5.178333333333334,5.191666666666667,1.581666666666667,1.6633333333333333,,2.4250000000000003,,,,,,,,,,,,2198.3333333333335,0.5,500.0,2.0,,,2.0,thermal,combined,,powder,25.0,
69,R3-800-30,30.0,,35.0,,True,False,Thermal,matrix,17.44,22.82166666666667,5.178333333333334,5.191666666666667,1.581666666666667,1.6633333333333333,,2.4250000000000003,,,,,,,,,,,,2198.3333333333335,0.5,500.0,2.0,,,2.0,thermal,combined,,powder,25.0,
69,R3-800-30,30.0,,35.1,,True,False,Thermal Treatment,matrix,17.44,22.82166666666667,5.178333333333334,5.191666666666667,1.581666666666667,1.6633333333333333,,2.4250000000000003,,,,,,,,,,,,2198.3333333333335,0.5,500.0,2.0,,,2.0,thermal,combined,,powder,25.0,
69,R1-200-30,30.0,,35.2,,True,False,Thermal Treatment,matrix,17.44,22.82166666666667,5.178333333333334,5.191666666666667,1.581666666666667,1.6633333333333333,,2.4250000000000003,,,,,,,,,,,,2198.3333333333335,0.5,500.0,2.0,,,2.0,thermal,combined,,powder,25.0,
69,R1-RT-30,30.0,,35.3,,True,False,Untreated (RT),matrix,17.44,22.82166666666667,5.178333333333334,5.191666666666667,1.581666666666667,1.6633333333333333,,2.4250000000000003,,,,,,,,,,,,2198.3333333333335,0.5,500.0,2.0,,,2.0,thermal,combined,,powder,25.0,
69,R1-200-30,30.0,,35.4,,True,False,Thermal,matrix,17.44,22.82166666666667,5.178333333333334,5.191666666666667,1.581666666666667,1.6633333333333333,,2.4250000000000003,,,,,,,,,,,,2198.3333333333335,0.5,500.0,2.0,,,2.0,thermal,combined,,powder,25.0,
69,R1-RT-30,30.0,,35.5,,True,False,Untreated (RT),matrix,17.44,22.82166666666667,5.178333333333334,5.191666666666667,1.581666666666667,1.6633333333333333,,2.4250000000000003,,,,,,,,,,,,2198.3333333333335,0.5,500.0,2.0,,,2.0,thermal,combined,,powder,25.0,
69,R1-400-30,30.0,,36.0,,True,False,Thermal Treatment,matrix,17.44,22.82166666666667,5.178333333333334,5.191666666666667,1.581666666666667,1.6633333333333333,,2.4250000000000003,,,,,,,,,,,,2198.3333333333335,0.5,500.0,2.0,,,2.0,thermal,combined,,powder,25.0,
69,R1-400-30,30.0,,36.1,,True,False,Thermal,matrix,17.44,22.82166666666667,5.178333333333334,5.191666666666667,1.581666666666667,1.6633333333333333,,2.4250000000000003,,,,,,,,,,,,2198.3333333333335,0.5,500.0,2.0,,,2.0,thermal,combined,,powder,25.0,
69,R2-600-30,30.0,,37.0,,True,False,Thermal,matrix,17.44,22.82166666666667,5.178333333333334,5.191666666666667,1.581666666666667,1.6633333333333333,,2.4250000000000003,,,,,,,,,,,,2198.3333333333335,0.5,500.0,2.0,,,2.0,thermal,combined,,powder,25.0,
69,R2-600-30,30.0,,37.1,,True,False,Thermal Treatment,matrix,17.44,22.82166666666667,5.178333333333334,5.191666666666667,1.581666666666667,1.6633333333333333,,2.4250000000000003,,,,,,,,,,,,2198.3333333333335,0.5,500.0,2.0,,,2.0,thermal,combined,,powder,25.0,
69,R1-600-30,30.0,,38.3,,True,False,Thermal,matrix,17.44,22.82166666666667,5.178333333333334,5.191666666666667,1.581666666666667,1.6633333333333333,,2.4250000000000003,,,,,,,,,,,,2198.3333333333335,0.5,500.0,2.0,,,2.0,thermal,combined,,powder,25.0,
69,R2-800-30,30.0,,40.1,,True,False,Thermal,matrix,17.44,22.82166666666667,5.178333333333334,5.191666666666667,1.581666666666667,1.6633333333333333,,2.4250000000000003,,,,,,,,,,,,2198.3333333333335,0.5,500.0,2.0,,,2.0,thermal,combined,,powder,25.0,
69,R2-800-30,30.0,,40.2,,True,False,Thermal Treatment,matrix,17.44,22.82166666666667,5.178333333333334,5.191666666666667,1.581666666666667,1.6633333333333333,,2.4250000000000003,,,,,,,,,,,,2198.3333333333335,0.5,500.0,2.0,,,2.0,thermal,combined,,powder,25.0,
69,R1-800-30,30.0,,40.6,,True,False,Thermal Treatment,matrix,17.44,22.82166666666667,5.178333333333334,5.191666666666667,1.581666666666667,1.6633333333333333,,2.4250000000000003,,,,,,,,,,,,2198.3333333333335,0.5,500.0,2.0,,,2.0,thermal,combined,,powder,25.0,
69,R1-800-30,30.0,,40.7,,True,False,Thermal,matrix,17.44,22.82166666666667,5.178333333333334,5.191666666666667,1.581666666666667,1.6633333333333333,,2.4250000000000003,,,,,,,,,,,,2198.3333333333335,0.5,500.0,2.0,,,2.0,thermal,combined,,powder,25.0,
70,,0.0,7.0,33.0,,False,True,,sheet1,33.699999999999996,32.02,8.026666666666666,4.416666666666667,1.62,1.64,0.98,1.0333333333333334,14.719999999999999,,,39.233333333333334,,,,11813.333333333334,,,2.48,,0.5,,,,,2.0,none,crushing,,fines,10.0,0.0
70,PC,0.0,7.0,45.8,,True,True,Untreated,matrix,33.699999999999996,32.02,8.026666666666666,4.416666666666667,1.62,1.64,0.98,1.0333333333333334,14.719999999999999,,,39.233333333333334,,,,11813.333333333334,,,2.48,,0.5,,,,,2.0,none,crushing,,fines,10.0,0.0
70,PC,0.0,7.0,48.5,,True,True,Untreated,matrix,33.699999999999996,32.02,8.026666666666666,4.416666666666667,1.62,1.64,0.98,1.0333333333333334,14.719999999999999,,,39.233333333333334,,,,11813.333333333334,,,2.48,,0.5,,,,,2.0,none,crushing,,fines,10.0,0.0
70,,0.0,28.0,45.8,,False,True,,sheet1,33.699999999999996,32.02,8.026666666666666,4.416666666666667,1.62,1.64,0.98,1.0333333333333334,14.719999999999999,,,39.233333333333334,,,,11813.333333333334,,,2.48,,0.5,,,,,2.0,none,crushing,,fines,10.0,0.0
70,,0.0,60.0,48.5,,False,True,,sheet1,33.699999999999996,32.02,8.026666666666666,4.416666666666667,1.62,1.64,0.98,1.0333333333333334,14.719999999999999,,,39.233333333333334,,,,11813.333333333334,,,2.48,,0.5,,,,,2.0,none,crushing,,fines,10.0,0.0
70,RMP10,10.0,7.0,27.8,,False,True,,sheet1,33.699999999999996,32.02,8.026666666666666,4.416666666666667,1.62,1.64,0.98,1.0333333333333334,14.719999999999999,,,39.233333333333334,,,,11813.333333333334,,,2.48,,0.5,,,,,2.0,none,crushing,,fines,10.0,0.0
70,RCP10,10.0,7.0,30.0,,False,True,,sheet1,33.699999999999996,32.02,8.026666666666666,4.416666666666667,1.62,1.64,0.98,1.0333333333333334,14.719999999999999,,,39.233333333333334,,,,11813.333333333334,,,2.48,,0.5,,,,,2.0,none,crushing,,fines,10.0,0.0
70,RFP10,10.0,7.0,34.2,,False,True,,sheet1,33.699999999999996,32.02,8.026666666666666,4.416666666666667,1.62,1.64,0.98,1.0333333333333334,14.719999999999999,,,39.233333333333334,,,,11813.333333333334,,,2.48,,0.5,,,,,2.0,none,crushing,,fines,10.0,0.0
70,RFP10,10.0,7.0,40.2,,True,True,Untreated,matrix,33.699999999999996,32.02,8.026666666666666,4.416666666666667,1.62,1.64,0.98,1.0333333333333334,14.719999999999999,,,39.233333333333334,,,,11813.333333333334,,,2.48,,0.5,,,,,2.0,none,crushing,,fines,10.0,0.0
70,RCP10,10.0,7.0,42.8,,True,True,Untreated,matrix,33.699999999999996,32.02,8.026666666666666,4.416666666666667,1.62,1.64,0.98,1.0333333333333334,14.719999999999999,,,39.233333333333334,,,,11813.333333333334,,,2.48,,0.5,,,,,2.0,none,crushing,,fines,10.0,0.0
70,RCP10,10.0,7.0,45.6,,True,True,Untreated,matrix,33.699999999999996,32.02,8.026666666666666,4.416666666666667,1.62,1.64,0.98,1.0333333333333334,14.719999999999999,,,39.233333333333334,,,,11813.333333333334,,,2.48,,0.5,,,,,2.0,none,crushing,,fines,10.0,0.0
70,RMP10,10.0,7.0,47.7,,True,True,Untreated,matrix,33.699999999999996,32.02,8.026666666666666,4.416666666666667,1.62,1.64,0.98,1.0333333333333334,14.719999999999999,,,39.233333333333334,,,,11813.333333333334,,,2.48,,0.5,,,,,2.0,none,crushing,,fines,10.0,0.0
70,RFP10,10.0,7.0,53.1,,True,True,Untreated,matrix,33.699999999999996,32.02,8.026666666666666,4.416666666666667,1.62,1.64,0.98,1.0333333333333334,14.719999999999999,,,39.233333333333334,,,,11813.333333333334,,,2.48,,0.5,,,,,2.0,none,crushing,,fines,10.0,0.0
70,RFP10,10.0,28.0,40.2,,False,True,,sheet1,33.699999999999996,32.02,8.026666666666666,4.416666666666667,1.62,1.64,0.98,1.0333333333333334,14.719999999999999,,,39.233333333333334,,,,11813.333333333334,,,2.48,,0.5,,,,,2.0,none,crushing,,fines,10.0,0.0
70,RMP10,10.0,28.0,42.8,,False,True,,sheet1,33.699999999999996,32.02,8.026666666666666,4.416666666666667,1.62,1.64,0.98,1.0333333333333334,14.719999999999999,,,39.233333333333334,,,,11813.333333333334,,,2.48,,0.5,,,,,2.0,none,crushing,,fines,10.0,0.0
70,RCP10,10.0,60.0,45.6,,False,True,,sheet1,33.699999999999996,32.02,8.026666666666666,4.416666666666667,1.62,1.64,0.98,1.0333333333333334,14.719999999999999,,,39.233333333333334,,,,11813.333333333334,,,2.48,,0.5,,,,,2.0,none,crushing,,fines,10.0,0.0
70,RMP10,10.0,60.0,47.7,,False,True,,sheet1,33.699999999999996,32.02,8.026666666666666,4.416666666666667,1.62,1.64,0.98,1.0333333333333334,14.719999999999999,,,39.233333333333334,,,,11813.333333333334,,,2.48,,0.5,,,,,2.0,none,crushing,,fines,10.0,0.0
70,RFP10,10.0,60.0,53.1,,False,True,,sheet1,33.699999999999996,32.02,8.026666666666666,4.416666666666667,1.62,1.64,0.98,1.0333333333333334,14.719999999999999,,,39.233333333333334,,,,11813.333333333334,,,2.48,,0.5,,,,,2.0,none,crushing,,fines,10.0,0.0
70,RMP20,20.0,7.0,26.2,,False,True,,sheet1,33.699999999999996,32.02,8.026666666666666,4.416666666666667,1.62,1.64,0.98,1.0333333333333334,14.719999999999999,,,39.233333333333334,,,,11813.333333333334,,,2.48,,0.5,,,,,2.0,none,crushing,,fines,10.0,0.0
70,RCP20,20.0,7.0,28.6,,False,True,,sheet1,33.699999999999996,32.02,8.026666666666666,4.416666666666667,1.62,1.64,0.98,1.0333333333333334,14.719999999999999,,,39.233333333333334,,,,11813.333333333334,,,2.48,,0.5,,,,,2.0,none,crushing,,fines,10.0,0.0
70,RFP20,20.0,7.0,31.3,,False,True,,sheet1,33.699999999999996,32.02,8.026666666666666,4.416666666666667,1.62,1.64,0.98,1.0333333333333334,14.719999999999999,,,39.233333333333334,,,,11813.333333333334,,,2.48,,0.5,,,,,2.0,none,crushing,,fines,10.0,0.0
70,RMP20,20.0,7.0,35.7,,True,True,Untreated,matrix,33.699999999999996,32.02,8.026666666666666,4.416666666666667,1.62,1.64,0.98,1.0333333333333334,14.719999999999999,,,39.233333333333334,,,,11813.333333333334,,,2.48,,0.5,,,,,2.0,none,crushing,,fines,10.0,0.0
70,RCP20,20.0,7.0,37.7,,True,True,Untreated,matrix,33.699999999999996,32.02,8.026666666666666,4.416666666666667,1.62,1.64,0.98,1.0333333333333334,14.719999999999999,,,39.233333333333334,,,,11813.333333333334,,,2.48,,0.5,,,,,2.0,none,crushing,,fines,10.0,0.0
70,RFP20,20.0,7.0,41.2,,True,True,Untreated,matrix,33.699999999999996,32.02,8.026666666666666,4.416666666666667,1.62,1.64,0.98,1.0333333333333334,14.719999999999999,,,39.233333333333334,,,,11813.333333333334,,,2.48,,0.5,,,,,2.0,none,crushing,,fines,10.0,0.0
70,RMP20,20.0,7.0,41.7,,True,True,Untreated,matrix,33.699999999999996,32.02,8.026666666666666,4.416666666666667,1.62,1.64,0.98,1.0333333333333334,14.719999999999999,,,39.233333333333334,,,,11813.333333333334,,,2.48,,0.5,,,,,2.0,none,crushing,,fines,10.0,0.0
70,RFP20,20.0,7.0,42.6,,True,True,Untreated,matrix,33.699999999999996,32.02,8.026666666666666,4.416666666666667,1.62,1.64,0.98,1.0333333333333334,14.719999999999999,,,39.233333333333334,,,,11813.333333333334,,,2.48,,0.5,,,,,2.0,none,crushing,,fines,10.0,0.0
70,RCP20,20.0,7.0,44.1,,True,True,Untreated,matrix,33.699999999999996,32.02,8.026666666666666,4.416666666666667,1.62,1.64,0.98,1.0333333333333334,14.719999999999999,,,39.233333333333334,,,,11813.333333333334,,,2.48,,0.5,,,,,2.0,none,crushing,,fines,10.0,0.0
70,RMP20,20.0,28.0,35.7,,False,True,,sheet1,33.699999999999996,32.02,8.026666666666666,4.416666666666667,1.62,1.64,0.98,1.0333333333333334,14.719999999999999,,,39.233333333333334,,,,11813.333333333334,,,2.48,,0.5,,,,,2.0,none,crushing,,fines,10.0,0.0
70,RCP20,20.0,28.0,37.7,,False,True,,sheet1,33.699999999999996,32.02,8.026666666666666,4.416666666666667,1.62,1.64,0.98,1.0333333333333334,14.719999999999999,,,39.233333333333334,,,,11813.333333333334,,,2.48,,0.5,,,,,2.0,none,crushing,,fines,10.0,0.0
70,RFP20,20.0,28.0,41.2,,False,True,,sheet1,33.699999999999996,32.02,8.026666666666666,4.416666666666667,1.62,1.64,0.98,1.0333333333333334,14.719999999999999,,,39.233333333333334,,,,11813.333333333334,,,2.48,,0.5,,,,,2.0,none,crushing,,fines,10.0,0.0
70,RMP20,20.0,60.0,41.7,,False,True,,sheet1,33.699999999999996,32.02,8.026666666666666,4.416666666666667,1.62,1.64,0.98,1.0333333333333334,14.719999999999999,,,39.233333333333334,,,,11813.333333333334,,,2.48,,0.5,,,,,2.0,none,crushing,,fines,10.0,0.0
70,RFP20,20.0,60.0,42.6,,False,True,,sheet1,33.699999999999996,32.02,8.026666666666666,4.416666666666667,1.62,1.64,0.98,1.0333333333333334,14.719999999999999,,,39.233333333333334,,,,11813.333333333334,,,2.48,,0.5,,,,,2.0,none,crushing,,fines,10.0,0.0
70,RCP20,20.0,60.0,44.1,,False,True,,sheet1,33.699999999999996,32.02,8.026666666666666,4.416666666666667,1.62,1.64,0.98,1.0333333333333334,14.719999999999999,,,39.233333333333334,,,,11813.333333333334,,,2.48,,0.5,,,,,2.0,none,crushing,,fines,10.0,0.0
70,CC30,30.0,7.0,22.9,,True,True,Untreated,matrix,33.699999999999996,32.02,8.026666666666666,4.416666666666667,1.62,1.64,0.98,1.0333333333333334,14.719999999999999,,,39.233333333333334,,,,11813.333333333334,,,2.48,,0.5,,,,,2.0,none,crushing,,fines,10.0,0.0
70,RMP30,30.0,7.0,24.1,,False,True,,sheet1,33.699999999999996,32.02,8.026666666666666,4.416666666666667,1.62,1.64,0.98,1.0333333333333334,14.719999999999999,,,39.233333333333334,,,,11813.333333333334,,,2.48,,0.5,,,,,2.0,none,crushing,,fines,10.0,0.0
70,RCP30,30.0,7.0,26.6,,False,True,,sheet1,33.699999999999996,32.02,8.026666666666666,4.416666666666667,1.62,1.64,0.98,1.0333333333333334,14.719999999999999,,,39.233333333333334,,,,11813.333333333334,,,2.48,,0.5,,,,,2.0,none,crushing,,fines,10.0,0.0
70,RFP30,30.0,7.0,29.5,,False,True,,sheet1,33.699999999999996,32.02,8.026666666666666,4.416666666666667,1.62,1.64,0.98,1.0333333333333334,14.719999999999999,,,39.233333333333334,,,,11813.333333333334,,,2.48,,0.5,,,,,2.0,none,crushing,,fines,10.0,0.0
70,SS30,30.0,7.0,31.8,,True,True,Untreated,matrix,33.699999999999996,32.02,8.026666666666666,4.416666666666667,1.62,1.64,0.98,1.0333333333333334,14.719999999999999,,,39.233333333333334,,,,11813.333333333334,,,2.48,,0.5,,,,,2.0,none,crushing,,fines,10.0,0.0
70,CC30,30.0,7.0,32.2,,True,True,Untreated,matrix,33.699999999999996,32.02,8.026666666666666,4.416666666666667,1.62,1.64,0.98,1.0333333333333334,14.719999999999999,,,39.233333333333334,,,,11813.333333333334,,,2.48,,0.5,,,,,2.0,none,crushing,,fines,10.0,0.0
70,RMP30,30.0,7.0,32.3,,True,True,Untreated,matrix,33.699999999999996,32.02,8.026666666666666,4.416666666666667,1.62,1.64,0.98,1.0333333333333334,14.719999999999999,,,39.233333333333334,,,,11813.333333333334,,,2.48,,0.5,,,,,2.0,none,crushing,,fines,10.0,0.0
70,RCP30,30.0,7.0,33.1,,True,True,Untreated,matrix,33.699999999999996,32.02,8.026666666666666,4.416666666666667,1.62,1.64,0.98,1.0333333333333334,14.719999999999999,,,39.233333333333334,,,,11813.333333333334,,,2.48,,0.5,,,,,2.0,none,crushing,,fines,10.0,0.0
70,RFP30,30.0,7.0,33.9,,True,True,Untreated,matrix,33.699999999999996,32.02,8.026666666666666,4.416666666666667,1.62,1.64,0.98,1.0333333333333334,14.719999999999999,,,39.233333333333334,,,,11813.333333333334,,,2.48,,0.5,,,,,2.0,none,crushing,,fines,10.0,0.0
70,CC30,30.0,7.0,36.5,,True,True,Untreated,matrix,33.699999999999996,32.02,8.026666666666666,4.416666666666667,1.62,1.64,0.98,1.0333333333333334,14.719999999999999,,,39.233333333333334,,,,11813.333333333334,,,2.48,,0.5,,,,,2.0,none,crushing,,fines,10.0,0.0
70,RMP30,30.0,7.0,37.8,,True,True,Untreated,matrix,33.699999999999996,32.02,8.026666666666666,4.416666666666667,1.62,1.64,0.98,1.0333333333333334,14.719999999999999,,,39.233333333333334,,,,11813.333333333334,,,2.48,,0.5,,,,,2.0,none,crushing,,fines,10.0,0.0
70,RCP30,30.0,7.0,38.1,,True,True,Untreated,matrix,33.699999999999996,32.02,8.026666666666666,4.416666666666667,1.62,1.64,0.98,1.0333333333333334,14.719999999999999,,,39.233333333333334,,,,11813.333333333334,,,2.48,,0.5,,,,,2.0,none,crushing,,fines,10.0,0.0
70,RFP30,30.0,7.0,38.6,,True,True,Untreated,matrix,33.699999999999996,32.02,8.026666666666666,4.416666666666667,1.62,1.64,0.98,1.0333333333333334,14.719999999999999,,,39.233333333333334,,,,11813.333333333334,,,2.48,,0.5,,,,,2.0,none,crushing,,fines,10.0,0.0
70,SS30,30.0,7.0,39.9,,True,True,Untreated,matrix,33.699999999999996,32.02,8.026666666666666,4.416666666666667,1.62,1.64,0.98,1.0333333333333334,14.719999999999999,,,39.233333333333334,,,,11813.333333333334,,,2.48,,0.5,,,,,2.0,none,crushing,,fines,10.0,0.0
70,RMP30,30.0,28.0,32.3,,False,True,,sheet1,33.699999999999996,32.02,8.026666666666666,4.416666666666667,1.62,1.64,0.98,1.0333333333333334,14.719999999999999,,,39.233333333333334,,,,11813.333333333334,,,2.48,,0.5,,,,,2.0,none,crushing,,fines,10.0,0.0
70,RCP30,30.0,28.0,33.1,,False,True,,sheet1,33.699999999999996,32.02,8.026666666666666,4.416666666666667,1.62,1.64,0.98,1.0333333333333334,14.719999999999999,,,39.233333333333334,,,,11813.333333333334,,,2.48,,0.5,,,,,2.0,none,crushing,,fines,10.0,0.0
70,RFP30,30.0,28.0,33.9,,False,True,,sheet1,33.699999999999996,32.02,8.026666666666666,4.416666666666667,1.62,1.64,0.98,1.0333333333333334,14.719999999999999,,,39.233333333333334,,,,11813.333333333334,,,2.48,,0.5,,,,,2.0,none,crushing,,fines,10.0,0.0
70,RMP30,30.0,60.0,37.8,,False,True,,sheet1,33.699999999999996,32.02,8.026666666666666,4.416666666666667,1.62,1.64,0.98,1.0333333333333334,14.719999999999999,,,39.233333333333334,,,,11813.333333333334,,,2.48,,0.5,,,,,2.0,none,crushing,,fines,10.0,0.0
70,RCP30,30.0,60.0,38.1,,False,True,,sheet1,33.699999999999996,32.02,8.026666666666666,4.416666666666667,1.62,1.64,0.98,1.0333333333333334,14.719999999999999,,,39.233333333333334,,,,11813.333333333334,,,2.48,,0.5,,,,,2.0,none,crushing,,fines,10.0,0.0
70,RFP30,30.0,60.0,38.6,,False,True,,sheet1,33.699999999999996,32.02,8.026666666666666,4.416666666666667,1.62,1.64,0.98,1.0333333333333334,14.719999999999999,,,39.233333333333334,,,,11813.333333333334,,,2.48,,0.5,,,,,2.0,none,crushing,,fines,10.0,0.0
71,N-0.55-0,0.0,7.0,21.1,0.55,False,True,,sheet1,,,,,,,,,,,,,,102.0,,,,,2.56,,0.47500000000000003,105.0,8.0,,,,thermal,combined,other,powder,12.0,12.0
71,N-0.50-0,0.0,7.0,28.5,0.5,False,True,,sheet1,,,,,,,,,,,,,,102.0,,,,,2.56,,0.47500000000000003,105.0,8.0,,,,thermal,combined,other,powder,12.0,12.0
71,N-0.45-0,0.0,7.0,33.5,0.45,False,True,,sheet1,,,,,,,,,,,,,,102.0,,,,,2.56,,0.47500000000000003,105.0,8.0,,,,thermal,combined,other,powder,12.0,12.0
71,N-0.40-0,0.0,7.0,37.2,0.4,False,True,,sheet1,,,,,,,,,,,,,,102.0,,,,,2.56,,0.47500000000000003,105.0,8.0,,,,thermal,combined,other,powder,12.0,12.0
71,N-0.55-0,0.0,28.0,41.8,0.55,False,True,,sheet1,,,,,,,,,,,,,,102.0,,,,,2.56,,0.47500000000000003,105.0,8.0,,,,thermal,combined,other,powder,12.0,12.0
71,N-0.50-0,0.0,28.0,46.4,0.5,False,True,,sheet1,,,,,,,,,,,,,,102.0,,,,,2.56,,0.47500000000000003,105.0,8.0,,,,thermal,combined,other,powder,12.0,12.0
71,N-0.45-0,0.0,28.0,52.5,0.45,False,True,,sheet1,,,,,,,,,,,,,,102.0,,,,,2.56,,0.47500000000000003,105.0,8.0,,,,thermal,combined,other,powder,12.0,12.0
71,N-0.40-0,0.0,28.0,60.6,0.4,False,True,,sheet1,,,,,,,,,,,,,,102.0,,,,,2.56,,0.47500000000000003,105.0,8.0,,,,thermal,combined,other,powder,12.0,12.0
71,C-0.55-4,4.0,7.0,20.3,0.55,False,True,,sheet1,,,,,,,,,,,,,,102.0,,,,,2.56,,0.47500000000000003,105.0,8.0,,,,thermal,combined,other,powder,12.0,12.0
71,P-0.55-4,4.0,7.0,24.9,0.55,False,True,,sheet1,,,,,,,,,,,,,,102.0,,,,,2.56,,0.47500000000000003,105.0,8.0,,,,thermal,combined,other,powder,12.0,12.0
71,C-0.45-4,4.0,7.0,30.1,0.45,False,True,,sheet1,,,,,,,,,,,,,,102.0,,,,,2.56,,0.47500000000000003,105.0,8.0,,,,thermal,combined,other,powder,12.0,12.0
71,P-0.50-4,4.0,7.0,33.3,0.5,False,True,,sheet1,,,,,,,,,,,,,,102.0,,,,,2.56,,0.47500000000000003,105.0,8.0,,,,thermal,combined,other,powder,12.0,12.0
71,P-0.45-4,4.0,7.0,35.6,0.45,False,True,,sheet1,,,,,,,,,,,,,,102.0,,,,,2.56,,0.47500000000000003,105.0,8.0,,,,thermal,combined,other,powder,12.0,12.0
71,P-0.40-4,4.0,7.0,43.4,0.4,False,True,,sheet1,,,,,,,,,,,,,,102.0,,,,,2.56,,0.47500000000000003,105.0,8.0,,,,thermal,combined,other,powder,12.0,12.0
71,C-0.55-4,4.0,28.0,40.0,0.55,False,True,,sheet1,,,,,,,,,,,,,,102.0,,,,,2.56,,0.47500000000000003,105.0,8.0,,,,thermal,combined,other,powder,12.0,12.0
71,P-0.55-4,4.0,28.0,47.1,0.55,False,True,,sheet1,,,,,,,,,,,,,,102.0,,,,,2.56,,0.47500000000000003,105.0,8.0,,,,thermal,combined,other,powder,12.0,12.0
71,C-0.45-4,4.0,28.0,48.6,0.45,False,True,,sheet1,,,,,,,,,,,,,,102.0,,,,,2.56,,0.47500000000000003,105.0,8.0,,,,thermal,combined,other,powder,12.0,12.0
71,P-0.50-4,4.0,28.0,50.9,0.5,False,True,,sheet1,,,,,,,,,,,,,,102.0,,,,,2.56,,0.47500000000000003,105.0,8.0,,,,thermal,combined,other,powder,12.0,12.0
71,P-0.45-4,4.0,28.0,55.1,0.45,False,True,,sheet1,,,,,,,,,,,,,,102.0,,,,,2.56,,0.47500000000000003,105.0,8.0,,,,thermal,combined,other,powder,12.0,12.0
71,P-0.40-4,4.0,28.0,69.8,0.4,False,True,,sheet1,,,,,,,,,,,,,,102.0,,,,,2.56,,0.47500000000000003,105.0,8.0,,,,thermal,combined,other,powder,12.0,12.0
71,C-0.55-8,8.0,7.0,19.5,0.55,False,True,,sheet1,,,,,,,,,,,,,,102.0,,,,,2.56,,0.47500000000000003,105.0,8.0,,,,thermal,combined,other,powder,12.0,12.0
71,C-0.45-8,8.0,7.0,23.9,0.45,False,True,,sheet1,,,,,,,,,,,,,,102.0,,,,,2.56,,0.47500000000000003,105.0,8.0,,,,thermal,combined,other,powder,12.0,12.0
71,P-0.55-8,8.0,7.0,26.8,0.55,False,True,,sheet1,,,,,,,,,,,,,,102.0,,,,,2.56,,0.47500000000000003,105.0,8.0,,,,thermal,combined,other,powder,12.0,12.0
71,P-0.50-8,8.0,7.0,34.4,0.5,False,True,,sheet1,,,,,,,,,,,,,,102.0,,,,,2.56,,0.47500000000000003,105.0,8.0,,,,thermal,combined,other,powder,12.0,12.0
71,P-0.45-8,8.0,7.0,38.4,0.45,False,True,,sheet1,,,,,,,,,,,,,,102.0,,,,,2.56,,0.47500000000000003,105.0,8.0,,,,thermal,combined,other,powder,12.0,12.0
71,P-0.40-8,8.0,7.0,46.0,0.4,False,True,,sheet1,,,,,,,,,,,,,,102.0,,,,,2.56,,0.47500000000000003,105.0,8.0,,,,thermal,combined,other,powder,12.0,12.0
71,C-0.55-8,8.0,28.0,36.9,0.55,False,True,,sheet1,,,,,,,,,,,,,,102.0,,,,,2.56,,0.47500000000000003,105.0,8.0,,,,thermal,combined,other,powder,12.0,12.0
71,C-0.45-8,8.0,28.0,39.9,0.45,False,True,,sheet1,,,,,,,,,,,,,,102.0,,,,,2.56,,0.47500000000000003,105.0,8.0,,,,thermal,combined,other,powder,12.0,12.0
71,P-0.55-8,8.0,28.0,49.8,0.55,False,True,,sheet1,,,,,,,,,,,,,,102.0,,,,,2.56,,0.47500000000000003,105.0,8.0,,,,thermal,combined,other,powder,12.0,12.0
71,P-0.50-8,8.0,28.0,52.0,0.5,False,True,,sheet1,,,,,,,,,,,,,,102.0,,,,,2.56,,0.47500000000000003,105.0,8.0,,,,thermal,combined,other,powder,12.0,12.0
71,P-0.45-8,8.0,28.0,60.7,0.45,False,True,,sheet1,,,,,,,,,,,,,,102.0,,,,,2.56,,0.47500000000000003,105.0,8.0,,,,thermal,combined,other,powder,12.0,12.0
71,P-0.40-8,8.0,28.0,73.8,0.4,False,True,,sheet1,,,,,,,,,,,,,,102.0,,,,,2.56,,0.47500000000000003,105.0,8.0,,,,thermal,combined,other,powder,12.0,12.0
71,C-0.55-12,12.0,7.0,17.1,0.55,False,True,,sheet1,,,,,,,,,,,,,,102.0,,,,,2.56,,0.47500000000000003,105.0,8.0,,,,thermal,combined,other,powder,12.0,12.0
71,C-0.45-12,12.0,7.0,22.1,0.45,False,True,,sheet1,,,,,,,,,,,,,,102.0,,,,,2.56,,0.47500000000000003,105.0,8.0,,,,thermal,combined,other,powder,12.0,12.0
71,P-0.55-12,12.0,7.0,27.5,0.55,False,True,,sheet1,,,,,,,,,,,,,,102.0,,,,,2.56,,0.47500000000000003,105.0,8.0,,,,thermal,combined,other,powder,12.0,12.0
71,P-0.50-12,12.0,7.0,39.5,0.5,False,True,,sheet1,,,,,,,,,,,,,,102.0,,,,,2.56,,0.47500000000000003,105.0,8.0,,,,thermal,combined,other,powder,12.0,12.0
71,P-0.45-12,12.0,7.0,43.8,0.45,False,True,,sheet1,,,,,,,,,,,,,,102.0,,,,,2.56,,0.47500000000000003,105.0,8.0,,,,thermal,combined,other,powder,12.0,12.0
71,P-0.40-12,12.0,7.0,52.7,0.4,False,True,,sheet1,,,,,,,,,,,,,,102.0,,,,,2.56,,0.47500000000000003,105.0,8.0,,,,thermal,combined,other,powder,12.0,12.0
71,C-0.55-12,12.0,28.0,34.8,0.55,False,True,,sheet1,,,,,,,,,,,,,,102.0,,,,,2.56,,0.47500000000000003,105.0,8.0,,,,thermal,combined,other,powder,12.0,12.0
71,C-0.45-12,12.0,28.0,38.4,0.45,False,True,,sheet1,,,,,,,,,,,,,,102.0,,,,,2.56,,0.47500000000000003,105.0,8.0,,,,thermal,combined,other,powder,12.0,12.0
71,P-0.55-12,12.0,28.0,50.8,0.55,False,True,,sheet1,,,,,,,,,,,,,,102.0,,,,,2.56,,0.47500000000000003,105.0,8.0,,,,thermal,combined,other,powder,12.0,12.0
71,P-0.50-12,12.0,28.0,58.8,0.5,False,True,,sheet1,,,,,,,,,,,,,,102.0,,,,,2.56,,0.47500000000000003,105.0,8.0,,,,thermal,combined,other,powder,12.0,12.0
71,P-0.45-12,12.0,28.0,70.8,0.45,False,True,,sheet1,,,,,,,,,,,,,,102.0,,,,,2.56,,0.47500000000000003,105.0,8.0,,,,thermal,combined,other,powder,12.0,12.0
71,P-0.40-12,12.0,28.0,83.8,0.4,False,True,,sheet1,,,,,,,,,,,,,,102.0,,,,,2.56,,0.47500000000000003,105.0,8.0,,,,thermal,combined,other,powder,12.0,12.0
71,C-0.55-16,16.0,7.0,15.5,0.55,False,True,,sheet1,,,,,,,,,,,,,,102.0,,,,,2.56,,0.47500000000000003,105.0,8.0,,,,thermal,combined,other,powder,12.0,12.0
71,C-0.45-16,16.0,7.0,21.0,0.45,False,True,,sheet1,,,,,,,,,,,,,,102.0,,,,,2.56,,0.47500000000000003,105.0,8.0,,,,thermal,combined,other,powder,12.0,12.0
71,P-0.55-16,16.0,7.0,27.0,0.55,False,True,,sheet1,,,,,,,,,,,,,,102.0,,,,,2.56,,0.47500000000000003,105.0,8.0,,,,thermal,combined,other,powder,12.0,12.0
71,P-0.50-16,16.0,7.0,36.8,0.5,False,True,,sheet1,,,,,,,,,,,,,,102.0,,,,,2.56,,0.47500000000000003,105.0,8.0,,,,thermal,combined,other,powder,12.0,12.0
71,P-0.45-16,16.0,7.0,41.4,0.45,False,True,,sheet1,,,,,,,,,,,,,,102.0,,,,,2.56,,0.47500000000000003,105.0,8.0,,,,thermal,combined,other,powder,12.0,12.0
71,P-0.40-16,16.0,7.0,50.8,0.4,False,True,,sheet1,,,,,,,,,,,,,,102.0,,,,,2.56,,0.47500000000000003,105.0,8.0,,,,thermal,combined,other,powder,12.0,12.0
71,C-0.55-16,16.0,28.0,30.3,0.55,False,True,,sheet1,,,,,,,,,,,,,,102.0,,,,,2.56,,0.47500000000000003,105.0,8.0,,,,thermal,combined,other,powder,12.0,12.0
71,C-0.45-16,16.0,28.0,36.6,0.45,False,True,,sheet1,,,,,,,,,,,,,,102.0,,,,,2.56,,0.47500000000000003,105.0,8.0,,,,thermal,combined,other,powder,12.0,12.0
71,P-0.55-16,16.0,28.0,50.0,0.55,False,True,,sheet1,,,,,,,,,,,,,,102.0,,,,,2.56,,0.47500000000000003,105.0,8.0,,,,thermal,combined,other,powder,12.0,12.0
71,P-0.50-16,16.0,28.0,57.5,0.5,False,True,,sheet1,,,,,,,,,,,,,,102.0,,,,,2.56,,0.47500000000000003,105.0,8.0,,,,thermal,combined,other,powder,12.0,12.0
71,P-0.45-16,16.0,28.0,66.9,0.45,False,True,,sheet1,,,,,,,,,,,,,,102.0,,,,,2.56,,0.47500000000000003,105.0,8.0,,,,thermal,combined,other,powder,12.0,12.0
71,P-0.40-16,16.0,28.0,80.9,0.4,False,True,,sheet1,,,,,,,,,,,,,,102.0,,,,,2.56,,0.47500000000000003,105.0,8.0,,,,thermal,combined,other,powder,12.0,12.0
73,REFCPC (20–20 °C),0.0,1.0,37.0,,False,True,None (0% CSS),matrix,5.98,87.11,1.93,0.81,1.7,1.2,0.71,0.57,,,,,,28.56,,,,,,,0.23,,,,,2.0,chemical,combined,mixed,other,,25.0
73,REFCPC (20–20 °C),0.0,1.0,48.4,,False,True,None (0% CSS),matrix,5.98,87.11,1.93,0.81,1.7,1.2,0.71,0.57,,,,,,28.56,,,,,,,0.23,,,,,2.0,chemical,combined,mixed,other,,25.0
73,REFCPC (20–20 °C),0.0,1.0,55.5,,False,True,None (0% CSS),matrix,5.98,87.11,1.93,0.81,1.7,1.2,0.71,0.57,,,,,,28.56,,,,,,,0.23,,,,,2.0,chemical,combined,mixed,other,,25.0
73,REFCPC (20–20 °C),0.0,1.0,56.3,,False,True,None (0% CSS),matrix,5.98,87.11,1.93,0.81,1.7,1.2,0.71,0.57,,,,,,28.56,,,,,,,0.23,,,,,2.0,chemical,combined,mixed,other,,25.0
73,REFCPC (20–20 °C),0.0,1.0,63.2,,False,True,None (0% CSS),matrix,5.98,87.11,1.93,0.81,1.7,1.2,0.71,0.57,,,,,,28.56,,,,,,,0.23,,,,,2.0,chemical,combined,mixed,other,,25.0
73,REFCPC (20–20 °C),0.0,1.0,69.0,,False,True,None (0% CSS),matrix,5.98,87.11,1.93,0.81,1.7,1.2,0.71,0.57,,,,,,28.56,,,,,,,0.23,,,,,2.0,chemical,combined,mixed,other,,25.0
73,1d,25.0,1.0,31.1,,False,True,,sheet1,5.98,87.11,1.93,0.81,1.7,1.2,0.71,0.57,,,,,,28.56,,,,,,,0.23,,,,,2.0,chemical,combined,mixed,other,,25.0
73,1d,25.0,1.0,32.1,,False,True,,sheet1,5.98,87.11,1.93,0.81,1.7,1.2,0.71,0.57,,,,,,28.56,,,,,,,0.23,,,,,2.0,chemical,combined,mixed,other,,25.0
73,25PHC-60CPC (60–20 °C),25.0,1.0,34.6,,False,True,15% Commercial Sodium Silicate (Type G),matrix,5.98,87.11,1.93,0.81,1.7,1.2,0.71,0.57,,,,,,28.56,,,,,,,0.23,,,,,2.0,chemical,combined,mixed,other,,25.0
73,25PHC-60CPC (60–20 °C),25.0,1.0,40.5,,False,True,15% Commercial Sodium Silicate (Type G),matrix,5.98,87.11,1.93,0.81,1.7,1.2,0.71,0.57,,,,,,28.56,,,,,,,0.23,,,,,2.0,chemical,combined,mixed,other,,25.0
73,25PHC-60CPC (20–20 °C),25.0,1.0,43.6,,False,True,15% Commercial Sodium Silicate (Type G),matrix,5.98,87.11,1.93,0.81,1.7,1.2,0.71,0.57,,,,,,28.56,,,,,,,0.23,,,,,2.0,chemical,combined,mixed,other,,25.0
73,25PHC-60CPC (60–20 °C),25.0,1.0,44.3,,False,True,15% Commercial Sodium Silicate (Type G),matrix,5.98,87.11,1.93,0.81,1.7,1.2,0.71,0.57,,,,,,28.56,,,,,,,0.23,,,,,2.0,chemical,combined,mixed,other,,25.0
73,25PHC-60CPC (60–20 °C),25.0,1.0,44.8,,False,True,15% Commercial Sodium Silicate (Type G),matrix,5.98,87.11,1.93,0.81,1.7,1.2,0.71,0.57,,,,,,28.56,,,,,,,0.23,,,,,2.0,chemical,combined,mixed,other,,25.0
73,25PHC-60CPC (60–20 °C),25.0,1.0,45.5,,False,True,15% Commercial Sodium Silicate (Type G),matrix,5.98,87.11,1.93,0.81,1.7,1.2,0.71,0.57,,,,,,28.56,,,,,,,0.23,,,,,2.0,chemical,combined,mixed,other,,25.0
73,25PHC-60CPC (20–20 °C),25.0,1.0,46.3,,False,True,15% Commercial Sodium Silicate (Type G),matrix,5.98,87.11,1.93,0.81,1.7,1.2,0.71,0.57,,,,,,28.56,,,,,,,0.23,,,,,2.0,chemical,combined,mixed,other,,25.0
73,25PHC-60CPC (20–20 °C),25.0,1.0,49.7,,False,True,15% Commercial Sodium Silicate (Type G),matrix,5.98,87.11,1.93,0.81,1.7,1.2,0.71,0.57,,,,,,28.56,,,,,,,0.23,,,,,2.0,chemical,combined,mixed,other,,25.0
73,25PHC-60CPC (20–20 °C),25.0,1.0,50.0,,False,True,15% Commercial Sodium Silicate (Type G),matrix,5.98,87.11,1.93,0.81,1.7,1.2,0.71,0.57,,,,,,28.56,,,,,,,0.23,,,,,2.0,chemical,combined,mixed,other,,25.0
73,25PHC-60CPC (20–20 °C),25.0,1.0,52.3,,False,True,15% Commercial Sodium Silicate (Type G),matrix,5.98,87.11,1.93,0.81,1.7,1.2,0.71,0.57,,,,,,28.56,,,,,,,0.23,,,,,2.0,chemical,combined,mixed,other,,25.0
73,3d,25.0,3.0,34.6,,False,True,,sheet1,5.98,87.11,1.93,0.81,1.7,1.2,0.71,0.57,,,,,,28.56,,,,,,,0.23,,,,,2.0,chemical,combined,mixed,other,,25.0
73,3d,25.0,3.0,43.6,,False,True,,sheet1,5.98,87.11,1.93,0.81,1.7,1.2,0.71,0.57,,,,,,28.56,,,,,,,0.23,,,,,2.0,chemical,combined,mixed,other,,25.0
73,7d,25.0,7.0,44.3,,False,True,,sheet1,5.98,87.11,1.93,0.81,1.7,1.2,0.71,0.57,,,,,,28.56,,,,,,,0.23,,,,,2.0,chemical,combined,mixed,other,,25.0
73,7d,25.0,7.0,49.7,,False,True,,sheet1,5.98,87.11,1.93,0.81,1.7,1.2,0.71,0.57,,,,,,28.56,,,,,,,0.23,,,,,2.0,chemical,combined,mixed,other,,25.0
73,14d,25.0,14.0,44.8,,False,True,,sheet1,5.98,87.11,1.93,0.81,1.7,1.2,0.71,0.57,,,,,,28.56,,,,,,,0.23,,,,,2.0,chemical,combined,mixed,other,,25.0
73,14d,25.0,14.0,52.3,,False,True,,sheet1,5.98,87.11,1.93,0.81,1.7,1.2,0.71,0.57,,,,,,28.56,,,,,,,0.23,,,,,2.0,chemical,combined,mixed,other,,25.0
73,,25.0,28.0,40.5,,False,True,,sheet1,5.98,87.11,1.93,0.81,1.7,1.2,0.71,0.57,,,,,,28.56,,,,,,,0.23,,,,,2.0,chemical,combined,mixed,other,,25.0
73,28d,25.0,28.0,45.5,,False,True,,sheet1,5.98,87.11,1.93,0.81,1.7,1.2,0.71,0.57,,,,,,28.56,,,,,,,0.23,,,,,2.0,chemical,combined,mixed,other,,25.0
73,,25.0,28.0,46.3,,False,True,,sheet1,5.98,87.11,1.93,0.81,1.7,1.2,0.71,0.57,,,,,,28.56,,,,,,,0.23,,,,,2.0,chemical,combined,mixed,other,,25.0
73,28d,25.0,28.0,50.0,,False,True,,sheet1,5.98,87.11,1.93,0.81,1.7,1.2,0.71,0.57,,,,,,28.56,,,,,,,0.23,,,,,2.0,chemical,combined,mixed,other,,25.0
73,1d,45.0,1.0,26.5,,False,True,,sheet1,5.98,87.11,1.93,0.81,1.7,1.2,0.71,0.57,,,,,,28.56,,,,,,,0.23,,,,,2.0,chemical,combined,mixed,other,,25.0
73,45PHC-40CPC (60–20 °C),45.0,1.0,27.5,,False,True,15% Commercial Sodium Silicate (Type G),matrix,5.98,87.11,1.93,0.81,1.7,1.2,0.71,0.57,,,,,,28.56,,,,,,,0.23,,,,,2.0,chemical,combined,mixed,other,,25.0
73,45PHC-40CPC (20–20 °C),45.0,1.0,27.7,,False,True,15% Commercial Sodium Silicate (Type G),matrix,5.98,87.11,1.93,0.81,1.7,1.2,0.71,0.57,,,,,,28.56,,,,,,,0.23,,,,,2.0,chemical,combined,mixed,other,,25.0
73,45PHC-40CPC (60–20 °C),45.0,1.0,32.1,,False,True,15% Commercial Sodium Silicate (Type G),matrix,5.98,87.11,1.93,0.81,1.7,1.2,0.71,0.57,,,,,,28.56,,,,,,,0.23,,,,,2.0,chemical,combined,mixed,other,,25.0
73,1d,45.0,1.0,32.7,,False,True,,sheet1,5.98,87.11,1.93,0.81,1.7,1.2,0.71,0.57,,,,,,28.56,,,,,,,0.23,,,,,2.0,chemical,combined,mixed,other,,25.0
73,45PHC-40CPC (60–20 °C),45.0,1.0,33.0,,False,True,15% Commercial Sodium Silicate (Type G),matrix,5.98,87.11,1.93,0.81,1.7,1.2,0.71,0.57,,,,,,28.56,,,,,,,0.23,,,,,2.0,chemical,combined,mixed,other,,25.0
73,45PHC-40CPC (20–20 °C),45.0,1.0,34.1,,False,True,15% Commercial Sodium Silicate (Type G),matrix,5.98,87.11,1.93,0.81,1.7,1.2,0.71,0.57,,,,,,28.56,,,,,,,0.23,,,,,2.0,chemical,combined,mixed,other,,25.0
73,45PHC-40CPC (60–20 °C),45.0,1.0,36.1,,False,True,15% Commercial Sodium Silicate (Type G),matrix,5.98,87.11,1.93,0.81,1.7,1.2,0.71,0.57,,,,,,28.56,,,,,,,0.23,,,,,2.0,chemical,combined,mixed,other,,25.0
73,45PHC-40CPC (20–20 °C),45.0,1.0,39.0,,False,True,15% Commercial Sodium Silicate (Type G),matrix,5.98,87.11,1.93,0.81,1.7,1.2,0.71,0.57,,,,,,28.56,,,,,,,0.23,,,,,2.0,chemical,combined,mixed,other,,25.0
73,45PHC-40CPC (60–20 °C),45.0,1.0,39.8,,False,True,15% Commercial Sodium Silicate (Type G),matrix,5.98,87.11,1.93,0.81,1.7,1.2,0.71,0.57,,,,,,28.56,,,,,,,0.23,,,,,2.0,chemical,combined,mixed,other,,25.0
73,45PHC-40CPC (20–20 °C),45.0,1.0,40.5,,False,True,15% Commercial Sodium Silicate (Type G),matrix,5.98,87.11,1.93,0.81,1.7,1.2,0.71,0.57,,,,,,28.56,,,,,,,0.23,,,,,2.0,chemical,combined,mixed,other,,25.0
73,45PHC-40CPC (20–20 °C),45.0,1.0,45.2,,False,True,15% Commercial Sodium Silicate (Type G),matrix,5.98,87.11,1.93,0.81,1.7,1.2,0.71,0.57,,,,,,28.56,,,,,,,0.23,,,,,2.0,chemical,combined,mixed,other,,25.0
73,3d,45.0,3.0,27.7,,False,True,,sheet1,5.98,87.11,1.93,0.81,1.7,1.2,0.71,0.57,,,,,,28.56,,,,,,,0.23,,,,,2.0,chemical,combined,mixed,other,,25.0
73,3d,45.0,3.0,33.0,,False,True,,sheet1,5.98,87.11,1.93,0.81,1.7,1.2,0.71,0.57,,,,,,28.56,,,,,,,0.23,,,,,2.0,chemical,combined,mixed,other,,25.0
73,7d,45.0,7.0,32.1,,False,True,,sheet1,5.98,87.11,1.93,0.81,1.7,1.2,0.71,0.57,,,,,,28.56,,,,,,,0.23,,,,,2.0,chemical,combined,mixed,other,,25.0
73,7d,45.0,7.0,39.0,,False,True,,sheet1,5.98,87.11,1.93,0.81,1.7,1.2,0.71,0.57,,,,,,28.56,,,,,,,0.23,,,,,2.0,chemical,combined,mixed,other,,25.0
73,14d,45.0,14.0,36.1,,False,True,,sheet1,5.98,87.11,1.93,0.81,1.7,1.2,0.71,0.57,,,,,,28.56,,,,,,,0.23,,,,,2.0,chemical,combined,mixed,other,,25.0
73,14d,45.0,14.0,40.5,,False,True,,sheet1,5.98,87.11,1.93,0.81,1.7,1.2,0.71,0.57,,,,,,28.56,,,,,,,0.23,,,,,2.0,chemical,combined,mixed,other,,25.0
73,,45.0,28.0,27.5,,False,True,,sheet1,5.98,87.11,1.93,0.81,1.7,1.2,0.71,0.57,,,,,,28.56,,,,,,,0.23,,,,,2.0,chemical,combined,mixed,other,,25.0
73,,45.0,28.0,34.1,,False,True,,sheet1,5.98,87.11,1.93,0.81,1.7,1.2,0.71,0.57,,,,,,28.56,,,,,,,0.23,,,,,2.0,chemical,combined,mixed,other,,25.0
73,28d,45.0,28.0,39.8,,False,True,,sheet1,5.98,87.11,1.93,0.81,1.7,1.2,0.71,0.57,,,,,,28.56,,,,,,,0.23,,,,,2.0,chemical,combined,mixed,other,,25.0
73,28d,45.0,28.0,45.2,,False,True,,sheet1,5.98,87.11,1.93,0.81,1.7,1.2,0.71,0.57,,,,,,28.56,,,,,,,0.23,,,,,2.0,chemical,combined,mixed,other,,25.0
73,1d,65.0,1.0,12.0,,False,True,,sheet1,5.98,87.11,1.93,0.81,1.7,1.2,0.71,0.57,,,,,,28.56,,,,,,,0.23,,,,,2.0,chemical,combined,mixed,other,,25.0
73,65PHC-20CPC (20–20 °C),65.0,1.0,19.4,,False,True,15% Commercial Sodium Silicate (Type G),matrix,5.98,87.11,1.93,0.81,1.7,1.2,0.71,0.57,,,,,,28.56,,,,,,,0.23,,,,,2.0,chemical,combined,mixed,other,,25.0
73,1d,65.0,1.0,21.2,,False,True,,sheet1,5.98,87.11,1.93,0.81,1.7,1.2,0.71,0.57,,,,,,28.56,,,,,,,0.23,,,,,2.0,chemical,combined,mixed,other,,25.0
73,65PHC-20CPC (20–20 °C),65.0,1.0,23.4,,False,True,15% Commercial Sodium Silicate (Type G),matrix,5.98,87.11,1.93,0.81,1.7,1.2,0.71,0.57,,,,,,28.56,,,,,,,0.23,,,,,2.0,chemical,combined,mixed,other,,25.0
73,65PHC-20CPC (60–20 °C),65.0,1.0,23.6,,False,True,15% Commercial Sodium Silicate (Type G),matrix,5.98,87.11,1.93,0.81,1.7,1.2,0.71,0.57,,,,,,28.56,,,,,,,0.23,,,,,2.0,chemical,combined,mixed,other,,25.0
73,65PHC-20CPC (60–20 °C),65.0,1.0,24.0,,False,True,15% Commercial Sodium Silicate (Type G),matrix,5.98,87.11,1.93,0.81,1.7,1.2,0.71,0.57,,,,,,28.56,,,,,,,0.23,,,,,2.0,chemical,combined,mixed,other,,25.0
73,65PHC-20CPC (60–20 °C),65.0,1.0,25.2,,False,True,15% Commercial Sodium Silicate (Type G),matrix,5.98,87.11,1.93,0.81,1.7,1.2,0.71,0.57,,,,,,28.56,,,,,,,0.23,,,,,2.0,chemical,combined,mixed,other,,25.0
73,65PHC-20CPC (20–20 °C),65.0,1.0,25.7,,False,True,15% Commercial Sodium Silicate (Type G),matrix,5.98,87.11,1.93,0.81,1.7,1.2,0.71,0.57,,,,,,28.56,,,,,,,0.23,,,,,2.0,chemical,combined,mixed,other,,25.0
73,65PHC-20CPC (20–20 °C),65.0,1.0,27.0,,False,True,15% Commercial Sodium Silicate (Type G),matrix,5.98,87.11,1.93,0.81,1.7,1.2,0.71,0.57,,,,,,28.56,,,,,,,0.23,,,,,2.0,chemical,combined,mixed,other,,25.0
73,65PHC-20CPC (60–20 °C),65.0,1.0,28.0,,False,True,15% Commercial Sodium Silicate (Type G),matrix,5.98,87.11,1.93,0.81,1.7,1.2,0.71,0.57,,,,,,28.56,,,,,,,0.23,,,,,2.0,chemical,combined,mixed,other,,25.0
73,65PHC-20CPC (20–20 °C),65.0,1.0,30.8,,False,True,15% Commercial Sodium Silicate (Type G),matrix,5.98,87.11,1.93,0.81,1.7,1.2,0.71,0.57,,,,,,28.56,,,,,,,0.23,,,,,2.0,chemical,combined,mixed,other,,25.0
73,3d,65.0,3.0,19.4,,False,True,,sheet1,5.98,87.11,1.93,0.81,1.7,1.2,0.71,0.57,,,,,,28.56,,,,,,,0.23,,,,,2.0,chemical,combined,mixed,other,,25.0
73,7d,65.0,7.0,24.0,,False,True,,sheet1,5.98,87.11,1.93,0.81,1.7,1.2,0.71,0.57,,,,,,28.56,,,,,,,0.23,,,,,2.0,chemical,combined,mixed,other,,25.0
73,7d,65.0,7.0,25.7,,False,True,,sheet1,5.98,87.11,1.93,0.81,1.7,1.2,0.71,0.57,,,,,,28.56,,,,,,,0.23,,,,,2.0,chemical,combined,mixed,other,,25.0
73,14d,65.0,14.0,23.6,,False,True,,sheet1,5.98,87.11,1.93,0.81,1.7,1.2,0.71,0.57,,,,,,28.56,,,,,,,0.23,,,,,2.0,chemical,combined,mixed,other,,25.0
73,14d,65.0,14.0,27.0,,False,True,,sheet1,5.98,87.11,1.93,0.81,1.7,1.2,0.71,0.57,,,,,,28.56,,,,,,,0.23,,,,,2.0,chemical,combined,mixed,other,,25.0
73,,65.0,28.0,23.4,,False,True,,sheet1,5.98,87.11,1.93,0.81,1.7,1.2,0.71,0.57,,,,,,28.56,,,,,,,0.23,,,,,2.0,chemical,combined,mixed,other,,25.0
73,,65.0,28.0,25.2,,False,True,,sheet1,5.98,87.11,1.93,0.81,1.7,1.2,0.71,0.57,,,,,,28.56,,,,,,,0.23,,,,,2.0,chemical,combined,mixed,other,,25.0
73,28d,65.0,28.0,28.0,,False,True,,sheet1,5.98,87.11,1.93,0.81,1.7,1.2,0.71,0.57,,,,,,28.56,,,,,,,0.23,,,,,2.0,chemical,combined,mixed,other,,25.0
73,28d,65.0,28.0,30.8,,False,True,,sheet1,5.98,87.11,1.93,0.81,1.7,1.2,0.71,0.57,,,,,,28.56,,,,,,,0.23,,,,,2.0,chemical,combined,mixed,other,,25.0
73,1d,85.0,1.0,2.1,,False,True,,sheet1,5.98,87.11,1.93,0.81,1.7,1.2,0.71,0.57,,,,,,28.56,,,,,,,0.23,,,,,2.0,chemical,combined,mixed,other,,25.0
73,85PHC-0CPC (20–20 °C),85.0,1.0,7.8,,False,True,15% Commercial Sodium Silicate (Type G),matrix,5.98,87.11,1.93,0.81,1.7,1.2,0.71,0.57,,,,,,28.56,,,,,,,0.23,,,,,2.0,chemical,combined,mixed,other,,25.0
73,85PHC-0CPC (20–20 °C),85.0,1.0,8.1,,False,True,15% Commercial Sodium Silicate (Type G),matrix,5.98,87.11,1.93,0.81,1.7,1.2,0.71,0.57,,,,,,28.56,,,,,,,0.23,,,,,2.0,chemical,combined,mixed,other,,25.0
73,85PHC-0CPC (60–20 °C),85.0,1.0,10.5,,False,True,15% Commercial Sodium Silicate (Type G),matrix,5.98,87.11,1.93,0.81,1.7,1.2,0.71,0.57,,,,,,28.56,,,,,,,0.23,,,,,2.0,chemical,combined,mixed,other,,25.0
73,85PHC-0CPC (60–20 °C),85.0,1.0,11.8,,False,True,15% Commercial Sodium Silicate (Type G),matrix,5.98,87.11,1.93,0.81,1.7,1.2,0.71,0.57,,,,,,28.56,,,,,,,0.23,,,,,2.0,chemical,combined,mixed,other,,25.0
73,85PHC-0CPC (60–20 °C),85.0,1.0,12.0,,False,True,15% Commercial Sodium Silicate (Type G),matrix,5.98,87.11,1.93,0.81,1.7,1.2,0.71,0.57,,,,,,28.56,,,,,,,0.23,,,,,2.0,chemical,combined,mixed,other,,25.0
73,1d,85.0,1.0,12.1,,False,True,,sheet1,5.98,87.11,1.93,0.81,1.7,1.2,0.71,0.57,,,,,,28.56,,,,,,,0.23,,,,,2.0,chemical,combined,mixed,other,,25.0
73,85PHC-0CPC (20–20 °C),85.0,1.0,13.0,,False,True,15% Commercial Sodium Silicate (Type G),matrix,5.98,87.11,1.93,0.81,1.7,1.2,0.71,0.57,,,,,,28.56,,,,,,,0.23,,,,,2.0,chemical,combined,mixed,other,,25.0
73,85PHC-0CPC (60–20 °C),85.0,1.0,13.2,,False,True,15% Commercial Sodium Silicate (Type G),matrix,5.98,87.11,1.93,0.81,1.7,1.2,0.71,0.57,,,,,,28.56,,,,,,,0.23,,,,,2.0,chemical,combined,mixed,other,,25.0
73,85PHC-0CPC (20–20 °C),85.0,1.0,15.7,,False,True,15% Commercial Sodium Silicate (Type G),matrix,5.98,87.11,1.93,0.81,1.7,1.2,0.71,0.57,,,,,,28.56,,,,,,,0.23,,,,,2.0,chemical,combined,mixed,other,,25.0
73,85PHC-0CPC (20–20 °C),85.0,1.0,16.1,,False,True,15% Commercial Sodium Silicate (Type G),matrix,5.98,87.11,1.93,0.81,1.7,1.2,0.71,0.57,,,,,,28.56,,,,,,,0.23,,,,,2.0,chemical,combined,mixed,other,,25.0
73,3d,85.0,3.0,8.1,,False,True,,sheet1,5.98,87.11,1.93,0.81,1.7,1.2,0.71,0.57,,,,,,28.56,,,,,,,0.23,,,,,2.0,chemical,combined,mixed,other,,25.0
73,3d,85.0,3.0,12.1,,False,True,,sheet1,5.98,87.11,1.93,0.81,1.7,1.2,0.71,0.57,,,,,,28.56,,,,,,,0.23,,,,,2.0,chemical,combined,mixed,other,,25.0
73,7d,85.0,7.0,11.8,,False,True,,sheet1,5.98,87.11,1.93,0.81,1.7,1.2,0.71,0.57,,,,,,28.56,,,,,,,0.23,,,,,2.0,chemical,combined,mixed,other,,25.0
73,7d,85.0,7.0,13.0,,False,True,,sheet1,5.98,87.11,1.93,0.81,1.7,1.2,0.71,0.57,,,,,,28.56,,,,,,,0.23,,,,,2.0,chemical,combined,mixed,other,,25.0
73,14d,85.0,14.0,13.2,,False,True,,sheet1,5.98,87.11,1.93,0.81,1.7,1.2,0.71,0.57,,,,,,28.56,,,,,,,0.23,,,,,2.0,chemical,combined,mixed,other,,25.0
73,14d,85.0,14.0,15.7,,False,True,,sheet1,5.98,87.11,1.93,0.81,1.7,1.2,0.71,0.57,,,,,,28.56,,,,,,,0.23,,,,,2.0,chemical,combined,mixed,other,,25.0
73,,85.0,28.0,7.8,,False,True,,sheet1,5.98,87.11,1.93,0.81,1.7,1.2,0.71,0.57,,,,,,28.56,,,,,,,0.23,,,,,2.0,chemical,combined,mixed,other,,25.0
73,,85.0,28.0,10.5,,False,True,,sheet1,5.98,87.11,1.93,0.81,1.7,1.2,0.71,0.57,,,,,,28.56,,,,,,,0.23,,,,,2.0,chemical,combined,mixed,other,,25.0
73,28d,85.0,28.0,12.0,,False,True,,sheet1,5.98,87.11,1.93,0.81,1.7,1.2,0.71,0.57,,,,,,28.56,,,,,,,0.23,,,,,2.0,chemical,combined,mixed,other,,25.0
73,28d,85.0,28.0,16.1,,False,True,,sheet1,5.98,87.11,1.93,0.81,1.7,1.2,0.71,0.57,,,,,,28.56,,,,,,,0.23,,,,,2.0,chemical,combined,mixed,other,,25.0
73,1d,100.0,1.0,1.2,,False,True,,sheet1,5.98,87.11,1.93,0.81,1.7,1.2,0.71,0.57,,,,,,28.56,,,,,,,0.23,,,,,2.0,chemical,combined,mixed,other,,25.0
73,1d,100.0,1.0,1.7,,False,True,,sheet1,5.98,87.11,1.93,0.81,1.7,1.2,0.71,0.57,,,,,,28.56,,,,,,,0.23,,,,,2.0,chemical,combined,mixed,other,,25.0
73,100PHC (60–20 °C),100.0,1.0,1.8,,False,True,None (0% CSS),matrix,5.98,87.11,1.93,0.81,1.7,1.2,0.71,0.57,,,,,,28.56,,,,,,,0.23,,,,,2.0,chemical,combined,mixed,other,,25.0
73,100PHC (60–20 °C),100.0,1.0,1.9,,False,True,None (0% CSS),matrix,5.98,87.11,1.93,0.81,1.7,1.2,0.71,0.57,,,,,,28.56,,,,,,,0.23,,,,,2.0,chemical,combined,mixed,other,,25.0
73,100PHC (20–20 °C),100.0,1.0,2.0,,False,True,None (0% CSS),matrix,5.98,87.11,1.93,0.81,1.7,1.2,0.71,0.57,,,,,,28.56,,,,,,,0.23,,,,,2.0,chemical,combined,mixed,other,,25.0
73,100PHC (60–20 °C),100.0,1.0,2.3,,False,True,None (0% CSS),matrix,5.98,87.11,1.93,0.81,1.7,1.2,0.71,0.57,,,,,,28.56,,,,,,,0.23,,,,,2.0,chemical,combined,mixed,other,,25.0
73,100PHC (20–20 °C),100.0,1.0,2.7,,False,True,None (0% CSS),matrix,5.98,87.11,1.93,0.81,1.7,1.2,0.71,0.57,,,,,,28.56,,,,,,,0.23,,,,,2.0,chemical,combined,mixed,other,,25.0
73,100PHC (20–20 °C),100.0,1.0,2.8,,False,True,None (0% CSS),matrix,5.98,87.11,1.93,0.81,1.7,1.2,0.71,0.57,,,,,,28.56,,,,,,,0.23,,,,,2.0,chemical,combined,mixed,other,,25.0
73,100PHC (20–20 °C),100.0,1.0,3.0,,False,True,None (0% CSS),matrix,5.98,87.11,1.93,0.81,1.7,1.2,0.71,0.57,,,,,,28.56,,,,,,,0.23,,,,,2.0,chemical,combined,mixed,other,,25.0
73,3d,100.0,3.0,1.8,,False,True,,sheet1,5.98,87.11,1.93,0.81,1.7,1.2,0.71,0.57,,,,,,28.56,,,,,,,0.23,,,,,2.0,chemical,combined,mixed,other,,25.0
73,3d,100.0,3.0,2.0,,False,True,,sheet1,5.98,87.11,1.93,0.81,1.7,1.2,0.71,0.57,,,,,,28.56,,,,,,,0.23,,,,,2.0,chemical,combined,mixed,other,,25.0
73,7d,100.0,7.0,1.8,,False,True,,sheet1,5.98,87.11,1.93,0.81,1.7,1.2,0.71,0.57,,,,,,28.56,,,,,,,0.23,,,,,2.0,chemical,combined,mixed,other,,25.0
73,7d,100.0,7.0,2.8,,False,True,,sheet1,5.98,87.11,1.93,0.81,1.7,1.2,0.71,0.57,,,,,,28.56,,,,,,,0.23,,,,,2.0,chemical,combined,mixed,other,,25.0
73,14d,100.0,14.0,1.9,,False,True,,sheet1,5.98,87.11,1.93,0.81,1.7,1.2,0.71,0.57,,,,,,28.56,,,,,,,0.23,,,,,2.0,chemical,combined,mixed,other,,25.0
73,14d,100.0,14.0,3.0,,False,True,,sheet1,5.98,87.11,1.93,0.81,1.7,1.2,0.71,0.57,,,,,,28.56,,,,,,,0.23,,,,,2.0,chemical,combined,mixed,other,,25.0
73,,100.0,28.0,1.7,,False,True,,sheet1,5.98,87.11,1.93,0.81,1.7,1.2,0.71,0.57,,,,,,28.56,,,,,,,0.23,,,,,2.0,chemical,combined,mixed,other,,25.0
73,,100.0,28.0,2.0,,False,True,,sheet1,5.98,87.11,1.93,0.81,1.7,1.2,0.71,0.57,,,,,,28.56,,,,,,,0.23,,,,,2.0,chemical,combined,mixed,other,,25.0
73,28d,100.0,28.0,2.3,,False,True,,sheet1,5.98,87.11,1.93,0.81,1.7,1.2,0.71,0.57,,,,,,28.56,,,,,,,0.23,,,,,2.0,chemical,combined,mixed,other,,25.0
73,28d,100.0,28.0,2.7,,False,True,,sheet1,5.98,87.11,1.93,0.81,1.7,1.2,0.71,0.57,,,,,,28.56,,,,,,,0.23,,,,,2.0,chemical,combined,mixed,other,,25.0
75,GRAPH-DERIVED,0.0,28.0,43.5,,True,True,,sheet1,18.12,41.06,5.78,2.16,1.78,2.28,,0.86,11.383333333333335,,,,,23.08,,,,,,,0.45,,,10.0,,2.0,mechanical,combined,other,powder,20.0,0.0
75,Control Group (Cement Mortar),0.0,28.0,47.7,,False,True,,matrix,18.12,41.06,5.78,2.16,1.78,2.28,,0.86,11.383333333333335,,,,,23.08,,,,,,,0.45,,,10.0,,2.0,mechanical,combined,other,powder,20.0,0.0
75,GRAPH-DERIVED,10.0,28.0,34.8,,True,True,,sheet1,18.12,41.06,5.78,2.16,1.78,2.28,,0.86,11.383333333333335,,,,,23.08,,,,,,,0.45,,,10.0,,2.0,mechanical,combined,other,powder,20.0,0.0
75,,20.0,28.0,38.6,,False,True,,sheet1,18.12,41.06,5.78,2.16,1.78,2.28,,0.86,11.383333333333335,,,,,23.08,,,,,,,0.45,,,10.0,,2.0,mechanical,combined,other,powder,20.0,0.0
75,,20.0,28.0,40.12,,False,True,,sheet1,18.12,41.06,5.78,2.16,1.78,2.28,,0.86,11.383333333333335,,,,,23.08,,,,,,,0.45,,,10.0,,2.0,mechanical,combined,other,powder,20.0,0.0
75,GRAPH-DERIVED,30.0,28.0,31.0,,True,True,,sheet1,18.12,41.06,5.78,2.16,1.78,2.28,,0.86,11.383333333333335,,,,,23.08,,,,,,,0.45,,,10.0,,2.0,mechanical,combined,other,powder,20.0,0.0
75,RFP15 Mortar,30.0,28.0,31.4,,False,True,Mechanical Grinding,matrix,18.12,41.06,5.78,2.16,1.78,2.28,,0.86,11.383333333333335,,,,,23.08,,,,,,,0.45,,,10.0,,2.0,mechanical,combined,other,powder,20.0,0.0
75,RFP10 Mortar,30.0,28.0,32.7,,False,True,Mechanical Grinding,matrix,18.12,41.06,5.78,2.16,1.78,2.28,,0.86,11.383333333333335,,,,,23.08,,,,,,,0.45,,,10.0,,2.0,mechanical,combined,other,powder,20.0,0.0
75,RFP5 Mortar,30.0,28.0,34.5,,False,True,Mechanical Grinding,matrix,18.12,41.06,5.78,2.16,1.78,2.28,,0.86,11.383333333333335,,,,,23.08,,,,,,,0.45,,,10.0,,2.0,mechanical,combined,other,powder,20.0,0.0
75,GRAPH-DERIVED,40.0,28.0,28.0,,True,True,,sheet1,18.12,41.06,5.78,2.16,1.78,2.28,,0.86,11.383333333333335,,,,,23.08,,,,,,,0.45,,,10.0,,2.0,mechanical,combined,other,powder,20.0,0.0
76,1d,0.0,1.0,9.56,,False,True,,sheet1,52.46,11.436,12.998,3.077,1.735,0.723,2.817,3.722,10.1,,,,,,13501.42857142857,,,,,,,,,37.5,48.0,,mechanical,combined,mixed,powder,,0.0
76,Control group (CG),0.0,1.0,22.1,,False,True,,matrix,52.46,11.436,12.998,3.077,1.735,0.723,2.817,3.722,10.1,,,,,,13501.42857142857,,,,,,,,,37.5,48.0,,mechanical,combined,mixed,powder,,0.0
76,Control group (CG),0.0,1.0,34.1,,False,True,,matrix,52.46,11.436,12.998,3.077,1.735,0.723,2.817,3.722,10.1,,,,,,13501.42857142857,,,,,,,,,37.5,48.0,,mechanical,combined,mixed,powder,,0.0
76,Control group (CG),0.0,1.0,41.2,,False,True,,matrix,52.46,11.436,12.998,3.077,1.735,0.723,2.817,3.722,10.1,,,,,,13501.42857142857,,,,,,,,,37.5,48.0,,mechanical,combined,mixed,powder,,0.0
76,Control group (CG),0.0,1.0,45.2,,False,True,,matrix,52.46,11.436,12.998,3.077,1.735,0.723,2.817,3.722,10.1,,,,,,13501.42857142857,,,,,,,,,37.5,48.0,,mechanical,combined,mixed,powder,,0.0
76,3d,0.0,3.0,22.1,,False,True,,sheet1,52.46,11.436,12.998,3.077,1.735,0.723,2.817,3.722,10.1,,,,,,13501.42857142857,,,,,,,,,37.5,48.0,,mechanical,combined,mixed,powder,,0.0
76,7d,0.0,7.0,34.1,,False,True,,sheet1,52.46,11.436,12.998,3.077,1.735,0.723,2.817,3.722,10.1,,,,,,13501.42857142857,,,,,,,,,37.5,48.0,,mechanical,combined,mixed,powder,,0.0
76,14d,0.0,14.0,41.2,,False,True,,sheet1,52.46,11.436,12.998,3.077,1.735,0.723,2.817,3.722,10.1,,,,,,13501.42857142857,,,,,,,,,37.5,48.0,,mechanical,combined,mixed,powder,,0.0
76,28d,0.0,28.0,45.2,,False,True,,sheet1,52.46,11.436,12.998,3.077,1.735,0.723,2.817,3.722,10.1,,,,,,13501.42857142857,,,,,,,,,37.5,48.0,,mechanical,combined,mixed,powder,,0.0
76,K1,17.3,1.0,9.61,,False,True,Mechanical activation (Ball milling for 45 min),matrix,52.46,11.436,12.998,3.077,1.735,0.723,2.817,3.722,10.1,,,,,,13501.42857142857,,,,,,,,,37.5,48.0,,mechanical,combined,mixed,powder,,0.0
76,K1,17.3,1.0,22.3,,False,True,Mechanical activation (Ball milling for 45 min),matrix,52.46,11.436,12.998,3.077,1.735,0.723,2.817,3.722,10.1,,,,,,13501.42857142857,,,,,,,,,37.5,48.0,,mechanical,combined,mixed,powder,,0.0
76,K1,17.3,1.0,34.3,,False,True,Mechanical activation (Ball milling for 45 min),matrix,52.46,11.436,12.998,3.077,1.735,0.723,2.817,3.722,10.1,,,,,,13501.42857142857,,,,,,,,,37.5,48.0,,mechanical,combined,mixed,powder,,0.0
76,K1,17.3,1.0,41.4,,False,True,Mechanical activation (Ball milling for 45 min),matrix,52.46,11.436,12.998,3.077,1.735,0.723,2.817,3.722,10.1,,,,,,13501.42857142857,,,,,,,,,37.5,48.0,,mechanical,combined,mixed,powder,,0.0
76,K1,17.3,1.0,45.4,,False,True,Mechanical activation (Ball milling for 45 min),matrix,52.46,11.436,12.998,3.077,1.735,0.723,2.817,3.722,10.1,,,,,,13501.42857142857,,,,,,,,,37.5,48.0,,mechanical,combined,mixed,powder,,0.0
76,F1,25.0,1.0,9.1,,False,True,Mechanical activation (Ball milling for 45 min),matrix,52.46,11.436,12.998,3.077,1.735,0.723,2.817,3.722,10.1,,,,,,13501.42857142857,,,,,,,,,37.5,48.0,,mechanical,combined,mixed,powder,,0.0
76,F1,25.0,1.0,21.2,,False,True,Mechanical activation (Ball milling for 45 min),matrix,52.46,11.436,12.998,3.077,1.735,0.723,2.817,3.722,10.1,,,,,,13501.42857142857,,,,,,,,,37.5,48.0,,mechanical,combined,mixed,powder,,0.0
76,F1,25.0,1.0,33.1,,False,True,Mechanical activation (Ball milling for 45 min),matrix,52.46,11.436,12.998,3.077,1.735,0.723,2.817,3.722,10.1,,,,,,13501.42857142857,,,,,,,,,37.5,48.0,,mechanical,combined,mixed,powder,,0.0
76,F1,25.0,1.0,42.5,,False,True,Mechanical activation (Ball milling for 45 min),matrix,52.46,11.436,12.998,3.077,1.735,0.723,2.817,3.722,10.1,,,,,,13501.42857142857,,,,,,,,,37.5,48.0,,mechanical,combined,mixed,powder,,0.0
76,F1,25.0,1.0,46.8,,False,True,Mechanical activation (Ball milling for 45 min),matrix,52.46,11.436,12.998,3.077,1.735,0.723,2.817,3.722,10.1,,,,,,13501.42857142857,,,,,,,,,37.5,48.0,,mechanical,combined,mixed,powder,,0.0
76,K2,34.5,1.0,8.2,,False,True,Mechanical activation (Ball milling for 45 min),matrix,52.46,11.436,12.998,3.077,1.735,0.723,2.817,3.722,10.1,,,,,,13501.42857142857,,,,,,,,,37.5,48.0,,mechanical,combined,mixed,powder,,0.0
76,K2,34.5,1.0,18.5,,False,True,Mechanical activation (Ball milling for 45 min),matrix,52.46,11.436,12.998,3.077,1.735,0.723,2.817,3.722,10.1,,,,,,13501.42857142857,,,,,,,,,37.5,48.0,,mechanical,combined,mixed,powder,,0.0
76,K2,34.5,1.0,28.3,,False,True,Mechanical activation (Ball milling for 45 min),matrix,52.46,11.436,12.998,3.077,1.735,0.723,2.817,3.722,10.1,,,,,,13501.42857142857,,,,,,,,,37.5,48.0,,mechanical,combined,mixed,powder,,0.0
76,K2,34.5,1.0,38.1,,False,True,Mechanical activation (Ball milling for 45 min),matrix,52.46,11.436,12.998,3.077,1.735,0.723,2.817,3.722,10.1,,,,,,13501.42857142857,,,,,,,,,37.5,48.0,,mechanical,combined,mixed,powder,,0.0
76,K2,34.5,1.0,45.1,,False,True,Mechanical activation (Ball milling for 45 min),matrix,52.46,11.436,12.998,3.077,1.735,0.723,2.817,3.722,10.1,,,,,,13501.42857142857,,,,,,,,,37.5,48.0,,mechanical,combined,mixed,powder,,0.0
76,F2,50.0,1.0,8.5,,False,True,Mechanical activation (Ball milling for 45 min),matrix,52.46,11.436,12.998,3.077,1.735,0.723,2.817,3.722,10.1,,,,,,13501.42857142857,,,,,,,,,37.5,48.0,,mechanical,combined,mixed,powder,,0.0
76,F2,50.0,1.0,20.1,,False,True,Mechanical activation (Ball milling for 45 min),matrix,52.46,11.436,12.998,3.077,1.735,0.723,2.817,3.722,10.1,,,,,,13501.42857142857,,,,,,,,,37.5,48.0,,mechanical,combined,mixed,powder,,0.0
76,F2,50.0,1.0,32.2,,False,True,Mechanical activation (Ball milling for 45 min),matrix,52.46,11.436,12.998,3.077,1.735,0.723,2.817,3.722,10.1,,,,,,13501.42857142857,,,,,,,,,37.5,48.0,,mechanical,combined,mixed,powder,,0.0
76,F2,50.0,1.0,43.8,,False,True,Mechanical activation (Ball milling for 45 min),matrix,52.46,11.436,12.998,3.077,1.735,0.723,2.817,3.722,10.1,,,,,,13501.42857142857,,,,,,,,,37.5,48.0,,mechanical,combined,mixed,powder,,0.0
76,F2,50.0,1.0,48.2,,False,True,Mechanical activation (Ball milling for 45 min),matrix,52.46,11.436,12.998,3.077,1.735,0.723,2.817,3.722,10.1,,,,,,13501.42857142857,,,,,,,,,37.5,48.0,,mechanical,combined,mixed,powder,,0.0
76,K3,69.1,1.0,5.9,,False,True,Mechanical activation (Ball milling for 45 min),matrix,52.46,11.436,12.998,3.077,1.735,0.723,2.817,3.722,10.1,,,,,,13501.42857142857,,,,,,,,,37.5,48.0,,mechanical,combined,mixed,powder,,0.0
76,K3,69.1,1.0,14.5,,False,True,Mechanical activation (Ball milling for 45 min),matrix,52.46,11.436,12.998,3.077,1.735,0.723,2.817,3.722,10.1,,,,,,13501.42857142857,,,,,,,,,37.5,48.0,,mechanical,combined,mixed,powder,,0.0
76,K3,69.1,1.0,22.7,,False,True,Mechanical activation (Ball milling for 45 min),matrix,52.46,11.436,12.998,3.077,1.735,0.723,2.817,3.722,10.1,,,,,,13501.42857142857,,,,,,,,,37.5,48.0,,mechanical,combined,mixed,powder,,0.0
76,K3,69.1,1.0,33.2,,False,True,Mechanical activation (Ball milling for 45 min),matrix,52.46,11.436,12.998,3.077,1.735,0.723,2.817,3.722,10.1,,,,,,13501.42857142857,,,,,,,,,37.5,48.0,,mechanical,combined,mixed,powder,,0.0
76,K3,69.1,1.0,44.8,,False,True,Mechanical activation (Ball milling for 45 min),matrix,52.46,11.436,12.998,3.077,1.735,0.723,2.817,3.722,10.1,,,,,,13501.42857142857,,,,,,,,,37.5,48.0,,mechanical,combined,mixed,powder,,0.0
76,F3,100.0,1.0,9.8,,False,True,Mechanical activation (Ball milling for 45 min),matrix,52.46,11.436,12.998,3.077,1.735,0.723,2.817,3.722,10.1,,,,,,13501.42857142857,,,,,,,,,37.5,48.0,,mechanical,combined,mixed,powder,,0.0
76,F3,100.0,1.0,22.5,,False,True,Mechanical activation (Ball milling for 45 min),matrix,52.46,11.436,12.998,3.077,1.735,0.723,2.817,3.722,10.1,,,,,,13501.42857142857,,,,,,,,,37.5,48.0,,mechanical,combined,mixed,powder,,0.0
76,F3,100.0,1.0,34.5,,False,True,Mechanical activation (Ball milling for 45 min),matrix,52.46,11.436,12.998,3.077,1.735,0.723,2.817,3.722,10.1,,,,,,13501.42857142857,,,,,,,,,37.5,48.0,,mechanical,combined,mixed,powder,,0.0
76,F3,100.0,1.0,45.1,,False,True,Mechanical activation (Ball milling for 45 min),matrix,52.46,11.436,12.998,3.077,1.735,0.723,2.817,3.722,10.1,,,,,,13501.42857142857,,,,,,,,,37.5,48.0,,mechanical,combined,mixed,powder,,0.0
76,F3,100.0,1.0,50.8,,False,True,Mechanical activation (Ball milling for 45 min),matrix,52.46,11.436,12.998,3.077,1.735,0.723,2.817,3.722,10.1,,,,,,13501.42857142857,,,,,,,,,37.5,48.0,,mechanical,combined,mixed,powder,,0.0
77,Micropowder Activator Mortar,0.0,3.0,3.5,,True,True,"Alkaline (NaOH, Ca(OH)2), Acidic (HCl)",matrix,,,,,,,,,,,,28.975,60.27,,485.0,,,,,,0.75,,,,,,chemical,crushing,,powder,11.0,5.0
77,Concrete S3F3 (Standard),0.0,7.0,12.34,,False,True,,matrix,,,,,,,,,,,,28.975,60.27,,485.0,,,,,,0.75,,,,,,chemical,crushing,,powder,11.0,5.0
77,Concrete S4F4 (Standard),0.0,7.0,13.08,,False,True,,matrix,,,,,,,,,,,,28.975,60.27,,485.0,,,,,,0.75,,,,,,chemical,crushing,,powder,11.0,5.0
77,Concrete S3F4 (Standard),0.0,7.0,15.69,,False,True,,matrix,,,,,,,,,,,,28.975,60.27,,485.0,,,,,,0.75,,,,,,chemical,crushing,,powder,11.0,5.0
77,Concrete S4F3 (Standard),0.0,7.0,16.92,,False,True,,matrix,,,,,,,,,,,,28.975,60.27,,485.0,,,,,,0.75,,,,,,chemical,crushing,,powder,11.0,5.0
77,Concrete S3F3 (Standard),0.0,7.0,18.8,,False,True,,matrix,,,,,,,,,,,,28.975,60.27,,485.0,,,,,,0.75,,,,,,chemical,crushing,,powder,11.0,5.0
77,Concrete S4F4 (Standard),0.0,7.0,18.84,,False,True,,matrix,,,,,,,,,,,,28.975,60.27,,485.0,,,,,,0.75,,,,,,chemical,crushing,,powder,11.0,5.0
77,Concrete S3F4 (Standard),0.0,7.0,19.31,,False,True,,matrix,,,,,,,,,,,,28.975,60.27,,485.0,,,,,,0.75,,,,,,chemical,crushing,,powder,11.0,5.0
77,Concrete S4F3 (Standard),0.0,7.0,25.78,,False,True,,matrix,,,,,,,,,,,,28.975,60.27,,485.0,,,,,,0.75,,,,,,chemical,crushing,,powder,11.0,5.0
77,Concrete (Table 5): 7d,5.0,7.0,8.76,,True,True,,sheet1,,,,,,,,,,,,28.975,60.27,,485.0,,,,,,0.75,,,,,,chemical,crushing,,powder,11.0,5.0
77,,5.0,7.0,9.86,,True,True,,sheet1,,,,,,,,,,,,28.975,60.27,,485.0,,,,,,0.75,,,,,,chemical,crushing,,powder,11.0,5.0
77,,5.0,7.0,12.45,,True,True,,sheet1,,,,,,,,,,,,28.975,60.27,,485.0,,,,,,0.75,,,,,,chemical,crushing,,powder,11.0,5.0
77,,5.0,7.0,14.24,,True,True,,sheet1,,,,,,,,,,,,28.975,60.27,,485.0,,,,,,0.75,,,,,,chemical,crushing,,powder,11.0,5.0
77,28d,5.0,28.0,11.91,,True,True,,sheet1,,,,,,,,,,,,28.975,60.27,,485.0,,,,,,0.75,,,,,,chemical,crushing,,powder,11.0,5.0
77,,5.0,28.0,14.49,,True,True,,sheet1,,,,,,,,,,,,28.975,60.27,,485.0,,,,,,0.75,,,,,,chemical,crushing,,powder,11.0,5.0
77,,5.0,28.0,17.16,,True,True,,sheet1,,,,,,,,,,,,28.975,60.27,,485.0,,,,,,0.75,,,,,,chemical,crushing,,powder,11.0,5.0
77,,5.0,28.0,21.53,,True,True,,sheet1,,,,,,,,,,,,28.975,60.27,,485.0,,,,,,0.75,,,,,,chemical,crushing,,powder,11.0,5.0
77,Concrete S4F3 (Variant 1),14.0,7.0,8.76,,False,True,,matrix,,,,,,,,,,,,28.975,60.27,,485.0,,,,,,0.75,,,,,,chemical,crushing,,powder,11.0,5.0
77,Concrete S4F3 (Variant 2),14.0,7.0,9.86,,False,True,,matrix,,,,,,,,,,,,28.975,60.27,,485.0,,,,,,0.75,,,,,,chemical,crushing,,powder,11.0,5.0
77,Concrete S4F3 (Variant 1),14.0,7.0,11.91,,False,True,,matrix,,,,,,,,,,,,28.975,60.27,,485.0,,,,,,0.75,,,,,,chemical,crushing,,powder,11.0,5.0
77,Concrete S3F3 (Comparison),14.0,7.0,12.11,,False,True,,matrix,,,,,,,,,,,,28.975,60.27,,485.0,,,,,,0.75,,,,,,chemical,crushing,,powder,11.0,5.0
77,Concrete S4F3 (Variant 3),14.0,7.0,12.45,,False,True,,matrix,,,,,,,,,,,,28.975,60.27,,485.0,,,,,,0.75,,,,,,chemical,crushing,,powder,11.0,5.0
77,Concrete S4F3 (Comparison),14.0,7.0,12.98,,False,True,,matrix,,,,,,,,,,,,28.975,60.27,,485.0,,,,,,0.75,,,,,,chemical,crushing,,powder,11.0,5.0
77,Concrete S4F4 (Comparison),14.0,7.0,13.68,,False,True,,matrix,,,,,,,,,,,,28.975,60.27,,485.0,,,,,,0.75,,,,,,chemical,crushing,,powder,11.0,5.0
77,Concrete S3F4 (Comparison),14.0,7.0,14.24,,False,True,,matrix,,,,,,,,,,,,28.975,60.27,,485.0,,,,,,0.75,,,,,,chemical,crushing,,powder,11.0,5.0
77,Concrete S4F3 (Variant 2),14.0,7.0,14.49,,False,True,,matrix,,,,,,,,,,,,28.975,60.27,,485.0,,,,,,0.75,,,,,,chemical,crushing,,powder,11.0,5.0
77,Concrete S4F3 (Variant 3),14.0,7.0,17.16,,False,True,,matrix,,,,,,,,,,,,28.975,60.27,,485.0,,,,,,0.75,,,,,,chemical,crushing,,powder,11.0,5.0
77,Concrete S3F3 (Comparison),14.0,7.0,18.65,,False,True,,matrix,,,,,,,,,,,,28.975,60.27,,485.0,,,,,,0.75,,,,,,chemical,crushing,,powder,11.0,5.0
77,Concrete S4F3 (Comparison),14.0,7.0,19.63,,False,True,,matrix,,,,,,,,,,,,28.975,60.27,,485.0,,,,,,0.75,,,,,,chemical,crushing,,powder,11.0,5.0
77,Concrete S4F4 (Comparison),14.0,7.0,20.41,,False,True,,matrix,,,,,,,,,,,,28.975,60.27,,485.0,,,,,,0.75,,,,,,chemical,crushing,,powder,11.0,5.0
77,Concrete S3F4 (Comparison),14.0,7.0,21.53,,False,True,,matrix,,,,,,,,,,,,28.975,60.27,,485.0,,,,,,0.75,,,,,,chemical,crushing,,powder,11.0,5.0
78,PC,0.0,1.0,52.8,,False,True,,sheet1,,,,,,,,,,,,30.065,,,,,,,,,0.2,,,,,,carbonation,combined,,fines,30.0,40.0
78,PC,0.0,28.0,16.43,,True,True,,matrix,,,,,,,,,,,,30.065,,,,,,,,,0.2,,,,,,carbonation,combined,,fines,30.0,40.0
78,CR40: 47.1. 28 d: PC,0.0,28.0,108.2,,False,True,,sheet1,,,,,,,,,,,,30.065,,,,,,,,,0.2,,,,,,carbonation,combined,,fines,30.0,40.0
78,R20,20.0,1.0,48.1,,False,True,,sheet1,,,,,,,,,,,,30.065,,,,,,,,,0.2,,,,,,carbonation,combined,,fines,30.0,40.0
78,CR20,20.0,1.0,49.8,,False,True,,sheet1,,,,,,,,,,,,30.065,,,,,,,,,0.2,,,,,,carbonation,combined,,fines,30.0,40.0
78,CR20,20.0,28.0,12.67,,True,True,Dry carbonation,matrix,,,,,,,,,,,,30.065,,,,,,,,,0.2,,,,,,carbonation,combined,,fines,30.0,40.0
78,R20,20.0,28.0,95.3,,False,True,,sheet1,,,,,,,,,,,,30.065,,,,,,,,,0.2,,,,,,carbonation,combined,,fines,30.0,40.0
78,CR20,20.0,28.0,102.1,,False,True,,sheet1,,,,,,,,,,,,30.065,,,,,,,,,0.2,,,,,,carbonation,combined,,fines,30.0,40.0
78,R40,40.0,1.0,41.2,,False,True,,sheet1,,,,,,,,,,,,30.065,,,,,,,,,0.2,,,,,,carbonation,combined,,fines,30.0,40.0
78,CR40,40.0,1.0,47.1,,True,True,Dry carbonation,matrix,,,,,,,,,,,,30.065,,,,,,,,,0.2,,,,,,carbonation,combined,,fines,30.0,40.0
78,R40,40.0,28.0,82.4,,False,True,,sheet1,,,,,,,,,,,,30.065,,,,,,,,,0.2,,,,,,carbonation,combined,,fines,30.0,40.0
78,CR40,40.0,28.0,96.5,,False,True,,sheet1,,,,,,,,,,,,30.065,,,,,,,,,0.2,,,,,,carbonation,combined,,fines,30.0,40.0
79,,0.0,1.0,18.0,,True,True,,sheet1,18.4,67.6,5.12,3.53,1.08,2.76,,0.66,32.35,,,6.0600000000000005,,1.0,,,,,,,0.4,,,31.0,500.0,2.0,multiple,milling,mixed,fines,10.0,10.0
79,Ref.,0.0,1.0,27.0,,True,True,,matrix,18.4,67.6,5.12,3.53,1.08,2.76,,0.66,32.35,,,6.0600000000000005,,1.0,,,,,,,0.4,,,31.0,500.0,2.0,multiple,milling,mixed,fines,10.0,10.0
79,Ref.,0.0,1.0,38.0,,True,True,,matrix,18.4,67.6,5.12,3.53,1.08,2.76,,0.66,32.35,,,6.0600000000000005,,1.0,,,,,,,0.4,,,31.0,500.0,2.0,multiple,milling,mixed,fines,10.0,10.0
79,Ref.,0.0,1.0,48.0,,True,True,,matrix,18.4,67.6,5.12,3.53,1.08,2.76,,0.66,32.35,,,6.0600000000000005,,1.0,,,,,,,0.4,,,31.0,500.0,2.0,multiple,milling,mixed,fines,10.0,10.0
79,,0.0,3.0,27.0,,True,True,,sheet1,18.4,67.6,5.12,3.53,1.08,2.76,,0.66,32.35,,,6.0600000000000005,,1.0,,,,,,,0.4,,,31.0,500.0,2.0,multiple,milling,mixed,fines,10.0,10.0
79,,0.0,7.0,38.0,,True,True,,sheet1,18.4,67.6,5.12,3.53,1.08,2.76,,0.66,32.35,,,6.0600000000000005,,1.0,,,,,,,0.4,,,31.0,500.0,2.0,multiple,milling,mixed,fines,10.0,10.0
79,,0.0,28.0,48.0,,True,True,,sheet1,18.4,67.6,5.12,3.53,1.08,2.76,,0.66,32.35,,,6.0600000000000005,,1.0,,,,,,,0.4,,,31.0,500.0,2.0,multiple,milling,mixed,fines,10.0,10.0
79,MCR5,5.0,1.0,20.0,,True,True,Mechanochemical Carbonation (MC),matrix,18.4,67.6,5.12,3.53,1.08,2.76,,0.66,32.35,,,6.0600000000000005,,1.0,,,,,,,0.4,,,31.0,500.0,2.0,multiple,milling,mixed,fines,10.0,10.0
79,MCR5,5.0,1.0,32.0,,True,True,Mechanochemical Carbonation (MC),matrix,18.4,67.6,5.12,3.53,1.08,2.76,,0.66,32.35,,,6.0600000000000005,,1.0,,,,,,,0.4,,,31.0,500.0,2.0,multiple,milling,mixed,fines,10.0,10.0
79,MCR5,5.0,1.0,40.0,,True,True,Mechanochemical Carbonation (MC),matrix,18.4,67.6,5.12,3.53,1.08,2.76,,0.66,32.35,,,6.0600000000000005,,1.0,,,,,,,0.4,,,31.0,500.0,2.0,multiple,milling,mixed,fines,10.0,10.0
79,MCR5,5.0,1.0,49.0,,True,True,Mechanochemical Carbonation (MC),matrix,18.4,67.6,5.12,3.53,1.08,2.76,,0.66,32.35,,,6.0600000000000005,,1.0,,,,,,,0.4,,,31.0,500.0,2.0,multiple,milling,mixed,fines,10.0,10.0
79,,10.0,1.0,19.0,,True,True,,sheet1,18.4,67.6,5.12,3.53,1.08,2.76,,0.66,32.35,,,6.0600000000000005,,1.0,,,,,,,0.4,,,31.0,500.0,2.0,multiple,milling,mixed,fines,10.0,10.0
79,,10.0,1.0,22.0,,True,True,,sheet1,18.4,67.6,5.12,3.53,1.08,2.76,,0.66,32.35,,,6.0600000000000005,,1.0,,,,,,,0.4,,,31.0,500.0,2.0,multiple,milling,mixed,fines,10.0,10.0
79,WCR10,10.0,1.0,30.0,,True,True,Wet Carbonation,matrix,18.4,67.6,5.12,3.53,1.08,2.76,,0.66,32.35,,,6.0600000000000005,,1.0,,,,,,,0.4,,,31.0,500.0,2.0,multiple,milling,mixed,fines,10.0,10.0
79,MCR10,10.0,1.0,34.0,,True,True,Mechanochemical Carbonation (MC),matrix,18.4,67.6,5.12,3.53,1.08,2.76,,0.66,32.35,,,6.0600000000000005,,1.0,,,,,,,0.4,,,31.0,500.0,2.0,multiple,milling,mixed,fines,10.0,10.0
79,WCR10,10.0,1.0,39.0,,True,True,Wet Carbonation,matrix,18.4,67.6,5.12,3.53,1.08,2.76,,0.66,32.35,,,6.0600000000000005,,1.0,,,,,,,0.4,,,31.0,500.0,2.0,multiple,milling,mixed,fines,10.0,10.0
79,MCR10,10.0,1.0,42.0,,True,True,Mechanochemical Carbonation (MC),matrix,18.4,67.6,5.12,3.53,1.08,2.76,,0.66,32.35,,,6.0600000000000005,,1.0,,,,,,,0.4,,,31.0,500.0,2.0,multiple,milling,mixed,fines,10.0,10.0
79,WCR10,10.0,1.0,48.0,,True,True,Wet Carbonation,matrix,18.4,67.6,5.12,3.53,1.08,2.76,,0.66,32.35,,,6.0600000000000005,,1.0,,,,,,,0.4,,,31.0,500.0,2.0,multiple,milling,mixed,fines,10.0,10.0
79,MCR10,10.0,1.0,49.0,,True,True,Mechanochemical Carbonation (MC),matrix,18.4,67.6,5.12,3.53,1.08,2.76,,0.66,32.35,,,6.0600000000000005,,1.0,,,,,,,0.4,,,31.0,500.0,2.0,multiple,milling,mixed,fines,10.0,10.0
79,,10.0,3.0,30.0,,True,True,,sheet1,18.4,67.6,5.12,3.53,1.08,2.76,,0.66,32.35,,,6.0600000000000005,,1.0,,,,,,,0.4,,,31.0,500.0,2.0,multiple,milling,mixed,fines,10.0,10.0
79,,10.0,3.0,34.0,,True,True,,sheet1,18.4,67.6,5.12,3.53,1.08,2.76,,0.66,32.35,,,6.0600000000000005,,1.0,,,,,,,0.4,,,31.0,500.0,2.0,multiple,milling,mixed,fines,10.0,10.0
79,,10.0,7.0,39.0,,True,True,,sheet1,18.4,67.6,5.12,3.53,1.08,2.76,,0.66,32.35,,,6.0600000000000005,,1.0,,,,,,,0.4,,,31.0,500.0,2.0,multiple,milling,mixed,fines,10.0,10.0
79,,10.0,7.0,42.0,,True,True,,sheet1,18.4,67.6,5.12,3.53,1.08,2.76,,0.66,32.35,,,6.0600000000000005,,1.0,,,,,,,0.4,,,31.0,500.0,2.0,multiple,milling,mixed,fines,10.0,10.0
79,,10.0,28.0,48.0,,True,True,,sheet1,18.4,67.6,5.12,3.53,1.08,2.76,,0.66,32.35,,,6.0600000000000005,,1.0,,,,,,,0.4,,,31.0,500.0,2.0,multiple,milling,mixed,fines,10.0,10.0
79,,10.0,28.0,49.0,,True,True,,sheet1,18.4,67.6,5.12,3.53,1.08,2.76,,0.66,32.35,,,6.0600000000000005,,1.0,,,,,,,0.4,,,31.0,500.0,2.0,multiple,milling,mixed,fines,10.0,10.0
79,,20.0,1.0,19.0,,True,True,,sheet1,18.4,67.6,5.12,3.53,1.08,2.76,,0.66,32.35,,,6.0600000000000005,,1.0,,,,,,,0.4,,,31.0,500.0,2.0,multiple,milling,mixed,fines,10.0,10.0
79,,20.0,1.0,20.0,,True,True,,sheet1,18.4,67.6,5.12,3.53,1.08,2.76,,0.66,32.35,,,6.0600000000000005,,1.0,,,,,,,0.4,,,31.0,500.0,2.0,multiple,milling,mixed,fines,10.0,10.0
79,MCR20,20.0,1.0,34.0,,True,True,Mechanochemical Carbonation (MC),matrix,18.4,67.6,5.12,3.53,1.08,2.76,,0.66,32.35,,,6.0600000000000005,,1.0,,,,,,,0.4,,,31.0,500.0,2.0,multiple,milling,mixed,fines,10.0,10.0
79,MCR20,20.0,1.0,40.0,,True,True,Mechanochemical Carbonation (MC),matrix,18.4,67.6,5.12,3.53,1.08,2.76,,0.66,32.35,,,6.0600000000000005,,1.0,,,,,,,0.4,,,31.0,500.0,2.0,multiple,milling,mixed,fines,10.0,10.0
79,MCR20,20.0,1.0,47.0,,True,True,Mechanochemical Carbonation (MC),matrix,18.4,67.6,5.12,3.53,1.08,2.76,,0.66,32.35,,,6.0600000000000005,,1.0,,,,,,,0.4,,,31.0,500.0,2.0,multiple,milling,mixed,fines,10.0,10.0
79,,20.0,3.0,32.0,,True,True,,sheet1,18.4,67.6,5.12,3.53,1.08,2.76,,0.66,32.35,,,6.0600000000000005,,1.0,,,,,,,0.4,,,31.0,500.0,2.0,multiple,milling,mixed,fines,10.0,10.0
79,,20.0,3.0,34.0,,True,True,,sheet1,18.4,67.6,5.12,3.53,1.08,2.76,,0.66,32.35,,,6.0600000000000005,,1.0,,,,,,,0.4,,,31.0,500.0,2.0,multiple,milling,mixed,fines,10.0,10.0
79,,20.0,7.0,40.0,,True,True,,sheet1,18.4,67.6,5.12,3.53,1.08,2.76,,0.66,32.35,,,6.0600000000000005,,1.0,,,,,,,0.4,,,31.0,500.0,2.0,multiple,milling,mixed,fines,10.0,10.0
79,,20.0,28.0,47.0,,True,True,,sheet1,18.4,67.6,5.12,3.53,1.08,2.76,,0.66,32.35,,,6.0600000000000005,,1.0,,,,,,,0.4,,,31.0,500.0,2.0,multiple,milling,mixed,fines,10.0,10.0
79,,20.0,28.0,49.0,,True,True,,sheet1,18.4,67.6,5.12,3.53,1.08,2.76,,0.66,32.35,,,6.0600000000000005,,1.0,,,,,,,0.4,,,31.0,500.0,2.0,multiple,milling,mixed,fines,10.0,10.0
80,,0.0,7.0,47.7,,False,True,,sheet1,26.68,38.93,9.19,9.19,2.76,1.95,0.48,1.21,14.4,,,24.0,,,,13550.0,,,2.44,,0.4,,,,,1.0,,combined,mixed,cdw,25.0,0.0
80,,0.0,28.0,61.1,,False,True,,sheet1,26.68,38.93,9.19,9.19,2.76,1.95,0.48,1.21,14.4,,,24.0,,,,13550.0,,,2.44,,0.4,,,,,1.0,,combined,mixed,cdw,25.0,0.0
80,,0.0,90.0,61.4,,False,True,,sheet1,26.68,38.93,9.19,9.19,2.76,1.95,0.48,1.21,14.4,,,24.0,,,,13550.0,,,2.44,,0.4,,,,,1.0,,combined,mixed,cdw,25.0,0.0
80,,5.0,7.0,42.1,,False,True,,sheet1,26.68,38.93,9.19,9.19,2.76,1.95,0.48,1.21,14.4,,,24.0,,,,13550.0,,,2.44,,0.4,,,,,1.0,,combined,mixed,cdw,25.0,0.0
80,,5.0,7.0,54.1,,False,True,,sheet1,26.68,38.93,9.19,9.19,2.76,1.95,0.48,1.21,14.4,,,24.0,,,,13550.0,,,2.44,,0.4,,,,,1.0,,combined,mixed,cdw,25.0,0.0
80,,5.0,28.0,51.3,,False,True,,sheet1,26.68,38.93,9.19,9.19,2.76,1.95,0.48,1.21,14.4,,,24.0,,,,13550.0,,,2.44,,0.4,,,,,1.0,,combined,mixed,cdw,25.0,0.0
80,,5.0,28.0,55.1,,False,True,,sheet1,26.68,38.93,9.19,9.19,2.76,1.95,0.48,1.21,14.4,,,24.0,,,,13550.0,,,2.44,,0.4,,,,,1.0,,combined,mixed,cdw,25.0,0.0
80,,5.0,90.0,52.8,,False,True,,sheet1,26.68,38.93,9.19,9.19,2.76,1.95,0.48,1.21,14.4,,,24.0,,,,13550.0,,,2.44,,0.4,,,,,1.0,,combined,mixed,cdw,25.0,0.0
80,,5.0,90.0,55.0,,False,True,,sheet1,26.68,38.93,9.19,9.19,2.76,1.95,0.48,1.21,14.4,,,24.0,,,,13550.0,,,2.44,,0.4,,,,,1.0,,combined,mixed,cdw,25.0,0.0
80,,10.0,7.0,31.2,,False,True,,sheet1,26.68,38.93,9.19,9.19,2.76,1.95,0.48,1.21,14.4,,,24.0,,,,13550.0,,,2.44,,0.4,,,,,1.0,,combined,mixed,cdw,25.0,0.0
80,,10.0,7.0,46.2,,False,True,,sheet1,26.68,38.93,9.19,9.19,2.76,1.95,0.48,1.21,14.4,,,24.0,,,,13550.0,,,2.44,,0.4,,,,,1.0,,combined,mixed,cdw,25.0,0.0
80,,10.0,28.0,42.4,,False,True,,sheet1,26.68,38.93,9.19,9.19,2.76,1.95,0.48,1.21,14.4,,,24.0,,,,13550.0,,,2.44,,0.4,,,,,1.0,,combined,mixed,cdw,25.0,0.0
80,,10.0,28.0,53.4,,False,True,,sheet1,26.68,38.93,9.19,9.19,2.76,1.95,0.48,1.21,14.4,,,24.0,,,,13550.0,,,2.44,,0.4,,,,,1.0,,combined,mixed,cdw,25.0,0.0
80,,10.0,90.0,43.7,,False,True,,sheet1,26.68,38.93,9.19,9.19,2.76,1.95,0.48,1.21,14.4,,,24.0,,,,13550.0,,,2.44,,0.4,,,,,1.0,,combined,mixed,cdw,25.0,0.0
80,,10.0,90.0,51.3,,False,True,,sheet1,26.68,38.93,9.19,9.19,2.76,1.95,0.48,1.21,14.4,,,24.0,,,,13550.0,,,2.44,,0.4,,,,,1.0,,combined,mixed,cdw,25.0,0.0
80,,15.0,7.0,25.1,,False,True,,sheet1,26.68,38.93,9.19,9.19,2.76,1.95,0.48,1.21,14.4,,,24.0,,,,13550.0,,,2.44,,0.4,,,,,1.0,,combined,mixed,cdw,25.0,0.0
80,,15.0,7.0,43.6,,False,True,,sheet1,26.68,38.93,9.19,9.19,2.76,1.95,0.48,1.21,14.4,,,24.0,,,,13550.0,,,2.44,,0.4,,,,,1.0,,combined,mixed,cdw,25.0,0.0
80,,15.0,28.0,42.6,,False,True,,sheet1,26.68,38.93,9.19,9.19,2.76,1.95,0.48,1.21,14.4,,,24.0,,,,13550.0,,,2.44,,0.4,,,,,1.0,,combined,mixed,cdw,25.0,0.0
80,,15.0,28.0,44.3,,False,True,,sheet1,26.68,38.93,9.19,9.19,2.76,1.95,0.48,1.21,14.4,,,24.0,,,,13550.0,,,2.44,,0.4,,,,,1.0,,combined,mixed,cdw,25.0,0.0
80,,15.0,90.0,41.6,,False,True,,sheet1,26.68,38.93,9.19,9.19,2.76,1.95,0.48,1.21,14.4,,,24.0,,,,13550.0,,,2.44,,0.4,,,,,1.0,,combined,mixed,cdw,25.0,0.0
80,,15.0,90.0,44.2,,False,True,,sheet1,26.68,38.93,9.19,9.19,2.76,1.95,0.48,1.21,14.4,,,24.0,,,,13550.0,,,2.44,,0.4,,,,,1.0,,combined,mixed,cdw,25.0,0.0
80,,20.0,7.0,30.2,,False,True,,sheet1,26.68,38.93,9.19,9.19,2.76,1.95,0.48,1.21,14.4,,,24.0,,,,13550.0,,,2.44,,0.4,,,,,1.0,,combined,mixed,cdw,25.0,0.0
80,,20.0,7.0,36.8,,False,True,,sheet1,26.68,38.93,9.19,9.19,2.76,1.95,0.48,1.21,14.4,,,24.0,,,,13550.0,,,2.44,,0.4,,,,,1.0,,combined,mixed,cdw,25.0,0.0
80,,20.0,28.0,40.5,,False,True,,sheet1,26.68,38.93,9.19,9.19,2.76,1.95,0.48,1.21,14.4,,,24.0,,,,13550.0,,,2.44,,0.4,,,,,1.0,,combined,mixed,cdw,25.0,0.0
80,,20.0,28.0,44.1,,False,True,,sheet1,26.68,38.93,9.19,9.19,2.76,1.95,0.48,1.21,14.4,,,24.0,,,,13550.0,,,2.44,,0.4,,,,,1.0,,combined,mixed,cdw,25.0,0.0
80,,20.0,90.0,40.8,,False,True,,sheet1,26.68,38.93,9.19,9.19,2.76,1.95,0.48,1.21,14.4,,,24.0,,,,13550.0,,,2.44,,0.4,,,,,1.0,,combined,mixed,cdw,25.0,0.0
80,,20.0,90.0,45.3,,False,True,,sheet1,26.68,38.93,9.19,9.19,2.76,1.95,0.48,1.21,14.4,,,24.0,,,,13550.0,,,2.44,,0.4,,,,,1.0,,combined,mixed,cdw,25.0,0.0
80,,30.0,7.0,37.5,,False,True,,sheet1,26.68,38.93,9.19,9.19,2.76,1.95,0.48,1.21,14.4,,,24.0,,,,13550.0,,,2.44,,0.4,,,,,1.0,,combined,mixed,cdw,25.0,0.0
80,,30.0,28.0,41.7,,False,True,,sheet1,26.68,38.93,9.19,9.19,2.76,1.95,0.48,1.21,14.4,,,24.0,,,,13550.0,,,2.44,,0.4,,,,,1.0,,combined,mixed,cdw,25.0,0.0
80,,30.0,90.0,39.0,,False,True,,sheet1,26.68,38.93,9.19,9.19,2.76,1.95,0.48,1.21,14.4,,,24.0,,,,13550.0,,,2.44,,0.4,,,,,1.0,,combined,mixed,cdw,25.0,0.0
80,,40.0,7.0,27.2,,False,True,,sheet1,26.68,38.93,9.19,9.19,2.76,1.95,0.48,1.21,14.4,,,24.0,,,,13550.0,,,2.44,,0.4,,,,,1.0,,combined,mixed,cdw,25.0,0.0
80,,40.0,28.0,36.6,,False,True,,sheet1,26.68,38.93,9.19,9.19,2.76,1.95,0.48,1.21,14.4,,,24.0,,,,13550.0,,,2.44,,0.4,,,,,1.0,,combined,mixed,cdw,25.0,0.0
80,,40.0,90.0,36.2,,False,True,,sheet1,26.68,38.93,9.19,9.19,2.76,1.95,0.48,1.21,14.4,,,24.0,,,,13550.0,,,2.44,,0.4,,,,,1.0,,combined,mixed,cdw,25.0,0.0
80,50MK,50.0,7.0,52.5,,False,True,,matrix,26.68,38.93,9.19,9.19,2.76,1.95,0.48,1.21,14.4,,,24.0,,,,13550.0,,,2.44,,0.4,,,,,1.0,,combined,mixed,cdw,25.0,0.0
80,50MK,50.0,28.0,53.8,,False,True,,matrix,26.68,38.93,9.19,9.19,2.76,1.95,0.48,1.21,14.4,,,24.0,,,,13550.0,,,2.44,,0.4,,,,,1.0,,combined,mixed,cdw,25.0,0.0
80,50MK,50.0,90.0,51.7,,False,True,,matrix,26.68,38.93,9.19,9.19,2.76,1.95,0.48,1.21,14.4,,,24.0,,,,13550.0,,,2.44,,0.4,,,,,1.0,,combined,mixed,cdw,25.0,0.0
81,2716.5 psi,0.0,7.0,18.73,,False,True,,sheet1,15.35,32.4,5.9,1.57,2.4,1.94,,,28.44,,,,,23.1,,,,,,,,,,1.0,,1.0,mechanical,combined,,powder,21.5,0.0
81,2784.7 psi,0.0,14.0,19.2,,False,True,,sheet1,15.35,32.4,5.9,1.57,2.4,1.94,,,28.44,,,,,23.1,,,,,,,,,,1.0,,1.0,mechanical,combined,,powder,21.5,0.0
81,3293.8 psi,0.0,28.0,22.71,,False,True,,sheet1,15.35,32.4,5.9,1.57,2.4,1.94,,,28.44,,,,,23.1,,,,,,,,,,1.0,,1.0,mechanical,combined,,powder,21.5,0.0
81,Control,0.0,28.0,28.8,,False,True,,matrix,15.35,32.4,5.9,1.57,2.4,1.94,,,28.44,,,,,23.1,,,,,,,,,,1.0,,1.0,mechanical,combined,,powder,21.5,0.0
81,1567.91 psi,20.0,7.0,12.9,,False,True,,sheet1,15.35,32.4,5.9,1.57,2.4,1.94,,,28.44,,,,,23.1,,,,,,,,,,1.0,,1.0,mechanical,combined,,powder,21.5,0.0
81,1951.15 psi,20.0,14.0,16.07,,False,True,,sheet1,15.35,32.4,5.9,1.57,2.4,1.94,,,28.44,,,,,23.1,,,,,,,,,,1.0,,1.0,mechanical,combined,,powder,21.5,0.0
81,2070.83 psi,20.0,28.0,18.01,,False,True,,sheet1,15.35,32.4,5.9,1.57,2.4,1.94,,,28.44,,,,,23.1,,,,,,,,,,1.0,,1.0,mechanical,combined,,powder,21.5,0.0
81,1243.63 psi,25.0,7.0,8.57,,False,True,,sheet1,15.35,32.4,5.9,1.57,2.4,1.94,,,28.44,,,,,23.1,,,,,,,,,,1.0,,1.0,mechanical,combined,,powder,21.5,0.0
81,1266.16 psi,25.0,14.0,8.73,,False,True,,sheet1,15.35,32.4,5.9,1.57,2.4,1.94,,,28.44,,,,,23.1,,,,,,,,,,1.0,,1.0,mechanical,combined,,powder,21.5,0.0
81,1633.39 psi,25.0,28.0,11.3,,False,True,,sheet1,15.35,32.4,5.9,1.57,2.4,1.94,,,28.44,,,,,23.1,,,,,,,,,,1.0,,1.0,mechanical,combined,,powder,21.5,0.0
81,1229.92 psi,30.0,7.0,8.48,,False,True,,sheet1,15.35,32.4,5.9,1.57,2.4,1.94,,,28.44,,,,,23.1,,,,,,,,,,1.0,,1.0,mechanical,combined,,powder,21.5,0.0
81,1250.99 psi,30.0,14.0,8.63,,False,True,,sheet1,15.35,32.4,5.9,1.57,2.4,1.94,,,28.44,,,,,23.1,,,,,,,,,,1.0,,1.0,mechanical,combined,,powder,21.5,0.0
81,1434.19 psi,30.0,28.0,9.89,,False,True,,sheet1,15.35,32.4,5.9,1.57,2.4,1.94,,,28.44,,,,,23.1,,,,,,,,,,1.0,,1.0,mechanical,combined,,powder,21.5,0.0
82,Concrete Reference (REF),0.0,2.0,31.9,,False,True,,matrix,18.834999999999997,23.66,3.0100000000000002,1.66,1.1099999999999999,,0.7450000000000001,0.8533333333333334,,35.0,1.6,24.0,159.0,,,,,7.7,2.4533333333333336,2453.3333333333335,0.4475,,,5.0,,,mechanical,combined,mixed,fines,10.0,0.0
82,Concrete Reference (REF),0.0,2.0,45.8,,False,True,,matrix,18.834999999999997,23.66,3.0100000000000002,1.66,1.1099999999999999,,0.7450000000000001,0.8533333333333334,,35.0,1.6,24.0,159.0,,,,,7.7,2.4533333333333336,2453.3333333333335,0.4475,,,5.0,,,mechanical,combined,mixed,fines,10.0,0.0
82,Concrete Reference (REF),0.0,2.0,57.0,,False,True,,matrix,18.834999999999997,23.66,3.0100000000000002,1.66,1.1099999999999999,,0.7450000000000001,0.8533333333333334,,35.0,1.6,24.0,159.0,,,,,7.7,2.4533333333333336,2453.3333333333335,0.4475,,,5.0,,,mechanical,combined,mixed,fines,10.0,0.0
82,Concrete Reference (REF),0.0,2.0,61.5,,False,True,,matrix,18.834999999999997,23.66,3.0100000000000002,1.66,1.1099999999999999,,0.7450000000000001,0.8533333333333334,,35.0,1.6,24.0,159.0,,,,,7.7,2.4533333333333336,2453.3333333333335,0.4475,,,5.0,,,mechanical,combined,mixed,fines,10.0,0.0
82,Concrete Reference (REF),0.0,2.0,62.3,,False,True,,matrix,18.834999999999997,23.66,3.0100000000000002,1.66,1.1099999999999999,,0.7450000000000001,0.8533333333333334,,35.0,1.6,24.0,159.0,,,,,7.7,2.4533333333333336,2453.3333333333335,0.4475,,,5.0,,,mechanical,combined,mixed,fines,10.0,0.0
82,7d,0.0,7.0,42.8,,True,True,,sheet1,18.834999999999997,23.66,3.0100000000000002,1.66,1.1099999999999999,,0.7450000000000001,0.8533333333333334,,35.0,1.6,24.0,159.0,,,,,7.7,2.4533333333333336,2453.3333333333335,0.4475,,,5.0,,,mechanical,combined,mixed,fines,10.0,0.0
82,7d,0.0,7.0,45.8,,True,True,,sheet1,18.834999999999997,23.66,3.0100000000000002,1.66,1.1099999999999999,,0.7450000000000001,0.8533333333333334,,35.0,1.6,24.0,159.0,,,,,7.7,2.4533333333333336,2453.3333333333335,0.4475,,,5.0,,,mechanical,combined,mixed,fines,10.0,0.0
82,Mortar Reference CEM I,0.0,7.0,54.5,,True,True,,matrix,18.834999999999997,23.66,3.0100000000000002,1.66,1.1099999999999999,,0.7450000000000001,0.8533333333333334,,35.0,1.6,24.0,159.0,,,,,7.7,2.4533333333333336,2453.3333333333335,0.4475,,,5.0,,,mechanical,combined,mixed,fines,10.0,0.0
82,Mortar Reference CEM I,0.0,7.0,56.8,,True,True,,matrix,18.834999999999997,23.66,3.0100000000000002,1.66,1.1099999999999999,,0.7450000000000001,0.8533333333333334,,35.0,1.6,24.0,159.0,,,,,7.7,2.4533333333333336,2453.3333333333335,0.4475,,,5.0,,,mechanical,combined,mixed,fines,10.0,0.0
82,28d,0.0,28.0,54.5,,True,True,,sheet1,18.834999999999997,23.66,3.0100000000000002,1.66,1.1099999999999999,,0.7450000000000001,0.8533333333333334,,35.0,1.6,24.0,159.0,,,,,7.7,2.4533333333333336,2453.3333333333335,0.4475,,,5.0,,,mechanical,combined,mixed,fines,10.0,0.0
82,28d,0.0,28.0,57.0,,True,True,,sheet1,18.834999999999997,23.66,3.0100000000000002,1.66,1.1099999999999999,,0.7450000000000001,0.8533333333333334,,35.0,1.6,24.0,159.0,,,,,7.7,2.4533333333333336,2453.3333333333335,0.4475,,,5.0,,,mechanical,combined,mixed,fines,10.0,0.0
82,56d,0.0,56.0,61.5,,True,True,,sheet1,18.834999999999997,23.66,3.0100000000000002,1.66,1.1099999999999999,,0.7450000000000001,0.8533333333333334,,35.0,1.6,24.0,159.0,,,,,7.7,2.4533333333333336,2453.3333333333335,0.4475,,,5.0,,,mechanical,combined,mixed,fines,10.0,0.0
82,Concrete REF,0.0,90.0,31.9,,True,True,,sheet1,18.834999999999997,23.66,3.0100000000000002,1.66,1.1099999999999999,,0.7450000000000001,0.8533333333333334,,35.0,1.6,24.0,159.0,,,,,7.7,2.4533333333333336,2453.3333333333335,0.4475,,,5.0,,,mechanical,combined,mixed,fines,10.0,0.0
82,90d,0.0,90.0,56.8,,True,True,,sheet1,18.834999999999997,23.66,3.0100000000000002,1.66,1.1099999999999999,,0.7450000000000001,0.8533333333333334,,35.0,1.6,24.0,159.0,,,,,7.7,2.4533333333333336,2453.3333333333335,0.4475,,,5.0,,,mechanical,combined,mixed,fines,10.0,0.0
82,90d,0.0,90.0,62.3,,True,True,,sheet1,18.834999999999997,23.66,3.0100000000000002,1.66,1.1099999999999999,,0.7450000000000001,0.8533333333333334,,35.0,1.6,24.0,159.0,,,,,7.7,2.4533333333333336,2453.3333333333335,0.4475,,,5.0,,,mechanical,combined,mixed,fines,10.0,0.0
82,Concrete RC10,10.0,2.0,31.2,,False,True,Mechanical (Ball milling),matrix,18.834999999999997,23.66,3.0100000000000002,1.66,1.1099999999999999,,0.7450000000000001,0.8533333333333334,,35.0,1.6,24.0,159.0,,,,,7.7,2.4533333333333336,2453.3333333333335,0.4475,,,5.0,,,mechanical,combined,mixed,fines,10.0,0.0
82,Concrete RC10,10.0,2.0,44.1,,False,True,Mechanical (Ball milling),matrix,18.834999999999997,23.66,3.0100000000000002,1.66,1.1099999999999999,,0.7450000000000001,0.8533333333333334,,35.0,1.6,24.0,159.0,,,,,7.7,2.4533333333333336,2453.3333333333335,0.4475,,,5.0,,,mechanical,combined,mixed,fines,10.0,0.0
82,Concrete RC10,10.0,2.0,55.4,,False,True,Mechanical (Ball milling),matrix,18.834999999999997,23.66,3.0100000000000002,1.66,1.1099999999999999,,0.7450000000000001,0.8533333333333334,,35.0,1.6,24.0,159.0,,,,,7.7,2.4533333333333336,2453.3333333333335,0.4475,,,5.0,,,mechanical,combined,mixed,fines,10.0,0.0
82,Concrete RC10,10.0,2.0,58.9,,False,True,Mechanical (Ball milling),matrix,18.834999999999997,23.66,3.0100000000000002,1.66,1.1099999999999999,,0.7450000000000001,0.8533333333333334,,35.0,1.6,24.0,159.0,,,,,7.7,2.4533333333333336,2453.3333333333335,0.4475,,,5.0,,,mechanical,combined,mixed,fines,10.0,0.0
82,Concrete RC10,10.0,2.0,59.8,,False,True,Mechanical (Ball milling),matrix,18.834999999999997,23.66,3.0100000000000002,1.66,1.1099999999999999,,0.7450000000000001,0.8533333333333334,,35.0,1.6,24.0,159.0,,,,,7.7,2.4533333333333336,2453.3333333333335,0.4475,,,5.0,,,mechanical,combined,mixed,fines,10.0,0.0
82,Mortar C90F10,10.0,7.0,43.5,,True,True,Mechanical (Ball milling),matrix,18.834999999999997,23.66,3.0100000000000002,1.66,1.1099999999999999,,0.7450000000000001,0.8533333333333334,,35.0,1.6,24.0,159.0,,,,,7.7,2.4533333333333336,2453.3333333333335,0.4475,,,5.0,,,mechanical,combined,mixed,fines,10.0,0.0
82,7d,10.0,7.0,44.1,,True,True,,sheet1,18.834999999999997,23.66,3.0100000000000002,1.66,1.1099999999999999,,0.7450000000000001,0.8533333333333334,,35.0,1.6,24.0,159.0,,,,,7.7,2.4533333333333336,2453.3333333333335,0.4475,,,5.0,,,mechanical,combined,mixed,fines,10.0,0.0
82,Mortar C90F10,10.0,7.0,50.3,,True,True,Mechanical (Ball milling),matrix,18.834999999999997,23.66,3.0100000000000002,1.66,1.1099999999999999,,0.7450000000000001,0.8533333333333334,,35.0,1.6,24.0,159.0,,,,,7.7,2.4533333333333336,2453.3333333333335,0.4475,,,5.0,,,mechanical,combined,mixed,fines,10.0,0.0
82,Mortar C90F10,10.0,7.0,55.2,,True,True,Mechanical (Ball milling),matrix,18.834999999999997,23.66,3.0100000000000002,1.66,1.1099999999999999,,0.7450000000000001,0.8533333333333334,,35.0,1.6,24.0,159.0,,,,,7.7,2.4533333333333336,2453.3333333333335,0.4475,,,5.0,,,mechanical,combined,mixed,fines,10.0,0.0
82,28d,10.0,28.0,50.3,,True,True,,sheet1,18.834999999999997,23.66,3.0100000000000002,1.66,1.1099999999999999,,0.7450000000000001,0.8533333333333334,,35.0,1.6,24.0,159.0,,,,,7.7,2.4533333333333336,2453.3333333333335,0.4475,,,5.0,,,mechanical,combined,mixed,fines,10.0,0.0
82,28d,10.0,28.0,55.4,,True,True,,sheet1,18.834999999999997,23.66,3.0100000000000002,1.66,1.1099999999999999,,0.7450000000000001,0.8533333333333334,,35.0,1.6,24.0,159.0,,,,,7.7,2.4533333333333336,2453.3333333333335,0.4475,,,5.0,,,mechanical,combined,mixed,fines,10.0,0.0
82,56d,10.0,56.0,58.9,,True,True,,sheet1,18.834999999999997,23.66,3.0100000000000002,1.66,1.1099999999999999,,0.7450000000000001,0.8533333333333334,,35.0,1.6,24.0,159.0,,,,,7.7,2.4533333333333336,2453.3333333333335,0.4475,,,5.0,,,mechanical,combined,mixed,fines,10.0,0.0
82,Concrete RC10,10.0,90.0,31.2,,True,True,,sheet1,18.834999999999997,23.66,3.0100000000000002,1.66,1.1099999999999999,,0.7450000000000001,0.8533333333333334,,35.0,1.6,24.0,159.0,,,,,7.7,2.4533333333333336,2453.3333333333335,0.4475,,,5.0,,,mechanical,combined,mixed,fines,10.0,0.0
82,Mortar (10%),10.0,90.0,43.5,,True,True,,sheet1,18.834999999999997,23.66,3.0100000000000002,1.66,1.1099999999999999,,0.7450000000000001,0.8533333333333334,,35.0,1.6,24.0,159.0,,,,,7.7,2.4533333333333336,2453.3333333333335,0.4475,,,5.0,,,mechanical,combined,mixed,fines,10.0,0.0
82,90d,10.0,90.0,55.2,,True,True,,sheet1,18.834999999999997,23.66,3.0100000000000002,1.66,1.1099999999999999,,0.7450000000000001,0.8533333333333334,,35.0,1.6,24.0,159.0,,,,,7.7,2.4533333333333336,2453.3333333333335,0.4475,,,5.0,,,mechanical,combined,mixed,fines,10.0,0.0
82,90d,10.0,90.0,59.8,,True,True,,sheet1,18.834999999999997,23.66,3.0100000000000002,1.66,1.1099999999999999,,0.7450000000000001,0.8533333333333334,,35.0,1.6,24.0,159.0,,,,,7.7,2.4533333333333336,2453.3333333333335,0.4475,,,5.0,,,mechanical,combined,mixed,fines,10.0,0.0
82,Mortar C75F25,25.0,7.0,36.0,,True,True,Mechanical (Ball milling),matrix,18.834999999999997,23.66,3.0100000000000002,1.66,1.1099999999999999,,0.7450000000000001,0.8533333333333334,,35.0,1.6,24.0,159.0,,,,,7.7,2.4533333333333336,2453.3333333333335,0.4475,,,5.0,,,mechanical,combined,mixed,fines,10.0,0.0
82,Mortar C75F25,25.0,7.0,44.5,,True,True,Mechanical (Ball milling),matrix,18.834999999999997,23.66,3.0100000000000002,1.66,1.1099999999999999,,0.7450000000000001,0.8533333333333334,,35.0,1.6,24.0,159.0,,,,,7.7,2.4533333333333336,2453.3333333333335,0.4475,,,5.0,,,mechanical,combined,mixed,fines,10.0,0.0
82,Mortar C75F25,25.0,7.0,50.2,,True,True,Mechanical (Ball milling),matrix,18.834999999999997,23.66,3.0100000000000002,1.66,1.1099999999999999,,0.7450000000000001,0.8533333333333334,,35.0,1.6,24.0,159.0,,,,,7.7,2.4533333333333336,2453.3333333333335,0.4475,,,5.0,,,mechanical,combined,mixed,fines,10.0,0.0
82,28d,25.0,28.0,44.5,,True,True,,sheet1,18.834999999999997,23.66,3.0100000000000002,1.66,1.1099999999999999,,0.7450000000000001,0.8533333333333334,,35.0,1.6,24.0,159.0,,,,,7.7,2.4533333333333336,2453.3333333333335,0.4475,,,5.0,,,mechanical,combined,mixed,fines,10.0,0.0
82,Mortar (25%),25.0,90.0,36.0,,True,True,,sheet1,18.834999999999997,23.66,3.0100000000000002,1.66,1.1099999999999999,,0.7450000000000001,0.8533333333333334,,35.0,1.6,24.0,159.0,,,,,7.7,2.4533333333333336,2453.3333333333335,0.4475,,,5.0,,,mechanical,combined,mixed,fines,10.0,0.0
82,90d,25.0,90.0,50.2,,True,True,,sheet1,18.834999999999997,23.66,3.0100000000000002,1.66,1.1099999999999999,,0.7450000000000001,0.8533333333333334,,35.0,1.6,24.0,159.0,,,,,7.7,2.4533333333333336,2453.3333333333335,0.4475,,,5.0,,,mechanical,combined,mixed,fines,10.0,0.0
83,,0.0,,3.79,,False,False,,sheet1,32.7,17.72,9.81,7.65,4.37,3.27,1.8,1.52,18.1,,,,,,,,,,2.7024999999999997,,0.5,,,,,2.0,other,combined,mixed,powder,30.0,
83,,0.0,,35.98,,False,False,,sheet1,32.7,17.72,9.81,7.65,4.37,3.27,1.8,1.52,18.1,,,,,,,,,,2.7024999999999997,,0.5,,,,,2.0,other,combined,mixed,powder,30.0,
83,,0.0,,44.55,,False,False,,sheet1,32.7,17.72,9.81,7.65,4.37,3.27,1.8,1.52,18.1,,,,,,,,,,2.7024999999999997,,0.5,,,,,2.0,other,combined,mixed,powder,30.0,
83,,0.0,,45.01,,False,False,,sheet1,32.7,17.72,9.81,7.65,4.37,3.27,1.8,1.52,18.1,,,,,,,,,,2.7024999999999997,,0.5,,,,,2.0,other,combined,mixed,powder,30.0,
83,,0.0,,46.16,,False,False,,sheet1,32.7,17.72,9.81,7.65,4.37,3.27,1.8,1.52,18.1,,,,,,,,,,2.7024999999999997,,0.5,,,,,2.0,other,combined,mixed,powder,30.0,
83,,0.0,,49.48,,False,False,,sheet1,32.7,17.72,9.81,7.65,4.37,3.27,1.8,1.52,18.1,,,,,,,,,,2.7024999999999997,,0.5,,,,,2.0,other,combined,mixed,powder,30.0,
83,Ref-10,10.0,,46.16,,False,False,,matrix,32.7,17.72,9.81,7.65,4.37,3.27,1.8,1.52,18.1,,,,,,,,,,2.7024999999999997,,0.5,,,,,2.0,other,combined,mixed,powder,30.0,
83,,10.0,,51.13,,False,False,,sheet1,32.7,17.72,9.81,7.65,4.37,3.27,1.8,1.52,18.1,,,,,,,,,,2.7024999999999997,,0.5,,,,,2.0,other,combined,mixed,powder,30.0,
83,Ref-20,20.0,,49.48,,False,False,,matrix,32.7,17.72,9.81,7.65,4.37,3.27,1.8,1.52,18.1,,,,,,,,,,2.7024999999999997,,0.5,,,,,2.0,other,combined,mixed,powder,30.0,
83,,20.0,,54.6,,False,False,,sheet1,32.7,17.72,9.81,7.65,4.37,3.27,1.8,1.52,18.1,,,,,,,,,,2.7024999999999997,,0.5,,,,,2.0,other,combined,mixed,powder,30.0,
83,Ref-30,30.0,,5.43,,False,False,,matrix,32.7,17.72,9.81,7.65,4.37,3.27,1.8,1.52,18.1,,,,,,,,,,2.7024999999999997,,0.5,,,,,2.0,other,combined,mixed,powder,30.0,
83,Ref-30,30.0,,45.01,,False,False,,matrix,32.7,17.72,9.81,7.65,4.37,3.27,1.8,1.52,18.1,,,,,,,,,,2.7024999999999997,,0.5,,,,,2.0,other,combined,mixed,powder,30.0,
83,,30.0,,50.93,,False,False,,sheet1,32.7,17.72,9.81,7.65,4.37,3.27,1.8,1.52,18.1,,,,,,,,,,2.7024999999999997,,0.5,,,,,2.0,other,combined,mixed,powder,30.0,
83,GO-30,30.0,,50.94,,False,False,GO Coating,matrix,32.7,17.72,9.81,7.65,4.37,3.27,1.8,1.52,18.1,,,,,,,,,,2.7024999999999997,,0.5,,,,,2.0,other,combined,mixed,powder,30.0,
83,Ref-40,40.0,,35.98,,False,False,,matrix,32.7,17.72,9.81,7.65,4.37,3.27,1.8,1.52,18.1,,,,,,,,,,2.7024999999999997,,0.5,,,,,2.0,other,combined,mixed,powder,30.0,
83,,40.0,,46.38,,False,False,,sheet1,32.7,17.72,9.81,7.65,4.37,3.27,1.8,1.52,18.1,,,,,,,,,,2.7024999999999997,,0.5,,,,,2.0,other,combined,mixed,powder,30.0,
83,Ref-50,50.0,,3.79,,False,False,,matrix,32.7,17.72,9.81,7.65,4.37,3.27,1.8,1.52,18.1,,,,,,,,,,2.7024999999999997,,0.5,,,,,2.0,other,combined,mixed,powder,30.0,
83,,50.0,,30.99,,False,False,,sheet1,32.7,17.72,9.81,7.65,4.37,3.27,1.8,1.52,18.1,,,,,,,,,,2.7024999999999997,,0.5,,,,,2.0,other,combined,mixed,powder,30.0,
83,GO-50,50.0,,31.0,,False,False,GO Coating,matrix,32.7,17.72,9.81,7.65,4.37,3.27,1.8,1.52,18.1,,,,,,,,,,2.7024999999999997,,0.5,,,,,2.0,other,combined,mixed,powder,30.0,
84,7d,0.0,7.0,1.175,,False,True,,sheet1,48.82,25.5,9.43,7.87,0.42,1.16,,6.48,,43.065999999999995,35.05571428571429,39.98571428571428,67.05714285714286,,686.4000000000001,,,,,,0.75,,,80.0,,2.0,multiple,combined,mixed,powder,,0.0
84,7d,0.0,7.0,2.05,,False,True,,sheet1,48.82,25.5,9.43,7.87,0.42,1.16,,6.48,,43.065999999999995,35.05571428571429,39.98571428571428,67.05714285714286,,686.4000000000001,,,,,,0.75,,,80.0,,2.0,multiple,combined,mixed,powder,,0.0
84,7d,0.0,7.0,2.275,,False,True,,sheet1,48.82,25.5,9.43,7.87,0.42,1.16,,6.48,,43.065999999999995,35.05571428571429,39.98571428571428,67.05714285714286,,686.4000000000001,,,,,,0.75,,,80.0,,2.0,multiple,combined,mixed,powder,,0.0
84,7d,0.0,7.0,2.8,,False,True,,sheet1,48.82,25.5,9.43,7.87,0.42,1.16,,6.48,,43.065999999999995,35.05571428571429,39.98571428571428,67.05714285714286,,686.4000000000001,,,,,,0.75,,,80.0,,2.0,multiple,combined,mixed,powder,,0.0
84,7d,0.0,7.0,3.075,,False,True,,sheet1,48.82,25.5,9.43,7.87,0.42,1.16,,6.48,,43.065999999999995,35.05571428571429,39.98571428571428,67.05714285714286,,686.4000000000001,,,,,,0.75,,,80.0,,2.0,multiple,combined,mixed,powder,,0.0
84,7d,0.0,7.0,3.1,,False,True,,sheet1,48.82,25.5,9.43,7.87,0.42,1.16,,6.48,,43.065999999999995,35.05571428571429,39.98571428571428,67.05714285714286,,686.4000000000001,,,,,,0.75,,,80.0,,2.0,multiple,combined,mixed,powder,,0.0
84,7d,0.0,7.0,4.15,,False,True,,sheet1,48.82,25.5,9.43,7.87,0.42,1.16,,6.48,,43.065999999999995,35.05571428571429,39.98571428571428,67.05714285714286,,686.4000000000001,,,,,,0.75,,,80.0,,2.0,multiple,combined,mixed,powder,,0.0
84,7d,0.0,7.0,4.175,,False,True,,sheet1,48.82,25.5,9.43,7.87,0.42,1.16,,6.48,,43.065999999999995,35.05571428571429,39.98571428571428,67.05714285714286,,686.4000000000001,,,,,,0.75,,,80.0,,2.0,multiple,combined,mixed,powder,,0.0
84,28d,0.0,28.0,1.4,,False,True,,sheet1,48.82,25.5,9.43,7.87,0.42,1.16,,6.48,,43.065999999999995,35.05571428571429,39.98571428571428,67.05714285714286,,686.4000000000001,,,,,,0.75,,,80.0,,2.0,multiple,combined,mixed,powder,,0.0
84,RCBG4,0.0,28.0,1.575,,False,True,,sheet1,48.82,25.5,9.43,7.87,0.42,1.16,,6.48,,43.065999999999995,35.05571428571429,39.98571428571428,67.05714285714286,,686.4000000000001,,,,,,0.75,,,80.0,,2.0,multiple,combined,mixed,powder,,0.0
84,RCBG3,0.0,28.0,1.775,,False,True,,sheet1,48.82,25.5,9.43,7.87,0.42,1.16,,6.48,,43.065999999999995,35.05571428571429,39.98571428571428,67.05714285714286,,686.4000000000001,,,,,,0.75,,,80.0,,2.0,multiple,combined,mixed,powder,,0.0
84,RCBG9,0.0,28.0,2.1,,False,True,,sheet1,48.82,25.5,9.43,7.87,0.42,1.16,,6.48,,43.065999999999995,35.05571428571429,39.98571428571428,67.05714285714286,,686.4000000000001,,,,,,0.75,,,80.0,,2.0,multiple,combined,mixed,powder,,0.0
84,RCBG10,0.0,28.0,2.425,,False,True,,sheet1,48.82,25.5,9.43,7.87,0.42,1.16,,6.48,,43.065999999999995,35.05571428571429,39.98571428571428,67.05714285714286,,686.4000000000001,,,,,,0.75,,,80.0,,2.0,multiple,combined,mixed,powder,,0.0
84,RCBG5,0.0,28.0,2.825,,False,True,,sheet1,48.82,25.5,9.43,7.87,0.42,1.16,,6.48,,43.065999999999995,35.05571428571429,39.98571428571428,67.05714285714286,,686.4000000000001,,,,,,0.75,,,80.0,,2.0,multiple,combined,mixed,powder,,0.0
84,RCBG7,0.0,28.0,2.925,,False,True,,sheet1,48.82,25.5,9.43,7.87,0.42,1.16,,6.48,,43.065999999999995,35.05571428571429,39.98571428571428,67.05714285714286,,686.4000000000001,,,,,,0.75,,,80.0,,2.0,multiple,combined,mixed,powder,,0.0
84,28d,0.0,28.0,3.0,,False,True,,sheet1,48.82,25.5,9.43,7.87,0.42,1.16,,6.48,,43.065999999999995,35.05571428571429,39.98571428571428,67.05714285714286,,686.4000000000001,,,,,,0.75,,,80.0,,2.0,multiple,combined,mixed,powder,,0.0
84,28d,0.0,28.0,3.025,,False,True,,sheet1,48.82,25.5,9.43,7.87,0.42,1.16,,6.48,,43.065999999999995,35.05571428571429,39.98571428571428,67.05714285714286,,686.4000000000001,,,,,,0.75,,,80.0,,2.0,multiple,combined,mixed,powder,,0.0
84,RCBG6,0.0,28.0,3.125,,False,True,,sheet1,48.82,25.5,9.43,7.87,0.42,1.16,,6.48,,43.065999999999995,35.05571428571429,39.98571428571428,67.05714285714286,,686.4000000000001,,,,,,0.75,,,80.0,,2.0,multiple,combined,mixed,powder,,0.0
84,28d,0.0,28.0,3.2,,False,True,,sheet1,48.82,25.5,9.43,7.87,0.42,1.16,,6.48,,43.065999999999995,35.05571428571429,39.98571428571428,67.05714285714286,,686.4000000000001,,,,,,0.75,,,80.0,,2.0,multiple,combined,mixed,powder,,0.0
84,28d,0.0,28.0,3.4,,False,True,,sheet1,48.82,25.5,9.43,7.87,0.42,1.16,,6.48,,43.065999999999995,35.05571428571429,39.98571428571428,67.05714285714286,,686.4000000000001,,,,,,0.75,,,80.0,,2.0,multiple,combined,mixed,powder,,0.0
84,28d,0.0,28.0,3.825,,False,True,,sheet1,48.82,25.5,9.43,7.87,0.42,1.16,,6.48,,43.065999999999995,35.05571428571429,39.98571428571428,67.05714285714286,,686.4000000000001,,,,,,0.75,,,80.0,,2.0,multiple,combined,mixed,powder,,0.0
84,28d,0.0,28.0,4.325,,False,True,,sheet1,48.82,25.5,9.43,7.87,0.42,1.16,,6.48,,43.065999999999995,35.05571428571429,39.98571428571428,67.05714285714286,,686.4000000000001,,,,,,0.75,,,80.0,,2.0,multiple,combined,mixed,powder,,0.0
84,28d,0.0,28.0,4.475,,False,True,,sheet1,48.82,25.5,9.43,7.87,0.42,1.16,,6.48,,43.065999999999995,35.05571428571429,39.98571428571428,67.05714285714286,,686.4000000000001,,,,,,0.75,,,80.0,,2.0,multiple,combined,mixed,powder,,0.0
85,GRAPH-DERIVED,0.0,7.0,41.5,,True,True,,sheet1,53.03,15.78,7.605,2.755,1.96,0.835,,2.295,14.245000000000001,,,12.35,,,,,,,,2630.0,0.528,,,,,1.0,,,calcite,other,10.0,0.0
85,Control (0%),0.0,7.0,48.0,,False,True,,matrix,53.03,15.78,7.605,2.755,1.96,0.835,,2.295,14.245000000000001,,,12.35,,,,,,,,2630.0,0.528,,,,,1.0,,,calcite,other,10.0,0.0
85,Control (0%),0.0,7.0,54.0,,False,True,,matrix,53.03,15.78,7.605,2.755,1.96,0.835,,2.295,14.245000000000001,,,12.35,,,,,,,,2630.0,0.528,,,,,1.0,,,calcite,other,10.0,0.0
85,GRAPH-DERIVED,0.0,28.0,48.0,,True,True,,sheet1,53.03,15.78,7.605,2.755,1.96,0.835,,2.295,14.245000000000001,,,12.35,,,,,,,,2630.0,0.528,,,,,1.0,,,calcite,other,10.0,0.0
85,GRAPH-DERIVED,0.0,56.0,54.0,,True,True,,sheet1,53.03,15.78,7.605,2.755,1.96,0.835,,2.295,14.245000000000001,,,12.35,,,,,,,,2630.0,0.528,,,,,1.0,,,calcite,other,10.0,0.0
85,GRAPH-DERIVED,10.0,7.0,38.9,,True,True,,sheet1,53.03,15.78,7.605,2.755,1.96,0.835,,2.295,14.245000000000001,,,12.35,,,,,,,,2630.0,0.528,,,,,1.0,,,calcite,other,10.0,0.0
85,10% FHH,10.0,7.0,46.8,,False,True,,matrix,53.03,15.78,7.605,2.755,1.96,0.835,,2.295,14.245000000000001,,,12.35,,,,,,,,2630.0,0.528,,,,,1.0,,,calcite,other,10.0,0.0
85,10% FHC,10.0,7.0,47.5,,False,True,,matrix,53.03,15.78,7.605,2.755,1.96,0.835,,2.295,14.245000000000001,,,12.35,,,,,,,,2630.0,0.528,,,,,1.0,,,calcite,other,10.0,0.0
85,10% FHH,10.0,7.0,50.0,,False,True,,matrix,53.03,15.78,7.605,2.755,1.96,0.835,,2.295,14.245000000000001,,,12.35,,,,,,,,2630.0,0.528,,,,,1.0,,,calcite,other,10.0,0.0
85,10% FHC,10.0,7.0,52.2,,False,True,,matrix,53.03,15.78,7.605,2.755,1.96,0.835,,2.295,14.245000000000001,,,12.35,,,,,,,,2630.0,0.528,,,,,1.0,,,calcite,other,10.0,0.0
85,GRAPH-DERIVED,10.0,28.0,46.8,,True,True,,sheet1,53.03,15.78,7.605,2.755,1.96,0.835,,2.295,14.245000000000001,,,12.35,,,,,,,,2630.0,0.528,,,,,1.0,,,calcite,other,10.0,0.0
85,GRAPH-DERIVED,10.0,28.0,47.5,,True,True,,sheet1,53.03,15.78,7.605,2.755,1.96,0.835,,2.295,14.245000000000001,,,12.35,,,,,,,,2630.0,0.528,,,,,1.0,,,calcite,other,10.0,0.0
85,GRAPH-DERIVED,10.0,56.0,50.0,,True,True,,sheet1,53.03,15.78,7.605,2.755,1.96,0.835,,2.295,14.245000000000001,,,12.35,,,,,,,,2630.0,0.528,,,,,1.0,,,calcite,other,10.0,0.0
85,GRAPH-DERIVED,10.0,56.0,52.2,,True,True,,sheet1,53.03,15.78,7.605,2.755,1.96,0.835,,2.295,14.245000000000001,,,12.35,,,,,,,,2630.0,0.528,,,,,1.0,,,calcite,other,10.0,0.0
85,GRAPH-DERIVED,20.0,7.0,34.9,,True,True,,sheet1,53.03,15.78,7.605,2.755,1.96,0.835,,2.295,14.245000000000001,,,12.35,,,,,,,,2630.0,0.528,,,,,1.0,,,calcite,other,10.0,0.0
85,GRAPH-DERIVED,20.0,7.0,36.5,,True,True,,sheet1,53.03,15.78,7.605,2.755,1.96,0.835,,2.295,14.245000000000001,,,12.35,,,,,,,,2630.0,0.528,,,,,1.0,,,calcite,other,10.0,0.0
85,20% FHH,20.0,7.0,37.6,,False,True,,matrix,53.03,15.78,7.605,2.755,1.96,0.835,,2.295,14.245000000000001,,,12.35,,,,,,,,2630.0,0.528,,,,,1.0,,,calcite,other,10.0,0.0
85,20% FHC,20.0,7.0,43.8,,False,True,,matrix,53.03,15.78,7.605,2.755,1.96,0.835,,2.295,14.245000000000001,,,12.35,,,,,,,,2630.0,0.528,,,,,1.0,,,calcite,other,10.0,0.0
85,20% FHH,20.0,7.0,44.2,,False,True,,matrix,53.03,15.78,7.605,2.755,1.96,0.835,,2.295,14.245000000000001,,,12.35,,,,,,,,2630.0,0.528,,,,,1.0,,,calcite,other,10.0,0.0
85,20% FHC,20.0,7.0,47.0,,False,True,,matrix,53.03,15.78,7.605,2.755,1.96,0.835,,2.295,14.245000000000001,,,12.35,,,,,,,,2630.0,0.528,,,,,1.0,,,calcite,other,10.0,0.0
85,GRAPH-DERIVED,20.0,28.0,37.6,,True,True,,sheet1,53.03,15.78,7.605,2.755,1.96,0.835,,2.295,14.245000000000001,,,12.35,,,,,,,,2630.0,0.528,,,,,1.0,,,calcite,other,10.0,0.0
85,GRAPH-DERIVED,20.0,28.0,43.8,,True,True,,sheet1,53.03,15.78,7.605,2.755,1.96,0.835,,2.295,14.245000000000001,,,12.35,,,,,,,,2630.0,0.528,,,,,1.0,,,calcite,other,10.0,0.0
85,GRAPH-DERIVED,20.0,56.0,44.2,,True,True,,sheet1,53.03,15.78,7.605,2.755,1.96,0.835,,2.295,14.245000000000001,,,12.35,,,,,,,,2630.0,0.528,,,,,1.0,,,calcite,other,10.0,0.0
85,GRAPH-DERIVED,20.0,56.0,47.0,,True,True,,sheet1,53.03,15.78,7.605,2.755,1.96,0.835,,2.295,14.245000000000001,,,12.35,,,,,,,,2630.0,0.528,,,,,1.0,,,calcite,other,10.0,0.0
85,GRAPH-DERIVED,30.0,7.0,31.0,,True,True,,sheet1,53.03,15.78,7.605,2.755,1.96,0.835,,2.295,14.245000000000001,,,12.35,,,,,,,,2630.0,0.528,,,,,1.0,,,calcite,other,10.0,0.0
85,GRAPH-DERIVED,30.0,7.0,32.9,,True,True,,sheet1,53.03,15.78,7.605,2.755,1.96,0.835,,2.295,14.245000000000001,,,12.35,,,,,,,,2630.0,0.528,,,,,1.0,,,calcite,other,10.0,0.0
85,30% FHH,30.0,7.0,36.2,,False,True,,matrix,53.03,15.78,7.605,2.755,1.96,0.835,,2.295,14.245000000000001,,,12.35,,,,,,,,2630.0,0.528,,,,,1.0,,,calcite,other,10.0,0.0
85,30% FHC,30.0,7.0,38.7,,False,True,,matrix,53.03,15.78,7.605,2.755,1.96,0.835,,2.295,14.245000000000001,,,12.35,,,,,,,,2630.0,0.528,,,,,1.0,,,calcite,other,10.0,0.0
85,30% FHH,30.0,7.0,41.1,,False,True,,matrix,53.03,15.78,7.605,2.755,1.96,0.835,,2.295,14.245000000000001,,,12.35,,,,,,,,2630.0,0.528,,,,,1.0,,,calcite,other,10.0,0.0
85,30% FHC,30.0,7.0,42.0,,False,True,,matrix,53.03,15.78,7.605,2.755,1.96,0.835,,2.295,14.245000000000001,,,12.35,,,,,,,,2630.0,0.528,,,,,1.0,,,calcite,other,10.0,0.0
85,GRAPH-DERIVED,30.0,28.0,36.2,,True,True,,sheet1,53.03,15.78,7.605,2.755,1.96,0.835,,2.295,14.245000000000001,,,12.35,,,,,,,,2630.0,0.528,,,,,1.0,,,calcite,other,10.0,0.0
85,GRAPH-DERIVED,30.0,28.0,38.7,,True,True,,sheet1,53.03,15.78,7.605,2.755,1.96,0.835,,2.295,14.245000000000001,,,12.35,,,,,,,,2630.0,0.528,,,,,1.0,,,calcite,other,10.0,0.0
85,GRAPH-DERIVED,30.0,56.0,41.1,,True,True,,sheet1,53.03,15.78,7.605,2.755,1.96,0.835,,2.295,14.245000000000001,,,12.35,,,,,,,,2630.0,0.528,,,,,1.0,,,calcite,other,10.0,0.0
85,GRAPH-DERIVED,30.0,56.0,42.0,,True,True,,sheet1,53.03,15.78,7.605,2.755,1.96,0.835,,2.295,14.245000000000001,,,12.35,,,,,,,,2630.0,0.528,,,,,1.0,,,calcite,other,10.0,0.0
86,,0.0,7.0,9.0,,False,True,,sheet1,44.815,37.955,8.725,4.445,,1.76,,1.44,,,,,,,,,,,2.46,,0.6,825.0,,,,,thermal,milling,,powder,,0.0
86,C0,0.0,7.0,17.5,,False,True,,matrix,44.815,37.955,8.725,4.445,,1.76,,1.44,,,,,,,,,,,2.46,,0.6,825.0,,,,,thermal,milling,,powder,,0.0
86,C0 (28-day),0.0,28.0,17.5,,False,True,,sheet1,44.815,37.955,8.725,4.445,,1.76,,1.44,,,,,,,,,,,2.46,,0.6,825.0,,,,,thermal,milling,,powder,,0.0
86,C20 (7-day),20.0,7.0,8.1,,False,True,,sheet1,44.815,37.955,8.725,4.445,,1.76,,1.44,,,,,,,,,,,2.46,,0.6,825.0,,,,,thermal,milling,,powder,,0.0
86,C20,20.0,7.0,14.0,,False,True,Thermal activation,matrix,44.815,37.955,8.725,4.445,,1.76,,1.44,,,,,,,,,,,2.46,,0.6,825.0,,,,,thermal,milling,,powder,,0.0
86,C20 (28-day),20.0,28.0,14.0,,False,True,,sheet1,44.815,37.955,8.725,4.445,,1.76,,1.44,,,,,,,,,,,2.46,,0.6,825.0,,,,,thermal,milling,,powder,,0.0
87,60–110,10.0,28.0,0.981,,True,True,,sheet1,25.75,52.18,2.38,1.86,2.51,2.16,0.46,0.62,11.65,,,,,,739.1111111111111,,,,,,0.5,600.0,2.5,,,1.0,thermal,combined,portlandite,cdw,20.0,10.0
88,,2.0,7.0,18.0,,False,True,,sheet1,,,,,,,,,,,,75.0,,,,,,,,,,609.0909090909091,,41.541666666666664,,1.0,multiple,combined,mixed,fines,25.0,10.0
88,,2.0,7.0,23.0,,False,True,,sheet1,,,,,,,,,,,,75.0,,,,,,,,,,609.0909090909091,,41.541666666666664,,1.0,multiple,combined,mixed,fines,25.0,10.0
88,,2.0,7.0,24.2,,False,True,,sheet1,,,,,,,,,,,,75.0,,,,,,,,,,609.0909090909091,,41.541666666666664,,1.0,multiple,combined,mixed,fines,25.0,10.0
88,,2.0,28.0,27.2,,False,True,,sheet1,,,,,,,,,,,,75.0,,,,,,,,,,609.0909090909091,,41.541666666666664,,1.0,multiple,combined,mixed,fines,25.0,10.0
88,,2.0,28.0,31.7,,False,True,,sheet1,,,,,,,,,,,,75.0,,,,,,,,,,609.0909090909091,,41.541666666666664,,1.0,multiple,combined,mixed,fines,25.0,10.0
88,,2.0,28.0,37.6,,False,True,,sheet1,,,,,,,,,,,,75.0,,,,,,,,,,609.0909090909091,,41.541666666666664,,1.0,multiple,combined,mixed,fines,25.0,10.0
88,,7.0,7.0,15.7,,False,True,,sheet1,,,,,,,,,,,,75.0,,,,,,,,,,609.0909090909091,,41.541666666666664,,1.0,multiple,combined,mixed,fines,25.0,10.0
88,,7.0,7.0,22.9,,False,True,,sheet1,,,,,,,,,,,,75.0,,,,,,,,,,609.0909090909091,,41.541666666666664,,1.0,multiple,combined,mixed,fines,25.0,10.0
88,,10.0,28.0,45.6,,False,True,,sheet1,,,,,,,,,,,,75.0,,,,,,,,,,609.0909090909091,,41.541666666666664,,1.0,multiple,combined,mixed,fines,25.0,10.0
88,,20.0,7.0,20.0,,False,True,,sheet1,,,,,,,,,,,,75.0,,,,,,,,,,609.0909090909091,,41.541666666666664,,1.0,multiple,combined,mixed,fines,25.0,10.0
88,,20.0,28.0,31.06,,False,True,,sheet1,,,,,,,,,,,,75.0,,,,,,,,,,609.0909090909091,,41.541666666666664,,1.0,multiple,combined,mixed,fines,25.0,10.0
88,,30.0,7.0,18.5,,False,True,,sheet1,,,,,,,,,,,,75.0,,,,,,,,,,609.0909090909091,,41.541666666666664,,1.0,multiple,combined,mixed,fines,25.0,10.0
88,,30.0,7.0,34.6,,False,True,,sheet1,,,,,,,,,,,,75.0,,,,,,,,,,609.0909090909091,,41.541666666666664,,1.0,multiple,combined,mixed,fines,25.0,10.0
88,,30.0,28.0,28.5,,False,True,,sheet1,,,,,,,,,,,,75.0,,,,,,,,,,609.0909090909091,,41.541666666666664,,1.0,multiple,combined,mixed,fines,25.0,10.0
88,,30.0,28.0,32.3,,False,True,,sheet1,,,,,,,,,,,,75.0,,,,,,,,,,609.0909090909091,,41.541666666666664,,1.0,multiple,combined,mixed,fines,25.0,10.0
88,RCP-400C,30.0,28.0,32.42,,False,True,Thermal,matrix,,,,,,,,,,,,75.0,,,,,,,,,,609.0909090909091,,41.541666666666664,,1.0,multiple,combined,mixed,fines,25.0,10.0
88,RCP-600C,30.0,28.0,33.93,,False,True,Thermal,matrix,,,,,,,,,,,,75.0,,,,,,,,,,609.0909090909091,,41.541666666666664,,1.0,multiple,combined,mixed,fines,25.0,10.0
88,RCP-700C / RFP-700,30.0,28.0,34.7,,False,True,Thermal,matrix,,,,,,,,,,,,75.0,,,,,,,,,,609.0909090909091,,41.541666666666664,,1.0,multiple,combined,mixed,fines,25.0,10.0
88,RCP-800C,30.0,28.0,36.92,,False,True,Thermal,matrix,,,,,,,,,,,,75.0,,,,,,,,,,609.0909090909091,,41.541666666666664,,1.0,multiple,combined,mixed,fines,25.0,10.0
88,,30.0,28.0,52.1,,False,True,,sheet1,,,,,,,,,,,,75.0,,,,,,,,,,609.0909090909091,,41.541666666666664,,1.0,multiple,combined,mixed,fines,25.0,10.0
88,,30.0,90.0,42.5,,False,True,,sheet1,,,,,,,,,,,,75.0,,,,,,,,,,609.0909090909091,,41.541666666666664,,1.0,multiple,combined,mixed,fines,25.0,10.0
88,,30.0,90.0,62.2,,False,True,,sheet1,,,,,,,,,,,,75.0,,,,,,,,,,609.0909090909091,,41.541666666666664,,1.0,multiple,combined,mixed,fines,25.0,10.0
88,,50.0,28.0,18.3,,False,True,,sheet1,,,,,,,,,,,,75.0,,,,,,,,,,609.0909090909091,,41.541666666666664,,1.0,multiple,combined,mixed,fines,25.0,10.0
90,,0.0,3.0,46.2,,False,True,,sheet1,,,,,,,,,,,,,,,,,,,,,0.4,,,,,2.0,chemical,combined,mixed,fines,40.0,30.0
90,,0.0,28.0,69.3,,False,True,,sheet1,,,,,,,,,,,,,,,,,,,,,0.4,,,,,2.0,chemical,combined,mixed,fines,40.0,30.0
90,,30.0,3.0,42.0,,False,True,,sheet1,,,,,,,,,,,,,,,,,,,,,0.4,,,,,2.0,chemical,combined,mixed,fines,40.0,30.0
90,,30.0,3.0,46.3,,False,True,,sheet1,,,,,,,,,,,,,,,,,,,,,0.4,,,,,2.0,chemical,combined,mixed,fines,40.0,30.0
90,,30.0,3.0,51.8,,False,True,,sheet1,,,,,,,,,,,,,,,,,,,,,0.4,,,,,2.0,chemical,combined,mixed,fines,40.0,30.0
90,,30.0,28.0,63.1,,False,True,,sheet1,,,,,,,,,,,,,,,,,,,,,0.4,,,,,2.0,chemical,combined,mixed,fines,40.0,30.0
90,,30.0,28.0,69.4,,False,True,,sheet1,,,,,,,,,,,,,,,,,,,,,0.4,,,,,2.0,chemical,combined,mixed,fines,40.0,30.0
90,,30.0,28.0,77.7,,False,True,,sheet1,,,,,,,,,,,,,,,,,,,,,0.4,,,,,2.0,chemical,combined,mixed,fines,40.0,30.0
90,,50.0,3.0,38.8,,False,True,,sheet1,,,,,,,,,,,,,,,,,,,,,0.4,,,,,2.0,chemical,combined,mixed,fines,40.0,30.0
90,,50.0,3.0,42.1,,False,True,,sheet1,,,,,,,,,,,,,,,,,,,,,0.4,,,,,2.0,chemical,combined,mixed,fines,40.0,30.0
90,,50.0,3.0,53.7,,False,True,,sheet1,,,,,,,,,,,,,,,,,,,,,0.4,,,,,2.0,chemical,combined,mixed,fines,40.0,30.0
90,,50.0,28.0,58.2,,False,True,,sheet1,,,,,,,,,,,,,,,,,,,,,0.4,,,,,2.0,chemical,combined,mixed,fines,40.0,30.0
90,,50.0,28.0,63.0,,False,True,,sheet1,,,,,,,,,,,,,,,,,,,,,0.4,,,,,2.0,chemical,combined,mixed,fines,40.0,30.0
90,,50.0,28.0,80.6,,False,True,,sheet1,,,,,,,,,,,,,,,,,,,,,0.4,,,,,2.0,chemical,combined,mixed,fines,40.0,30.0
90,,70.0,3.0,30.2,,False,True,,sheet1,,,,,,,,,,,,,,,,,,,,,0.4,,,,,2.0,chemical,combined,mixed,fines,40.0,30.0
90,,70.0,3.0,32.5,,False,True,,sheet1,,,,,,,,,,,,,,,,,,,,,0.4,,,,,2.0,chemical,combined,mixed,fines,40.0,30.0
90,,70.0,3.0,55.9,,False,True,,sheet1,,,,,,,,,,,,,,,,,,,,,0.4,,,,,2.0,chemical,combined,mixed,fines,40.0,30.0
90,,70.0,28.0,45.3,,False,True,,sheet1,,,,,,,,,,,,,,,,,,,,,0.4,,,,,2.0,chemical,combined,mixed,fines,40.0,30.0
90,,70.0,28.0,48.2,,False,True,,sheet1,,,,,,,,,,,,,,,,,,,,,0.4,,,,,2.0,chemical,combined,mixed,fines,40.0,30.0
90,,70.0,28.0,83.9,,False,True,,sheet1,,,,,,,,,,,,,,,,,,,,,0.4,,,,,2.0,chemical,combined,mixed,fines,40.0,30.0
90,,100.0,3.0,19.1,,False,True,,sheet1,,,,,,,,,,,,,,,,,,,,,0.4,,,,,2.0,chemical,combined,mixed,fines,40.0,30.0
90,,100.0,3.0,21.3,,False,True,,sheet1,,,,,,,,,,,,,,,,,,,,,0.4,,,,,2.0,chemical,combined,mixed,fines,40.0,30.0
90,,100.0,3.0,23.5,,False,True,,sheet1,,,,,,,,,,,,,,,,,,,,,0.4,,,,,2.0,chemical,combined,mixed,fines,40.0,30.0
90,,100.0,3.0,25.8,,False,True,,sheet1,,,,,,,,,,,,,,,,,,,,,0.4,,,,,2.0,chemical,combined,mixed,fines,40.0,30.0
90,,100.0,3.0,27.9,,False,True,,sheet1,,,,,,,,,,,,,,,,,,,,,0.4,,,,,2.0,chemical,combined,mixed,fines,40.0,30.0
90,,100.0,3.0,35.8,,False,True,,sheet1,,,,,,,,,,,,,,,,,,,,,0.4,,,,,2.0,chemical,combined,mixed,fines,40.0,30.0
90,,100.0,3.0,45.3,,False,True,,sheet1,,,,,,,,,,,,,,,,,,,,,0.4,,,,,2.0,chemical,combined,mixed,fines,40.0,30.0
90,,100.0,3.0,52.1,,False,True,,sheet1,,,,,,,,,,,,,,,,,,,,,0.4,,,,,2.0,chemical,combined,mixed,fines,40.0,30.0
90,,100.0,3.0,56.8,,False,True,,sheet1,,,,,,,,,,,,,,,,,,,,,0.4,,,,,2.0,chemical,combined,mixed,fines,40.0,30.0
90,,100.0,28.0,28.7,,False,True,,sheet1,,,,,,,,,,,,,,,,,,,,,0.4,,,,,2.0,chemical,combined,mixed,fines,40.0,30.0
90,,100.0,28.0,31.2,,False,True,,sheet1,,,,,,,,,,,,,,,,,,,,,0.4,,,,,2.0,chemical,combined,mixed,fines,40.0,30.0
90,,100.0,28.0,33.5,,False,True,,sheet1,,,,,,,,,,,,,,,,,,,,,0.4,,,,,2.0,chemical,combined,mixed,fines,40.0,30.0
90,,100.0,28.0,35.1,,False,True,,sheet1,,,,,,,,,,,,,,,,,,,,,0.4,,,,,2.0,chemical,combined,mixed,fines,40.0,30.0
90,,100.0,28.0,37.3,,False,True,,sheet1,,,,,,,,,,,,,,,,,,,,,0.4,,,,,2.0,chemical,combined,mixed,fines,40.0,30.0
90,,100.0,28.0,52.4,,False,True,,sheet1,,,,,,,,,,,,,,,,,,,,,0.4,,,,,2.0,chemical,combined,mixed,fines,40.0,30.0
90,,100.0,28.0,68.2,,False,True,,sheet1,,,,,,,,,,,,,,,,,,,,,0.4,,,,,2.0,chemical,combined,mixed,fines,40.0,30.0
90,,100.0,28.0,78.1,,False,True,,sheet1,,,,,,,,,,,,,,,,,,,,,0.4,,,,,2.0,chemical,combined,mixed,fines,40.0,30.0
90,,100.0,28.0,85.2,,False,True,,sheet1,,,,,,,,,,,,,,,,,,,,,0.4,,,,,2.0,chemical,combined,mixed,fines,40.0,30.0
91,Reference,0.0,7.0,59.62,,False,True,,sheet1,10.049999999999999,26.038333333333338,6.801666666666667,3.85,,2.033333333333333,,2.17,5.223333333333334,,3.073333333333333,17.383333333333336,50.89166666666667,,,,,,2.61,,0.4,,,31.2,,1.0,mechanical,combined,,powder,6.5,0.0
91,Reference,0.0,28.0,76.58,,False,True,,sheet1,10.049999999999999,26.038333333333338,6.801666666666667,3.85,,2.033333333333333,,2.17,5.223333333333334,,3.073333333333333,17.383333333333336,50.89166666666667,,,,,,2.61,,0.4,,,31.2,,1.0,mechanical,combined,,powder,6.5,0.0
91,Reference,0.0,56.0,83.69,,False,True,,sheet1,10.049999999999999,26.038333333333338,6.801666666666667,3.85,,2.033333333333333,,2.17,5.223333333333334,,3.073333333333333,17.383333333333336,50.89166666666667,,,,,,2.61,,0.4,,,31.2,,1.0,mechanical,combined,,powder,6.5,0.0
91,95PC5RCP2,5.0,7.0,59.94,,False,True,,sheet1,10.049999999999999,26.038333333333338,6.801666666666667,3.85,,2.033333333333333,,2.17,5.223333333333334,,3.073333333333333,17.383333333333336,50.89166666666667,,,,,,2.61,,0.4,,,31.2,,1.0,mechanical,combined,,powder,6.5,0.0
91,95PC5RCP1,5.0,7.0,60.91,,False,True,,sheet1,10.049999999999999,26.038333333333338,6.801666666666667,3.85,,2.033333333333333,,2.17,5.223333333333334,,3.073333333333333,17.383333333333336,50.89166666666667,,,,,,2.61,,0.4,,,31.2,,1.0,mechanical,combined,,powder,6.5,0.0
91,95PC5RCP3,5.0,7.0,61.7,,False,True,,sheet1,10.049999999999999,26.038333333333338,6.801666666666667,3.85,,2.033333333333333,,2.17,5.223333333333334,,3.073333333333333,17.383333333333336,50.89166666666667,,,,,,2.61,,0.4,,,31.2,,1.0,mechanical,combined,,powder,6.5,0.0
91,95PC5RCP2,5.0,28.0,69.69,,False,True,,sheet1,10.049999999999999,26.038333333333338,6.801666666666667,3.85,,2.033333333333333,,2.17,5.223333333333334,,3.073333333333333,17.383333333333336,50.89166666666667,,,,,,2.61,,0.4,,,31.2,,1.0,mechanical,combined,,powder,6.5,0.0
91,95PC5RCP3,5.0,28.0,72.17,,False,True,,sheet1,10.049999999999999,26.038333333333338,6.801666666666667,3.85,,2.033333333333333,,2.17,5.223333333333334,,3.073333333333333,17.383333333333336,50.89166666666667,,,,,,2.61,,0.4,,,31.2,,1.0,mechanical,combined,,powder,6.5,0.0
91,95PC5RCP1,5.0,28.0,72.98,,False,True,,sheet1,10.049999999999999,26.038333333333338,6.801666666666667,3.85,,2.033333333333333,,2.17,5.223333333333334,,3.073333333333333,17.383333333333336,50.89166666666667,,,,,,2.61,,0.4,,,31.2,,1.0,mechanical,combined,,powder,6.5,0.0
91,95PC5RCP1,5.0,56.0,80.55,,False,True,,sheet1,10.049999999999999,26.038333333333338,6.801666666666667,3.85,,2.033333333333333,,2.17,5.223333333333334,,3.073333333333333,17.383333333333336,50.89166666666667,,,,,,2.61,,0.4,,,31.2,,1.0,mechanical,combined,,powder,6.5,0.0
91,95PC5RCP3,5.0,56.0,80.68,,False,True,,sheet1,10.049999999999999,26.038333333333338,6.801666666666667,3.85,,2.033333333333333,,2.17,5.223333333333334,,3.073333333333333,17.383333333333336,50.89166666666667,,,,,,2.61,,0.4,,,31.2,,1.0,mechanical,combined,,powder,6.5,0.0
91,95PC5RCP2,5.0,56.0,82.53,,False,True,,sheet1,10.049999999999999,26.038333333333338,6.801666666666667,3.85,,2.033333333333333,,2.17,5.223333333333334,,3.073333333333333,17.383333333333336,50.89166666666667,,,,,,2.61,,0.4,,,31.2,,1.0,mechanical,combined,,powder,6.5,0.0
91,90PC10RCP3,10.0,7.0,55.89,,False,True,,sheet1,10.049999999999999,26.038333333333338,6.801666666666667,3.85,,2.033333333333333,,2.17,5.223333333333334,,3.073333333333333,17.383333333333336,50.89166666666667,,,,,,2.61,,0.4,,,31.2,,1.0,mechanical,combined,,powder,6.5,0.0
91,90PC10RCP2,10.0,7.0,57.98,,False,True,,sheet1,10.049999999999999,26.038333333333338,6.801666666666667,3.85,,2.033333333333333,,2.17,5.223333333333334,,3.073333333333333,17.383333333333336,50.89166666666667,,,,,,2.61,,0.4,,,31.2,,1.0,mechanical,combined,,powder,6.5,0.0
91,90PC10RCP1,10.0,7.0,59.33,,False,True,,sheet1,10.049999999999999,26.038333333333338,6.801666666666667,3.85,,2.033333333333333,,2.17,5.223333333333334,,3.073333333333333,17.383333333333336,50.89166666666667,,,,,,2.61,,0.4,,,31.2,,1.0,mechanical,combined,,powder,6.5,0.0
91,90PC10RCP2,10.0,28.0,62.36,,False,True,,sheet1,10.049999999999999,26.038333333333338,6.801666666666667,3.85,,2.033333333333333,,2.17,5.223333333333334,,3.073333333333333,17.383333333333336,50.89166666666667,,,,,,2.61,,0.4,,,31.2,,1.0,mechanical,combined,,powder,6.5,0.0
91,90PC10RCP1,10.0,28.0,68.31,,False,True,,sheet1,10.049999999999999,26.038333333333338,6.801666666666667,3.85,,2.033333333333333,,2.17,5.223333333333334,,3.073333333333333,17.383333333333336,50.89166666666667,,,,,,2.61,,0.4,,,31.2,,1.0,mechanical,combined,,powder,6.5,0.0
91,90PC10RCP3,10.0,28.0,70.56,,False,True,,sheet1,10.049999999999999,26.038333333333338,6.801666666666667,3.85,,2.033333333333333,,2.17,5.223333333333334,,3.073333333333333,17.383333333333336,50.89166666666667,,,,,,2.61,,0.4,,,31.2,,1.0,mechanical,combined,,powder,6.5,0.0
91,90PC10RCP1,10.0,56.0,71.81,,False,True,,sheet1,10.049999999999999,26.038333333333338,6.801666666666667,3.85,,2.033333333333333,,2.17,5.223333333333334,,3.073333333333333,17.383333333333336,50.89166666666667,,,,,,2.61,,0.4,,,31.2,,1.0,mechanical,combined,,powder,6.5,0.0
91,90PC10RCP2,10.0,56.0,73.85,,False,True,,sheet1,10.049999999999999,26.038333333333338,6.801666666666667,3.85,,2.033333333333333,,2.17,5.223333333333334,,3.073333333333333,17.383333333333336,50.89166666666667,,,,,,2.61,,0.4,,,31.2,,1.0,mechanical,combined,,powder,6.5,0.0
91,90PC10RCP3,10.0,56.0,76.42,,False,True,,sheet1,10.049999999999999,26.038333333333338,6.801666666666667,3.85,,2.033333333333333,,2.17,5.223333333333334,,3.073333333333333,17.383333333333336,50.89166666666667,,,,,,2.61,,0.4,,,31.2,,1.0,mechanical,combined,,powder,6.5,0.0
91,85PC15RCP2,15.0,7.0,51.37,,False,True,,sheet1,10.049999999999999,26.038333333333338,6.801666666666667,3.85,,2.033333333333333,,2.17,5.223333333333334,,3.073333333333333,17.383333333333336,50.89166666666667,,,,,,2.61,,0.4,,,31.2,,1.0,mechanical,combined,,powder,6.5,0.0
91,85PC15RCP1,15.0,7.0,52.88,,False,True,,sheet1,10.049999999999999,26.038333333333338,6.801666666666667,3.85,,2.033333333333333,,2.17,5.223333333333334,,3.073333333333333,17.383333333333336,50.89166666666667,,,,,,2.61,,0.4,,,31.2,,1.0,mechanical,combined,,powder,6.5,0.0
91,85PC15RCP3,15.0,7.0,53.05,,False,True,,sheet1,10.049999999999999,26.038333333333338,6.801666666666667,3.85,,2.033333333333333,,2.17,5.223333333333334,,3.073333333333333,17.383333333333336,50.89166666666667,,,,,,2.61,,0.4,,,31.2,,1.0,mechanical,combined,,powder,6.5,0.0
91,85PC15RCP1,15.0,28.0,53.71,,False,True,,sheet1,10.049999999999999,26.038333333333338,6.801666666666667,3.85,,2.033333333333333,,2.17,5.223333333333334,,3.073333333333333,17.383333333333336,50.89166666666667,,,,,,2.61,,0.4,,,31.2,,1.0,mechanical,combined,,powder,6.5,0.0
91,85PC15RCP2,15.0,28.0,62.64,,False,True,,sheet1,10.049999999999999,26.038333333333338,6.801666666666667,3.85,,2.033333333333333,,2.17,5.223333333333334,,3.073333333333333,17.383333333333336,50.89166666666667,,,,,,2.61,,0.4,,,31.2,,1.0,mechanical,combined,,powder,6.5,0.0
91,85PC15RCP3,15.0,28.0,64.81,,False,True,,sheet1,10.049999999999999,26.038333333333338,6.801666666666667,3.85,,2.033333333333333,,2.17,5.223333333333334,,3.073333333333333,17.383333333333336,50.89166666666667,,,,,,2.61,,0.4,,,31.2,,1.0,mechanical,combined,,powder,6.5,0.0
91,85PC15RCP3,15.0,56.0,67.87,,False,True,,sheet1,10.049999999999999,26.038333333333338,6.801666666666667,3.85,,2.033333333333333,,2.17,5.223333333333334,,3.073333333333333,17.383333333333336,50.89166666666667,,,,,,2.61,,0.4,,,31.2,,1.0,mechanical,combined,,powder,6.5,0.0
91,85PC15RCP1,15.0,56.0,70.4,,False,True,,sheet1,10.049999999999999,26.038333333333338,6.801666666666667,3.85,,2.033333333333333,,2.17,5.223333333333334,,3.073333333333333,17.383333333333336,50.89166666666667,,,,,,2.61,,0.4,,,31.2,,1.0,mechanical,combined,,powder,6.5,0.0
91,85PC15RCP2,15.0,56.0,70.48,,False,True,,sheet1,10.049999999999999,26.038333333333338,6.801666666666667,3.85,,2.033333333333333,,2.17,5.223333333333334,,3.073333333333333,17.383333333333336,50.89166666666667,,,,,,2.61,,0.4,,,31.2,,1.0,mechanical,combined,,powder,6.5,0.0
92,,0.0,,60.22,,False,False,,sheet1,38.32,24.096666666666668,7.8066666666666675,5.153333333333333,1.37,1.5433333333333337,0.3733333333333333,1.8999999999999997,18.333333333333332,,,,,,,,,,2.5385000000000004,,0.5,500.0,2.0,,,,thermal,combined,,cdw,,
92,,20.0,,47.79,,False,False,,sheet1,38.32,24.096666666666668,7.8066666666666675,5.153333333333333,1.37,1.5433333333333337,0.3733333333333333,1.8999999999999997,18.333333333333332,,,,,,,,,,2.5385000000000004,,0.5,500.0,2.0,,,,thermal,combined,,cdw,,
92,,20.0,,49.56,,False,False,,sheet1,38.32,24.096666666666668,7.8066666666666675,5.153333333333333,1.37,1.5433333333333337,0.3733333333333333,1.8999999999999997,18.333333333333332,,,,,,,,,,2.5385000000000004,,0.5,500.0,2.0,,,,thermal,combined,,cdw,,
92,,20.0,,50.19,,False,False,,sheet1,38.32,24.096666666666668,7.8066666666666675,5.153333333333333,1.37,1.5433333333333337,0.3733333333333333,1.8999999999999997,18.333333333333332,,,,,,,,,,2.5385000000000004,,0.5,500.0,2.0,,,,thermal,combined,,cdw,,
92,,20.0,,51.38,,False,False,,sheet1,38.32,24.096666666666668,7.8066666666666675,5.153333333333333,1.37,1.5433333333333337,0.3733333333333333,1.8999999999999997,18.333333333333332,,,,,,,,,,2.5385000000000004,,0.5,500.0,2.0,,,,thermal,combined,,cdw,,
92,,20.0,,52.28,,False,False,,sheet1,38.32,24.096666666666668,7.8066666666666675,5.153333333333333,1.37,1.5433333333333337,0.3733333333333333,1.8999999999999997,18.333333333333332,,,,,,,,,,2.5385000000000004,,0.5,500.0,2.0,,,,thermal,combined,,cdw,,
92,,20.0,,53.45,,False,False,,sheet1,38.32,24.096666666666668,7.8066666666666675,5.153333333333333,1.37,1.5433333333333337,0.3733333333333333,1.8999999999999997,18.333333333333332,,,,,,,,,,2.5385000000000004,,0.5,500.0,2.0,,,,thermal,combined,,cdw,,
93,N-0.63-OPC,0.0,,30.62,,False,False,,matrix,60.53,17.51,12.15,2.72,1.17,1.37,0.73,3.03,,,,10.1,,,,,,,,,0.53,,,,,1.0,,combined,mixed,powder,45.0,
93,N-0.43-NC,0.0,,45.48,,False,False,,matrix,60.53,17.51,12.15,2.72,1.17,1.37,0.73,3.03,,,,10.1,,,,,,,,,0.53,,,,,1.0,,combined,mixed,powder,45.0,
93,C-0.63-OPC,0.0,,57.72,,False,False,,matrix,60.53,17.51,12.15,2.72,1.17,1.37,0.73,3.03,,,,10.1,,,,,,,,,0.53,,,,,1.0,,combined,mixed,powder,45.0,
93,C-0.43-NC,0.0,,76.6,,False,False,,matrix,60.53,17.51,12.15,2.72,1.17,1.37,0.73,3.03,,,,10.1,,,,,,,,,0.53,,,,,1.0,,combined,mixed,powder,45.0,
93,N-0.63-CP15,15.0,,20.61,0.63,False,False,,sheet1,60.53,17.51,12.15,2.72,1.17,1.37,0.73,3.03,,,,10.1,,,,,,,,,0.53,,,,,1.0,,combined,mixed,powder,45.0,
93,N-0.63-BP15,15.0,,21.61,,False,False,,matrix,60.53,17.51,12.15,2.72,1.17,1.37,0.73,3.03,,,,10.1,,,,,,,,,0.53,,,,,1.0,,combined,mixed,powder,45.0,
93,N-0.63-GP15,15.0,,26.59,,False,False,,matrix,60.53,17.51,12.15,2.72,1.17,1.37,0.73,3.03,,,,10.1,,,,,,,,,0.53,,,,,1.0,,combined,mixed,powder,45.0,
93,N-0.43-CP15,15.0,,39.73,0.43,False,False,,sheet1,60.53,17.51,12.15,2.72,1.17,1.37,0.73,3.03,,,,10.1,,,,,,,,,0.53,,,,,1.0,,combined,mixed,powder,45.0,
93,N-0.43-GP15,15.0,,41.51,,False,False,,matrix,60.53,17.51,12.15,2.72,1.17,1.37,0.73,3.03,,,,10.1,,,,,,,,,0.53,,,,,1.0,,combined,mixed,powder,45.0,
93,N-0.43-BP15,15.0,,43.35,,False,False,,matrix,60.53,17.51,12.15,2.72,1.17,1.37,0.73,3.03,,,,10.1,,,,,,,,,0.53,,,,,1.0,,combined,mixed,powder,45.0,
93,C-0.63-CP15,15.0,,49.69,0.63,False,False,,sheet1,60.53,17.51,12.15,2.72,1.17,1.37,0.73,3.03,,,,10.1,,,,,,,,,0.53,,,,,1.0,,combined,mixed,powder,45.0,
93,C-0.63-GP15,15.0,,51.24,,False,False,,matrix,60.53,17.51,12.15,2.72,1.17,1.37,0.73,3.03,,,,10.1,,,,,,,,,0.53,,,,,1.0,,combined,mixed,powder,45.0,
93,C-0.63-BP15,15.0,,52.09,,False,False,,matrix,60.53,17.51,12.15,2.72,1.17,1.37,0.73,3.03,,,,10.1,,,,,,,,,0.53,,,,,1.0,,combined,mixed,powder,45.0,
93,C-0.43-CP15,15.0,,66.77,0.43,False,False,,sheet1,60.53,17.51,12.15,2.72,1.17,1.37,0.73,3.03,,,,10.1,,,,,,,,,0.53,,,,,1.0,,combined,mixed,powder,45.0,
93,C-0.43-GP15,15.0,,70.55,,False,False,,matrix,60.53,17.51,12.15,2.72,1.17,1.37,0.73,3.03,,,,10.1,,,,,,,,,0.53,,,,,1.0,,combined,mixed,powder,45.0,
93,C-0.43-BP15,15.0,,72.72,,False,False,,matrix,60.53,17.51,12.15,2.72,1.17,1.37,0.73,3.03,,,,10.1,,,,,,,,,0.53,,,,,1.0,,combined,mixed,powder,45.0,
93,N-0.63-CP30,30.0,,16.12,0.63,False,False,,sheet1,60.53,17.51,12.15,2.72,1.17,1.37,0.73,3.03,,,,10.1,,,,,,,,,0.53,,,,,1.0,,combined,mixed,powder,45.0,
93,N-0.63-BP30,30.0,,16.52,,False,False,,matrix,60.53,17.51,12.15,2.72,1.17,1.37,0.73,3.03,,,,10.1,,,,,,,,,0.53,,,,,1.0,,combined,mixed,powder,45.0,
93,N-0.63-GP30,30.0,,19.52,,False,False,,matrix,60.53,17.51,12.15,2.72,1.17,1.37,0.73,3.03,,,,10.1,,,,,,,,,0.53,,,,,1.0,,combined,mixed,powder,45.0,
93,N-0.43-CP30,30.0,,34.73,0.43,False,False,,sheet1,60.53,17.51,12.15,2.72,1.17,1.37,0.73,3.03,,,,10.1,,,,,,,,,0.53,,,,,1.0,,combined,mixed,powder,45.0,
93,N-0.43-BP30,30.0,,35.25,,False,False,,matrix,60.53,17.51,12.15,2.72,1.17,1.37,0.73,3.03,,,,10.1,,,,,,,,,0.53,,,,,1.0,,combined,mixed,powder,45.0,
93,N-0.43-GP30,30.0,,36.52,,False,False,,matrix,60.53,17.51,12.15,2.72,1.17,1.37,0.73,3.03,,,,10.1,,,,,,,,,0.53,,,,,1.0,,combined,mixed,powder,45.0,
93,C-0.63-GP30,30.0,,41.09,,False,False,,matrix,60.53,17.51,12.15,2.72,1.17,1.37,0.73,3.03,,,,10.1,,,,,,,,,0.53,,,,,1.0,,combined,mixed,powder,45.0,
93,C-0.63-CP30,30.0,,42.34,0.63,False,False,,sheet1,60.53,17.51,12.15,2.72,1.17,1.37,0.73,3.03,,,,10.1,,,,,,,,,0.53,,,,,1.0,,combined,mixed,powder,45.0,
93,C-0.63-BP30,30.0,,43.56,,False,False,,matrix,60.53,17.51,12.15,2.72,1.17,1.37,0.73,3.03,,,,10.1,,,,,,,,,0.53,,,,,1.0,,combined,mixed,powder,45.0,
93,C-0.43-BP30,30.0,,52.9,,False,False,,matrix,60.53,17.51,12.15,2.72,1.17,1.37,0.73,3.03,,,,10.1,,,,,,,,,0.53,,,,,1.0,,combined,mixed,powder,45.0,
93,C-0.43-GP30,30.0,,62.74,,False,False,,matrix,60.53,17.51,12.15,2.72,1.17,1.37,0.73,3.03,,,,10.1,,,,,,,,,0.53,,,,,1.0,,combined,mixed,powder,45.0,
93,C-0.43-CP30,30.0,,64.28,0.43,False,False,,sheet1,60.53,17.51,12.15,2.72,1.17,1.37,0.73,3.03,,,,10.1,,,,,,,,,0.53,,,,,1.0,,combined,mixed,powder,45.0,
93,N-0.63-CP45,45.0,,10.9,0.63,False,False,,sheet1,60.53,17.51,12.15,2.72,1.17,1.37,0.73,3.03,,,,10.1,,,,,,,,,0.53,,,,,1.0,,combined,mixed,powder,45.0,
93,N-0.63-BP45,45.0,,11.88,,False,False,,matrix,60.53,17.51,12.15,2.72,1.17,1.37,0.73,3.03,,,,10.1,,,,,,,,,0.53,,,,,1.0,,combined,mixed,powder,45.0,
93,N-0.63-GP45,45.0,,15.05,,False,False,,matrix,60.53,17.51,12.15,2.72,1.17,1.37,0.73,3.03,,,,10.1,,,,,,,,,0.53,,,,,1.0,,combined,mixed,powder,45.0,
93,N-0.43-BP45,45.0,,22.43,,False,False,,matrix,60.53,17.51,12.15,2.72,1.17,1.37,0.73,3.03,,,,10.1,,,,,,,,,0.53,,,,,1.0,,combined,mixed,powder,45.0,
93,N-0.43-CP45,45.0,,27.0,0.43,False,False,,sheet1,60.53,17.51,12.15,2.72,1.17,1.37,0.73,3.03,,,,10.1,,,,,,,,,0.53,,,,,1.0,,combined,mixed,powder,45.0,
93,N-0.43-GP45,45.0,,28.25,,False,False,,matrix,60.53,17.51,12.15,2.72,1.17,1.37,0.73,3.03,,,,10.1,,,,,,,,,0.53,,,,,1.0,,combined,mixed,powder,45.0,
93,C-0.63-BP45,45.0,,32.57,,False,False,,matrix,60.53,17.51,12.15,2.72,1.17,1.37,0.73,3.03,,,,10.1,,,,,,,,,0.53,,,,,1.0,,combined,mixed,powder,45.0,
93,C-0.63-CP45,45.0,,33.05,0.63,False,False,,sheet1,60.53,17.51,12.15,2.72,1.17,1.37,0.73,3.03,,,,10.1,,,,,,,,,0.53,,,,,1.0,,combined,mixed,powder,45.0,
93,C-0.63-GP45,45.0,,35.5,,False,False,,matrix,60.53,17.51,12.15,2.72,1.17,1.37,0.73,3.03,,,,10.1,,,,,,,,,0.53,,,,,1.0,,combined,mixed,powder,45.0,
93,C-0.43-BP45,45.0,,43.18,,False,False,,matrix,60.53,17.51,12.15,2.72,1.17,1.37,0.73,3.03,,,,10.1,,,,,,,,,0.53,,,,,1.0,,combined,mixed,powder,45.0,
93,C-0.43-GP45,45.0,,50.73,,False,False,,matrix,60.53,17.51,12.15,2.72,1.17,1.37,0.73,3.03,,,,10.1,,,,,,,,,0.53,,,,,1.0,,combined,mixed,powder,45.0,
93,C-0.43-CP45,45.0,,53.52,0.43,False,False,,sheet1,60.53,17.51,12.15,2.72,1.17,1.37,0.73,3.03,,,,10.1,,,,,,,,,0.53,,,,,1.0,,combined,mixed,powder,45.0,
94,B4,0.0,3.0,7.0,,True,True,,sheet1,44.89,26.23,13.28,4.48,5.27,1.07,1.71,1.8,,33.919999999999995,1.7366666666666666,9.21,27.776666666666667,,,,,1.0,,,0.5,700.0,2.0,,,1.0,multiple,milling,mixed,fines,45.0,13.9
94,C4,0.0,3.0,9.0,,True,True,,sheet1,44.89,26.23,13.28,4.48,5.27,1.07,1.71,1.8,,33.919999999999995,1.7366666666666666,9.21,27.776666666666667,,,,,1.0,,,0.5,700.0,2.0,,,1.0,multiple,milling,mixed,fines,45.0,13.9
94,B3,0.0,3.0,11.0,,True,True,,sheet1,44.89,26.23,13.28,4.48,5.27,1.07,1.71,1.8,,33.919999999999995,1.7366666666666666,9.21,27.776666666666667,,,,,1.0,,,0.5,700.0,2.0,,,1.0,multiple,milling,mixed,fines,45.0,13.9
94,C3,0.0,3.0,13.5,,True,True,,sheet1,44.89,26.23,13.28,4.48,5.27,1.07,1.71,1.8,,33.919999999999995,1.7366666666666666,9.21,27.776666666666667,,,,,1.0,,,0.5,700.0,2.0,,,1.0,multiple,milling,mixed,fines,45.0,13.9
94,B2,0.0,3.0,16.0,,True,True,,sheet1,44.89,26.23,13.28,4.48,5.27,1.07,1.71,1.8,,33.919999999999995,1.7366666666666666,9.21,27.776666666666667,,,,,1.0,,,0.5,700.0,2.0,,,1.0,multiple,milling,mixed,fines,45.0,13.9
94,C2,0.0,3.0,18.0,,True,True,,sheet1,44.89,26.23,13.28,4.48,5.27,1.07,1.71,1.8,,33.919999999999995,1.7366666666666666,9.21,27.776666666666667,,,,,1.0,,,0.5,700.0,2.0,,,1.0,multiple,milling,mixed,fines,45.0,13.9
94,B1,0.0,3.0,21.0,,True,True,,sheet1,44.89,26.23,13.28,4.48,5.27,1.07,1.71,1.8,,33.919999999999995,1.7366666666666666,9.21,27.776666666666667,,,,,1.0,,,0.5,700.0,2.0,,,1.0,multiple,milling,mixed,fines,45.0,13.9
94,C1,0.0,3.0,22.0,,True,True,,sheet1,44.89,26.23,13.28,4.48,5.27,1.07,1.71,1.8,,33.919999999999995,1.7366666666666666,9.21,27.776666666666667,,,,,1.0,,,0.5,700.0,2.0,,,1.0,multiple,milling,mixed,fines,45.0,13.9
94,D1,0.0,3.0,24.0,,True,True,,sheet1,44.89,26.23,13.28,4.48,5.27,1.07,1.71,1.8,,33.919999999999995,1.7366666666666666,9.21,27.776666666666667,,,,,1.0,,,0.5,700.0,2.0,,,1.0,multiple,milling,mixed,fines,45.0,13.9
94,A0,0.0,3.0,26.4,,True,True,,sheet1,44.89,26.23,13.28,4.48,5.27,1.07,1.71,1.8,,33.919999999999995,1.7366666666666666,9.21,27.776666666666667,,,,,1.0,,,0.5,700.0,2.0,,,1.0,multiple,milling,mixed,fines,45.0,13.9
94,A0,0.0,3.0,44.7,,False,True,,matrix,44.89,26.23,13.28,4.48,5.27,1.07,1.71,1.8,,33.919999999999995,1.7366666666666666,9.21,27.776666666666667,,,,,1.0,,,0.5,700.0,2.0,,,1.0,multiple,milling,mixed,fines,45.0,13.9
94,B4,0.0,7.0,11.0,,True,True,,sheet1,44.89,26.23,13.28,4.48,5.27,1.07,1.71,1.8,,33.919999999999995,1.7366666666666666,9.21,27.776666666666667,,,,,1.0,,,0.5,700.0,2.0,,,1.0,multiple,milling,mixed,fines,45.0,13.9
94,C4,0.0,7.0,14.0,,True,True,,sheet1,44.89,26.23,13.28,4.48,5.27,1.07,1.71,1.8,,33.919999999999995,1.7366666666666666,9.21,27.776666666666667,,,,,1.0,,,0.5,700.0,2.0,,,1.0,multiple,milling,mixed,fines,45.0,13.9
94,B3,0.0,7.0,16.0,,True,True,,sheet1,44.89,26.23,13.28,4.48,5.27,1.07,1.71,1.8,,33.919999999999995,1.7366666666666666,9.21,27.776666666666667,,,,,1.0,,,0.5,700.0,2.0,,,1.0,multiple,milling,mixed,fines,45.0,13.9
94,C3,0.0,7.0,20.0,,True,True,,sheet1,44.89,26.23,13.28,4.48,5.27,1.07,1.71,1.8,,33.919999999999995,1.7366666666666666,9.21,27.776666666666667,,,,,1.0,,,0.5,700.0,2.0,,,1.0,multiple,milling,mixed,fines,45.0,13.9
94,D4,0.0,7.0,21.0,,True,True,,sheet1,44.89,26.23,13.28,4.48,5.27,1.07,1.71,1.8,,33.919999999999995,1.7366666666666666,9.21,27.776666666666667,,,,,1.0,,,0.5,700.0,2.0,,,1.0,multiple,milling,mixed,fines,45.0,13.9
94,B2,0.0,7.0,22.0,,True,True,,sheet1,44.89,26.23,13.28,4.48,5.27,1.07,1.71,1.8,,33.919999999999995,1.7366666666666666,9.21,27.776666666666667,,,,,1.0,,,0.5,700.0,2.0,,,1.0,multiple,milling,mixed,fines,45.0,13.9
94,C2,0.0,7.0,25.0,,True,True,,sheet1,44.89,26.23,13.28,4.48,5.27,1.07,1.71,1.8,,33.919999999999995,1.7366666666666666,9.21,27.776666666666667,,,,,1.0,,,0.5,700.0,2.0,,,1.0,multiple,milling,mixed,fines,45.0,13.9
94,B1,0.0,7.0,27.0,,True,True,,sheet1,44.89,26.23,13.28,4.48,5.27,1.07,1.71,1.8,,33.919999999999995,1.7366666666666666,9.21,27.776666666666667,,,,,1.0,,,0.5,700.0,2.0,,,1.0,multiple,milling,mixed,fines,45.0,13.9
94,D3,0.0,7.0,28.0,,True,True,,sheet1,44.89,26.23,13.28,4.48,5.27,1.07,1.71,1.8,,33.919999999999995,1.7366666666666666,9.21,27.776666666666667,,,,,1.0,,,0.5,700.0,2.0,,,1.0,multiple,milling,mixed,fines,45.0,13.9
94,C1,0.0,7.0,29.0,,True,True,,sheet1,44.89,26.23,13.28,4.48,5.27,1.07,1.71,1.8,,33.919999999999995,1.7366666666666666,9.21,27.776666666666667,,,,,1.0,,,0.5,700.0,2.0,,,1.0,multiple,milling,mixed,fines,45.0,13.9
94,D1,0.0,7.0,31.0,,True,True,,sheet1,44.89,26.23,13.28,4.48,5.27,1.07,1.71,1.8,,33.919999999999995,1.7366666666666666,9.21,27.776666666666667,,,,,1.0,,,0.5,700.0,2.0,,,1.0,multiple,milling,mixed,fines,45.0,13.9
94,7-day: A0,0.0,7.0,33.0,,True,True,,sheet1,44.89,26.23,13.28,4.48,5.27,1.07,1.71,1.8,,33.919999999999995,1.7366666666666666,9.21,27.776666666666667,,,,,1.0,,,0.5,700.0,2.0,,,1.0,multiple,milling,mixed,fines,45.0,13.9
94,B4,0.0,28.0,18.0,,True,True,,sheet1,44.89,26.23,13.28,4.48,5.27,1.07,1.71,1.8,,33.919999999999995,1.7366666666666666,9.21,27.776666666666667,,,,,1.0,,,0.5,700.0,2.0,,,1.0,multiple,milling,mixed,fines,45.0,13.9
94,C4,0.0,28.0,23.0,,True,True,,sheet1,44.89,26.23,13.28,4.48,5.27,1.07,1.71,1.8,,33.919999999999995,1.7366666666666666,9.21,27.776666666666667,,,,,1.0,,,0.5,700.0,2.0,,,1.0,multiple,milling,mixed,fines,45.0,13.9
94,B3,0.0,28.0,29.1,,True,True,,sheet1,44.89,26.23,13.28,4.48,5.27,1.07,1.71,1.8,,33.919999999999995,1.7366666666666666,9.21,27.776666666666667,,,,,1.0,,,0.5,700.0,2.0,,,1.0,multiple,milling,mixed,fines,45.0,13.9
94,C3,0.0,28.0,31.4,,True,True,,sheet1,44.89,26.23,13.28,4.48,5.27,1.07,1.71,1.8,,33.919999999999995,1.7366666666666666,9.21,27.776666666666667,,,,,1.0,,,0.5,700.0,2.0,,,1.0,multiple,milling,mixed,fines,45.0,13.9
94,B2,0.0,28.0,32.0,,True,True,,sheet1,44.89,26.23,13.28,4.48,5.27,1.07,1.71,1.8,,33.919999999999995,1.7366666666666666,9.21,27.776666666666667,,,,,1.0,,,0.5,700.0,2.0,,,1.0,multiple,milling,mixed,fines,45.0,13.9
94,C2,0.0,28.0,36.0,,True,True,,sheet1,44.89,26.23,13.28,4.48,5.27,1.07,1.71,1.8,,33.919999999999995,1.7366666666666666,9.21,27.776666666666667,,,,,1.0,,,0.5,700.0,2.0,,,1.0,multiple,milling,mixed,fines,45.0,13.9
94,B1,0.0,28.0,38.0,,True,True,,sheet1,44.89,26.23,13.28,4.48,5.27,1.07,1.71,1.8,,33.919999999999995,1.7366666666666666,9.21,27.776666666666667,,,,,1.0,,,0.5,700.0,2.0,,,1.0,multiple,milling,mixed,fines,45.0,13.9
94,D4,0.0,28.0,39.0,,True,True,,sheet1,44.89,26.23,13.28,4.48,5.27,1.07,1.71,1.8,,33.919999999999995,1.7366666666666666,9.21,27.776666666666667,,,,,1.0,,,0.5,700.0,2.0,,,1.0,multiple,milling,mixed,fines,45.0,13.9
94,D2,0.0,28.0,40.0,,True,True,,sheet1,44.89,26.23,13.28,4.48,5.27,1.07,1.71,1.8,,33.919999999999995,1.7366666666666666,9.21,27.776666666666667,,,,,1.0,,,0.5,700.0,2.0,,,1.0,multiple,milling,mixed,fines,45.0,13.9
94,C1,0.0,28.0,41.0,,True,True,,sheet1,44.89,26.23,13.28,4.48,5.27,1.07,1.71,1.8,,33.919999999999995,1.7366666666666666,9.21,27.776666666666667,,,,,1.0,,,0.5,700.0,2.0,,,1.0,multiple,milling,mixed,fines,45.0,13.9
94,D1,0.0,28.0,43.0,,True,True,,sheet1,44.89,26.23,13.28,4.48,5.27,1.07,1.71,1.8,,33.919999999999995,1.7366666666666666,9.21,27.776666666666667,,,,,1.0,,,0.5,700.0,2.0,,,1.0,multiple,milling,mixed,fines,45.0,13.9
94,D3,0.0,28.0,43.1,,True,True,,sheet1,44.89,26.23,13.28,4.48,5.27,1.07,1.71,1.8,,33.919999999999995,1.7366666666666666,9.21,27.776666666666667,,,,,1.0,,,0.5,700.0,2.0,,,1.0,multiple,milling,mixed,fines,45.0,13.9
94,28-day: A0,0.0,28.0,44.7,,True,True,,sheet1,44.89,26.23,13.28,4.48,5.27,1.07,1.71,1.8,,33.919999999999995,1.7366666666666666,9.21,27.776666666666667,,,,,1.0,,,0.5,700.0,2.0,,,1.0,multiple,milling,mixed,fines,45.0,13.9
94,B1,13.9,28.0,38.0,,True,True,None (Untreated RFP),matrix,44.89,26.23,13.28,4.48,5.27,1.07,1.71,1.8,,33.919999999999995,1.7366666666666666,9.21,27.776666666666667,,,,,1.0,,,0.5,700.0,2.0,,,1.0,multiple,milling,mixed,fines,45.0,13.9
94,C1,13.9,28.0,41.0,,True,True,Mechanical (Ultrafine Grinding),matrix,44.89,26.23,13.28,4.48,5.27,1.07,1.71,1.8,,33.919999999999995,1.7366666666666666,9.21,27.776666666666667,,,,,1.0,,,0.5,700.0,2.0,,,1.0,multiple,milling,mixed,fines,45.0,13.9
94,D1,13.9,28.0,43.0,,True,True,Ultrafine Grinding + Thermal Activation,matrix,44.89,26.23,13.28,4.48,5.27,1.07,1.71,1.8,,33.919999999999995,1.7366666666666666,9.21,27.776666666666667,,,,,1.0,,,0.5,700.0,2.0,,,1.0,multiple,milling,mixed,fines,45.0,13.9
94,B2,30.0,28.0,32.0,,True,True,None (Untreated RFP),matrix,44.89,26.23,13.28,4.48,5.27,1.07,1.71,1.8,,33.919999999999995,1.7366666666666666,9.21,27.776666666666667,,,,,1.0,,,0.5,700.0,2.0,,,1.0,multiple,milling,mixed,fines,45.0,13.9
94,C2,30.0,28.0,36.0,,True,True,Mechanical (Ultrafine Grinding),matrix,44.89,26.23,13.28,4.48,5.27,1.07,1.71,1.8,,33.919999999999995,1.7366666666666666,9.21,27.776666666666667,,,,,1.0,,,0.5,700.0,2.0,,,1.0,multiple,milling,mixed,fines,45.0,13.9
94,D2,30.0,28.0,40.0,,True,True,Ultrafine Grinding + Thermal Activation,matrix,44.89,26.23,13.28,4.48,5.27,1.07,1.71,1.8,,33.919999999999995,1.7366666666666666,9.21,27.776666666666667,,,,,1.0,,,0.5,700.0,2.0,,,1.0,multiple,milling,mixed,fines,45.0,13.9
94,B3,45.0,28.0,29.1,,True,True,None (Untreated RFP),matrix,44.89,26.23,13.28,4.48,5.27,1.07,1.71,1.8,,33.919999999999995,1.7366666666666666,9.21,27.776666666666667,,,,,1.0,,,0.5,700.0,2.0,,,1.0,multiple,milling,mixed,fines,45.0,13.9
94,C3,45.0,28.0,31.4,,True,True,Mechanical (Ultrafine Grinding),matrix,44.89,26.23,13.28,4.48,5.27,1.07,1.71,1.8,,33.919999999999995,1.7366666666666666,9.21,27.776666666666667,,,,,1.0,,,0.5,700.0,2.0,,,1.0,multiple,milling,mixed,fines,45.0,13.9
94,D3,45.0,28.0,43.1,,True,True,Ultrafine Grinding + Thermal Activation,matrix,44.89,26.23,13.28,4.48,5.27,1.07,1.71,1.8,,33.919999999999995,1.7366666666666666,9.21,27.776666666666667,,,,,1.0,,,0.5,700.0,2.0,,,1.0,multiple,milling,mixed,fines,45.0,13.9
94,B3,45.0,,31.6,,True,False,None (Untreated RFP),matrix,44.89,26.23,13.28,4.48,5.27,1.07,1.71,1.8,,33.919999999999995,1.7366666666666666,9.21,27.776666666666667,,,,,1.0,,,0.5,700.0,2.0,,,1.0,multiple,milling,mixed,fines,45.0,13.9
94,B4,60.0,28.0,18.0,,True,True,None (Untreated RFP),matrix,44.89,26.23,13.28,4.48,5.27,1.07,1.71,1.8,,33.919999999999995,1.7366666666666666,9.21,27.776666666666667,,,,,1.0,,,0.5,700.0,2.0,,,1.0,multiple,milling,mixed,fines,45.0,13.9
94,C4,60.0,28.0,23.0,,True,True,Mechanical (Ultrafine Grinding),matrix,44.89,26.23,13.28,4.48,5.27,1.07,1.71,1.8,,33.919999999999995,1.7366666666666666,9.21,27.776666666666667,,,,,1.0,,,0.5,700.0,2.0,,,1.0,multiple,milling,mixed,fines,45.0,13.9
94,D4,60.0,28.0,39.0,,True,True,Ultrafine Grinding + Thermal Activation,matrix,44.89,26.23,13.28,4.48,5.27,1.07,1.71,1.8,,33.919999999999995,1.7366666666666666,9.21,27.776666666666667,,,,,1.0,,,0.5,700.0,2.0,,,1.0,multiple,milling,mixed,fines,45.0,13.9
95,7 d,0.0,7.0,24.2,,False,True,,sheet1,19.46,56.58,3.92,3.15,2.78,2.54,,,9.6,,,11.6,,,,,,,,,0.5,650.0,2.0,,,,thermal,combined,,powder,10.0,10.0
95,28 d,0.0,28.0,38.1,,False,True,,sheet1,19.46,56.58,3.92,3.15,2.78,2.54,,,9.6,,,11.6,,,,,,,,,0.5,650.0,2.0,,,,thermal,combined,,powder,10.0,10.0
95,60 d,0.0,60.0,42.3,,False,True,,sheet1,19.46,56.58,3.92,3.15,2.78,2.54,,,9.6,,,11.6,,,,,,,,,0.5,650.0,2.0,,,,thermal,combined,,powder,10.0,10.0
95,90 d,0.0,90.0,44.5,,False,True,,sheet1,19.46,56.58,3.92,3.15,2.78,2.54,,,9.6,,,11.6,,,,,,,,,0.5,650.0,2.0,,,,thermal,combined,,powder,10.0,10.0
95,7 d,10.0,7.0,25.5,,False,True,,sheet1,19.46,56.58,3.92,3.15,2.78,2.54,,,9.6,,,11.6,,,,,,,,,0.5,650.0,2.0,,,,thermal,combined,,powder,10.0,10.0
95,28 d,10.0,28.0,40.6,,False,True,,sheet1,19.46,56.58,3.92,3.15,2.78,2.54,,,9.6,,,11.6,,,,,,,,,0.5,650.0,2.0,,,,thermal,combined,,powder,10.0,10.0
95,60 d,10.0,60.0,45.2,,False,True,,sheet1,19.46,56.58,3.92,3.15,2.78,2.54,,,9.6,,,11.6,,,,,,,,,0.5,650.0,2.0,,,,thermal,combined,,powder,10.0,10.0
95,90 d,10.0,90.0,47.7,,False,True,,sheet1,19.46,56.58,3.92,3.15,2.78,2.54,,,9.6,,,11.6,,,,,,,,,0.5,650.0,2.0,,,,thermal,combined,,powder,10.0,10.0
95,7 d,20.0,7.0,22.7,,False,True,,sheet1,19.46,56.58,3.92,3.15,2.78,2.54,,,9.6,,,11.6,,,,,,,,,0.5,650.0,2.0,,,,thermal,combined,,powder,10.0,10.0
95,28 d,20.0,28.0,35.7,,False,True,,sheet1,19.46,56.58,3.92,3.15,2.78,2.54,,,9.6,,,11.6,,,,,,,,,0.5,650.0,2.0,,,,thermal,combined,,powder,10.0,10.0
95,60 d,20.0,60.0,38.5,,False,True,,sheet1,19.46,56.58,3.92,3.15,2.78,2.54,,,9.6,,,11.6,,,,,,,,,0.5,650.0,2.0,,,,thermal,combined,,powder,10.0,10.0
95,90 d,20.0,90.0,39.8,,False,True,,sheet1,19.46,56.58,3.92,3.15,2.78,2.54,,,9.6,,,11.6,,,,,,,,,0.5,650.0,2.0,,,,thermal,combined,,powder,10.0,10.0
95,7 d,30.0,7.0,20.7,,False,True,,sheet1,19.46,56.58,3.92,3.15,2.78,2.54,,,9.6,,,11.6,,,,,,,,,0.5,650.0,2.0,,,,thermal,combined,,powder,10.0,10.0
95,28 d,30.0,28.0,34.5,,False,True,,sheet1,19.46,56.58,3.92,3.15,2.78,2.54,,,9.6,,,11.6,,,,,,,,,0.5,650.0,2.0,,,,thermal,combined,,powder,10.0,10.0
95,60 d,30.0,60.0,36.5,,False,True,,sheet1,19.46,56.58,3.92,3.15,2.78,2.54,,,9.6,,,11.6,,,,,,,,,0.5,650.0,2.0,,,,thermal,combined,,powder,10.0,10.0
95,90 d,30.0,90.0,37.5,,False,True,,sheet1,19.46,56.58,3.92,3.15,2.78,2.54,,,9.6,,,11.6,,,,,,,,,0.5,650.0,2.0,,,,thermal,combined,,powder,10.0,10.0
95,7 d,40.0,7.0,20.7,,False,True,,sheet1,19.46,56.58,3.92,3.15,2.78,2.54,,,9.6,,,11.6,,,,,,,,,0.5,650.0,2.0,,,,thermal,combined,,powder,10.0,10.0
95,28 d,40.0,28.0,31.4,,False,True,,sheet1,19.46,56.58,3.92,3.15,2.78,2.54,,,9.6,,,11.6,,,,,,,,,0.5,650.0,2.0,,,,thermal,combined,,powder,10.0,10.0
95,60 d,40.0,60.0,34.1,,False,True,,sheet1,19.46,56.58,3.92,3.15,2.78,2.54,,,9.6,,,11.6,,,,,,,,,0.5,650.0,2.0,,,,thermal,combined,,powder,10.0,10.0
95,90 d,40.0,90.0,35.2,,False,True,,sheet1,19.46,56.58,3.92,3.15,2.78,2.54,,,9.6,,,11.6,,,,,,,,,0.5,650.0,2.0,,,,thermal,combined,,powder,10.0,10.0
96,REF,0.0,28.0,43.7,,True,True,,sheet1,57.5,23.55,8.55,3.75,0.55,0.4,0.0,1.9,,,1.9000000000000001,28.9,151.0,,1086.7,,,,,2860.0,0.535,600.0,4.0,42.4,,1.0,multiple,combined,,cdw,15.0,0.0
96,REF,0.0,28.0,45.7,,False,True,,matrix,57.5,23.55,8.55,3.75,0.55,0.4,0.0,1.9,,,1.9000000000000001,28.9,151.0,,1086.7,,,,,2860.0,0.535,600.0,4.0,42.4,,1.0,multiple,combined,,cdw,15.0,0.0
96,5CDW,5.0,28.0,40.9,,True,True,,sheet1,57.5,23.55,8.55,3.75,0.55,0.4,0.0,1.9,,,1.9000000000000001,28.9,151.0,,1086.7,,,,,2860.0,0.535,600.0,4.0,42.4,,1.0,multiple,combined,,cdw,15.0,0.0
96,5CDW,5.0,28.0,48.0,,True,True,Mechanical Grinding + Thermal Activation,matrix,57.5,23.55,8.55,3.75,0.55,0.4,0.0,1.9,,,1.9000000000000001,28.9,151.0,,1086.7,,,,,2860.0,0.535,600.0,4.0,42.4,,1.0,multiple,combined,,cdw,15.0,0.0
96,15CDW,15.0,28.0,37.6,,True,True,,sheet1,57.5,23.55,8.55,3.75,0.55,0.4,0.0,1.9,,,1.9000000000000001,28.9,151.0,,1086.7,,,,,2860.0,0.535,600.0,4.0,42.4,,1.0,multiple,combined,,cdw,15.0,0.0
96,15CDW,15.0,28.0,43.0,,True,True,Mechanical Grinding + Thermal Activation,matrix,57.5,23.55,8.55,3.75,0.55,0.4,0.0,1.9,,,1.9000000000000001,28.9,151.0,,1086.7,,,,,2860.0,0.535,600.0,4.0,42.4,,1.0,multiple,combined,,cdw,15.0,0.0
96,25CDW,25.0,28.0,31.9,,False,True,Mechanical Grinding + Thermal Activation,matrix,57.5,23.55,8.55,3.75,0.55,0.4,0.0,1.9,,,1.9000000000000001,28.9,151.0,,1086.7,,,,,2860.0,0.535,600.0,4.0,42.4,,1.0,multiple,combined,,cdw,15.0,0.0
96,25CDW,25.0,28.0,34.8,,True,True,,sheet1,57.5,23.55,8.55,3.75,0.55,0.4,0.0,1.9,,,1.9000000000000001,28.9,151.0,,1086.7,,,,,2860.0,0.535,600.0,4.0,42.4,,1.0,multiple,combined,,cdw,15.0,0.0
96,25CDW,25.0,90.0,31.9,,True,True,,sheet1,57.5,23.55,8.55,3.75,0.55,0.4,0.0,1.9,,,1.9000000000000001,28.9,151.0,,1086.7,,,,,2860.0,0.535,600.0,4.0,42.4,,1.0,multiple,combined,,cdw,15.0,0.0
96,35CDW,35.0,28.0,26.0,,True,True,,sheet1,57.5,23.55,8.55,3.75,0.55,0.4,0.0,1.9,,,1.9000000000000001,28.9,151.0,,1086.7,,,,,2860.0,0.535,600.0,4.0,42.4,,1.0,multiple,combined,,cdw,15.0,0.0
96,35CDW,35.0,28.0,28.8,,False,True,Mechanical Grinding + Thermal Activation,matrix,57.5,23.55,8.55,3.75,0.55,0.4,0.0,1.9,,,1.9000000000000001,28.9,151.0,,1086.7,,,,,2860.0,0.535,600.0,4.0,42.4,,1.0,multiple,combined,,cdw,15.0,0.0
96,35CDW,35.0,90.0,28.8,,True,True,,sheet1,57.5,23.55,8.55,3.75,0.55,0.4,0.0,1.9,,,1.9000000000000001,28.9,151.0,,1086.7,,,,,2860.0,0.535,600.0,4.0,42.4,,1.0,multiple,combined,,cdw,15.0,0.0
96,,35.0,90.0,43.0,,True,True,,sheet1,57.5,23.55,8.55,3.75,0.55,0.4,0.0,1.9,,,1.9000000000000001,28.9,151.0,,1086.7,,,,,2860.0,0.535,600.0,4.0,42.4,,1.0,multiple,combined,,cdw,15.0,0.0
96,90 Days,35.0,90.0,45.7,,True,True,,sheet1,57.5,23.55,8.55,3.75,0.55,0.4,0.0,1.9,,,1.9000000000000001,28.9,151.0,,1086.7,,,,,2860.0,0.535,600.0,4.0,42.4,,1.0,multiple,combined,,cdw,15.0,0.0
96,,35.0,90.0,48.0,,True,True,,sheet1,57.5,23.55,8.55,3.75,0.55,0.4,0.0,1.9,,,1.9000000000000001,28.9,151.0,,1086.7,,,,,2860.0,0.535,600.0,4.0,42.4,,1.0,multiple,combined,,cdw,15.0,0.0
98,OPC,0.0,3.0,25.1,,False,True,,sheet1,,,,,,,,,,,,,,,,,,,,,0.4,600.0,2.0,,,,thermal,crushing,mixed,fines,10.0,5.0
98,OPC,0.0,3.0,34.2,,True,True,,matrix,,,,,,,,,,,,,,,,,,,,,0.4,600.0,2.0,,,,thermal,crushing,mixed,fines,10.0,5.0
98,OPC,0.0,3.0,42.1,,True,True,,matrix,,,,,,,,,,,,,,,,,,,,,0.4,600.0,2.0,,,,thermal,crushing,mixed,fines,10.0,5.0
98,RCF5,5.0,3.0,24.3,,True,True,,matrix,,,,,,,,,,,,,,,,,,,,,0.4,600.0,2.0,,,,thermal,crushing,mixed,fines,10.0,5.0
98,RCF5,5.0,3.0,24.32,,False,True,,sheet1,,,,,,,,,,,,,,,,,,,,,0.4,600.0,2.0,,,,thermal,crushing,mixed,fines,10.0,5.0
98,RCF5,5.0,3.0,33.1,,True,True,,matrix,,,,,,,,,,,,,,,,,,,,,0.4,600.0,2.0,,,,thermal,crushing,mixed,fines,10.0,5.0
98,RCF5,5.0,3.0,40.5,,True,True,,matrix,,,,,,,,,,,,,,,,,,,,,0.4,600.0,2.0,,,,thermal,crushing,mixed,fines,10.0,5.0
98,RCF5,5.0,7.0,33.11,,False,True,,sheet1,,,,,,,,,,,,,,,,,,,,,0.4,600.0,2.0,,,,thermal,crushing,mixed,fines,10.0,5.0
98,RCF5,5.0,28.0,40.5,,False,True,,sheet1,,,,,,,,,,,,,,,,,,,,,0.4,600.0,2.0,,,,thermal,crushing,mixed,fines,10.0,5.0
98,RCF10,10.0,3.0,23.5,,True,True,,matrix,,,,,,,,,,,,,,,,,,,,,0.4,600.0,2.0,,,,thermal,crushing,mixed,fines,10.0,5.0
98,RCF10,10.0,3.0,23.51,,False,True,,sheet1,,,,,,,,,,,,,,,,,,,,,0.4,600.0,2.0,,,,thermal,crushing,mixed,fines,10.0,5.0
98,RCF10-800,10.0,3.0,23.8,,True,True,Thermal Treatment,matrix,,,,,,,,,,,,,,,,,,,,,0.4,600.0,2.0,,,,thermal,crushing,mixed,fines,10.0,5.0
98,RCF10-800,10.0,3.0,23.82,,False,True,,sheet1,,,,,,,,,,,,,,,,,,,,,0.4,600.0,2.0,,,,thermal,crushing,mixed,fines,10.0,5.0
98,RCF10-400,10.0,3.0,24.1,,True,True,Thermal Treatment,matrix,,,,,,,,,,,,,,,,,,,,,0.4,600.0,2.0,,,,thermal,crushing,mixed,fines,10.0,5.0
98,RCF10-400,10.0,3.0,24.11,,False,True,,sheet1,,,,,,,,,,,,,,,,,,,,,0.4,600.0,2.0,,,,thermal,crushing,mixed,fines,10.0,5.0
98,RCF10-600,10.0,3.0,24.89,,False,True,,sheet1,,,,,,,,,,,,,,,,,,,,,0.4,600.0,2.0,,,,thermal,crushing,mixed,fines,10.0,5.0
98,RCF10-600,10.0,3.0,24.9,,True,True,Thermal Treatment,matrix,,,,,,,,,,,,,,,,,,,,,0.4,600.0,2.0,,,,thermal,crushing,mixed,fines,10.0,5.0
98,RCF10,10.0,3.0,31.9,,True,True,,matrix,,,,,,,,,,,,,,,,,,,,,0.4,600.0,2.0,,,,thermal,crushing,mixed,fines,10.0,5.0
98,RCF10-800,10.0,3.0,32.1,,True,True,Thermal Treatment,matrix,,,,,,,,,,,,,,,,,,,,,0.4,600.0,2.0,,,,thermal,crushing,mixed,fines,10.0,5.0
98,RCF10-400,10.0,3.0,32.8,,True,True,Thermal Treatment,matrix,,,,,,,,,,,,,,,,,,,,,0.4,600.0,2.0,,,,thermal,crushing,mixed,fines,10.0,5.0
98,RCF10-600,10.0,3.0,33.9,,True,True,Thermal Treatment,matrix,,,,,,,,,,,,,,,,,,,,,0.4,600.0,2.0,,,,thermal,crushing,mixed,fines,10.0,5.0
98,RCF10,10.0,3.0,38.9,,True,True,,matrix,,,,,,,,,,,,,,,,,,,,,0.4,600.0,2.0,,,,thermal,crushing,mixed,fines,10.0,5.0
98,RCF10-800,10.0,3.0,39.75,,True,True,Thermal Treatment,matrix,,,,,,,,,,,,,,,,,,,,,0.4,600.0,2.0,,,,thermal,crushing,mixed,fines,10.0,5.0
98,RCF10-400,10.0,3.0,39.793,,True,True,Thermal Treatment,matrix,,,,,,,,,,,,,,,,,,,,,0.4,600.0,2.0,,,,thermal,crushing,mixed,fines,10.0,5.0
98,RCF10-600,10.0,3.0,39.983,,True,True,Thermal Treatment,matrix,,,,,,,,,,,,,,,,,,,,,0.4,600.0,2.0,,,,thermal,crushing,mixed,fines,10.0,5.0
98,RCF10,10.0,7.0,31.85,,False,True,,sheet1,,,,,,,,,,,,,,,,,,,,,0.4,600.0,2.0,,,,thermal,crushing,mixed,fines,10.0,5.0
98,RCF10-800,10.0,7.0,32.1,,False,True,,sheet1,,,,,,,,,,,,,,,,,,,,,0.4,600.0,2.0,,,,thermal,crushing,mixed,fines,10.0,5.0
98,RCF10-400,10.0,7.0,32.81,,False,True,,sheet1,,,,,,,,,,,,,,,,,,,,,0.4,600.0,2.0,,,,thermal,crushing,mixed,fines,10.0,5.0
98,RCF10-600,10.0,7.0,33.9,,False,True,,sheet1,,,,,,,,,,,,,,,,,,,,,0.4,600.0,2.0,,,,thermal,crushing,mixed,fines,10.0,5.0
98,7d,10.0,7.0,34.21,,False,True,,sheet1,,,,,,,,,,,,,,,,,,,,,0.4,600.0,2.0,,,,thermal,crushing,mixed,fines,10.0,5.0
98,RCF10,10.0,28.0,38.92,,False,True,,sheet1,,,,,,,,,,,,,,,,,,,,,0.4,600.0,2.0,,,,thermal,crushing,mixed,fines,10.0,5.0
98,RCF10-800,10.0,28.0,39.75,,False,True,,sheet1,,,,,,,,,,,,,,,,,,,,,0.4,600.0,2.0,,,,thermal,crushing,mixed,fines,10.0,5.0
98,RCF10-400,10.0,28.0,39.793,,False,True,,sheet1,,,,,,,,,,,,,,,,,,,,,0.4,600.0,2.0,,,,thermal,crushing,mixed,fines,10.0,5.0
98,RCF10-600,10.0,28.0,39.983,,False,True,,sheet1,,,,,,,,,,,,,,,,,,,,,0.4,600.0,2.0,,,,thermal,crushing,mixed,fines,10.0,5.0
98,28d,10.0,28.0,42.11,,False,True,,sheet1,,,,,,,,,,,,,,,,,,,,,0.4,600.0,2.0,,,,thermal,crushing,mixed,fines,10.0,5.0
98,RCF20,20.0,3.0,20.1,,True,True,,matrix,,,,,,,,,,,,,,,,,,,,,0.4,600.0,2.0,,,,thermal,crushing,mixed,fines,10.0,5.0
98,RCF20,20.0,3.0,20.12,,False,True,,sheet1,,,,,,,,,,,,,,,,,,,,,0.4,600.0,2.0,,,,thermal,crushing,mixed,fines,10.0,5.0
98,RCF20,20.0,3.0,27.5,,True,True,,matrix,,,,,,,,,,,,,,,,,,,,,0.4,600.0,2.0,,,,thermal,crushing,mixed,fines,10.0,5.0
98,RCF20,20.0,3.0,33.8,,True,True,,matrix,,,,,,,,,,,,,,,,,,,,,0.4,600.0,2.0,,,,thermal,crushing,mixed,fines,10.0,5.0
98,RCF20,20.0,7.0,27.5,,False,True,,sheet1,,,,,,,,,,,,,,,,,,,,,0.4,600.0,2.0,,,,thermal,crushing,mixed,fines,10.0,5.0
98,RCF20,20.0,28.0,33.8,,False,True,,sheet1,,,,,,,,,,,,,,,,,,,,,0.4,600.0,2.0,,,,thermal,crushing,mixed,fines,10.0,5.0
98,RCF30,30.0,3.0,16.2,,True,True,,matrix,,,,,,,,,,,,,,,,,,,,,0.4,600.0,2.0,,,,thermal,crushing,mixed,fines,10.0,5.0
98,RCF30,30.0,3.0,16.21,,False,True,,sheet1,,,,,,,,,,,,,,,,,,,,,0.4,600.0,2.0,,,,thermal,crushing,mixed,fines,10.0,5.0
98,RCF30,30.0,3.0,22.4,,True,True,,matrix,,,,,,,,,,,,,,,,,,,,,0.4,600.0,2.0,,,,thermal,crushing,mixed,fines,10.0,5.0
98,RCF30,30.0,3.0,28.1,,True,True,,matrix,,,,,,,,,,,,,,,,,,,,,0.4,600.0,2.0,,,,thermal,crushing,mixed,fines,10.0,5.0
98,RCF30,30.0,7.0,22.4,,False,True,,sheet1,,,,,,,,,,,,,,,,,,,,,0.4,600.0,2.0,,,,thermal,crushing,mixed,fines,10.0,5.0
98,RCF30,30.0,28.0,28.1,,False,True,,sheet1,,,,,,,,,,,,,,,,,,,,,0.4,600.0,2.0,,,,thermal,crushing,mixed,fines,10.0,5.0
99,,0.0,7.0,5.5,,False,True,,sheet1,42.96,43.28,5.21,3.06,1.91,2.13,,0.5,,,,,,,,,,,,,0.4,1000.0,3.0,15.0,650.0,,multiple,combined,mixed,paste,,
99,,0.0,7.0,33.2,,False,True,,sheet1,42.96,43.28,5.21,3.06,1.91,2.13,,0.5,,,,,,,,,,,,,0.4,1000.0,3.0,15.0,650.0,,multiple,combined,mixed,paste,,
99,,0.0,7.0,35.6,,False,True,,sheet1,42.96,43.28,5.21,3.06,1.91,2.13,,0.5,,,,,,,,,,,,,0.4,1000.0,3.0,15.0,650.0,,multiple,combined,mixed,paste,,
99,C-1200-0,100.0,,5.5,,False,False,Thermal Activation,matrix,42.96,43.28,5.21,3.06,1.91,2.13,,0.5,,,,,,,,,,,,,0.4,1000.0,3.0,15.0,650.0,,multiple,combined,mixed,paste,,
99,C-1200-40,100.0,,10.1,,False,False,Thermal Activation,matrix,42.96,43.28,5.21,3.06,1.91,2.13,,0.5,,,,,,,,,,,,,0.4,1000.0,3.0,15.0,650.0,,multiple,combined,mixed,paste,,
99,C-1200-60,100.0,,12.3,,False,False,Thermal Activation,matrix,42.96,43.28,5.21,3.06,1.91,2.13,,0.5,,,,,,,,,,,,,0.4,1000.0,3.0,15.0,650.0,,multiple,combined,mixed,paste,,
99,C-800-60,100.0,,16.3,,False,False,Thermal Activation,matrix,42.96,43.28,5.21,3.06,1.91,2.13,,0.5,,,,,,,,,,,,,0.4,1000.0,3.0,15.0,650.0,,multiple,combined,mixed,paste,,
99,C-800-20,100.0,,20.4,,False,False,Thermal Activation,matrix,42.96,43.28,5.21,3.06,1.91,2.13,,0.5,,,,,,,,,,,,,0.4,1000.0,3.0,15.0,650.0,,multiple,combined,mixed,paste,,
99,C-800-40,100.0,,20.8,,False,False,Thermal Activation,matrix,42.96,43.28,5.21,3.06,1.91,2.13,,0.5,,,,,,,,,,,,,0.4,1000.0,3.0,15.0,650.0,,multiple,combined,mixed,paste,,
99,C-1000-60,100.0,,26.1,,False,False,Thermal Activation,matrix,42.96,43.28,5.21,3.06,1.91,2.13,,0.5,,,,,,,,,,,,,0.4,1000.0,3.0,15.0,650.0,,multiple,combined,mixed,paste,,
99,C-1000-40,100.0,,29.5,,False,False,Thermal Activation,matrix,42.96,43.28,5.21,3.06,1.91,2.13,,0.5,,,,,,,,,,,,,0.4,1000.0,3.0,15.0,650.0,,multiple,combined,mixed,paste,,
99,C-1000-0,100.0,,33.2,,False,False,Thermal Activation,matrix,42.96,43.28,5.21,3.06,1.91,2.13,,0.5,,,,,,,,,,,,,0.4,1000.0,3.0,15.0,650.0,,multiple,combined,mixed,paste,,
99,C-800-0,100.0,,35.6,,False,False,Thermal Activation,matrix,42.96,43.28,5.21,3.06,1.91,2.13,,0.5,,,,,,,,,,,,,0.4,1000.0,3.0,15.0,650.0,,multiple,combined,mixed,paste,,
99,C-1000-20,100.0,,36.5,,False,False,Thermal Activation,matrix,42.96,43.28,5.21,3.06,1.91,2.13,,0.5,,,,,,,,,,,,,0.4,1000.0,3.0,15.0,650.0,,multiple,combined,mixed,paste,,
101,CRP paste,20.0,28.0,5.92,,False,True,Gas-solid carbonation,matrix,22.33,60.16,5.75,5.06,2.08,,,,4.44,,,,,0.21280000000000002,25836.666666666668,25836.666666666668,,,,,0.4,,,4.0,,2.0,carbonation,combined,mixed,paste,,23.39
101,,23.39,28.0,5.92,,False,True,,sheet1,22.33,60.16,5.75,5.06,2.08,,,,4.44,,,,,0.21280000000000002,25836.666666666668,25836.666666666668,,,,,0.4,,,4.0,,2.0,carbonation,combined,mixed,paste,,23.39
102,,0.0,7.0,34.1,,False,True,,sheet1,26.13,52.8,1.27,1.54,,,0.131,0.288,17.5,,13.134444444444446,30.911111111111115,108.96666666666667,,,,,,,,0.45,,,25.0,500.0,1.0,multiple,crushing,,fines,,0.0
102,,0.0,28.0,48.55,,False,True,,sheet1,26.13,52.8,1.27,1.54,,,0.131,0.288,17.5,,13.134444444444446,30.911111111111115,108.96666666666667,,,,,,,,0.45,,,25.0,500.0,1.0,multiple,crushing,,fines,,0.0
102,mortar-untreated,20.0,7.0,19.9,,False,True,,matrix,26.13,52.8,1.27,1.54,,,0.131,0.288,17.5,,13.134444444444446,30.911111111111115,108.96666666666667,,,,,,,,0.45,,,25.0,500.0,1.0,multiple,crushing,,fines,,0.0
102,MCA-RCF 40 min,20.0,7.0,25.77,,False,True,Mechanochemical Activation,matrix,26.13,52.8,1.27,1.54,,,0.131,0.288,17.5,,13.134444444444446,30.911111111111115,108.96666666666667,,,,,,,,0.45,,,25.0,500.0,1.0,multiple,crushing,,fines,,0.0
102,MCA-RCF 30 min,20.0,7.0,28.31,,False,True,Mechanochemical Activation,matrix,26.13,52.8,1.27,1.54,,,0.131,0.288,17.5,,13.134444444444446,30.911111111111115,108.96666666666667,,,,,,,,0.45,,,25.0,500.0,1.0,multiple,crushing,,fines,,0.0
102,MCA-RCF 10 min,20.0,7.0,28.9,,False,True,Mechanochemical Activation,matrix,26.13,52.8,1.27,1.54,,,0.131,0.288,17.5,,13.134444444444446,30.911111111111115,108.96666666666667,,,,,,,,0.45,,,25.0,500.0,1.0,multiple,crushing,,fines,,0.0
102,,20.0,7.0,31.02,,False,True,,sheet1,26.13,52.8,1.27,1.54,,,0.131,0.288,17.5,,13.134444444444446,30.911111111111115,108.96666666666667,,,,,,,,0.45,,,25.0,500.0,1.0,multiple,crushing,,fines,,0.0
102,mortar-untreated,20.0,28.0,29.13,,False,True,,matrix,26.13,52.8,1.27,1.54,,,0.131,0.288,17.5,,13.134444444444446,30.911111111111115,108.96666666666667,,,,,,,,0.45,,,25.0,500.0,1.0,multiple,crushing,,fines,,0.0
102,MCA-RCF 40 min,20.0,28.0,36.81,,False,True,Mechanochemical Activation,matrix,26.13,52.8,1.27,1.54,,,0.131,0.288,17.5,,13.134444444444446,30.911111111111115,108.96666666666667,,,,,,,,0.45,,,25.0,500.0,1.0,multiple,crushing,,fines,,0.0
102,,20.0,28.0,39.33,,False,True,,sheet1,26.13,52.8,1.27,1.54,,,0.131,0.288,17.5,,13.134444444444446,30.911111111111115,108.96666666666667,,,,,,,,0.45,,,25.0,500.0,1.0,multiple,crushing,,fines,,0.0
102,MCA-RCF 30 min,20.0,28.0,39.38,,False,True,Mechanochemical Activation,matrix,26.13,52.8,1.27,1.54,,,0.131,0.288,17.5,,13.134444444444446,30.911111111111115,108.96666666666667,,,,,,,,0.45,,,25.0,500.0,1.0,multiple,crushing,,fines,,0.0
102,MCA-RCF 10 min,20.0,28.0,40.19,,False,True,Mechanochemical Activation,matrix,26.13,52.8,1.27,1.54,,,0.131,0.288,17.5,,13.134444444444446,30.911111111111115,108.96666666666667,,,,,,,,0.45,,,25.0,500.0,1.0,multiple,crushing,,fines,,0.0
103,28d,0.0,28.0,78.41,,False,True,,sheet1,45.38,19.85,12.43,9.87,2.32,0.95,0.08,4.12,4.15,,,17.0,,17.0,,,,,,,0.4,1000.0,2.0,24.0,70.0,2.0,multiple,combined,quartz,powder,20.0,0.0
103,90d,0.0,90.0,92.0,,False,True,,sheet1,45.38,19.85,12.43,9.87,2.32,0.95,0.08,4.12,4.15,,,17.0,,17.0,,,,,,,0.4,1000.0,2.0,24.0,70.0,2.0,multiple,combined,quartz,powder,20.0,0.0
103,28d,10.0,28.0,73.3,,False,True,,sheet1,45.38,19.85,12.43,9.87,2.32,0.95,0.08,4.12,4.15,,,17.0,,17.0,,,,,,,0.4,1000.0,2.0,24.0,70.0,2.0,multiple,combined,quartz,powder,20.0,0.0
103,90d,10.0,90.0,98.0,,False,True,,sheet1,45.38,19.85,12.43,9.87,2.32,0.95,0.08,4.12,4.15,,,17.0,,17.0,,,,,,,0.4,1000.0,2.0,24.0,70.0,2.0,multiple,combined,quartz,powder,20.0,0.0
103,28d,20.0,28.0,73.0,,False,True,,sheet1,45.38,19.85,12.43,9.87,2.32,0.95,0.08,4.12,4.15,,,17.0,,17.0,,,,,,,0.4,1000.0,2.0,24.0,70.0,2.0,multiple,combined,quartz,powder,20.0,0.0
103,90d,20.0,90.0,99.0,,False,True,,sheet1,45.38,19.85,12.43,9.87,2.32,0.95,0.08,4.12,4.15,,,17.0,,17.0,,,,,,,0.4,1000.0,2.0,24.0,70.0,2.0,multiple,combined,quartz,powder,20.0,0.0
103,28d,30.0,28.0,68.41,,False,True,,sheet1,45.38,19.85,12.43,9.87,2.32,0.95,0.08,4.12,4.15,,,17.0,,17.0,,,,,,,0.4,1000.0,2.0,24.0,70.0,2.0,multiple,combined,quartz,powder,20.0,0.0
103,90d,30.0,90.0,91.0,,False,True,,sheet1,45.38,19.85,12.43,9.87,2.32,0.95,0.08,4.12,4.15,,,17.0,,17.0,,,,,,,0.4,1000.0,2.0,24.0,70.0,2.0,multiple,combined,quartz,powder,20.0,0.0
103,28d,40.0,28.0,67.06,,False,True,,sheet1,45.38,19.85,12.43,9.87,2.32,0.95,0.08,4.12,4.15,,,17.0,,17.0,,,,,,,0.4,1000.0,2.0,24.0,70.0,2.0,multiple,combined,quartz,powder,20.0,0.0
103,90d,40.0,90.0,86.0,,False,True,,sheet1,45.38,19.85,12.43,9.87,2.32,0.95,0.08,4.12,4.15,,,17.0,,17.0,,,,,,,0.4,1000.0,2.0,24.0,70.0,2.0,multiple,combined,quartz,powder,20.0,0.0
103,28d,50.0,28.0,61.38,,False,True,,sheet1,45.38,19.85,12.43,9.87,2.32,0.95,0.08,4.12,4.15,,,17.0,,17.0,,,,,,,0.4,1000.0,2.0,24.0,70.0,2.0,multiple,combined,quartz,powder,20.0,0.0
103,90d,50.0,90.0,81.0,,False,True,,sheet1,45.38,19.85,12.43,9.87,2.32,0.95,0.08,4.12,4.15,,,17.0,,17.0,,,,,,,0.4,1000.0,2.0,24.0,70.0,2.0,multiple,combined,quartz,powder,20.0,0.0
