paper_id,Paper Title,Authors,Journal Name,Publication Year,DOI (Digital Object Identifier),Material Type::Extracted Value,Source Material::Extracted Value,RHA Processing Method::Extracted Value,RHA Processing Parameters::Extracted Value,Activation Method::Extracted Value,Activation Parameters::Extracted Value,Carbonation Conditions::Extracted Value,Thermal Treatment Temperature::Extracted Value,Thermal Treatment Duration::Extracted Value,Mechanical Activation Method::Extracted Value,Grinding Duration::Extracted Value,Grinding Speed::Extracted Value,Other Activation Conditions::Extracted Value,Water-to-Binder Ratio (w/b)::Extracted Value,Particle Size Distribution::Extracted Value,d10::Extracted Value,d50::Extracted Value,d90::Extracted Value,Mean Particle Size::Extracted Value,Specific Surface Area::Extracted Value,BET Surface Area::Extracted Value,Blaine Fineness::Extracted Value,Water Absorption Capacity::Extracted Value,Specific Gravity::Extracted Value,Bulk Density::Extracted Value,SiO2::Extracted Value,CaO::Extracted Value,Al2O3::Extracted Value,Fe2O3::Extracted Value,MgO::Extracted Value,SO3::Extracted Value,Na2O::Extracted Value,K2O::Extracted Value,Loss on Ignition (LOI)::Extracted Value,Other Reported Oxides::Extracted Value,XRD Phases::Extracted Value,Mineral Composition::Extracted Value,Amorphous Content::Extracted Value,Pozzolanic Reactivity::Extracted Value,Pozzolanic Activity Index::Extracted Value,Strength Activity Index::Extracted Value,Heat Release Data::Extracted Value,Other Reactivity Indicators::Extracted Value,Cement Replacement Level(s)::Extracted Value,Optimum Replacement Level of Cement with Rice Husk Ash (RHA)::Extracted Value,Compressive Strength::Extracted Value,Relative Compressive Strength (% of control if reported)::Extracted Value,7-Day Heat Release::Extracted Value,Relative Heat Release (% of control if reported)::Extracted Value,Initial Setting Time::Extracted Value,Final Setting Time::Extracted Value,Flexural Strength::Extracted Value,Relative Flexural Strength (% of control if reported)::Extracted Value,Shrinkage::Extracted Value,Relative Shrinkage (% of control if reported)::Extracted Value,Material Type::Unit,Source Material::Unit,RHA Processing Method::Unit,RHA Processing Parameters::Unit,Activation Method::Unit,Activation Parameters::Unit,Carbonation Conditions::Unit,Thermal Treatment Temperature::Unit,Thermal Treatment Duration::Unit,Mechanical Activation Method::Unit,Grinding Duration::Unit,Grinding Speed::Unit,Other Activation Conditions::Unit,Water-to-Binder Ratio (w/b)::Unit,Particle Size Distribution::Unit,d10::Unit,d50::Unit,d90::Unit,Mean Particle Size::Unit,Specific Surface Area::Unit,BET Surface Area::Unit,Blaine Fineness::Unit,Water Absorption Capacity::Unit,Specific Gravity::Unit,Bulk Density::Unit,SiO2::Unit,CaO::Unit,Al2O3::Unit,Fe2O3::Unit,MgO::Unit,SO3::Unit,Na2O::Unit,K2O::Unit,Loss on Ignition (LOI)::Unit,Other Reported Oxides::Unit,XRD Phases::Unit,Mineral Composition::Unit,Amorphous Content::Unit,Pozzolanic Reactivity::Unit,Pozzolanic Activity Index::Unit,Strength Activity Index::Unit,Heat Release Data::Unit,Other Reactivity Indicators::Unit,Cement Replacement Level(s)::Unit,Optimum Replacement Level of Cement with Rice Husk Ash (RHA)::Unit,Compressive Strength::Unit,Relative Compressive Strength (% of control if reported)::Unit,7-Day Heat Release::Unit,Relative Heat Release (% of control if reported)::Unit,Initial Setting Time::Unit,Final Setting Time::Unit,Flexural Strength::Unit,Relative Flexural Strength (% of control if reported)::Unit,Shrinkage::Unit,Relative Shrinkage (% of control if reported)::Unit
0,Mechanical Properties and Durability of Concretes Containing Rice Husk Ash as Supplementary Cementing Material,"A.A.Ramezanianpour, P.Pourbeik, M.Mahdikhani, and F.Moodi",Second International Conference on Sustainable Construction Materials and Technologies,2010,,"Rice Husk Ash (RHA), RHA-650-60",Rice husks from North of Iran,Controlled burning in a specially designed furnace,Temperature of 650 °C and 60 minutes burning time,Thermal activation,Temperature of 650 °C and 60 minutes burning time,,650,60,,,,Blowing air used to regulate temperatures,0.5,,,,,,,,3600,,2.15,,89.61,0.91,0.04,0.22,0.42,0.15,0.07,1.58,5.91,"P2O5: 0.41, TiO2: 0.02",Quartz,Quartz,Up to 90 / Non-crystalline,High pozzolanic activity,High,,,Pozzolanic reactions between amorphous silica of RHA and calcium hydroxide,"7, 10, 15",15,"3 days: 20 (7%), 20 (10%), 20 (15%); 7 days: 29.5 (7%), 30.5 (10%), 31 (15%); 28 days: 44.5 (7%), 46 (10%), 47.5 (15%); 56 days: 52.5 (7%), 54 (10%), 56 (15%); 90 days: 54.5 (7%), 55.5 (10%), 58.4 (15%)",,,,,,,,,,,,,"°C, min",,"°C, min",,°C,min,,,,,,,,,,,,,cm²/gram,,,,%,%,%,%,%,%,%,%,%,%,,,%,,,,,,%,%,MPa,%,,%,,,,%,,%
1,Effect of rice husk ash on high strength concrete,Muhammad Shoaib Ismail and A. M. Waliuddin,Construction and Building Materials,1996,,rice husk ash (RHA) / RHA passing #200 and #325 sieves,"rice husk, an agro-waste material / local market",Burning and grinding in a ball mill,Burning duration: 24 h; Ventilation: top and bottom; Grinding: ball mill; Sieving: over #200 and #325 sieves,Thermal treatment and mechanical grinding,Grinding time: 90 min; Burning temperature: 400-700°C,,400-700,24,Ball mill grinding,90,,,"0.24, 0.31, 0.33, 0.36, 0.30, 0.32, 0.34",,,,,,,,,,2.11,,80,3.82,3.93,0.41,0.25,0.78,0.67,1.45,8.56,,,Crystalline structure,,,,,,Slow rate of hydration,"10, 20, 30",10% (or between 10% and 20%),"Cube (fcu):
Mix A: 54.3 (3d), 62.3 (7d), 72.4 (28d), 85.0 (150d)
Mix Aa-10: 46.2 (3d), 56.0 (7d), 68.1 (28d), 71.1 (150d)
Mix Aa-20: 35.3 (3d), 46.8 (7d), 57.3 (28d), 57.4 (150d)
Mix Aa-30: 31.5 (3d), 39.3 (7d), 47.7 (28d), 48.8 (150d)
Mix Ab-10: 47.0 (3d), 61.0 (7d), 71.0 (28d), 72.4 (150d)
Mix Ab-20: 46.7 (3d), 56.0 (7d), 70.2 (28d), 70.3 (150d)
Mix Ab-30: 43.1 (3d), 51.7 (7d), 63.0 (28d), 63.2 (150d)

Cylinder (fc):
Mix A: 36.6 (7d), 46.3 (28d), 56.0 (150d)
Mix Aa-10: 32.9 (7d), 43.3 (28d)
Mix Aa-20: 26.3 (7d), 36.7 (28d)
Mix Aa-30: 24.2 (7d), 31.0 (28d)
Mix Ab-10: 35.7 (7d), 45.7 (28d)
Mix Ab-20: 33.8 (7d), 45.0 (28d)
Mix Ab-30: 32.5 (7d), 39.7 (28d)","3-day % of 28-day strength: A: 75.0%, Aa-10: 67.9%, Aa-20: 61.6%, Aa-30: 66.0%, Ab-10: 66.2%, Ab-20: 66.5%, Ab-30: 68.4%
7-day % of 28-day strength: A: 86.0%, Aa-10: 82.0%, Aa-20: 82.0%, Aa-30: 82.0%, Ab-10: 86.0%, Ab-20: 80.0%, Ab-30: 82.0%",,,,,,,,,,,,,,,,°C,h,,min,,,,,,,,,,,,,,,%,%,%,%,%,%,%,%,%,,,,,,,,,,%,%,MPa,%,,,,,,,,
2,Performance of rice husk ash produced using a new technology as a mineral admixture in concrete,"M. Nehdi, J. Duquette, A. El Damatty",Cement and Concrete Research,2003,10.1016/S0008-8846(03)00038-3,Rice husk ash (RHA) / Egyptian rice husk ash (EG-RHA),Egyptian rice husk,Controlled combustion in a Torbed reactor,Combustion temperature: 750 °C (RHA-A and RHA-C) and 830 °C (RHA-B); RHA-C includes external jet of process air stream on sidewall,Mechanical grinding,Vibratory ring pulverizer with 100-ml capacity,,"750 (RHA-A, RHA-C), 830 (RHA-B)",Short residency time,Grinding using a vibratory ring pulverizer,Target mean particle size reached of 7 µm,,External jet of air on the sidewall of the reactor at hot spots (for RHA-C),0.40,"Passing 45 µm: 98.2 (RHA-A), 97.7 (RHA-B), 97.9 (RHA-C); Raw particle size range: 44 to 46",,,,"Raw: 4446; Ground: 7.15 (RHA-A), 7.63 (RHA-B), 7.41 (RHA-C)","Nitrogen adsorption after grinding: 17.96 (RHA-A), 13.71 (RHA-B), 23.64 (RHA-C)","Nitrogen adsorption before grinding: 13.01 (RHA-A), 9.99 (RHA-B), 22.92 (RHA-C)",,,"2.05 (RHA-A), 2.05 (RHA-B), 2.05 (RHA-C)",,"94.6 (RHA-A), 93.7 (RHA-B), 91.6 (RHA-C)","0.4 (RHA-A), 0.6 (RHA-B), 0.6 (RHA-C)","0.3 (RHA-A), 0.3 (RHA-B), 0.5 (RHA-C)","0.3 (RHA-A), 0.2 (RHA-B), 0.4 (RHA-C)","0.3 (RHA-A), 0.4 (RHA-B), 0.5 (RHA-C)","1.0 (RHA-A), 1.4 (RHA-B), 2.6 (RHA-C)","0.2 (RHA-A), 0.2 (RHA-B), 0.3 (RHA-C)","1.3 (RHA-A), 1.4 (RHA-B), 1.6 (RHA-C)","1.8 (RHA-A), 2.3 (RHA-B), 3.7 (RHA-C)","Equivalent alkalis (Na2O + 0.658 K2O): 1.1 (RHA-A), 1.2 (RHA-B), 1.4 (RHA-C); P2O5: 0.3 (RHA-A), 0.4 (RHA-B), 0.4 (RHA-C); TiO2: 0.03 (RHA-A), 0.03 (RHA-B), 0.04 (RHA-C); Carbon content: 1.0 (RHA-A), 1.4 (RHA-B), 2.6 (RHA-C)",Amorphous silica with very small crystalline silica (SiO2) peaks for RHA-A and RHA-B; distinct crystalline silica (SiO2) peak for RHA-C,Silica (SiO2),Mainly amorphous (RHA-A and RHA-B),,"7 days: 88 (RHA-A), 105 (RHA-B), 117 (RHA-C); 28 days: 122 (RHA-A), 117 (RHA-B), 144 (RHA-C)",,,"Water requirement: 99 (RHA-A), 95 (RHA-B), 100 (RHA-C)","7.5, 10, 12.5",,GRAPH-DERIVED: 1-day range ~2837.5 MPa; 28-day range ~5972.5 MPa (depending on RHA type and replacement level),"Up to 120% (7.5% level), 127% (10% level), 140% (12.5% level) at 56 days",,,,,,,,,,,,°C,,mL,,°C,,,,,,,% / µm,,,,µm,m²/g,m²/g,,,,,%,%,%,%,%,%,%,%,%,%,,,,,%,,,%,%,,MPa,%,,,,,,,,
3,Strength development of concrete with rice-husk ash,Gemma Rodríguez de Sensale,Cement & Concrete Composites,2006,10.1016/j.cemconcomp.2005.09.005,Rice-husk ash (RHA) / residual RHA / homogeneous ash produced by controlled incineration,Rice husk from rice paddy milling industry in Uruguay (UY RHA); controlled incineration from the United States (USA RHA),Residual RHA: Processed waste dry-milled; USA RHA: Controlled incineration,Dry-milled for necessary time to obtain median particle size of 8 ?m,Thermal treatment (incineration for USA RHA) / Mechanical activation (dry-milling for UY RHA),,,,,Dry-milling,,,,"0.32, 0.40, 0.50",,,UY RHA: 8; USA RHA: 8,,,,"UY RHA: 28,800; USA RHA: 24,300",,,UY RHA: 2.06; USA RHA: 2.16,,UY RHA: 87.2; USA RHA: 88,UY RHA: 0.55; USA RHA: 0.8,UY RHA: 0.15; USA RHA: NULL,UY RHA: 0.16; USA RHA: 0.1,UY RHA: 0.35; USA RHA: 0.2,UY RHA: 0.32; USA RHA: NULL,UY RHA: 1.12; USA RHA: 0.7,UY RHA: 3.60; USA RHA: 2.2,UY RHA: 6.55; USA RHA: 8.1,"Manganese oxide (MnO): UY RHA: NULL, USA RHA: 0.2",USA RHA: non-crystalline; UY RHA: crystalline (cristobalite),Cristobalite in UY RHA,USA RHA: 98.5 (reactive silica); UY RHA: 39.55 (reactive silica),Reactive silica: USA RHA = 98.5%; UY RHA = 39.55%,,UY RHA: 92.93; USA RHA: 92.4 (according to ASTM C311-98b),,,"10, 20",,7-day: 20.8 to 51.1; 28-day: 31.5 to 60.4; 91-day: 35.5 to 68.5,,,,,,,,,,,,,,,,,,,,,,,,,,?m,,,,m²/kg,,,,,%,%,%,%,%,%,%,%,%,%,,,%,%,,%,,,%,,MPa,,,,,,,,,
4,Rice husk ash blended cement: Assessment of optimal level of replacement for strength and permeability properties of concrete,"K. Ganesan, K. Rajagopal, K. Thangavel",Construction and Building Materials,2008,10.1016/j.conbuildmat.2007.06.011,Rice husk ash (RHA),Rice husk residue,Thermal treatment and pulverization,Rate of temperature increase: 200 °C/h; Heating duration: 3 h 15 min; Isothermal holding time: 1 h; Final mean grain size: 3.8 µm,Thermal and Mechanical Activation,Controlled thermal burning followed by pulverization,,650,1,Pulverizing,,,Heating rate: 200 °C per hour; Total heating time to target temp: 3 h and 15 min,0.53,Distribution curve reported in Fig. 3,,,,3.80,36.47,36.47,,,2.06,Dense: 0.49; Loose: 0.40,87.32,0.48,0.22,0.28,0.28,,1.02,3.14,2.10,,"Quartz, Coesite (silicon dioxide), Cristobalite","Mostly amorphous silica with small quantities of quartz, coesite, crystobalite",Mostly amorphous (87% total silica),Efficient pozzolanic material,,,,,"5, 10, 15, 20, 25, 30, 35",30,"Mortar (1-day): M0=11.6, M1=12.0, M2=12.8, M3=13.8, M4=12.2, M5=11.7, M6=11.1, M7=10.4;
Mortar (3-day): M0=20.9, M1=22.1, M2=24.4, M3=28.9, M4=24.8, M5=23.6, M6=20.74, M7=18.4;
Mortar (7-day): M0=27.2, M1=27.4, M2=27.8, M3=29.3, M4=28.3, M5=27.6, M6=27.4, M7=26.4;
Mortar (28-day): M0=37.0, M1=38.9, M2=42.8, M3=46.7, M4=39.8, M5=38.3, M6=37.0, M7=36.0;
Concrete (7-day): R0=32.3, R1=27.6, R2=28.0, R3=36.0, R4=39.3, R5=36.1, R6=37.6, R7=31.1;
Concrete (14-day): R0=37.1, R1=34.2, R2=41.3, R3=41.8, R4=29.7, R5=38.8, R6=33.5, R7=35.1;
Concrete (28-day): R0=27.2, R1=40.0, R2=35.3, R3=29.3, R4=42.5, R5=28.7, R6=27.4, R7=25.7;
Concrete (90-day): R0=38.3, R1=43.3, R2=44.8, R3=45.7, R4=46.0, R5=43.0, R6=38.7, R7=37.2",,,,"0% CRL=78, 5% CRL=100, 10% CRL=108, 15% CRL=117, 20% CRL=106, 25% CRL=98, 30% CRL=88, 35% CRL=82","0% CRL=300, 5% CRL=283, 10% CRL=262, 15% CRL=249, 20% CRL=244, 25% CRL=239, 30% CRL=232, 35% CRL=221",,,,,Unitless,Unitless,Unitless,Unitless,Unitless,Unitless,,°C,h,Unitless,,,Unitless,Unitless,Unitless,,,,µm,m²/g,m²/g,,,Unitless,g/cm³,%,%,%,%,%,,%,%,%,,Unitless,Unitless,%,Unitless,,,,,%,%,MPa,,,,minutes,minutes,,,,
5,Influence of rice husk ash as supplementary material in cement paste and concrete,"Marshal G. Calica, Jr.",NLR Journal,2008,,Rice Husk Ash (RHA),Burnt rice husks from rice mills,Filtering in No. 200 sieve,75 ?m sieve opening (No. 200 sieve),,,,,,,,,,"0.55, 0.60, 0.65",,,,,,,,,,,,85.77,0.67,-0.24,0.32,-0.17,,0.09,0.81,,,,,,Highly active pozzolan,,,,Pozzolanic,"0, 10, 20",10,"22.92, 30.58, 29.58, 22.64, 22.64, 21.82, 9.86, 15.80, 16.35",,,,"210, 108, 196","97, 212, 385",,,,,,,,?m,,,,,,,,,,,,,,,,,,,,,,%,%,%,%,%,,%,%,,,,,,,,,,,%,%,MPa,,,,Min.,Min.,,,,
6,The Effect of Rice Husk Ash on Mechanical Properties and Durability of Sustainable Concretes,"A. A. Ramezanianpour, M. Mahdi khani, Gh. Ahmadibeni",International Journal of Civil Engineering,2009,,Rice Husk Ash (RHA),Rice husk,Controlled burning in a specially designed furnace,Burning temperature: 650 °C; Burning duration: 60 minutes,Thermal treatment (controlled burning),650 °C for 60 min,,650,60,,,,"Burning temperatures of 550, 600, 650, 700, 750 °C for 30, 60, 90 minutes, and 1100 °C for 5 minutes were investigated during optimization.",,,,,,,,,3600,,2.15,,89.61,0.91,0.04,0.22,0.42,0.15,0.07,1.58,5.91,P2O5: 0.41; TiO2: 0.02,Non-crystalline / Amorphous with minor quartz crystal,Quartz,Up to 90,High,High,3-day: 102%; 7-day: 106%; 28-day: 110%,,,"0, 7, 10, 15",15% (GRAPH-DERIVED),"CTL: 16.5 (3d), 30.2 (7d), 40.3 (28d), 50.3 (90d)
7% RHA: 16.8 (3d), 32.4 (7d), 42.8 (28d), 54.4 (90d)
10% RHA: 17.6 (3d), 32.6 (7d), 44.2 (28d), 59.0 (90d)
15% RHA: 17.9 (3d), 34.2 (7d), 46.9 (28d), 63.2 (90d)",,,,,,,,,,,,,"°C, minutes",,"°C, min",,°C,minutes,,,,"°C, min",,,,,,,,,cm²/gram,,,,%,%,%,%,%,%,%,%,%,%,,,%,,,% control,,,%,%,MPa,,,,,,,,,
7,Rice Husk Ash as a Supplementary Raw Material for the Production of CelluloseCement Composites with Improved Performance,"Conrado de Souza Rodrigues, Khosrow Ghavami, Piet Stroeven",Waste and Biomass Valorization,2010,10.1007/s12649-010-9017-7,"Rice Husk Ash (RHA), RHA-I, RHA-II",Rice husks,Burning in a fluidized bed kiln (RHA-I); re-burning in a muffle kiln (RHA-II); grinding in a ceramic ball mill,Burning temp: 500750 °C; Re-burning duration: 3 h at 750 °C; Grinding duration: 12 h,Thermal treatment and mechanical grinding,Thermal re-burning at 750 °C for 3 h; Grinding for 12 h in ceramic ball mill,,500750 °C (RHA-I); 750 °C (RHA-II),3,Grinding in ceramic ball mill,12,,,,GRAPH-DERIVED,RHA-I: ~1.2; RHA-II: ~2.1 (GRAPH-DERIVED),RHA-I: ~1.7; RHA-II: ~3.5 (GRAPH-DERIVED),RHA-I: ~3.2; RHA-II: ~7.5 (GRAPH-DERIVED),RHA-I: 1.8; RHA-II: 4.0,,RHA-I: 119; RHA-II: 15,,,,,RHA-I: 73.60; RHA-II: 94.60,RHA-I: 0.76; RHA-II: 0.93,RHA-I: 0.075; RHA-II: 0.09,RHA-I: 0.26; RHA-II: 0.15,RHA-I: 0.27; RHA-II: 0.28,RHA-I: 1.40; RHA-II: 0.58,RHA-I: 0.09; RHA-II: 0.06,RHA-I: 1.17; RHA-II: 1.12,RHA-I: 22.90; RHA-II: 1.40,,,Amorphous silica,,RHA-I: High; RHA-II: Moderate,RHA-I: 119; RHA-II: 15,,,,"15, 30",30,,,,,,,M15-I (eq.): 14.72 ± 1.20; M30-I (eq.): 13.32 ± 1.46; CP15-I (eq.): 14.61 ± 0.75; CP15-I (sat.): 11.75 ± 1.24; CP30-I (eq.): 11.86 ± 0.79; CP30-I (sat.): 10.84 ± 0.48; CP15-II (eq.): 15.31 ± 1.08; CP15-II (sat.): 9.23 ± 0.29; CP30-II (eq.): 16.51 ± 1.02; CP30-II (sat.): 10.95 ± 1.07,,,,,,,,,,,°C,h,,h,,,,,µm,µm,µm,µm,,m²/g,,,,,%,%,%,%,%,%,%,%,%,,,,,,?mS/cm,,,,%,%,,,,,,,MPa,,,
8,Comparison of two processes for treating rice husk ash for use in high performance concrete,"Andres Salas, Silvio Delvasto, Ruby Mejía de Gutiérrez, David Lange",Cement and Concrete Research,2009,10.1016/j.cemconres.2009.05.006,Rice husk ash (TRHA and ChRHA),"Rice husk collected from rice mill ""Arrocera La Esmeralda"" located in Valle del Cauca, Southeastern Colombia",Thermal treatment (TRHA); Chemical-thermal attack (ChRHA),"Hydrochloric acid leaching (1 N, 24 h), water washing to neutral pH, drying",Thermal treatment and mechanical grinding by ball milling,Ceramic balls used for ball milling,,600,3,Ball milling,90,,Heating rate of 10°C/min,0.45 (Stage 1 mixes & Stage 2 mixes); 0.47 (TRHA 20% mix),,,,,19 (TRHA); 17 (ChRHA),,"24,000 (TRHA); 274,000 (ChRHA)",,,2160 (TRHA); 2080 (ChRHA),,90.00 (TRHA); 99.00 (ChRHA),1.23 (TRHA); 0.49 (ChRHA),0.68 (TRHA); <0.01 (ChRHA),0.42 (TRHA); 0.13 (ChRHA),0.35 (TRHA); <0.07 (ChRHA),,<0.32 (TRHA); <0.32 (ChRHA),2.80 (TRHA); 0.06 (ChRHA),0.3 (TRHA); 0.16 (ChRHA),"TiO2: 0.04 (TRHA), 0.02 (ChRHA); P2O5: 0.68 (TRHA), 0.11 (ChRHA); MnO: 0.19 (TRHA), 0.02 (ChRHA)",Amorphous,,95 (reference to literature for ChRHA),High reactivity,95 (TRHA); 125 (ChRHA),,,Silica Activity Index: 89.5 (TRHA); 99.4 (ChRHA),"5, 10, 15, 20",10,"TRHA 5%: 40.2 (28 d), 43.1 (56 d), 45.0 (90 d), 48.6 (180 d); TRHA 10%: 33.9 (28 d), 37.4 (56 d), 40.0 (90 d), 42.7 (180 d); TRHA 15%: 34.4 (28 d), 38.6 (56 d), 41.1 (90 d), 43.5 (180 d); TRHA 20%: 36.3 (28 d), 40.3 (56 d), 42.3 (90 d), 45.0 (180 d); ChRHA 5%: 41.5 (28 d), 46.5 (56 d), 49.0 (90 d), 51.6 (180 d); ChRHA 10%: 41.8 (28 d), 47.8 (56 d), 50.5 (90 d), 52.8 (180 d); ChRHA 15%: 36.3 (28 d), 40.7 (56 d), 42.7 (90 d), 45.0 (180 d); ChRHA 20%: 33.8 (28 d), 37.4 (56 d), 40.0 (90 d), 42.7 (180 d); Stage 2 TRHA 10%: 44.0 (28 d), 49.0 (56 d), 52.0 (90 d), 52.0 (180 d); Stage 2 ChRHA 10%: 49.0 (28 d), 55.5 (56 d), 57.0 (90 d), 58.0 (180 d)",,,,,,4.5 (TRHA 10%); 5.4 (ChRHA 10%),,,,,,,,,,,°C,h,,min,,°C/min,,,,,,µm,,m²/kg,,,kg/m³,,wt.%,wt.%,wt.%,wt.%,wt.%,,wt.%,wt.%,%,wt.%,,,%,,,,,%,%,%,MPa,%,,%,,,MPa,%,,%
9,"Assessment of the effects of rice husk ash particle size on strength, water permeability and workability of binary blended concrete","Alireza Naji Givi, Suraya Abdul Rashid, Farah Nora A. Aziz, Mohamad Amran Mohd Salleh",Construction and Building Materials,2010,10.1016/j.conbuildmat.2010.04.045,Rice husk ash (RHA),Rice husk,"Controlled incineration, sieving, and grinding",Incineration temperature < 700 °C; Sieving through 150 µm and 33 µm; Grinding in Los Angeles mill for 30 min and 180 min,Mechanical activation (grinding),Grinded using Los Angeles mill,,< 700,,Los Angeles mill grinding,30; 180,,,0.40,Shown in Fig. 2,,,,95; 5,,24; 36.47,,,,,87.86,1.30,0.68,0.93,0.35,,0.12,2.37,,,,,Up to 95,Highly pozzolanic activity,,,,,"5, 10, 15, 20",10,"25.7 (M1, 7d); 38.7 (M1, 28d); 43.5 (M1, 90d); 25.1 (M2, 7d); 46.1 (M2, 28d); 40.6 (M2, 90d); 23.7 (M3, 7d); 42.7 (M3, 28d); 37.9 (M3, 90d); 21.5 (M4, 7d); 36.7 (M4, 28d); 41.3 (M4, 90d); 27.4 (U1, 7d); 39.9 (U1, 28d); 45.8 (U1, 90d); 28.3 (U2, 7d); 43.8 (U2, 28d); 51.2 (U2, 90d); 25.9 (U3, 7d); 39.1 (U3, 28d); 44.4 (U3, 90d); 24.6 (U4, 7d); 38.3 (U4, 28d); 42.8 (U4, 90d)","U2 vs M2: 12 (7d), 7 (28d), 11 (90d)",,,,,,,,,,,,"°C, µm, min",,,,°C,,,min,,,,,,,,µm,,m²/g,,,,,wt.%,wt.%,wt.%,wt.%,wt.%,,wt.%,wt.%,,,,,%,,,,,,%,%,MPa,%,,,,,,,,
10,Contribution of Rice Husk Ash to the Properties of Mortar and Concrete: A Review,"Alireza Naji Givi, Suraya Abdul Rashid, Farah Nora A. Aziz, Mohamad Amran Mohd Salleh",Journal of American Science,2010,,Rice Husk Ash (RHA),Rice husk,Incineration,,,,,,,Grinding,,,Hydrochloric acid pretreatment,,,,,,"7.4
31.3
18.3
11.5",,,,,"2.06
2.06
2.10",,"87.2
87.3
86.98","0.55
0.55
1.40","0.15
0.15
0.84","0.16
0.16
0.73","0.35
0.35
0.57","0.24
0.24
0.11","1.12
1.12
2.46","3.68
3.68
NULL","8.55
8.55
5.14",,Non-crystalline silicon dioxide,,85% to 95%,,,,183.20,,"5, 10, 12, 15, 20, 25, 30, 40, 50","10% to 30%
15%
10%
15%
30%
25%",,,,,"1
1.5
3
3.1
3.4","3.25
3.5
4.25
5.25
5.5","28 days: 5.5
90 days: 5.4
180 days: 4.9
28 days: 5.0
90 days: 5.4
180 days: 5.7
28 days: 5.2
90 days: 5.7
180 days: 6.1",,,,,,,,,,,,,,,,,,,,,,µm,,,,,g/cm³,,Wt. %,Wt. %,Wt. %,Wt. %,Wt. %,Wt. %,Wt. %,Wt. %,Wt. %,,,,Wt. %,,,,J/g (36 hours),,%,%,,,,,h-min,h-min,MPa,,,
11,Study on Properties of Rice Husk Ash and Its Use as Cement Replacement Material,"Ghassan Abood Habeeb, Hilmi Bin Mahmud",Materials Research,2010,,"Rice Husk Ash (RHA), RHA powder",Rice husk,"Burning in a ferro-cement furnace, followed by grinding using a Los Angeles (LA) mill","Burning capacity up to 60 kg; ignited for around 10 minutes; slow burning for more than 1 day; maximum temperature not exceeding 690°C; cooling inside furnace. Grinding: 5 kg ash capacity, 40 mild steel rods (10 mm diameter, 500 mm length), grinding times of 90, 180, 270, and 360 minutes","Thermal treatment, Mechanical activation",Controlled thermal burning in a ferro-cement furnace; mechanical grinding in a Los Angeles (LA) mill,,<= 690,> 24,Grinding in Los Angeles (LA) mill,"90, 180, 270, 360",,,0.53,Figure 7,,,,RHAFO (90 min): 63.8; RHAF1 (180 min): 31.3; RHAF2 (270 min): 18.3; RHAF3 (360 min): 11.5,RHAFO: 25.3; RHAF1: 27.4; RHAF2: 29.1; RHAF3: 30.4,RHAFO: 25.3; RHAF1: 27.4; RHAF2: 29.1; RHAF3: 30.4,,,2.11,,88.32,0.67,0.46,0.67,0.44,,0.12 (reported as Na2O3),2.91,5.81,,Amorphous silica,Broad peak at 2? angle of 22° (amorphous form),Mainly amorphous,Efficient pozzolanic material; reactivity increases with RHA fineness,,,,,"5, 10, 15, 20",10,"1-Day: 17.2 to 20.3; 3-Day: 24.5 to 29.6; 7-Day: 29.8 to 36.7; 28-Day: 40.2 to 51.8 (Control Mix: 1-Day: 19.1, 3-Day: 26.7, 7-Day: 30.2, 28-Day: 39.6)",At 10% replacement level at 28 days: 10F1: 122.2%; 10F2: 126.7%; 10F3: 130.8%,,,,,,,,,,,,,,,,°C,hours,,minutes,,,,,,,,µm,m²/g,m²/g,,,,,% by mass,% by mass,% by mass,% by mass,% by mass,,% by mass,% by mass,% by mass,,,,,,,,,,%,%,MPa,%,,,,,,,,
12,Effect of rice-husk ash on durability of cementitious materials,Gemma Rodríguez de Sensale,Cement & Concrete Composites,2010,10.1016/j.cemconcomp.2010.07.008,Rice-husk ash (RHA) / residual RHA (RRHA) / controlled RHA (CRHA),Rice husk (parboiling process in Uruguay for residual RHA; controlled incineration from the United States for CRHA),Dry-milling (for residual RHA); Controlled incineration (for CRHA),Dry-milled for the necessary time to obtain a median particle size of 8 µm,Mechanical activation (dry-milling for residual RHA),"Dry-milled to reach median particle size of 8 µm, defined specific surface by nitrogen absorption, and maximum activity index per ASTM C311-98b",,,,Dry-milling,,,,"0.32, 0.40, 0.50 (concretes & mortars); 0.47 (mortars for ASR)",,,RRHA: 8; CRHA: 8,,RRHA: 8; CRHA: 8,,RRHA: 28800; CRHA: 24300,,,RRHA: 2.06; CRHA: 2.16,,RRHA: 87.2; CRHA: 88,RRHA: 0.55; CRHA: 0.8,RRHA: 0.15; CRHA: 0,RRHA: 0.16; CRHA: 0.1,RRHA: 0.35; CRHA: 0.2,RRHA: 0.32; CRHA: NULL,RRHA: 1.12; CRHA: 0.7,RRHA: 3.60; CRHA: 2.2,RRHA: 6.55; CRHA: 8.1,"MnO (CRHA: 0.2%, RRHA: NULL)",Cristobalite (RRHA); Amorphous (CRHA),Cristobalite (for RRHA),CRHA: 98.5%; RRHA: 39.55% (reactive silica content),"Reactive silica: CRHA = 98.5%, RRHA = 39.55%",RRHA: 92.93; CRHA: 92.4,RRHA: 92.93; CRHA: 92.4,,,"5, 10, 15 (concretes & mortars); 20, 30, 40 (mortars for ASR)",15% (for chloride penetration); 20% (CRHA for ASR); 30% (RRHA for ASR),,,,,,,,,,,,,,,,,,,,,,,,,,,µm,,µm,,m²/kg,,,,,%,%,%,%,%,%,%,%,%,%,,,%,%,%,%,,,%,%,MPa,%,,%,min,min,,%,,%
13,Effect of rice husk ash fineness on the chemical and physical properties of concrete,"B. H. Abu Bakar, P. J. Ramadhansyah, M. J. Megat Azmi",Magazine of Concrete Research,2011,10.1680/macr.10.00019,Rice husk ash (RHA),Rice husk,Thermal combustion / burning,"Temperature: 700, Duration: 6, Heating rate: 10",Mechanical activation (Grinding / Milling),"Porcelain mill (14×23.5 cm), 150 g RHA batch, Porcelain balls (Ø30 mm: 20 pcs, Ø20 mm: 40 pcs, Ø10 mm: 300 pcs), Speed: 76 rev/min",,700,6,Laboratory ball mill grinding,0; 30; 60; 90; 120; 180; 240; 300,76,,0.49,Particle size distribution curves shown in Figure 5,,,,RHA0: 17.97 (or 17.96); RHA1: 10.93; RHA2: 9.74; RHA3: 9.52; RHA4: 9.34; RHA5: 8.70; RHA6: 6.85; RHA7: 6.65,,Reported qualitatively via nitrogen absorption technique,RHA1 (30 min): 2830; RHA3 (90 min): 5290; RHA7 (300 min): 14700,,RHA0: 1.82; RHA1: 1.94; RHA2: 1.95; RHA3: 1.95; RHA4: 1.97; RHA5: 1.98; RHA6: 2.01; RHA7: 2.06,,RHA0: 93.00; RHA1: 90.00; RHA2: 91.00; RHA3: 90.99; RHA4: 90.87; RHA5: 90.70; RHA6: 93.70; RHA7: 92.9,RHA0: 0.49; RHA1: 0.46; RHA2: 0.40; RHA3: 0.41; RHA4: 0.49; RHA5: 0.40; RHA6: 0.60; RHA7: 0.41,RHA0: 0.20; RHA1: 0.39; RHA2: 0.10; RHA3: 0.23; RHA4: 0.14; RHA5: 0.40; RHA6: 0.30; RHA7: 0.18,RHA0: 0.13; RHA1: 0.37; RHA2: 0.10; RHA3: 0.26; RHA4: 0.95; RHA5: 0.40; RHA6: 0.20; RHA7: 0.43,RHA0: 0.73; RHA1: 0.88; RHA2: 0.90; RHA3: 0.73; RHA4: 0.65; RHA5: 0.50; RHA6: 0.40; RHA7: 0.35,RHA0: 0.15; RHA1: 0.15; RHA2: 0.50; RHA3: 0.08; RHA4: 0.09; RHA5: 0.10; RHA6: 0.10; RHA7: 0.10,RHA0: 0.02; RHA1: 0.02; RHA2: 0.15; RHA3: 0.02; RHA4: 0.25; RHA5: 0.10; RHA6: 0.20; RHA7: 0.02,RHA0: 1.30; RHA1: 3.10; RHA2: 3.30; RHA3: 2.19; RHA4: 2.16; RHA5: 2.20; RHA6: 1.40; RHA7: 0.72,RHA0: 3.98; RHA1: 4.63; RHA2: 3.55; RHA3: 5.09; RHA4: 4.40; RHA5: 5.20; RHA6: 3.10; RHA7: 4.89,,Quartz mineral group,"Amorphous silica, quartz mineral group",Amorphous silica formation,High pozzolanic reaction of fine RHA / reactivity attributed to high content of amorphous silica and large surface area,,"7-day: OPC: 100; RHA0: 67; RHA1: 73; RHA2: 75; RHA3: 108; RHA4: 88; RHA5: 86; RHA6: 85; RHA7: 71 (graph-derived values)
28-day: OPC: 100; RHA0: 68; RHA1: 75; RHA2: 79; RHA3: 104; RHA4: 87; RHA5: 82; RHA6: 83; RHA7: 74 (graph-derived values)",,RHA3 Strength Activity Index increased by 31.94% (7 days) and 38.25% (28 days) over unground RHA,15,15% dosage used; optimum grinding time is 90 min (RHA3),"7-day range: 19.8433.88; 28-day range: 28.7742.64
7-day: OPC: 30.5; RHA0: 20.5; RHA1: 22.5; RHA2: 23.2; RHA3: 33.88; RHA4: 27.0; RHA5: 26.4; RHA6: 26.0; RHA7: 21.8 (graph-derived values)
28-day: OPC: 41.0; RHA0: 29.0; RHA1: 32.0; RHA2: 33.8; RHA3: 42.64; RHA4: 37.2; RHA5: 35.1; RHA6: 35.5; RHA7: 31.8 (graph-derived values)","At 7 and 28 days respectively, the strength of the RHA3 mix was 8.64 and 4.05% higher than that of the OPC concrete",,,,,,,,,,,,"°C, h, °C/min",,,,°C,h,,min,rev/min,,,,,,,µm,,,g/cm²,,g/cm³,,%,%,%,%,%,%,%,%,%,,,,,,,%,,%,%,% / min,N/mm²,%,,,,,,,,
14,Effect of rice husk ash on the strength and durability characteristics of concrete,"Hwang Chao-Lung, Bui Le Anh-Tuan, Chen Chun-Tsun",Construction and Building Materials,2011,10.1016/j.conbuildmat.2011.04.009,"Rice husk ash (RHA), ground RHA, non-ground RHA, residual rice husk ash (RHA)",Rice husk / Rice husk pellets,Incineration / burning of rice husk pellets in a boiler followed by ball mill grinding,Burning temperature: 600800,Mechanical activation (grinding),Grinding duration: 1 h (60 min),,600800,,Ball mill grinding,1 h (60 min),,,"0.23, 0.35, 0.47",,,,,Non-ground RHA: 87; Ground RHA: 12,,,,,2.06,,91,,0.35,0.41,0.81,1.21,0.08,3.21,8.5,P2O5: 0.98,Mostly amorphous silica and partially crystalline silica (Cristobalite high-SiO2),Cristobalite high-SiO2,Mostly amorphous,Water requirement of non-ground RHA mortar: 117%; Water requirement of ground RHA mortar: 110%,,Non-ground RHA mortar (28 days): 72%; Ground RHA mortar (7 days): 82%; Ground RHA mortar (28 days): 97%,,,"0, 10, 20, 30",Up to 20,"Mix A23-10: 1-day = 41, 3-day = 59, 7-day = 62, 14-day = 63, 28-day = 66, 56-day = 69, 91-day = 74; 
Mix A35-00: 1-day = 30, 3-day = 50, 7-day = 46, 14-day = 54, 28-day = 56, 56-day = 60, 91-day = 67; 
Mix A35-10: 1-day = 27, 3-day = 47, 7-day = 41, 14-day = 52, 28-day = 61, 56-day = 62, 91-day = 67; 
Mix A35-20: 1-day = 26, 3-day = 38, 7-day = 47, 14-day = 52, 28-day = 60, 56-day = 61, 91-day = 69; 
Mix A35-30: 1-day = 19, 3-day = 32, 7-day = 43, 14-day = 51, 28-day = 54, 56-day = 60, 91-day = 64; 
Mix A47-10: 1-day = 16, 3-day = 26, 7-day = 37, 14-day = 40, 28-day = 47, 56-day = 51, 91-day = 56",,,,,,,,,,,,,°C,,h,,°C,,,h,,,,,,,,µm,,,,,,,%,,%,%,%,%,%,%,%,%,,,,%,,%,,,%,%,MPa,,,,,,,,,
15,Study on Strength Characteristics of High Strength Rice Husk Ash Concrete,"RAVANDE KISHORE, V.BHIKSHMA AND P.JEEVANA PRAKASH",Procedia Engineering,2011,10.1016/j.proeng.2011.07.335,Rice Husk Ash,Rice Husk,Burning / Incineration,,,,,,,,,,,"0.36 (for M40), 0.35 (for M50)",,,,,,,,,,2.27,,80-85%,,,,,,,,,,,,,Highly reactive,,,,,"0%, 5%, 10%, 15%",10%,"M40 7-Day: 37.20 (0%), 35.34 (5%), 34.12 (10%), 30.36 (15%)
M40 28-Day: 50.80 (0%), 48.26 (5%), 44.72 (10%), 43.18 (15%)
M40 90-Day: 51.74 (0%), 49.15 (5%), 47.08 (10%), 45.04 (15%)
M50 7-Day: 48.31 (0%), 42.00 (5%), 38.40 (10%), 37.37 (15%)
M50 28-Day: 59.37 (0%), 56.40 (5%), 53.43 (10%), 50.46 (15%)
M50 90-Day: 62.50 (0%), 58.36 (5%), 56.40 (10%), 52.50 (15%)",,,,,,"M40 28-Day: 4.87 (0%), 4.40 (5%), 4.34 (10%), 4.17 (15%)
M50 28-Day: 5.36 (0%), 4.87 (5%), 4.76 (10%), 4.72 (15%)",,,,,,,,,,,,,,,,,,,,,,,,,,,,,%,,,,,,,,,,,,,,,,,,%,%,MPa,,,,,,MPa,,,
16,Mechanical properties and durability assessment of rice husk ash concrete,"Rahmat Madandoust, Malek Mohammad Ranjbar, Hamed Ahmadi Moghadam, Seyed Yasin Mousavi",Biosystems Engineering,2011,10.1016/j.biosystemseng.2011.07.009,Rice Husk Ash (RHA),Rice husk,Burning heaped up rice husk obtained from controlled pre-processing / controlled burning / incinerating,Temperature in the range of 650°C,Mechanical grinding,Ground in laboratory batch 2ball mill; passing through sieve No. 325 (sieve opening 45 µm),,,,Laboratory batch 2ball mill,,,,0.53,Mostly angular edged grains with different particle sizes; passing through sieve No. 325 (45 µm),,,,,,,376.8,,,429.1,90.9,0.8,0.83,0.6,0.56,,,,,Na?O + K?O: 1.55,"Amorphous silica, Cristobalite, Tridymite, Quartz",,High content of amorphous silica,,81.25,,,,"0, 5, 10, 15, 20, 25, 30",20,"NC: 35.4 (28-d), 43.5 (90-d), 46.0 (270-d), 47.0 (360-d)
CR5: 33.6 (28-d)
CR10: 32.4 (28-d)
CR15: 32.1 (28-d), 42.5 (90-d), 46.4 (270-d), 47.5 (360-d)
CR20: 30.8 (28-d), 41.7 (90-d), 46.7 (270-d), 47.8 (360-d)
CR25: 29.7 (28-d), 38.5 (90-d), 45.6 (270-d), 43.7 (360-d)
CR30: 26.6 (28-d)","28 days:
CR5: 95%
CR10: 92%
CR15: 88%
CR20: 85%
CR25: 79%
CR30: 74%

CR20 at specific ages:
3 days: 65%
90 days: 96%
180 days: 98%
360 days: 102%",,,,,,,,,,,,°C,,µm,,,,,,,,,µm,,,,,,,m²kg?¹,,,kg m?³,wt.%,wt.%,wt.%,wt.%,wt.%,,,,,wt.%,,,,,%,,,,%,%,MPa,%,,,,,,,,
17,The study of using rice husk ash to produce ultra high performance concrete,"Nguyen Van Tuan, Guang Ye, Klaas van Breugel, Alex L.A. Fraaij, Bui Danh Dai",Construction and Building Materials,2011,10.1016/j.conbuildmat.2010.11.046,Rice Husk Ash (RHA),Rice husk from Vietnam,"Burnt in a drum incinerator under uncontrolled combustion conditions, followed by grinding in a vibrating ball mill or planetary ball mill.","Vibrating ball mill grinding time: 30 min (for 9 µm), 60 min (for 6.3 µm), 90 min (for 5.6 µm); Planetary ball mill grinding time: 3 h (for 3.6 µm).",Mechanical activation,,,,,Ball milling (vibrating ball mill / planetary ball mill),30; 60; 90; 180,,,"0.18 (also studied 0.15, 0.20, 0.23)",Particle size distribution shown in Fig. 1,,,,3.6; 5.6; 6.3; 9.0 (General range reported as 5 to 10),>250,,,,,,87.96 (General range reported as 90-96),,,,,,,,3.81,,Amorphous,,87.96,"Classified as ""a highly active pozzolan""",,,RHA stimulates cement hydration as determined by isothermal calorimetry,,0; 5; 10; 15; 20; 30,10% (in combination with 10% SF for maximum synergic effect); 20% (for RHA binary blend at 28 and 91 days),"Binary RHA (5.6 µm, w/b=0.18):
- 10% RHA: 134.5 (3d), 152.0 (7d), 165.0 (28d), 178.0 (91d)
- 20% RHA: 122.0 (3d), 143.0 (7d), 175.0 (28d), 186.0 (91d)
Ternary (10% SF + RHA 5.6 µm, w/b=0.18):
- 10% SF + 0% RHA: 123.0 (3d), 152.0 (7d), 170.0 (28d), 194.0 (91d)
- 10% SF + 10% RHA: 135.5 (3d), 159.5 (7d), 185.5 (28d), 205.5 (91d)
- 10% SF + 20% RHA: 105.0 (3d), 136.0 (7d), 165.0 (28d), 171.5 (91d)
- 10% SF + 30% RHA: 85.5 (3d), 118.5 (7d), 154.0 (28d), 167.0 (91d)
Effect of RHA Fineness (20% RHA, w/b=0.18):
- 3.6 µm: 96.0 (1d), 147.0 (3d), 155.0 (7d), 180.0 (28d), 205.0 (91d)
- 5.6 µm: 81.0 (1d), 122.0 (3d), 143.0 (7d), 175.0 (28d), 186.0 (91d)
- 6.3 µm: 80.0 (1d), 102.0 (3d), 135.0 (7d), 161.0 (28d), 178.0 (91d)
- 9.0 µm: 51.0 (1d), 96.0 (3d), 115.0 (7d), 134.0 (28d), 156.0 (91d)
(Note: Values extracted from Graphs/Figures)",,,,,,,,,,,,,,,,,,,,min,,,,,,,,µm,m2/g,,,,,,%,,,,,,,,%,,,,%,,,,,,% by weight,% by weight,MPa,%,,%,min / h,min / h,MPa,%,,%
18,Production of rice husk ash for use in concrete as a supplementary cementitious material,"M.F.M. Zain, M.N. Islam, F. Mahmud, M. Jamil",Construction and Building Materials,2011,10.1016/j.conbuildmat.2010.07.003,Rice husk ash (RHA),Rice husk,"Three combustion methods (A, B, C) and two grinding methods using a Los Angeles machine","Method A: Fire duration 60 min, Air supply duration 90 min, Chilling duration 1 day. Method B: Fire duration 30 min, Air supply duration 60 min, Chilling duration 1 day. Method C: Fire duration 30 min, Air supply duration 60 min, Chilling duration 2 days. Grinding: ~5.0 kg of ash per grinding.",,,,,,,,,,,,,,,"49.00 (15 min grinding), 40.97 (60 min grinding), 16.63 (120 min grinding)",,,,,,,"79.84 (Method A), 80.72 (Method B), 86.49 (Method C)","1.16 (Method A), 1.10 (Method B), 0.56 (Method C)","0.14 (Method A), 0.08 (Method B), 0.01 (Method C)","0.55 (Method A), 0.55 (Method B), 0.91 (Method C)","0.19 (Method A), 0.18 (Method B), 0.13 (Method C)","0.01 (Method A), 0.04 (Method B), 0.00 (Method C)","0.08 (Method A), 0.00 (Method B), 0.05 (Method C)","2.90 (Method A), 3.14 (Method B), 2.70 (Method C)","14.26 (Method A), 13.22 (Method B), 8.45 (Method C)","P2O5: 0.80 (A), 0.90 (B), 0.69 (C); TiO2: 0.06 (A), 0.07 (B), 0.07 (C); MnO: 0.07 (A), NULL (B), NULL (C)",Amorphous silica,,,,,,,,,,,,,,,,,,,,,,,"min, day, kg",,,,°C,,,minute,,,,,?m,?m,?m,?m,,,,,,,%,%,%,%,%,%,%,%,%,%,,,,,,,,,,,MPa,%,,%,,,MPa,%,,%
19,Concrete incorporating rice-husk ash without processing,"R. Zerbino, G. Giaccio, G.C. Isaia",Construction and Building Materials,2011,10.1016/j.conbuildmat.2010.06.016,"Natural RHA (NRHA), Grinded RHA (GRHA), Residual RHA",Rice husk / Open field burning residual RHA,Open field burning (for raw ash production); Drying and homogenizing for NRHA; Laboratory ball mill grinding for GRHA,Ball mill grinding for 1 hour (for GRHA),Mechanical activation (ball mill grinding for GRHA; mixing together with coarse aggregates for NRHA),1 hour in laboratory ball mill (GRHA) / 2 to 8 minutes mixing with coarse aggregates (NRHA),,,,Laboratory ball mill grinding (GRHA) / Aggregate-interparticle grinding during mixing (NRHA),1 hour (GRHA),,,"0.45, 0.55, 0.65 (Preliminary series); 0.55 (Main program)","Passing #50: 47% (NRHA Original), 81% (NRHA after 10 min mixing), 100% (GRHA); Passing #100: 23% (NRHA Original), 39% (NRHA after 10 min mixing), 100% (GRHA); Passing #200: 18% (NRHA Original), 15% (NRHA after 10 min mixing), 95% (GRHA)",,,,Main size ranged between 4 and 6 ?m (up to 100 ?m) for GRHA,,,,,,,95.04 (NRHA); 94.84 (GRHA),1.25 (NRHA); 1.32 (GRHA),0.30 (NRHA); 0.39 (GRHA),0.44 (NRHA); 0.54 (GRHA),0.45 (NRHA); 0.40 (GRHA),0.01 (NRHA); 0.01 (GRHA),0.09 (NRHA); 0.11 (GRHA),1.40 (NRHA); 1.45 (GRHA),0.51 (NRHA); 0.25 (GRHA),,"Vitreous material, Cristobalite",Cristobalite,Significant amount of vitreous material,Important pozzolanic capacity (GRHA) / Pozzolanic contribution observed,,,,,"15, 25",15,"Preliminary Series (w/b 0.45, 0.55, 0.65 at 7, 28, 90, 365 d):
GRAPH-DERIVED

Main Program (28-day, 100 L batches, w/b 0.55):
G15: 33.3
N15: 30.3","Residual after 500 °C (% of 28-d control/reference):
G15: 102
N15: 87

Residual after 700 °C:
G15: 46
N15: 40",,,,,"Matrix Modulus of Rupture (MMR):
21-day: G (7.3), N (6.4)
110-day: G (8.4), N (7.4)

Interfaces Modulus of Rupture (IMR):
21-day: G (2.8), N (2.6)
110-day: G (3.4), N (3.1)",,~350 to 400 (at 500 days),,,,,hours,,,,,,,hours,,,,%,,,,?m,,,,,,,%,%,%,%,%,%,%,%,%,,,,,,,,,,%,%,MPa,%,,,,,MPa,,?m/m (10??),
20,Strength of Mortar and Concrete as Influenced by Rice Husk Ash: A Review,"M.R. Karim, M.F.M. Zain, M. Jamil, F.C. Lai, M.N. Islam",World Applied Sciences Journal,2012,10.5829/idosi.wasj.2012.19.10.533,Rice husk ash (RHA),Rice husk,Combustion / Burning / Incineration,burning temperature < 700°C,,,,,,,,,,,,,,,5 to 10,20 to 50,28800,4750; 5750; 11200,,2.0 to 2.4,,>80,0.4 to 3.82,0.15 to 2.1,0.1 to 0.93,0.1 to 0.35,0.1 to 0.9,0.0 to 3.14,0.0 to 3.6,0.9 to 8.65,,,Non-crystalline silica / Amorphous silica,85% to 95%,High,,,,Jander diffusion equation kinetic parameter,2030%,2030%,,,,,,,,,,,,,,°C,,,,,,,,,,,,,,,µm,m²/kg,m²/kg,cm²/g,,,,wt. %,wt. %,wt. %,wt. %,wt. %,wt. %,wt. %,wt. %,wt. %,,,,wt. %,,,,,,%,%,,,,,,,,,,
21,Reduction in environmental problems using rice-husk ash in concrete,"Rawaid Khan, Abdul Jabbar, Irshad Ahmad, Wajid Khan, Akhtar Naeem Khan, Jahangir Mirza",Construction and Building Materials,2012,10.1016/j.conbuildmat.2011.11.028,Rice-husk ash (RHA),Rice-husk,"Thermal treatment (controlled burning/incineration) followed by cooling, rod mill grinding, and sieving",Burning temperature: 800 °C; Yield: 22%; Cooling method: Rapid cooling (21±1 °C in trays) or Slow cooling (left in incinerator); Sieve mesh size: 200 or 325 µm,Thermal treatment; Mechanical activation (grinding),Temperature: 800 °C; Grinding apparatus: Rod mill,,800,,Rod mill grinding,,,Rapid cooling at 21±1 °C or slow cooling in incinerator,0.70; 0.77; 0.87; 0.95; 0.7,,,,,,,,,,2.1,,Rapid cooled: 84.00; Slow cooled: 89.50,Rapid cooled: 0.60; Slow cooled: 0.30,Rapid cooled: 1.39; Slow cooled: 0.40,Rapid cooled: 2.01; Slow cooled: 2.86,Rapid cooled: 0.85; Slow cooled: 0.25,,,,Rapid cooled: 5.85; Slow cooled: 4.0,,Amorphous hump; Crystalline SiO2 (major peak at 26.64° 2-theta),"Amorphous silica, Crystalline silica (SiO2)",,Slow cooled RHA: 2.34; Rapid cooled RHA: 2.90,,,Low heat of hydration,Neutralisation of NaOH,"25, 40, 50 (without SP); 25, 40 (with SP); 25, 30, 40 (beams/mortars)",25,"Concrete without SP (3-d, 7-d, 14-d, 28-d):
0% RHA: 13.40, 16.08, 21.34 MPa (7-d, 14-d, 28-d);
25% RHA: 5.97, 8.31, 10.86, 15.38 MPa;
40% RHA: 4.28, 6.57, 8.52, 11.46 MPa;
50% RHA: 4.68, 3.06, 6.72, 8.92 MPa.

Concrete with SP (7-d, 14-d, 28-d):
0% RHA: 13.40, 16.08, 21.34 MPa;
25% RHA: 12.27, 15.28, 21.10 MPa;
40% RHA: 9.79, 12.06, 17.10 MPa.

Mortar after 70-d immersion in Sulphate solution:
0% RHA: ~42 MPa; 25% RHA: ~47 MPa; 30% RHA: ~45 MPa; 40% RHA: ~41 MPa (GRAPH-DERIVED).

Mortar after 70-d immersion in Chloride solution:
0% RHA: ~20 MPa; 25% RHA: ~21.5 MPa; 30% RHA: ~20.5 MPa; 40% RHA: ~19 MPa (GRAPH-DERIVED).","Without SP (3-d, 7-d, 14-d, 28-d):
100/0: 100%, 100%, 100%, 100%;
75/25: ~67%, ~62%, ~68%, ~72%;
60/40: ~48%, ~49%, ~53%, ~54%;
50/50: ~34%, ~35%, ~42%, ~42% (GRAPH-DERIVED).

With SP (7-d, 14-d, 28-d):
100/0: 100%, 100%, 100%;
75/25: ~93%, ~95%, ~99%;
60/40: ~73%, ~75%, ~80% (GRAPH-DERIVED).",,,,,"Load at failure (kN):
0% RHA: 54 kN (text) / ~54 kN (graph);
25% RHA: 51 kN (text) / ~51 kN (graph);
30% RHA: ~47 kN;
40% RHA: ~32 kN (GRAPH-DERIVED).",,,,,,,,,,,°C,,,,,,,,,,,,,,,,,,%,%,%,%,%,,,,%,,,,,m mol/g,,,,m mol/g,%,%,MPa,%,,,,,kN,,,
22,Effect of Rice Husk Ash (RHA) as Partial Replacement of Cement on Concrete Properties,C.Marthong,International Journal of Engineering Research & Technology (IJERT),2012,,Rice Husk Ash (RHA),Rice husk,Furnace burning and grinding,Cooled inside furnace for about 24 hours; Grinding using a Los Angeles machine,,,,,,,,,,0.38,5% residue on 90 micron sieve size,,,,,,,,,2.53,,75.0,3.3,1.29,0.78,0.22,,0.4,1.50,3.67,Moisture contents: 2.15 %; MnO: 0.2 %; P2O5: 0.59 %; Total SiO2 + Fe2O3 + Al2O3: 77.58 %,,,,,,,,,"0, 10, 20, 30, 40","10% (by optimum strength performance); Up to 20% (for potential usage, strength and durability); Up to 10% by volume (in conclusions)","33 Grade OPC - 7 Days: 27 (0%), 18 (10%), 14 (20%), 11 (30%), 9 (40%); 28 Days: 38.8 (0%), 32 (10%), 24 (20%), 20 (30%), 17 (40%); 56 Days: 42 (0%), 36 (10%), 30 (20%), 25 (30%), 22 (40%); 90 Days: 44 (0%), 39 (10%), 33 (20%), 29 (30%), 26 (40%);
43 Grade OPC - 7 Days: 29 (0%), 20 (10%), 16 (20%), 14 (30%), 13 (40%); 28 Days: 41 (0%), 34 (10%), 29 (20%), 25 (30%), 23 (40%); 56 Days: 45 (0%), 39 (10%), 34.5 (20%), 31 (30%), 28 (40%); 90 Days: 47 (0%), 42.5 (10%), 38 (20%), 35 (30%), 32 (40%);
53 Grade OPC - 7 Days: 27 (0%), 20 (10%), 16 (20%), 14 (30%), 11 (40%); 28 Days: 39 (0%), 34 (10%), 29 (20%), 25 (30%), 20 (40%); 56 Days: 43 (0%), 39 (10%), 35 (20%), 31 (30%), 26 (40%); 90 Days: 45 (0%), 41.5 (10%), 38 (20%), 33 (30%), 29 (40%)",28 Days (43 & 53 grades): ~60%; 28 Days (33 grade): ~50%; 90 Days (43 & 53 grades): ~75%; 90 Days (33 grade): ~55%,,,"33 Grade OPC: 90 min (0% RHA), 170 min (10% RHA), 190 min (20% RHA), 220 min (30% RHA), 250 min (40% RHA);
43 Grade OPC: 80 min (0% RHA), 140 min (10% RHA), 160 min (20% RHA), 180 min (30% RHA), 220 min (40% RHA);
53 Grade OPC: 70 min (0% RHA), 130 min (10% RHA), 150 min (20% RHA), 165 min (30% RHA), 185 min (40% RHA)","33 Grade OPC: 260 min (0% RHA), 365 min (10% RHA), 400 min (20% RHA), 460 min (30% RHA), 530 min (40% RHA);
43 Grade OPC: 240 min (0% RHA), 350 min (10% RHA), 370 min (20% RHA), 430 min (30% RHA), 480 min (40% RHA);
53 Grade OPC: 230 min (0% RHA), 330 min (10% RHA), 350 min (20% RHA), 395 min (30% RHA), 440 min (40% RHA)",,,The shrinkage of specimens with 40% RHA content measured at the age of 90 days found to be same as that of pure concrete at each proportion.,Same as pure concrete (100% of control),,,,,,,,,,,,,,,%,,,,,,,,,,,%,%,%,%,%,,%,%,%,%,,,,,,,,,%,%,MPa,%,,,Minutes,Minutes,,,,%
23,Utilization Of Rice Husk Ash,"S. D. Nagrale, Dr. Hemant Hajare, Pankaj R. Modak",International Journal of Engineering Research and Applications (IJERA),2012,,Rice Husk Ash (RHA),Rice Husk,Combustion and Grinding,Combustion temperature < 700 °C,Mechanical Activation (Grinding),,,,,Ball or hammer mills grinding,,,,"0.45, 0.50, 0.60",,,,,63.8,,,,,2.11,,62.5-97.6,0.1-1.31,,0.54,0.01-1.96,,0.01-1.58,0.1-2.54,,P2O5: 0.01-2.69; SiO3: 0.1-1.23; Carbon: 2.71-6.42,,Amorphous silica,85%-90%,Highly reactive,,,,,15%,,"7.42 (7d, w/c=0.45); 20.11 (14d, w/c=0.45); 23 (21d, w/c=0.45); 24.5 (28d, w/c=0.45); 7.26 (7d, w/c=0.5); 19.778 (14d, w/c=0.5); 22.5 (21d, w/c=0.5); 23.8 (28d, w/c=0.5); 7.18 (7d, w/c=0.6); 10 (14d, w/c=0.6); 14.05 (21d, w/c=0.6); 18.65 (28d, w/c=0.6)",,,,,,,,,,,,,°C,,,,,,,,,,,,,,,µm,,,,,,,%,%,,%,%,,%,%,,%,,,%,,,,,,%,,N/mm²,,,,,,,,,
24,STRUCTURAL PROPERTIES OF RICE HUSK ASH CONCRETE.,"Godwin A. Akeke, Maurice E. Ephraim, Akobo, I.Z.S and Joseph O. Ukpata.",International Journal of Engineering and Applied Sciences,2013,,Rice Husk Ash (RHA),Rice Husk,Open air and uncontrolled burning process,Burnt for approximately 48hrs; Temperature in the range of 400-600°C; Sieved through BS standard sieve size 75µm; Grey colour,,,,,,,,,,,,,,,,,,,,1.5 - 1.56 (Average: 1.55),20,,,,,,,,,,,,,,,,,,,10; 20; 25,10,"10% replacement: 12 (7 days), 14 (14 days), 18 (21 days), 22 (28 days); 20% replacement: 11 (7 days), 13 (14 days), 18 (21 days), 20 (28 days); 25% replacement: 10 (7 days), 12 (14 days), 14 (21 days), 19 (28 days)",,,,,,10% replacement: 3.0 (28 days); 20% replacement: 2.5 (28 days); 25% replacement: 2.4 (28 days),,,,,,,,,,,,,,,,,,,,,,,,,,,,kg/m³,,,,,,,,,,,,,,,,,,,%,%,N/mm²,,,,,,N/mm²,,,
25,Pozzolanic contribution of rice husk ash in cementitious system,"M. Jamil, A.B.M.A. Kaish, S.N. Raman, M.F.M. Zain",Construction and Building Materials,2013,http://dx.doi.org/10.1016/j.conbuildmat.2013.05.088,Rice husk ash (RHA),Rice husk / Outer shell of rice grain,Combustion / Incineration and grinding,High temperature incineration above 900°C (mentioned in context of phase changes),,,,,,,,,,,,,,,,,,,,,,,,,,,,,,,"Foreign compounds (Ca+, K+) present in very small percentages",Amorphous / Crystalline,Silica (SiO2),Up to 95% or even 100%,Highly reactive,,,,Molar ratio of SiO2 and Ca(OH)2 (S/CH ratio) = 0.54054,"5, 10, 12, 14.298, 15, 20, 25, 30; (for other cement types/impurities: 11.556, 13.0435, 13.95, 14.683, 14.938, 15.638, 16.407, 17.256, 18.197, 19.246)",14.3 (for 100% amorphous RHA with ASTM Type-I cement),,,,,,,,,,,,,,,,,,,,,,,,,,,,,,,,,,,,,,,,,,,,,,,,%,,,,,,%,%,,,,,,,,,,
26,Experimental Investigations of Performance Characteristics of Rice Husk AshBlended Concrete,A. Muthadhi and S. Kothandaraman,Journal of Materials in Civil Engineering,2013,10.1061/(ASCE)MT.1943-5533.0000656,Rice Husk Ash (RHA),Rice husk,Incinerated in an electrical box furnace followed by fine grinding in a ball mill,Incineration temperature of 500°C for 120 min,Thermal treatment and mechanical activation (grinding),"Incineration temperature: 500°C, Duration: 120 min; Finely ground in a ball mill",,500,120,Fine grinding in a ball mill,,,,"0.30, 0.33, 0.36, 0.44",,,,,< 45,50.1,,,,,,approximately 90,,,,,,,,2.27,Trace elements,Amorphous,Silica and trace elements,Amorphous,High / Maximum pozzolanicity,,,,Accelerates hydration process in wet phase by providing nucleation sites,"10, 15, 20, 30",20,"3-day: 31.4 to 61.7
7-day: 39.6 to 72.0
28-day: 45.5 to 87.0
60-day: 51.8 to 92.0",,,,,,,,,,,,,"°C, min",,"°C, min",,°C,min,,,,,,,,,,µm,m²/g,,,,,,%,,,,,,,,%,,,,,,,,,,%,%,MPa,,,,,,,,,
27,The Effect Of Rice Husk Ash Used As Supplementary Cementing Material On Strength Of Mortar,"Jayanti Rajput, R.K. Yadav, R. Chandak",International Journal of Engineering Research and Applications (IJERA),2013,,Rice Husk Ash (RHA),Rice Husk,Controlled Burning,,,,,,,,,,,,,,,,,,,,,,,83.6,0.84,0.76,0.64,0.40,0.69,,,14.2,Particles retained on 45 micron IS sieves (Wet Sieving): 27.13,,,,,,,,,"5%, 10%, 15%, 20%, 25%, 30%",10%,"0% RHA: 24 (3d), 37 (7d), 50 (28d); 5% RHA: 21 (3d), 37 (7d), 49 (28d); 10% RHA: 22 (3d), 36 (7d), 48 (28d); 15% RHA: 12 (3d), 23 (7d), 33 (28d); 20% RHA: 4 (3d), 9 (7d), 17 (28d); 25% RHA: 1 (3d), 4 (7d), 9 (28d); 30% RHA: 1 (3d), 4 (7d), 6 (28d)",,,,,,,,,,,,,,,,,,,,,,,,,,,,,,,,,,,% W/W,% w/w,% w/w,% W/W,% w/w,% W/W,,,% W/W,% Max.,,,,,,,,,% by weight,% by weight,N/mm^2,,,,,,,,,
28,Rice husk ash (RHA) effectiveness in cement and concrete as a function of reactive silica and fineness,"S.K. Antiohos, V.G. Papadakis, S. Tsimas",Cement and Concrete Research,2014,10.1016/j.cemconres.2014.04.001,Rice husk ash (RHA),Rice husks,Burning of rice husks,Burning temperature for RHA12 was slightly lower by approximately 50°C than for RHA8,Mechanical Activation (Grinding),Grinding in a lab ball mill,,,,Ball mill grinding,,,Target Blaine fineness levels of 4000 cm²/g (P level) and 7000 cm²/g (U level),"Mortar: W/C_M = 0.5; Concrete (Cement Replacement): 0.60; Concrete (Aggregate Replacement): 0.50, 0.55",,,,,,,,RHA8-P: 3820; RHA12-P: 3930; RHA8-U: 7000; RHA12-U: 6550,,,,RHA8: 89.47; RHA12: 93.15,RHA8: 1.10; RHA12: 0.89,RHA8: 0.18; RHA12: 0.13,RHA8: 0.25; RHA12: 0.18,RHA8: 0.44; RHA12: 0.40,RHA8: 0.11; RHA12: 0.10,RHA8: 620.00; RHA12: 160.00,RHA8: 1.32; RHA12: 1.63,RHA8: 4.06; RHA12: 5.61,"Moisture: RHA8 0.01, RHA12 0.01 (% by mass); P2O5: RHA8 0.74, RHA12 0.51 (% by mass); Cl: RHA8 910.00, RHA12 410.00 (ppm)","Cristobalite, SiO2",Cristobalite,"Glass phase: RHA8 58.67, RHA12 63.71; Amorphous silica: RHA12 increased by approximately 7% over RHA8","Reactive SiO2: RHA8 52.38%, RHA12 59.15%; Fratini test: system 10RHA8 above saturation curve, all other ground systems below saturation curve",,,,"Active ratio (ys): RHA8 58.57%, RHA12 63.50%; Fixed Lime (28d, 20% rep, P-level): 26.6%; Reacted fraction at 90d: >50% (>0.50); Concrete Efficiency Factor k-value (28d): 0.7 (RHA8), 0.8 (RHA12)","Mortar: 10%, 20%, 30%; Concrete: 10%, 20%",1015% by cement weight,"Mortar (P-level):
 RHA8-10%: 2d: 22.0, 7d: 34.6, 28d: 47.8, 90d: 57.9
 RHA8-20%: 2d: 18.9, 7d: 31.8, 28d: 40.8, 90d: 55.7
 RHA8-30%: 2d: 14.9, 7d: 24.8, 28d: 39.7, 90d: 48.1
 RHA12-10%: 2d: 21.0, 7d: 33.8, 28d: 44.4, 90d: 58.5
 RHA12-20%: 2d: 18.8, 7d: 31.3, 28d: 44.7, 90d: 57.2
 RHA12-30%: 2d: 15.5, 7d: 25.3, 28d: 39.8, 90d: 48.5
Mortar (U-level):
 RHA8_U-10%: 2d: 20.5, 7d: 36.4, 28d: 50.7
 RHA8_U-20%: 2d: 18.9, 7d: 32.3, 28d: 49.5
 RHA8_U-30%: 2d: 16.1, 7d: 28.3, 28d: 47.3
 RHA12_U-10%: 2d: 22.8, 7d: 38.2, 28d: 53.8
 RHA12_U-20%: 2d: 19.8, 7d: 33.6, 28d: 51.4
 RHA12_U-30%: 2d: 17.1, 7d: 30.1, 28d: 48.8",,,,,,,,,,,,,°C,,,,,,,,,cm²/g,,,,,,,,,cm²/g,,,,% by mass,% by mass,% by mass,ppm,% by mass,% by mass,ppm,% by mass,% by mass,% by mass / ppm,,,%,% / -,,,,% / dimensionless,%,%,MPa,%,,,,,,,,
29,Effect of Rice Husk Ash on Properties of Concrete,"Makarand Suresh Kulkarni, Paresh GovindMirgal, Prajyot Prakash Bodhale, S.N. Tande",Journal of Civil Engineering and Environmental Technology,2014,,Rice Husk Ash (RHA) / R.H.A. / Silpoz,Residual RHA obtained from open field burning; Trade name Silpoz,"Open field burning, drying, homogenization, and grinding in a laboratory ball mill","Dried, homogenized; ground in a laboratory ball mill for 1 hour",Mechanical Activation (Grinding),Grinding in a laboratory ball mill for 1 hour,,,,Grinding in a laboratory ball mill,1,,,0.45,< 45,,,,,,,,,2.3,,86.94,03.-2.2,0.2,0.1,0.2-0.6,,0.1-0.8,2.15-2.30,3.15-4.4,,,Non Crystalline,,,,,,,"0, 10, 20, 30",20,"7 days: M0 = 27.2, M1 = 27.8, M2 = 28.3, M3 = 27.4;
28 days: M0 = 37, M1 = 42.8, M2 = 39.8, M3 = 37","7 days: M0 = 0, M1 = 2, M2 = 4, M3 = 0.73;
28 days: M0 = 0, M1 = 15.67, M2 = 7.56, M3 = 0",,,,,,,,,,,,,,,,,,,hour,,,,micron,,,,,,,,,,,%,%,%,%,%,,%,%,%,,,,,,,,,,%,%,N/mm^2,%,,,,,,,,
30,USE OF RICE HUSK ASH AS PARTIAL REPLACEMENT FOR CEMENT IN CONCRETE,"OBILADE, I.O.",International Journal of Engineering and Applied Sciences,2014,,Rice Husk Ash (RHA),Rice Husk,"Burnt under guided or enclosed place, ground, and sieved",Sieved through 600 ?m sieve,Grinding,,,,,Grinding,,,,,,,,,,,,,,,,,,,,,,,,,,,,,,,,,,"0, 5, 10, 15, 20, 25",0-20,"7 days: 17.51 (0%), 16.88 (5%), 12.01 (10%), 11.24 (15%), 10.86 (20%), 7.95 (25%); 14 days: 21.60 (0%), 17.44 (5%), 12.83 (10%), 12.55 (15%), 11.51 (20%), 8.98 (25%); 28 days: 29.15 (0%), 27.68 (5%), 20.88 (10%), 18.70 (15%), 18.59 (20%), 13.29 (25%)",,,,,,,,,,,,,?m,,,,,,,,,,,,,,,,,,,,,,,,,,,,,,,,,,,,,,,,%,%,N/mm²,,,,,,,,,
31,Use of Rice Husk Ash as Partial Replacement with Cement In Concrete- A Review,"Sourav Ghosal, S.C.Moulik",International Journal of Engineering Research,2015,,"Rice Husk Ash (RHA), rice husk ash",Rice husk,Combustion / Burning,Burning temperature between 600°C-700°C for 2 hours,Thermal Treatment,600°C-700°C for 2 hours,,600°C-700°C,2,Grounding / Grinding,,,,,,,,,,50-1000,,,,,,90-95 (or 90-96),,,,,,,1-3,,Unburnt carbon: <5,Amorphous materials / Amorphous silica,,Amorphous form / Mainly consists of amorphous materials,Good pozzolanic material,,,Reduces heat evolution,Capacity of the pozzolana towards fixing Ca(OH)2 generated during hydration,"7, 10, 15, 20",,"15.2-31.3 (7 days), 18.1-37.5 (28 days), 17-26 (7 days)","115 (7% RHA replacement), 170-180 (up to 20% replacement)",,,,,,,Decreases with increase in RHA percentage,,,,,,,,,°C,hours,,,,,,,,,,,m²/g,,,,,,%,,,,,,,%,,%,,,,,,,,,%,,MPa,%,,,,,,,,
32,Use of Rice Husk Ash in Concrete: A Review,"Mr. Amitkumar I. Gupta, Dr. Abhay S. Wayal",IOSR Journal of Mechanical and Civil Engineering (IOSR-JMCE),2015,10.9790/1684-12412931,"Rice Husk Ash (RHA), rice husk ash, RHA, controlled combustion (CRHA), partially crystalline RHA (RRHA)","Rice husk, Rice hulls","Controlled incineration, controlled combustion, dry milling",,Dry milling,,,,,Dry milling,,,,0.50,,,,,,,,,,,,"86.81, 91.00, 95.04, 90.90, 87.40, 87.32","1.04, NULL, 1.25, 0.80, 0.90, 0.48","0.50, 0.35, 0.30, 0.80, 0.40, 0.22","0.87, 0.41, 0.44, 0.60, 0.30, 0.28","0.85, 0.81, 0.45, 0.56, 0.60, 0.28","NULL, 1.21, 0.01, NULL, 0.40, NULL","0.69, 0.08, 0.09, NULL, NULL, 1.02","3.16, 3.21, 1.40, 1.55, 0.04, 3.14","4.60, 8.50, 0.51, NULL, 3.39, 4.60",,Opaline silica,,"Amorphous, partially crystalline","Active pozzolana, highly reactive pozzolana",,,,Reacts intensively with water and calcium hydroxide,"5 to 30, 10, 15, 20, 30","10 to 20 (overall); 10 (H. Thanh Le et al. 2014, H. Chao-Lung et al. 2011); 15 (Rodriguez de Sensale 2010); 20 (A. Muthadhi et al. 2013, Ganesan et al. 2007)",,,,,,,,,,,,,,,,,,,,,,,,,,,,,,,,,,,,Wt. %,Wt. %,Wt. %,Wt. %,Wt. %,Wt. %,Wt. %,Wt. %,Wt. %,,,,,,,,,,%,%,,,,,,,,,,
33,Study on Effect of Natural and Ground Rice-Husk Ash Concrete,V. Ponmalar and R. Albert Abraham,KSCE Journal of Civil Engineering,2015,10.1007/s12205-014-2019-4,Natural Rice Husk Ash (NRHA) and Ground Rice Husk Ash (GRHA),Rice-husk residue / Paddy rice husk,"Boiler-fired, industrial furnace thermal burning, and grinding / pulverizing","Thermal burning temperature: 650°C, Duration: 1 hour",Thermal activation (burning) and Mechanical activation (grinding/pulverizing),Burning at 650°C for 1 hour; Pulverized to pass 45 µm sieve completely,,650,1,Pulverizing / Grinding,,,,0.5,"Passing 45 µm: 60% (NRHA), 100% (GRHA); Passing 20 µm: 40% (NRHA), 80% (GRHA); Passing 10 µm: 20% (NRHA), 45% (GRHA); Passing 5 µm: 7% (NRHA), 27% (GRHA)",,,,240 x 140 (for Natural RHA),,,,,1.4 (Natural RHA); 0.45 (Ground RHA),,63.38 (Natural RHA); 92.26 (Ground RHA),0.10 (Natural RHA); 0.90 (Ground RHA),2.70 (Natural RHA); 3.70 (Ground RHA),0.32 (Natural RHA); 0.29 (Ground RHA),0.97 (Natural RHA); 0.95 (Ground RHA),,,0.12 (Natural RHA); 0.11 (Ground RHA),,"Reactive silica: 60.30 (Natural RHA), 90.32 (Ground RHA)",Amorphous crystal structure with 100% intensity peak at 21.84° theta,Amorphous silica,Amorphous in nature,High reactive pozzolan,,,,Rapidly consuming calcium hydroxide,"10, 15, 20",10 (for Natural RHA); 15 (for Ground RHA),GRHA-10 (28 days): 39.2,NRHA-10 (28 days): 104.3% (+4.3% improvement); GRHA-10 (28 days): 107.4% (+7.4% improvement); GRHA-15 (28 days): 111.4% (+11.4% improvement),,,,,,,,,,,,"°C, hour",,"°C, hour, %",,°C,hour,,,,,,%,,,,µm,,,,,,,%,%,%,%,%,,,%,,%,°Theta,,,,,,,,%,%,MPa,%,,,,,,,,
34,Experimental investigation on rice husk ash as cement replacement on concrete production,"Josephin Alex, J. Dhanalakshmi, B. Ambedkar",Construction and Building Materials,2016,http://dx.doi.org/10.1016/j.conbuildmat.2016.09.150,Rice husk ash (RHA),Rice husk,Uncontrolled combustion,40 kg of RHA obtained from 200 kg of rice husk,Mechanical activation (grinding),Grinding in a ball mill,,,,Ball mill grinding,"0, 15, 60",,,0.45,Shown in Figs. 2-4,,,,"RHA-A: 174.36 (0 min), 103.31 (15 min), 39.94 (60 min); RHA-B: 168.65 (0 min), 106.89 (15 min), 45.56 (60 min); RHA-C: 214.92 (0 min), 115.22 (15 min), 55.66 (60 min)","RHA-A: 25.86 (0 min), 41.52 (15 min), 109.38 (60 min); RHA-B: 25.68 (0 min), 42.66 (15 min), 96.67 (60 min); RHA-C: 20.15 (0 min), 37.52 (15 min), 77.67 (60 min)",,,,RHA-A: 2.11 ± 0.03; RHA-B: 2.10 ± 0.11; RHA-C: 2.14 ± 0.06,"RHA-A: 0.32 (0 min), 0.59 (15 min), 0.65 (60 min); RHA-B: 0.31 (0 min), 0.57 (15 min), 0.62 (60 min); RHA-C: 0.28 (0 min), 0.55 (15 min), 0.62 (60 min)","RHA-A: 60.17 (Unground), 59.7 (15 min), 60.68 (60 min); RHA-B: 57.96; RHA-C: 54.08",,"RHA-A: 0.6 (Unground), 0.06 (15 min), 0.02 (60 min); RHA-B: 0.44; RHA-C: 0.54","RHA-A: 0.55 (Unground), 0.56 (15 min), 0.1 (60 min); RHA-B: 0.49; RHA-C: 0.48",,,,"RHA-A: 0.39 (Unground), 0.58 (15 min), 0.44 (60 min); RHA-B: 0.65; RHA-C: 0.68",RHA-A: 2.26 ± 0.06; RHA-B: 2.23 ± 0.13; RHA-C: 2.46 ± 0.04,"Carbon (C): RHA-A: 3.28 (Unground), 3.86 (15 min), 3.64 (60 min); RHA-B: 4.01; RHA-C: 4.84. Oxygen (O): RHA-A: 35.01 (Unground), 35.24 (15 min), 35.12 (60 min); RHA-B: 36.45; RHA-C: 39.38",,Amorphous in nature,Amorphous,Chapelle activity: 622.96 to 1085.46,,,,,"10, 15, 20",20,"Mix 1: 28.5, Mix 2: 28.1, Mix 3: 27.5, Mix 4: 26.2, Mix 5: 26.5, Mix 6: 25.8, Mix 7: 23.5, Mix 8: 24.1, Mix 9: 23.2, Mix 10: 21.0, Mix 11: 20.8, Mix 12: 20.2, Mix 13: 26.8, Mix 14: 26.5, Mix 15: 26.3, Mix 16: 28.1, Mix 17: 28.5, Mix 18: 27.9, Mix 19: 20.5, Mix 20: 20.2, Mix 21: 19.8, Mix 22: 25.2, Mix 23: 25.5, Mix 24: 24.8, Mix 25: 29.8, Mix 26: 29.4, Mix 27: 29.2","7-day 10 wt% replacement: A-U (112.89%), B-U (113.92%), C-U (110.31%); 7-day 15 wt% replacement: A-60 (106.51%), B-60 (107.22%), C-60 (104.9%); 14-day 10 wt% replacement: A-15 (108.27%), B-15 (106.89%), C-15 (106.27%); 28-day 10 wt% replacement: A-60 (106.77%), B-60 (105.33%), C-60 (104.61%)",,,,,,,,,,,,,,,,,,,min,,,,,,,,µm,m²/kg,,,,,g/cc,wt%,,wt%,wt%,,,,wt%,%,wt%,,,,mg Ca(OH)2/g RHA,,,,,wt%,wt%,N/mm²,%,,,,,,,,
35,Study on concrete with partial replacement of cement by rice husk ash,"N Kaarthik Krishna, S Sandeep, K M Mini",IOP Conference Series: Materials Science and Engineering,2016,10.1088/1757-899X/149/1/012109,Rice Husk Ash (RHA),Rice Husk,,,,,,,,,,,,0.55,,,,,,,,,,1.95,530,79.84,0.55,0.14,1.16,0.19,,0.08,2.90,,Carbon (C): 7.75,,,,,,,,,"5, 10, 15, 20",10,7-day (5% RHA): 14.3; 7-day (10% RHA): 15.6; 7-day (15% RHA): 12.9; 7-day (20% RHA): 11.5; 14-day (5% RHA): 18.4; 14-day (10% RHA): 19.5; 14-day (15% RHA): 15.9; 14-day (20% RHA): 12.4; 28-day (0% RHA): 27; 28-day (5% RHA): 24.8; 28-day (10% RHA): 29.3; 28-day (15% RHA): 17.6; 28-day (20% RHA): 16.03,5% RHA: -8.15%; 10% RHA: -8.51% [Note: text states +8.51% enhancement]; 15% RHA: -34.81%; 20% RHA: -40.62%,,,0% RHA: 55; 5% RHA: 41; 10% RHA: 32; 15% RHA: 29; 20% RHA: 24,0% RHA: 141; 5% RHA: 136; 10% RHA: 130; 15% RHA: 125; 20% RHA: 118,28-day (0% RHA): 2.11; 28-day (10% RHA): 2.53; 28-day (15% RHA): 1.94,10% RHA: 19.9%; 15% RHA: -8.06%,,,,,,,,,,,,,,,,,,,,,,,,,,,kg/m³,%,%,%,%,%,,%,%,,%,,,,,,,,,%,%,N/mm²,%,,,min,min,N/mm²,%,,
36,Analysis of the effects of rice husk ash on the hydration of cementitious materials,"Ki-Bong Park, Seung-Jun Kwon, Xiao-Yong Wang",Construction and Building Materials,2016,http://dx.doi.org/10.1016/j.conbuildmat.2015.12.086,Rice husk ash (RHA),Rice husk,Burning in a drum incinerator and grinding in a vibration ball mill,Burned in PCSIR drum incinerator; ground in a vibration ball mill for 45 min,Mechanical activation (Grinding),Ground in a vibration ball mill for 45 min,,,,Vibration ball mill,45,,,"0.18, 0.25, 0.40",,,,,7.3 (for w/b 0.25 and 0.4); 5.6 (for w/b 0.18),,,,,2.10,,87.96,1.14,0.30,0.52,,0.47,,3.29,3.81,,Amorphous silica,Amorphous SiO2,"80, 85, 90 (used in simulation study: ?s = 0.8, 0.85, 0.9)",Highly reactive pozzolanic material,,,,"Reaction degree of RHA (?RHA) at 2500 hours: ~0.42 (w/b 0.4, 20% RHA), ~0.36 (w/b 0.25, 20% RHA), ~0.21 (w/b 0.18, 20% RHA)","0%, 10%, 20%",,"w/b 0.18 (0% RHA): ~125 MPa (1d), ~135 MPa (3d), ~160 MPa (28d), ~172 MPa (91d); w/b 0.18 (10% RHA): ~135 MPa (1d), ~152 MPa (3d), ~165 MPa (28d), ~178 MPa (91d); w/b 0.18 (20% RHA): ~120 MPa (1d), ~141 MPa (3d), ~175 MPa (28d), ~186 MPa (91d)",,,,,,,,,,Unitless,Unitless,Unitless,Unitless,Unitless,Unitless,,,,Unitless,min,,,Unitless,,,,,?m,,,,,g/cm³,,% by weight,% by weight,% by weight,% by weight,,% by weight,,% by weight,% by weight,,Unitless,Unitless,%,Unitless,,,,Unitless,% by weight,,MPa,,,,,,,,,
37,The Effect of Incineration Temperature to the Chemical and Physical Properties of Ultrafine Treated Rice Husk Ash (UFTRHA) as Supplementary Cementing Material (SCM),"Siti Asmahani Saad, Muhd Fadhil Nuruddin, Nasir Shafiq, and Maisarah Ali",Procedia Engineering,2016,10.1016/j.proeng.2016.06.515,Ultrafine treated rice husk ash (UFTRHA) / treated rice husk ash / pretreated rice husk ash,Raw rice husk,"Thermochemical pretreatment using 0.1N hydrochloric acid (HCl), oven drying, conventional laboratory furnace incineration, and mechanical milling using planetary ball mill",Incineration temperatures: 700°C and 800°C; Retention time: 1 hour; Drying temperature: 110°C,Thermochemical pretreatment and mechanical activation,HCl concentration: 0.1N; Pretreatment heating temperature: 80°C; Pretreatment soaking duration: 1 to 4 hours; Milling duration: 15 minutes; Rotation speed: 300 rpm; Ball-to-powder ratio (BPR): 15:1,,"700°C, 800°C",1 hour,High energy planetary ball mill,15,300,"Pretreatment soaking duration: 1 hour, 2 hours, 3 hours, 4 hours; Pretreatment heating temperature: 80°C; Ball-to-powder ratio (BPR): 15:1",,"D10: 1.434, 1.377, 1.436, 1.181, 1.417, 1.641; D50: 4.552, 4.798, 4.508, 4.521, 4.493, 4.501; D90: 13.996, 15.470, 14.334, 17.637, 14.884, 15.331","1.434 (1h soaking, 700°C); 1.377 (1h soaking, 800°C); 1.436 (2h soaking, 700°C); 1.181 (2h soaking, 800°C); 1.417 (3h soaking, 700°C); 1.641 (3h soaking, 800°C)","4.552 (1h soaking, 700°C); 4.798 (1h soaking, 800°C); 4.508 (2h soaking, 700°C); 4.521 (2h soaking, 800°C); 4.493 (3h soaking, 700°C); 4.501 (3h soaking, 800°C)","13.996 (1h soaking, 700°C); 15.470 (1h soaking, 800°C); 14.334 (2h soaking, 700°C); 17.637 (2h soaking, 800°C); 14.884 (3h soaking, 700°C); 15.331 (3h soaking, 800°C)",,,,,,,,97.00 (700°C); 80.10 (800°C),0.46 (700°C); 0.48 (800°C),0.09 (700°C); NULL (800°C),0.25 (700°C); 13.70 (800°C),NULL (700°C); 0.89 (800°C),,,0.11 (700°C); 2.07 (800°C),,"P2O5: 1.63 (700°C), 2.12 (800°C); MnO: NULL (700°C), 0.24 (800°C); ZrO2: 0.25 (700°C), 0.12 (800°C)",,,97.00,,,,,,,,,,,,,,,,,,,,,,,,,°C,hour,,minutes,rpm,,,µm,µm,µm,µm,,,,,,,,%,%,%,%,%,,,%,,%,,,%,,,,,,,,,,,,,,,,,
38,Properties of bacterial rice husk ash concrete,"Rafat Siddique, Karambir Singh, Kunal, Malkit Singh, Valeria Corinaldesi, Anita Rajor",Construction and Building Materials,2016,http://dx.doi.org/10.1016/j.conbuildmat.2016.05.146,Rice husk ash (RHA),"KGR Agro Fusions Private Limited, Ludhiana, Punjab (India)",,,,,,,,,,,,0.5,,,,,,,,,,,,90.4,,1.7,1.6,0.7,,,,,alkali oxides: 3.2%,amorphous silica,,90.4,reactive pozzolanic material,,,,,"0, 5, 10, 15, 20",10,"Without Bacteria:
 R0: 22.5 (7 d), 32.8 (28 d), 36.5 (56 d)
 R5: 23.4 (7 d), 34.2 (28 d), 39.0 (56 d)
 R10: 24.3 (7 d), 36.1 (28 d), 41.4 (56 d)
 R15: 22.5 (7 d), 35.3 (28 d), 39.9 (56 d)
 R20: 20.8 (7 d), 33.1 (28 d), 38.0 (56 d)
With Bacteria (10^5 cells/mL):
 BR0: 23.4 (7 d), 35.8 (28 d), 40.8 (56 d)
 BR5: 24.5 (7 d), 38.0 (28 d), 43.0 (56 d)
 BR10: 25.8 (7 d), 40.0 (28 d), 46.8 (56 d)
 BR15: 24.1 (7 d), 38.5 (28 d), 44.0 (56 d)
 BR20: 21.3 (7 d), 36.3 (28 d), 42.2 (56 d)"," R10 vs Control: +8.7% (7 d), +10% (28 d), +13.4% (56 d)
 BR10 vs Control (R0): +10.2% (7 d), +11.8% (28 d), +14.7% (56 d)
 BR10 vs R10: +6.2% (7 d), +10.7% (28 d), +13% (56 d)
 Bacterial concrete overall vs Control: +9% (28 d), +11.8% (56 d)",,,,,,,,,,,,,,,,,,,,,,,,,,,,,,,,,,%,,%,%,%,,,,,%,,,%,,,,,,%,%,MPa,%,,,,,,,,
39,To Study Strength Characteristics of Concrete with Rice Husk Ash,"Paramveer Singh, Tarunbir Singh, Gurpreet Singh",Indian Journal of Science and Technology,2016,10.17485/ijst/2016/v9i47/105272,Rice Husk Ash (RHA),Rice Sheller,Processed to size less than 45 microns,Size less than 45 microns,,,,,,,,,,0.40,,,,,Less than 45,,,,,2.3,,,,,,,,,,,,,,,,,,,,"5, 10, 15, 20",10 (Compressive Strength and Flexural Strength); 5 (Split Tensile Strength),"7 Days: CM = 33.24, M-RHA5 = 34.67, M-RHA10 = 32.89, M-RHA15 = 31.11, M-RHA20 = 30.22; 28 Days: CM = 47.47, M-RHA5 = 48.53, M-RHA10 = 46.8, M-RHA15 = 40.53, M-RHA20 = 33.78",28 Days: M-RHA5 increased by 2.1%; M-RHA10 decreased by 1.4%; M-RHA15 decreased by 14.6%; M-RHA20 decreased by 28.8%,,,,,"7 Days: CM = 3.9, M-RHA5 = 4.25, M-RHA10 = 3.5, M-RHA15 = 3.15, M-RHA20 = 2.5; 28 Days: CM = 4.9, M-RHA5 = 5.5, M-RHA10 = 4.72, M-RHA15 = 3.9, M-RHA20 = 3.15",28 Days: M-RHA5 increased by 10.9% (or 12%); M-RHA10 decreased by 3% (or 3.6%); M-RHA15 decreased by 20.4%; M-RHA20 decreased by 35.7%,,,,,,?m,,,,,,,,,,,,,,,?m,,,,,,,,,,,,,,,,,,,,,,,,,%,%,N/mm²,%,,,,,N/mm²,%,,
40,Structure and properties of mortar and concrete with rice husk ash as partial replacement of ordinary Portland cement A review,"Fapohunda Christopher, Akinbile Bolatito, Shittu Ahmed",International Journal of Sustainable Built Environment,2017,http://dx.doi.org/10.1016/j.ijsbe.2017.07.004,Rice husk ash (RHA),Rice husk,Incineration under controlled conditions / controlled incineration,Burning temperature range of 500700 °C / 600700 °C,Grinding / Mechanical grinding,Grinding to high specific surface area up to 7000 cm²/g or median particle size below 45 µm / 8 µm,,500700 °C (also noted up to 750 °C in Table 1),"30, 60, and 90 min (also 2 h, 2 days batch in Table 1)",Los Angeles grinding machine / Grinding,"30 min, 60 min, 360 min",,Acid pretreatment / Hydrochloric acid pretreatment,"0.18, 0.25, 0.30, 0.32, 0.33, 0.34, 0.35, 0.40, 0.43, 0.50, 0.53, 0.59, 0.60, 0.68, 0.75","Micro-pores; micropores (<2 nm), mesopores (250 nm), macropores (>50 nm)",,"8 µm, 5.6 µm, 5 µm, 95 µm",,"<11.5 µm, <45 µm","0.52.1, 76122, 100150, 610, <5",,7000,Higher water absorption / increased water demand (up to 100% higher water demand),2.052.53,,67.097.53 (Individual study values in Table 3 range from 73.60 to 97.53; overall range 6797 in Table 4),0.066.0 (Individual study values in Table 3 range from 0.22 to 3.30; country values in Table 4 up to 6.0),0.076.19 (Traces to 6.19 in Table 3; 0.155.0 in Table 4),0.063.65 (Table 3 reports 0.10 to 3.65; Table 4 reports 0.06 to 2.8),0.101.81 (Table 3 reports 0.10 to 1.58; Table 4 reports 0.1 to 1.81),0.011.54 (Table 3 reports 0.01 to 1.21; Table 4 reports 0 to 1.54),0.001.15 (Table 3 reports 0.00 to 1.12; Table 4 reports 0 to 1.15),0.044.73 (Table 3 reports 0.04 to 4.73; Table 4 reports 0 to 3.84),0.2522.90 (Table 3 reports 0.25 to 22.90; Table 4 reports up to 17.78),Sum of SiO2+Al2O3+Fe2O3 (SAF): 70.098.8,"Amorphous, non-crystalline, partially crystalline, crystalline (coral-shaped crystals)",Silica ash (predominantly silica SiO2),High amorphous silica content of about 97.4% (or highest amorphous silica obtained at 500700 °C),High pozzolanic activity; reactive under alkaline conditions,100%,SAI / Accelerated pozzolanic strength reactivity index (API) evaluated,Heat produced at early age hydration / stimulates early hydration heat,"Frattini test method, conductivity measurement","0%, 5%, 10%, 12%, 15%, 20%, 25%, 30%, 40%, 50%","10% (up to 10% replacement cited as general optimal for comparable strength; individual studies report optimums of 10%, 15%, 20%, or 30% in Table 6)","Values up to >100 MPa (GRAPH-DERIVED from Fig. 6: OPC ~7598 MPa, RHA10 ~80110 MPa, RHA15 ~82108 MPa, RHA20 ~80105 MPa across 1100 days)",Higher than control at later ages (90 days and above); comparable or slightly higher up to 1020% replacement level,,,"Increased with RHA (GRAPH-DERIVED from Fig. 3: IST increases from ~150220 min at 0% RHA to ~300450 min at 50% RHA across OPC grades 33, 43, 53)","Increased with RHA (GRAPH-DERIVED from Fig. 3: FST increases from ~280350 min at 0% RHA to ~550850 min at 50% RHA across OPC grades 33, 43, 53)",Increased by 615% compared to corresponding mixes without RHA,106%115%,Drastic reduction in drying shrinkage with progressive increase in RHA replacement level,,,,,°C,,cm²/g / µm,,°C,min / h / days,,min,,,,nm,,µm,,µm,m²/g,,cm²/g,%,,,%,%,%,%,%,%,%,%,%,%,,%,%,,%,,,,%,%,MPa,%,,,Minutes,Minutes,%,%,,
41,Optimal Raw Material Mix for the Production of Rice Husk Ash Blended Cement,Akeem Ayinde Raheem and Mutiu Abiodun Kareem,International Journal of Sustainable Construction Engineering & Technology,2017,,Rice Husk Ash (RHA),Rice husk collected from Rice Milling Industries in Ogbomoso (Oyo State),"Burning dried rice husks using a mud kiln, followed by cooling and sieving through a 45µm sieve",Temperature increasing to 600°C in about 8 h; sieved using 45µm sieve,Thermal (Burning in mud kiln),Temperature up to 600°C for ~8 h,,600,8,,,,Sieved using 45µm sieve,,,,,,,,,,,,,"81.04, 86.51, 78.87 (Average: 82.14)","1.60, 0.71, 1.33 (Average: 1.21)","0.61, 1.80, 1.61 (Average: 1.34)","0.60, 1.01, 2.20 (Average: 1.27)","1.53, 2.11, 2.25 (Average: 1.96)","0.03, 0.02, 0.45 (Average: 0.17)","0.16, 0.05, 0.21 (Average: 0.14)","2.35, 1.89, 2.03 (Average: 2.09)",,"P?O?: 9.87, 4.20, 5.26 (Average: 6.44)",,,,Combined SiO? + Al?O? + Fe?O? > 70% (Satisfies ASTM C 618 pozzolan requirement),,,,,"5.00, 7.00, 11.25, 15.00, 15.50, 20.25, 25.00",12.45,"2-day: 4.95  11.46 (Optimum: 11.32)
7-day: 10.16  17.45 (Optimum: 16.36)
28-day: 15.89  26.82 (Optimum: 43.57)
56-day: 17.97  33.27 (Optimum: 39.91)
90-day: 22.65  37.50 (Optimum: 50.11)",,,,25  445 (Optimum: 180.77),45  725 (Optimum: 401.04),,,,,,,,"°C, h, µm",,"°C, h",,°C,h,,,,µm,,,,,,,,,,,,,%,%,%,%,%,%,%,%,,%,,,,%,,,,,%,%,N/mm²,,,,min,min,,,,
42,Rice husk ash as a partial replacement of cement in high strength concrete containing micro silica: Evaluating durability and mechanical properties,"Seyed Alireza Zareei, Farshad Ameri, Farzan Dorostkar, Mojtaba Ahmadi",Case Studies in Construction Materials,2017,http://dx.doi.org/10.1016/j.cscm.2017.05.001,Rice husk ash (RHA),Rice husk,Laboratory mill burning,Temperature of 600°C for 5 h,Thermal Treatment,"Temperature: 600°C, Duration: 5 h",,600,5,,,,,0.40,,,,,,,,,,,,86.73,0.39,0.04,0.61,0.08,1.32,9.76,0.01,0.54,"TiO2: NULL, P2O5: NULL",,,,Highly pozzolanic,,,,,"0, 5, 10, 15, 20, 25",20,"CTL (7d: 50.84, 28d: 83.36); RHA 5% (7d: 51.92, 28d: 85.12); RHA 10% (7d: 53, 28d: 86.9); RHA 15% (7d: 56.43, 28d: 92.51); RHA 20% (7d: 56.67, 28d: 93.28); RHA 25% (7d: 54.35, 28d: 89.1)",,,,,,,,,,,,,,,,,°C,h,,,,,,,,,,,,,,,,,%,%,%,%,%,%,%,%,%,%,,,,,,,,,%,%,MPa,%,,%,,,,%,,%
43,Potential of Rice Husk Ash (RHA) as a Supplementary Cementitious Material in Concrete,Mohammad Badrul Ahsan and Zahid Hossain,Advances in Civil Engineering Materials,2018,10.1520/ACEM20170114,"Rice Husk Ash (RHA) / 600-RHA, 150-RHA, and 44-RHA",Rice husk / hull (RH),Grinding,"Particle sizes: 600 µm, 150 µm, and 44 µm",Mechanical Activation (Grinding),,,,,Grinding,,,,0.45 (concrete mixes); 0.47 (mortar bar mixes),"600, 150, 44",,,,600 (600-RHA); 150 (150-RHA); 44 (44-RHA),18.038 (600-RHA); 22.114 (150-RHA); 39.780 (44-RHA),18.038 (600-RHA); 22.114 (150-RHA); 39.780 (44-RHA),,,,,,,,,,,,,8.98 (600-RHA); 8.98 (150-RHA); 5.4 (44-RHA),Reactive oxides (SiO? + Al?O? + Fe?O?): 95.5 (600-RHA); 95.5 (150-RHA); 86.8 (44-RHA),,Amorphous or non-crystalline silica,> 80,High pozzolanic activity reported for finer RHA (44-RHA),,,,ASTM C1567 ASR Expansion at 14 days: 10% 600-RHA = 0.26%; 20% 600-RHA = 0.33%; 10% 150-RHA = 0.18%; 20% 150-RHA = 0.22%; 10% 44-RHA = 0.024%; 20% 44-RHA = 0.078%; Control = 0.13%,"10, 20",10,36.1 (Control); 20.1 (10% 600-RHA); 16.2 (20% 600-RHA); 22.8 (10% 150-RHA); 16.8 (20% 150-RHA); 37.7 (10% 44-RHA); 36.6 (20% 44-RHA),56 (10% 600-RHA); 45 (20% 600-RHA); 63 (10% 150-RHA); 47 (20% 150-RHA); 104.4 (10% 44-RHA),,,,,4.17 (Control); 3.14 (10% 600-RHA); 2.69 (20% 600-RHA); 3.62 (10% 150-RHA); 2.79 (20% 150-RHA); 4.72 (10% 44-RHA); 4.41 (20% 44-RHA),75 (10% 600-RHA); 87 (10% 150-RHA); 113 (10% 44-RHA),,,,,,µm,,,,,,,,,,,µm,,,,µm,m²/g,m²/g,,,,,,,,,,,,,%,%,,%,%,,,,,%,%,%,MPa,%,,,,,MPa,%,,
44,Supplemental use of rice husk ash (RHA) as a cementitious material in concrete industry,"Mohammad Badrul Ahsan, Zahid Hossain",Construction and Building Materials,2018,https://doi.org/10.1016/j.conbuildmat.2018.05.101,Rice husk ash (RHA),Rice hull / paddy grain,Hammer mill grinding (for RHA-2); Unmodified / As-received (for RHA-1); Commercial production (for RHA-3),Nominal power rating: 85 hp; Rotor speed: 2000 rpm (for hammer mill processing of RHA-2),Mechanical activation (grinding for RHA-2),Rotor speed: 2000 rpm,,,,Hammer mill (impact crusher) grinding,,2000,,0.45 (for concrete mixes); 0.47 (for mortar bars),,,,,600 (RHA-1); 150 (RHA-2); 44 (RHA-3),18.038 (RHA-1); 22.114 (RHA-2); 39.780 (RHA-3),18.038 (RHA-1); 22.114 (RHA-2); 39.780 (RHA-3),,,,,>75,,,,,,,,8.98 (RHA-1); 8.98 (RHA-2); 5.4 (RHA-3),"Reactive oxides (SiO2+Al2O3+Fe2O3): 95.5% (RHA-1), 95.5% (RHA-2), 86.8% (RHA-3)",,,>80,,,,,,"10, 20",10,20.1 (10% RHA-1); 16.2 (20% RHA-1); 22.8 (10% RHA-2); 16.8 (20% RHA-2); 37.7 (10% RHA-3); 36.6 (20% RHA-3); 36.1 (Control),56 (10% RHA-1); 63 (10% RHA-2); 110.2 (10% RHA-3),,,,,3.14 (10% RHA-1); 2.69 (20% RHA-1); 3.62 (10% RHA-2); 2.79 (20% RHA-2); 4.72 (10% RHA-3); 4.41 (20% RHA-3); 4.17 (Control),75 (10% RHA-1); 87 (10% RHA-2); 121 (10% RHA-3),,,,,,"hp, rpm",,rpm,,,,,,rpm,,,,,,,µm,m²/g,m²/g,,,,,%,,,,,,,,%,%,,,%,,,,,,%,%,MPa,%,,,,,MPa,%,,
45,Effect of Rice Husk Ash and Water-Cement Ratio on Strength of Concrete,"Naraindas Bheel, Shanker Lal Meghwar, Sohail Ahmed Abbasi, Lal Chand Marwari, Jabbar Ahmed Mugeri, Rameez Ali Abbasi",Civil Engineering Journal,2018,10.28991/cej-03091166,Rice Husk Ash (RHA) / Rice Husk Ash,Rice husk,"Burning in closed combustion chamber, cooling, and sieving",Sieved through #30 sieve,Thermal treatment,Controlled/uncontrolled burning temperature range,,600-850,24 (cooling duration),,,,,"0.45, 0.50, 0.60",,,,,,,,,,,,,,,,,,,,,,,,,,,,,,10,10,"Cubical (w/c 0.45): 24.54 (7d), 27.35 (14d), 33.25 (28d), 41.68 (56d); Cubical (w/c 0.50): 21 (7d), 25.5 (14d), 30.2 (28d), 35.86 (56d); Cubical (w/c 0.60): 20.4 (7d), 23.86 (14d), 29.10 (28d), 33.5 (56d); Cylindrical (w/c 0.45): 16.89 (7d), 22.085 (14d), 28.23 (28d), 34.16 (56d); Cylindrical (w/c 0.50): 14.69 (7d), 19.66 (14d), 22.44 (28d), 26.68 (56d); Cylindrical (w/c 0.60): 13.95 (7d), 16.81 (14d), 19.53 (28d), 23.04 (56d)","Cubical (w/c 0.45): +3.98% (7d), +8.10% (14d), +10.09% (28d), +14.51% (56d); Cubical (w/c 0.50): +3.45% (7d), +7.59% (14d), +9.49% (28d), +13.41% (56d); Cubical (w/c 0.60): +3.03% (7d), +6.52% (14d), +8.58% (28d), +12.04% (56d); Cylindrical (w/c 0.45): +2.98% (7d), +7.00% (14d), +8.99% (28d), +12% (56d); Cylindrical (w/c 0.50): +2.94% (7d), +6.91% (14d), +8.56% (28d), +11.54% (56d); Cylindrical (w/c 0.60): +2.27% (7d), +6.53% (14d), +7.31% (28d), +10.61% (56d)",,,,,,,,,,,,,,°C,,°C,hours,,,,,,,,,,,,,,,,,,,,,,,,,,,,,,,,,,,%,%,N/mm^2,%,,,,,,,,
46,Study on concrete with rice husk ash,"Ayesha Siddika, Md. Abdullah Al Mamun, Md. Hedayet Ali",Innovative Infrastructure Solutions,2018,https://doi.org/10.1007/s41062-018-0127-6,Rice Husk Ash (RHA),Rice husk,Grinding in a mechanical grinder,10 min,Mechanical Activation,Grinding for 10 minutes,,,,Grinding in a mechanical grinder,10,,,"0.40, 0.50, 0.60",,,,,,,,,,2.01,106,,,,,,,,,,,,,,,,,,,"10, 15",10,"23.2, 27.4, 35 (W4A10); 20.9, 25.7, 30.9 (W5A10); 18.9, 22.4, 28.8 (W6A10); 21, 26, 31 (W4A15); 17.5, 23, 28.6 (W5A15); 16.3, 20.2, 26 (W6A15)",98.4% (W4A10); 97.5% (W5A10); 97.96% (W6A10); 87.1% (W4A15); 90.22% (W5A15); 88.44% (W6A15),,,,,"1.25, 2.40, 4.85 (W4A10); 1.13, 2.18, 4.69 (W5A10); 1.06, 1.97, 4.13 (W6A10); 1.21, 2.33, 3.96 (W4A15); 1.12, 2.16, 3.87 (W5A15); 1.05, 1.95, 3.58 (W6A15)",93.09% (W4A10); 91.42% (W5A10); 83.44% (W6A10); 76.01% (W4A15); 75.44% (W5A15); 72.32% (W6A15),,,,,,min,,min,,,,,min,,,,,,,,,,,,,,kg/m³,,,,,,,,,,,,,,,,,,,%,%,N/mm²,%,,,,,N/mm²,%,,
47,Green concrete partially comprised of rice husk ash as a supplementary cementitious material  A comprehensive review,Blessen Skariah Thomas,Renewable and Sustainable Energy Reviews,2018,10.1016/j.rser.2017.10.081,"Rice Husk Ash (RHA), white rice husk ash, off-white rice husk ash, black rice husk ash",Rice husk / Rice paddy,Controlled combustion / Incineration / Thermal decomposition / Acid treatment prior to burning,Temperature: 500700°C; Heating rate: 10°C/min up to 700°C/min; Duration: ~6 h (or 3 h for muffle furnace); HCl treatment: 1 N for 24 h,Chemical activation / Mechanical activation (Grinding) / Thermal treatment / Acid treatment,"Chemical activators: 1% K2SO4, 1% Na2SiO3 (by weight of cement)",,500700 (or 600),3 to 6,Grinding,,,Hydrochloric acid treatment (1 N for 24 h),"0.30, 0.32, 0.34, 0.35, 0.40, 0.50, 0.65",,,,,5.0 - 7.41,"240.0376.8 (Blaine) / 24.328.8 (Nitrogen adsorption) / 40915685 / 274,000 (treated RHA)",,240.0 - 376.8 (also reported as 4000 and 7000 cm²/g),,2.06 - 2.16,420.0 - 429.1,87.4 - 93.15,0.80 - 1.10,0.13 - 0.83,0.1 - 0.6,0.2 - 0.6,0.1 - 0.4,0.04 - 0.7,1.32 - 3.39,1.9 - 8.5,MnO: 0 - 0.2,"Cristobalite, Tridymite, Quartz",,Approximately 90 / >75,,81.25 - 88.90,,,,"5, 7.5, 10, 14.3, 15, 20, 25, 30, 40, 50","10 to 20 (specifically cited as 10%, 14.3%, 15%, or 20% depending on study)","75.2 (at 28 days, 20% RHA, w/b 0.35)","3 days: 65%; 90 days: 96%; 180 days: 98%; 270 days: 100%; 360 days: 102% (20% RHA); 7, 28, 56 days (bacterial 10% RHA): +8.7%, +10%, +13.4%",,,,,,"28 days: reduced by 2%, 11%, 14% for 10%, 20%, 30% RHA respectively",622 to 729 (drying shrinkage),,,,,"°C, °C/min, h, N",,%,,°C,h,,,,"N, h",,,,,,µm,"m²/kg, cm²/g",,"m²/kg, cm²/g",,,kg/m³,%,%,%,%,%,%,%,%,%,%,,,%,,%,,,,%,%,MPa,%,,,,,,%,microstrains,
48,Use of Rice Husk Ash as Cementitious Material in Concrete,"Naraindas Bheel, Ali Aizaz Dayo, Abdul Wahab Abro, Sultan Shaikh, Irfan Ali Shar, Zubair Hussain Shaikh","Engineering, Technology & Applied Science Research",2019,,Rice Husk Ash (RHA),Rice husk from Sakrand region,Uncontrolled temperature burning method,Sieved through #30 sieves,Thermal treatment and mechanical sieving,Uncontrolled temperature burning; sieved through #30 sieves,,Uncontrolled temperature,,Sieving through #30 sieves,,,Air-dried before burning,,,,,,,,,,,,,,,,,,,,,,,,,,,,,,,"0, 5, 10, 15, 20",10,"7-day: 23.5 (0%), 24.0 (5%), 24.5 (10%), 22.5 (15%), 21.5 (20%); 14-day: 26.8 (0%), 28.2 (5%), 29.4 (10%), 25.6 (15%), 23.6 (20%); 28-day: 31.8 (0%), 33.9 (5%), 35.6 (10%), 30.4 (15%), 25.9 (20%)",111.8,,,,,,,,,,,,,,,,,,,,,,,,,,,,,,,,,,,,,,,,,,,,,,,,,,,,%,%,N/mm²,%,,,,,,,,
49,A STUDY ON USE OF RICE HUSK ASH IN CONCRETE,"Ankit Gautam, Rahul Batra, Nishant Singh",Engineering Heritage Journal (GWK),2019,http://doi.org/10.26480/gwk.01.2019.01.04,Rice Husk Ash (RHA),Rice husk / Paddy,Burning of husk in boiler or ferrocement furnace,Temperature around 500800°C for 24 hours; air ducts provided to control temperature and reduce carbon content,Thermal treatment (controlled burning),"Controlled burning at 500800°C for 24 hours, cooled to ~52°C after 24 hours and ~25°C after 48 hours",,500800,24,,,,Air ducts with electric fans attached to control combustion temperature and reduce carbon content,0.40,,,,,25,,,,,2.3,,8090,,,,,,,,,,,,8090% amorphous silica,"Pozzolanic behavior depends upon silica crystallization phase, silica content, size, and surface area of ash",,,,,"0, 5, 7.5, 10, 12.5, 15",7.5,"7-day: 27.8 (0%), 26.6 (5%), 28.3 (7.5%), 27.3 (10%), 26.2 (12.5%), 25.9 (15%);
28-day: 41.70 (0%), 39.90 (5%), 42.45 (7.5%), 40.95 (10%), 39.30 (12.5%), 38.85 (15%)",,,,,,,,,,,,,°C / hours,,°C / hours,,°C,hours,,,,,,,,,,microns,,,,,,,%,,,,,,,,,,,,%,,,,,,%,%,MPa,,,,,,,,,
50,OPTIMIZED PREPARATION OF RICE HUSK ASH (RHA) AS A SUPPLEMENTARY CEMENTITIOUS MATERIAL,"Carmela Denise Isberto, Krystoffer Lloyd Labra, Jan Marielle B. Landicho and Richard De Jesus",International Journal of GEOMATE,2019,https://doi.org/10.21660/2019.57.4628,Rice Husk Ash (RHA),Rice Husk (RH),Controlled burning in a custom-built muffle furnace and grinding using a Los Angeles machine,12kgs of RH loaded per batch; 20% recovered as RHA; RH laid flat 2-3cm thick on 28 ceramic hearth plates,Thermal treatment (controlled combustion) and Mechanical activation (grinding),Free air supply through 4 holes during burning; slow cooling for 6-8 hours with furnace door ajar,,400 - 600,10,Ball milling using a Los Angeles machine,2 (also 1 hour investigated),36,"2.4kgs RHA placed into LA machine per batch; 12 pieces of 2"" steel balls used",,84.78% passing through sieve no. 325 (for 2 hrs grinding); 70.85% (for 1 hr grinding),,,,,,,365 (for 2 hrs grinding); 286.3 (for 1 hr grinding),,,,93.47,0.87,0.92,1.08,3.18,,,,,Titanium oxide (TiO2): 0.04,Amorphous,,Mainly amorphous,High pozzolanic activity,,,,Reacts with Ca(OH)2 to form C-S-H gel (SiO2 + 3Ca(OH)2 + H2O ? 2CaO·1.5SiO3.5·2H2O),"0, 5, 10, 15, 20",10,"0RHA: 32.808 (7d), 40.228 (28d); 5RHA: 31.192 (7d), 35.48 (28d); 10RHA: 33.972 (7d), 52.768 (28d); 15RHA: 24.448 (7d), 35.576 (28d); 20RHA: 20.184 (7d), 13.128 (28d)",,,,,,,,,,,,,,,,,°C,hours,,hours,rpm,,,%,,,,,,,m2/kg,,,,%,%,%,%,%,,,,,%,,,,,,,,,%,%,MPa,,,,,,,,,
51,Rice husk ash as a sustainable supplementary cementitious material for improved concrete properties,"Nsesheye Susan Msinjili, Wolfram Schmidt, Andreas Rogge & Hans-Carsten Kühne","African Journal of Science, Technology, Innovation and Development",2019,10.1080/20421338.2018.1513895,Rice husk ash (RHA),Rice husks,Incineration and grinding,"Incineration temperature: 650, Duration: 90, Target particle size: 30",Thermal treatment and mechanical grinding,"Incineration temperature: 650 °C, Duration: 90 min",,650,90,Grinding,,,,0.5,~30,,,,~30,9040,,,,2.31,,88.84,1.78,0.80,0.39,0.92,0.35,1.10,2.80,2.02,"TiO2: 0.04, P2O5: 0.61",,Amorphous silica,High as 90,Pozzolanic properties,,,,Reactive silica,"10, 15, 20, 25, 30 (Preliminary); 10, 15 (Main Study)",15,7-day: 44.2 - 52.7; 28-day: 51.7 - 65.2; 90-day: 56.1 - 71.3,GRAPH-DERIVED,,,,,,,,,,,,"°C, min, µm",,"°C, min",,°C,min,,,,,,µm,,,,µm,cm²/g,,,,g/cm³,,%,%,%,%,%,%,%,%,%,%,,,%,,,,,,% by weight,% by weight,MPa,%,,,,,,,,
52,Optimization of mechanical properties of rice husk ash concrete using Scheffes theory,"Imoh Christopher Attah, Roland Kufre Etim, George Uwadiegwu Alaneme, Okon Bassey Bassey",SN Applied Sciences,2020,https://doi.org/10.1007/s42452-020-2727-y,Rice Husk Ash (RHA),Rice husk,Burning,,,,,,,,,,,,,,,,,,,,,2.10,,75.30,2.95,1.4,1.98,2.1,,0.98,5.55,5.61,,,,,Highly reactive pozzolana,,,,"Combined Al2O3, Fe2O3 and SiO2 content of 78.68%",,,"24.000, 27.350, 33.450, 21.000, 16.950, 31.500, 29.000, 27.850, 26.000, 26.550, 25.000, 23.500, 23.000, 19.250, 18.000, 29.000, 28.500, 26.950, 25.000, 24.150, 26.000, 25.850, 25.250, 24.000, 23.000, 23.650, 24.000, 24.950, 27.100, 27.000",,,,,,,,,,,,,,,,,,,,,,,,,,,,,,,,,,,%,%,%,%,%,,%,%,%,,,,,,,,,%,,,N/mm²,,,,,,,,,
53,Sustainable use of rice husk ash in cement-based materials: Environmental evaluation and performance improvement,"Lingling Hu, Zhen He, Shipeng Zhang",Journal of Cleaner Production,2020,https://doi.org/10.1016/j.jclepro.2020.121744,Rice husk ash (RHA) / highly reactive rice husk ash,As-received rice husk from Mongolia Xing'an Rabbit (China),HCl acid pretreatment followed by combustion in a self-designed furnace and grinding,Soaking in 5 mol/L HCl for 7 days; combusted in furnace; ground in planetary mill for 20 min,Thermal treatment and mechanical grinding,600 °C for 2 h; ground for 20 min,,600,2,Grinding in planetary high energy pulverizing mill,20,,Acid pretreatment in 5 mol/L HCl solution for 7 days,0.5,"d10: ~1.8 µm, d50: ~5.0 µm, d90: ~11.0 µm",1.8,5.0,11.0,5.0,122.9,122.9,,,,,94.38,1.20,0.30,0.07,0.82,1.19,0.10,1.06,,,Amorphous SiO2,Amorphous silica,High / essentially amorphous,High pozzolanic activity,Lime-ash compressive strength: 14.5,,Heat flow peak: 4.1 µW/g; 5 d cumulative heat: 187 J/g,Ca(OH)2 consumption: 57.4% reduction at 1 d,"5, 10, 15",15,"Control: 3d = 40.5, 7d = 50.2, 28d = 69.8; 5%-RHA: 3d = 42.1, 7d = 51.5, 28d = 70.5; 10%-RHA: 3d = 43.8, 7d = 53.2, 28d = 73.1; 15%-RHA: 3d = 45.2, 7d = 55.0, 28d = 77.7",5%-RHA: 101.0%; 10%-RHA: 104.7%; 15%-RHA: 111.3% (at 28d),,,,,,,,,,,,,,,,°C,h,,min,,,,µm,µm,µm,µm,µm,m²/g,m²/g,,,,,wt.%,wt.%,wt.%,wt.%,wt.%,wt.%,wt.%,wt.%,,,,,,,MPa,,µW/g / J/g,%,%,%,MPa,%,,,,,,,,
54,Acid leached rice husk ash (ARHA) in concrete: A review,"Wai Hoe Kwan, Yong Seng Wong",Materials Science for Energy Technologies,2020,https://doi.org/10.1016/j.mset.2020.05.001,Acid leached rice husk ash (ARHA) / Acid treated rice husk ash,Rice husk (RH) / Paddy residues,Acid leaching followed by combustion / incineration,Combustion temperature: 500 °C to 1400 °C (controlled temperature range 600 °C~800 °C); Duration: 2 h,Acid leaching treatment,"Leaching agents: Hydrochloric acid (HCl), Nitric acid (HNO3), Sulfuric acid (H2SO4); Acid concentration: 0.01 M to 5 M (or 0.01 N to 1 N)",,500 °C - 1400 °C (Recommended secondary treatment < 700 °C; general controlled range 600 °C~800 °C),"0.5 h, 1 h, or 2 h",Grinding / milling (after combustion),,,Acid leaching duration: 0.5 h (30 min) to 1 h; Leaching temperature: boiled / 60 °C with constant stirring,,,,,,45,9.24,218 (at 600 °C); ~260,,,2.10,,"97.59 (0.5 h), 97.89 (1 h), 96.00, 99.58 (HCl), 99.08 (H2SO4)","0.22 (0.5 h), 0.27 (1 h), 0.20, 0.04 (HCl), 0.05 (H2SO4)","0.03 (0.5 h), 0.02 (1 h), 0.10, 0.02 (HCl), 0.61 (H2SO4)","0.11 (0.5 h), 0.16 (1 h), 0.20, 0.03 (HCl), 0.02 (H2SO4)","0.13 (0.5 h), 0.09 (1 h), <0.10, 0.02 (HCl), 0.04 (H2SO4)","0.01, 0.02 (HCl), 0.05 (H2SO4)","0.02 (0.5 h), 0.03 (1 h), 0.03","0.17 (0.5 h), 0.18 (1 h), 0.16, 0.02 (HCl), 0.02 (H2SO4)",2.31,"Cl: 0.02; P2O5: 0.08 (0.5 h), 0.13 (1 h), 0.18, 0.11 (HCl), 0.13 (H2SO4)",Amorphous silica (absence of crystalline peak between 22° and 38° 2?),Amorphous phase,98.5 to 99.5,High / Enhanced pozzolanic reactivity,,,Increases hydration heat of cement and shortens dormant period,Secondary calcium silicate hydrates (C-S-H) formation via reaction with Ca(OH)2,"5, 10, 15, 20, 30, 40",10 (or range of 5-15),"Mortar (10% ARHA): 3-day = 28.7, 7-day = 48.4, 28-day = 56.3; Concrete/Mixes (28-day): 5% ARHA = 43.10, 10% ARHA = 59.68, 15% ARHA = 54.55","Mortar (10% ARHA): 3-day = 131.05%, 7-day = 149.38%, 28-day = 143.26%; Mixes: RT-5-ALR = 94.08%, RT-10-ALR = 130.28%, RT-15-ALR = 119.08%",,,,,"10% ARHA: 3-day = 6.21, 7-day = 8.03, 28-day = 9.82, 91-day = 10.80","10% ARHA: 3-day = 120.35%, 7-day = 125.47%, 28-day = 121.23%, 91-day = 127.81%",,,,,,,,,,°C,h,,,,,,,,,,µm,m²/kg,m²/g / m²/kg,,,g/cm³,,%,%,%,%,%,%,%,%,%,%,,,%,,,,,,%,%,MPa,%,,,,,MPa,%,,
55,Utilizing Rice Husk Ash as Supplement to Cementitious Materials on Performance of Ultra High Performance Concrete: A review,"M.A. Mosaberpanah, S.A. Umar",Materials Today Sustainability,2020,https://doi.org/10.1016/j.mtsust.2019.100030,Rice Husk Ash (RHA),Rice husk / Rice kernel,Combustion / Incineration,Combusted at approximately 900°C inclined temperature,Mechanical activation (Grinding),"Grinding for 5 min, 30 min, and 120 min",,,,Grinding / Pulverization,"5, 30, 120",,Thermal treatment / Combustion under controlled furnace or atmospheric temperature,"0.18, 0.19",5 to 10,,,,"45 (or 8.61, 5.45, 6.95 for different grinding times; or 3.6, 5.6, 9.0)",20 to 270 (or up to 100),"2.765 (Raw), 6.388 (5 min), 19.558 (30 min), 7.546 (120 min)",,Specific pore volume of about 0.13,,,8095.9 (Table 5) / 81.483.0 (Table 4) / 8595 (Table 3),0.251.5 (Table 3) / 2.162.42 (Table 4) / 1.11.5 (Table 5),0.10.9 (Table 3) / 0.260.34 (Table 4) / 0.40.4 (Table 5),0.200.75 (Table 3) / 0.931.83 (Table 4) / 0.22.9 (Table 5),0.201.6 (Table 3) / 0.931.07 (Table 4) / 0.30.9 (Table 5),00.15 (Table 3) / 1.341.58 (Table 4) / 0.71.2 (Table 5),00.8 (Table 3) / 0.010.18 (Table 4) / 0.82.1 (Table 5),0.74.0 (Table 3) / 6.796.83 (Table 4) / 2.86.6 (Table 5),up to 12 (Table 5) / 3.133.14 (Table 4) / 2.365.14 (Table 3),"Alkalis (0.954.61%), Carbon (0.415.91%)",Amorphous SiO2,Silica (8090%),Up to 90 (or 9096),Reactive due to large surface area and high amorphous silica content,,,"Exothermal curve delayed, secondary exothermal peak increased",Secondary C-S-H gel formation with Ca(OH)2,"5% to 30% (general text); 10%, 20%, 30%, 40%, 50% (Table 6); 20% (Table 7 & Table 8)",10% (for compressive strength); 30% (for flexural and splitting tensile strength when substituting SF),>150 (up to >200),Increased up to 12% at 28 days and 18% at 91 days (for 20% replacement),,,Increases with RHA addition (or decreases depending on particle size),Decreases with an increase in RHA content,"38.5 (Normal curing), 41.7 (Steam curing)",12% to 44% increase under normal curing; 11% to 38% increase under steam curing,Reduced autogenous shrinkage,,,,,°C,,min,,,,,min,,,,µm,,,,µm,m²/g,m²/g,,cm³/g,,,%,%,%,%,%,%,%,%,%,%,,%,%,,,,,,%,%,MPa,%,,,,,MPa,%,,
56,Compressive Strength of Concrete using Fly Ash and Rice Husk Ash: A Review,Sam Joel,Civil Engineering Journal,2020,http://dx.doi.org/10.28991/cej-2020-03091556,Rice Husk Ash (RHA),Rice husk,Burning / Incineration,Burning temperature below 1440,,,,,,,,,,,,,,,,,,,,,,96.7; 86.0; 89.61; 87.4; 85.58; 97.5; 93.4; 90.0; 96.7,0.49; 1.26; 0.91; 0.9; 1.83; 0.18; 0.31; 1.10; 0.49,1.01; 5.12; 0.04; 0.4; 0.25; 0.73; 0.05; 0.46; 1.01,0.05; 1.12; 0.22; 0.3; 0.21; 1.18; 0.06; 0.43; 0.05,0.19; 0.48; 0.42; 0.6; 0.50; ND; 0.35; 0.77; 0.19,ND; 2.79; ND; 0.4; 0.26; 0.49; ND; ND; ND,0.16; 0.05; 0.07; 0.04; ND; 0.10; 0.1; ND; 0.26,0.91; 1.82; 1.58; 3.39; 3.39; 1.39; 1.4; 4.60; 0.91,4.81; ND; 5.91; 4.60; 6.99; ND; ND; 3.90; 4.81,"P2O5: ND; 0.48; ND; ND; 0.67; ND; 0.8; 2.43; ND
TiO2: ND; 0.17; ND; ND; ND; ND; ND; ND; 0.16",,,,Active pozzolanic material,,,,,"0, 5, 7.5, 10, 12.5, 15",7.5,"7 days: 27.8, 26.6, 28.3, 27.3, 26.2, 25.9
28 days: 41.70, 39.90, 42.45, 40.95, 39.30, 38.85",,,,,,,,,,,,,°C,,,,,,,,,,,,,,,,,,,,,,weight (%),weight (%),weight (%),weight (%),weight (%),weight (%),weight (%),weight (%),weight (%),weight (%),,,,,,,,,%,%,MPa,,,,,,,,,
57,Performance of Rice Husk Ash as Supplementary Cementitious Material after Production in the Field and in the Lab,"Mareike Thiedeitz, Wolfram Schmidt, Michelle Härder, Thomas Kränkel",Materials,2020,10.3390/ma13194319,Rice Husk Ash (RHA) / Rice husk ash,Rice husks,Uncontrolled combustion in a self-made furnace (field/rural) and controlled combustion in a muffle oven (laboratory),U1: Burnt with timber; U2: Burnt with charcoal; C450/C650: Burnt in muffle oven,Mechanical grinding,"Frequency: 15 Hz, 20 Hz, 25 Hz; Grinding time: 10 s, 20 s, 40 s",,U1: 500; U2: >800; C450: 450; C650: 650,U1: 3; U2: 3; C450: 0.5; C650: 0.5,Grinding in a ball mill,"10, 20, 40","15, 20, 25",Washed with pure water and sundried,0.5,RHA_f15: 1.050.0; RHA_f20: 0.8260.0; RHA_f25: 0.9200.0,,RHA_f15: 32.0; RHA_f20: 20.0; RHA_f25: 9.5,,,,128 (for RHA_f20),RHA_f15: 1920; RHA_f20: 2690; RHA_f25: 3880,,U1: 2.25; U2: 2.32; C450: 2.25; C650: 2.29,,U1: 93.78; U2: 93.90; C450: 93.15; C650: 94.97,U1: 2.07; U2: 0.84; C450: 0.60; C650: 0.83,U1: 0.48; U2: 0.20; C450: 0.36; C650: 0.97,U1: 0.72; U2: 0.43; C450: 0.26; C650: 0.58,U1: 0.52; U2: 0.37; C450: 0.37; C650: 0.57,,U1: 0.38; U2: 0.38; C450: 0.43; C650: 0.58,U1: 1.89; U2: 1.69; C450: 1.81; C650: 1.66,,Total Carbon (TC): U1: 0.88; U2: 0.56; C450: 0.66; C650: 0.59,"U1: Amorphous, Crystalline Quartz, Crystalline Sylvite, Crystalline Hydrophilite; U2: Amorphous, Crystalline Quartz, Crystalline Hydrophilite, Crystalline Hematite; C450: Amorphous, Crystalline Quartz, Crystalline Calcite; C650: Amorphous, Crystalline Quartz","Quartz, Sylvite, Hydrophilite, Hematite, Calcite",U1: >99.9; U2: >99.0; C450: >98.8; C650: >99.5,High reactivity,,,,"Percental cement reactivity reference lines (60%, 80%, 90%, 100%)","10%, 20%, 40%",20% (GRAPH-DERIVED),"28-day: 90CEM_10C450: ~61.5; 80CEM_20C450: ~59.5; 60CEM_40C450: ~64.5; 90CEM_10C650: ~57.5; 80CEM_20C650: ~59.0; 60CEM_40C650: ~48.0; 90CEM_10U1: ~58.0; 80CEM_20U1: ~56.0; 60CEM_40U1: ~52.5; 90CEM_10U2: ~53.0; 80CEM_20U2: ~52.5; 60CEM_40U2: ~50.0.
56-day: 90CEM_10C450: ~66.5; 80CEM_20C450: ~60.5; 60CEM_40C450: ~63.5; 90CEM_10C650: ~58.0; 80CEM_20C650: ~56.5; 60CEM_40C650: ~60.5; 90CEM_10U1: ~59.5; 80CEM_20U1: ~56.5; 60CEM_40U1: ~55.0; 90CEM_10U2: ~54.0; 80CEM_20U2: ~53.5; 60CEM_40U2: ~52.0 (GRAPH-DERIVED)","Reference lines given for 60%, 80%, 90%, 100% of control cement strength (100CEM control: 62.5 MPa at 28d, 69.0 MPa at 56d)",,,,,,,,,,,,,,"Hz, sec",,°C,h,,sec,Hz,,,µm,,µm,,,,m²/g,cm²/g,,g/cm³,,%,%,%,%,%,,%,%,,%,,,%,,,,,,,%,MPa,%,,,,,,,,
58,"Effect of particle size, porous structure and content of rice husk ash on the hydration process and compressive strength evolution of concrete","Amanda Pereira Vieira, Romildo Dias Toledo Filho, Luís Marcelo Tavares, Guilherme Chagas Cordeiro",Construction and Building Materials,2020,https://doi.org/10.1016/j.conbuildmat.2019.117553,Rice husk ash (RHA),Rice plant / Rice husk,Recalcination and Grinding,"Recalcination: 10°C/min heating rate, step 1 at 350°C for 3 h, step 2 at 600°C for 3 h; Grinding: Tumbling ball mill (300 rpm, 30 min) for RHA20; Vibratory mill (5 min) for RHA14; Vibratory mill (1 h) for RHA7",Thermal treatment and mechanical grinding,"Thermal: 350°C for 3 h then 600°C for 3 h; Mechanical: Tumbling ball mill for 30 min, Vibratory mill for 5 min or 1 h",,350 and 600,3 and 3,Tumbling ball mill; Vibratory mill,30 (RHA20); 5 (RHA14); 60 (RHA7),300,,0.36,D50 = 20 µm (RHA20); D50 = 14 µm (RHA14); D50 = 7 µm (RHA7),,20 (RHA20); 14 (RHA14); 7 (RHA7),,,"131,867 (Unground RHA); 106,811 (RHA20); 106,712 (RHA14); 92,042 (RHA7)","131,867 (Unground RHA); 106,811 (RHA20); 106,712 (RHA14); 92,042 (RHA7)",n.a.,,2.44,,89.85,0.79,4.79,0.86,,1.34,,1.38,0.53,P2O5: 0.22; MnO: 0.24,"Amorphous silica, Quartz",Quartz,88.4 (RHA20); 87.6 (RHA14); 85.4 (RHA7),High / Good pozzolanicity,,,Curves of specific heat rate (mW/g) over 72 h are reported in Fig. 6a-c,Electrical conductivity variation (?C): 2.92 (RHA20); 2.90 (RHA14); 2.78 (RHA7),"8, 10, 12",12 (at 91 days for coarse RHA / RHA20),"3 days: 55.51 (C-RHA7-8%), 54.46 (C-RHA7-12%), 50.47 (C-RHA20-8%), 52.17 (C-RHA20-12%), 50.9 (C-RHA14-10%)
7 days: 62.05 (C-RHA7-8%), 63.12 (C-RHA7-12%), 54.29 (C-RHA20-8%), 57.32 (C-RHA20-12%), 54.4 (C-RHA14-10%)
28 days: 67.68 (C-RHA7-8%), 67.70 (C-RHA7-12%), 62.53 (C-RHA20-8%), 61.01 (C-RHA20-12%), 57.98 (C-RHA14-10%)
91 days: 72.24 (C-RHA7-8%), 72.69 (C-RHA7-12%), 68.59 (C-RHA20-8%), 73.12 (C-RHA20-12%), 68.79 (C-RHA14-10%)",,,,,,,,,,,,,,,,,°C,h,,min,rpm,,,µm,,µm,,,m²/kg,m²/kg,,,g/cm³,,wt.%,wt.%,wt.%,wt.%,,wt.%,,wt.%,wt.%,wt.%,,,%,,,,mW/g,mS/cm,wt%,wt%,MPa,,,,,,,,,
59,"Eco-friendly high strength, high ductility engineered cementitious composites (ECC) with substitution of fly ash by rice husk ash","Zhigang Zhang, Fan Yang, Jin-Cheng Liu, Shuping Wang",Cement and Concrete Research,2020,10.1016/j.cemconres.2020.106200,Pulverized rice husk ash (RHA),Rice husk (protecting outer cover of paddy),Burning and ball milling,Ball milling speed: 300; Grinding duration: 5,Mechanical activation (grinding/ball milling),Ball mill speed: 300; Duration: 5,,,,Grinding / Ball milling,5,300,,0.2,,,,,,,,,,,2.0,Non-crystalline silicon dioxide (SiO2),,,,,,,,,,Cristobalite,Cristobalite,Non-crystalline / amorphous SiO2,High pozzolanic reactivity (superior to fly ash),,,"Hydration heat flow peak time: 19 (M-25, M-50), 27.6 (M-100); 72 h cumulative heat release: 125","CH / Portlandite consumption (weight loss at 440°C520°C): 0.85% (M-25), 0.94% (M-50), 0.58% (M-100) vs 0.93% (M-C)","Substitution ratio of fly ash by RHA: 0%, 25%, 50%, 100% by equal volume",50% replacement of fly ash by RHA (for 28-day compressive strength and ultimate tensile strength); 25% replacement of fly ash by RHA (for 3-day compressive strength and tensile strain capacity),"3-Day: M-C: 47.88, M-25: 68.78;
28-Day: M-C: 82.06, M-25: 98.08, M-50: 108.57, M-100: 97.24","3-Day: M-25: 144%, M-50: 132%, M-100: 129%;
28-Day: M-25: 120%, M-50: 132%, M-100: 118%",,,,,,,,,,,,rpm; min,,rpm; min,,,,,min,rpm,,,,,,,,,,,,,g/cm³,,,,,,,,,,,,,,,,,h; J/g,%,%,%,MPa,%,,,,,,,,
60,Assessment of strength properties of concrete made with rice husk ash,"RA.B. Depaa, V. Priyadarshini, A. Hemamalinie, J Francis Xavier, K Surendrababu",Materials Today: Proceedings,2021,10.1016/j.matpr.2020.12.605,Rice husk ash,,,,,,,,,,,,,0.45,,,,,,,,,,,,,,,,,,,,,,,,,,,,,,15,15,47,,,,,,4.56,,,,,,,,,,,,,,,,,,,,,,,,,,,,,,,,,,,,,,,,,,,,,,,%,%,MPa,,,,,,MPa,,,
61,Strength performance of high-grade concrete using rice husk ash (RHA) as cement replacement material,"Kurrae Rajashekhar Reddy, M. Harihanandh, K. Murali",Materials Today: Proceedings,2021,10.1016/j.matpr.2021.04.332,Rice husk ash (RHA),Rice husk,Charring in a ferrocation oven or boilers with air pipes/electrical ventilators,"Burned at about 50°-800°C for 24 h, around 52°C after 24 h, and around 25°C after 48 h",,,,,,,,,,0.39,,,,,,,,,,2.3,,86.94,0.3 to 2.2,0.20,0.10,0.2 to 0.6,,0.1 to 0.8,2.15 to 2.30,,,,Non crystalline,,Highly pozzolonic,,,,,"0, 5, 7.5, 10, 12.5, 15",7.5,"42.2 (0% / 28 days), 38.45 (5% / 28 days), 43.45 (7.5% / 28 days), 40.9 (10% / 28 days), 39.6 (12.5% / 28 days), 38.6 (15% / 28 days), 28.2 (0% / 7 days), 27.5 (5% / 7 days), 28.5 (7.5% / 7 days), 27.9 (10% / 7 days), 26 (12.5% / 7 days), 25.6 (15% / 7 days)",3,,,,,"4.9 (0% / 28 days), 5.5 (5% / 28 days), 5 (7.5% / 28 days), 4.7 (10% / 28 days), 4.3 (12.5% / 28 days), 3.9 (15% / 28 days), 3.9 (0% / 7 days), 4.2 (5% / 7 days), 3.7 (7.5% / 7 days), 3.5 (10% / 7 days), 3.25 (12.5% / 7 days), 3.15 (15% / 7 days)",12,,,,,,"°C, h",,,,,,,,,,,,,,,,,,,,,,%,%,%,%,%,,%,%,,,,,,,,,,,%,%,N/mm²,%,,,,,N/mm²,%,,
62,State-of-the-art-review on rice husk ash: A supplementary cementitious material in concrete,"Ayesha Siddika, Md. Abdullah Al Mamun, Rayed Alyousef, Hossein Mohammadhosseini",Journal of King Saud University - Engineering Sciences,2021,https://doi.org/10.1016/j.jksues.2020.10.006,Rice husk ash (RHA),Rice husk / Rice husks,"Open field burning or controlled incineration, followed by separation/sieving and grinding",Incineration temperature: 500°C - 700°C / Yield: 2025% by weight of rice husk,"Thermal treatment (controlled incineration), Mechanical activation (grinding/milling), Acid-leaching pre-treatment","Incineration at 500°C-700°C, Mechanical grinding in vibratory mill for up to 360 min",,500°C-700°C (700°C-800°C also noted for controlled incineration),,Mechanical grinding / Vibratory milling,"8, 15, 30, 60, 90, 120, 180, 270, 360",,Acid-leaching pre-treatment,"0.25, 0.40, 0.50",>80% coarser than 100 µm (as-received); <45 µm passing fineness: 99%,,14 - 20,,"3.80, 5.8, 11.5, 18.3, 31.3, 63.8","36.47, 150","33,670",,,"2.06, 2.1, 2.11 (Typical range: 2.0 - 2.5)",180 - 200,77.19 - 94.0 (Typical: >85%),0.28 - 2.93,0.04 - 6.19,0.18 - 1.4,0.31 - 2.1,0.04 - 0.69,0.05 - 0.66,0.50 - 3.76,1.06 - 11.9,0.12 - 0.46,"Cristobalite, Sylvite, Amorphous silica","Amorphous silica, Cristobalite, Sylvite",85 - 95,High pozzolanic reactivity; drop in electrical conductivity in saturated Ca(OH)2 solution,"80, 88, 93, 97, 109, 110",>75,Accelerated hydration and increased heat evolution during C-S-H formation,Chapelle activity: 736,"5, 7, 10, 14, 15, 18, 20, 25, 30, 40, 50, 60, 100",10  30 (recommended general optimum: 20  30%),1.2  62.3,"Increment of 25% (7d), 33% (28d), 36% (56d) at 15% replacement over control; boosted by 414% using graded aggregates",,,"0  350 (Graph-derived: 0% RHA = 145 min, 30% RHA = 150 min)","232 (for 30% RHA), 300 (for 0% OPC control)",~4.5  8.5 (GRAPH-DERIVED from Fig. 10a),10  30 improvement,50  750 × 10?? (GRAPH-DERIVED from Fig. 8 strain values),Reduced relative to control up to 20% RHA; increased shrinkage beyond 20% RHA,,,,°C / %,,°C / min,,°C,,,min,,,,µm / %,,µm,,µm,m²/g,m²/kg,,,g/cm³,kg/m³,wt%,wt%,wt%,wt%,wt%,wt%,wt%,wt%,wt%,wt%,,,%,,%,%,,mg/g,%,%,N/mm² (or MPa),%,,,min,min,MPa,%,mm/mm (Microstrain),%
63,"Sustainable high strength, high ductility engineered cementitious composites (ECC) with substitution of cement by rice husk ash","Zhigang Zhang, Siyu Liu, Fan Yang, Yiwei Weng, Shunzhi Qian",Journal of Cleaner Production,2021,https://doi.org/10.1016/j.jclepro.2021.128379,Rice husk ash (RHA),Rice husk,Ball mill grinding,300 rpm for 5 min,Mechanical activation,Ground by ball mill at 300 rpm for 5 min,,,,Ball milling,5,300,Ball miller with power of 750 Watt,,Shown in Fig. 3,,,,,High specific surface area (exact numerical value not reported),,,,2.0,2.0,87.51,0.71,0.61,0.63,0.52,,0.05,1.87,,TiO?: NULL; P?O?: NULL,Quartz,Crystal and amorphous silica dioxide,,Superior pozzolanic reactivity,,,Shown in Fig. 7(a) and 7(b),,"15%, 25%, 40% (by equal volume)",25%,3-day: M-C = 61.2; M-15 = 63.8; M-25 = 52.1; M-40 = 47.9; 28-day: M-C = 80.0; M-15 = 94.67; M-25 = 111.3; M-40 = 90.42,28-day: M-15 = 118.3%; M-25 = 139.1%; M-40 = 113.0%,,3-day (72 h) cumulative heat reduction: M-15 = 22.6% lower; M-25 = 36.4% lower; M-40 = 36.7% lower,,,,,,,,,,,,,,,,,min,rpm,,,,,,,,,,,,,g/cm³,%,%,%,%,%,,%,%,,,,,,,,,,,%,%,MPa,%,,%,,,,,,
64,Strength Performance of Concrete Produced with Rice Husk Ash as Partial Replacement of Cement,"Agboola Shamsudeen Abdulazeez, Umar Yunusa, Tukur Mohammed and Bappah Hamza",African Journal of Environmental Sciences & Renewable Energy,2022,,Rice Husk Ash (RHA),Rice husk,Controlled temperature burning,650,Thermal treatment,650,,650,,,,,,0.5,,,,,,,,,,2.06,,81.47,1.22,1.61,1.34,1.46,,0.08,0.32,4.92,Manganese Oxide (MnO): 0.03,,,81.47,"Combined silica, alumina and ferric-oxides: 84.42",,,,,"0, 5, 10, 15, 20, 25, 30",10,"0% (7d: 13.7, 14d: 16.4, 21d: 22.7, 28d: 26.9); 5% (7d: 13.5, 14d: 16.2, 21d: 22.4, 28d: 26.6); 10% (7d: 13.6, 14d: 16.4, 21d: 22.7, 28d: 26.8); 15% (7d: 12.8, 14d: 15.6, 21d: 21.2, 28d: 24.8); 20% (7d: 11.8, 14d: 14.1, 21d: 18.1, 28d: 23.1); 25% (7d: 10.4, 14d: 13.1, 21d: 16.4, 28d: 21.2); 30% (7d: 9.8, 14d: 11.4, 21d: 13.8, 28d: 16.8)",,,,,,"7 days: 0% (4.35), 5% (4.34), 10% (4.37), 15% (4.21), 20% (4.12), 25% (3.56), 30% (3.23); 28 days: 0% (4.47), 5% (4.49), 10% (4.49), 15% (4.33), 20% (4.26), 25% (3.73), 30% (3.51)",,,,,,,°C,,°C,,°C,,,,,,,,,,,,,,,,,,%,%,%,%,%,,%,%,%,%,,,%,%,,,,,%,%,N/mm²,,,,,,N/mm²,,,
65,Strength and durability of concrete using Rice Husk ash as a partial replacement of cement,"Guguloth Bixapathi, M. Saravanan",Materials Today: Proceedings,2022,https://doi.org/10.1016/j.matpr.2021.11.267,Rice husk ash,Rice husk / Paddy grains,Blazing,,,,,,,,,,,0.40,,,,,,,,,,,,85-90,,,,,,,,,,,,85-90,,,,,,"0, 5, 10, 15, 20, 25",15,"7 Days: ~16.3 (0%), ~16.8 (5%), ~17.2 (10%), ~17.8 (15%), ~16.5 (20%), ~15.8 (25%)
14 Days: ~23.3 (0%), ~22.8 (5%), ~24.5 (10%), ~25.5 (15%), ~23.5 (20%), ~22.7 (25%)
28 Days: ~26.0 (0%), ~26.5 (5%), ~27.2 (10%), ~28.0 (15%), ~26.1 (20%), ~25.2 (25%)",107.836,,,,,"7 Days: ~2.2 (0%), ~2.4 (5%), ~2.45 (10%), ~2.62 (15%), ~2.33 (20%), ~2.25 (25%)
14 Days: ~3.15 (0%), ~3.31 (5%), ~3.48 (10%), ~3.62 (15%), ~3.36 (20%), ~3.13 (25%)
28 Days: ~3.36 (0%), ~3.64 (5%), ~3.75 (10%), ~3.97 (15%), ~3.65 (20%), ~3.43 (25%)",115.57,,,,,,,,,,,,,,,,,,,,,,,,,,,,%,,,,,,,,,,,,%,,,,,,%,%,MPa,%,,,,,MPa,%,,
66,Rice Husk Ash in Concrete,"Solomon Asrat Endale, Woubishet Zewdu Taffese, Duy-Hai Vo, Mitiku Damtie Yehualaw",Sustainability,2022,10.3390/su15010137,Rice Husk Ash (RHA) / Rice Hull Ash (RHA) / Rice Husk Ash Powder,Rice husk / Paddy field,Open field burning or controlled incineration,Burning temperature 400°C to 1100°C,Controlled combustion and grinding / Mechanical grinding / Acid leaching,"Grinding time: 10 min, 30 min, 120 min",,400°C to 1100°C,,Grinding (manual or mechanical grinding),"10 min, 30 min, 120 min",,Acid leaching,,,,,,,56,,,,,,>70% (in some cases up to 97%),,,,,,,,,,"Quartz (SiO?), Cristobalite (SiO?)","Quartz, Cristobalite",High / Non-crystalline,High pozzolanic activity,?70,,,,10% to 20%,10% to 20%,,,,,,,,,,,,,,°C,,min,,°C,,,min,,,,,,,,,m²/g,,,,,,%,,,,,,,,,,,,,,%,,,,%,%,,,,,,,,,,
67,Integration of Rice Husk Ash as Supplementary Cementitious Material in the Production of Sustainable High-Strength Concrete,"Noor Md. Sadiqul Hasan, Md. Habibur Rahman Sobuz, Md. Munir Hayet Khan, Nusrat Jahan Mim, Md. Montaseer Meraz, Shuvo Dip Datta, Md. Jewel Rana, Ayan Saha, Abu Sayed Mohammad Akid, Md. Tanjid Mehedi, Moustafa Houda, Norsuzailina Mohamed Sutan",Materials,2022,10.3390/ma15228171,Rice Husk Ash (RHA),Rice husk,Incineration in ferrocement furnace followed by grinding in Los Angeles machine,"Flame kept for ~1 h, smoldering for ~24 h, settling inside furnace for 24 h",,,,,,,,,,0.35,Ranges from 1.0 µm to around 60 µm,0.003,0.02,0.055,,,,,,,,75.24,2.42,2.18,2.24,2.28,0.12,0.86,1.72,12.99,,,,,,,,,,"5, 10, 15, 20",10,"46.00 (7d), 65.01 (28d), 67.05 (56d) [RHA0]; 46.76 (7d), 67.73 (28d), 69.13 (56d) [RHA5]; 47.04 (7d), 68.92 (28d), 71.85 (56d) [RHA10]; 43.61 (7d), 63.95 (28d), 65.35 (56d) [RHA15]; 41.48 (7d), 61.50 (28d), 63.77 (56d) [RHA20]","101.65 (7d), 104.18 (28d), 103.10 (56d) [RHA5]; 102.26 (7d), 106.01 (28d), 107.16 (56d) [RHA10]; 94.80 (7d), 98.37 (28d), 97.46 (56d) [RHA15]; 90.17 (7d), 94.60 (28d), 95.11 (56d) [RHA20]",,,,,"5.18 (7d), 7.94 (28d), 9.10 (56d) [RHA0]; 5.23 (7d), 8.06 (28d), 9.29 (56d) [RHA5]; 5.33 (7d), 8.15 (28d), 9.45 (56d) [RHA10]; 4.96 (7d), 7.81 (28d), 8.98 (56d) [RHA15]; 4.87 (7d), 7.70 (28d), 8.97 (56d) [RHA20]","100.97 (7d), 101.51 (28d), 102.09 (56d) [RHA5]; 102.72 (7d), 102.71 (28d), 103.82 (56d) [RHA10]; 95.75 (7d), 98.36 (28d), 98.68 (56d) [RHA15]; 93.91 (7d), 96.98 (28d), 98.51 (56d) [RHA20]",,,,,,,,,,,,,,,,,µm,mm,mm,mm,,,,,,,,%,%,%,%,%,%,%,%,%,,,,,,,,,,%,%,MPa,%,,,,,MPa,%,,
68,Rice husk ash as a potential supplementary cementitious material in concrete solution towards sustainable construction,"Ganta Mounika, Ramesh Baskar, Jyosyula Sri Kalyana Rama",Innovative Infrastructure Solutions,2022,https://doi.org/10.1007/s41062-021-00643-5,"Rice Husk Ash (RHA), Rice husk ash, Rice husk ash concrete (RHAC), Acid Leached Rice Husk Ash (ARHA), ground rice husk ash (GRHA), low carbon RHA, high carbon RHA, coarse RHA, fine RHA, ultrafine rice husk ash, unground rice husk ash","Rice husk, Rice hulls","Controlled combustion, Uncontrolled combustion, Open air burning, Charcoal-powered incinerator, Ferrocement incinerator, Incineration in furnace with vents",Controlled burning temperature: 500 to 700 °C; Burning between 600 and 700 °C for 2 h; Burning temperature range across studies: 600850 °C; Uncontrolled burning temperature: above 700800 °C; Charcoal-powered incinerator burning duration: 24 h; Incinerator batch size / duration: 25 kg in 48 h; Ferrocement incinerator batch capacity: 60 kg burned more than a day,Mechanical grinding / pulverization / ball milling,"Minimum grinding time: 1 h; Grinding durations: 90, 180, 270, 360 min; Los Angeles abrasion machine batch: 5 kg with forty rods of length 500 mm and diameter 10 mm made of mild steel; Ball mill grinding speed: 67 rpm with 21 kg steel balls for 1 kg RHA",,500700; 600700; 600850; 700800,2; 24; 48; > 24,"Ball mill grinding, Los Angeles abrasion machine grinding",60; 90; 150; 180; 270; 360,67,Acid leaching (for ARHA); NaOH solution (10 M) alkaline activation in geopolymer paste,0.3 to 0.34; 0.30; 0.35; 0.4; 0.45; 0.5; 0.55,,,,,8; < 5.6; < 45,7000,,,,2.05 to 2.53,,8896 (China); 7095 (India); 8299 (Malaysia); 9098 (Vietnam); 8598.5 (Brazil); 9095 (USA); 8693 (Egypt); ? 70,13 (China); 05 (India); 0.12 (Malaysia); 01.5 (Vietnam); 0.012 (Brazil); 0.250.7 (USA); 03 (Egypt),0.150.9 (China); 06 (India); 00.5 (Malaysia); 05 (Vietnam); 0.12 (Brazil); 01 (USA); 02 (Egypt),0.20.7 (China); 02.5 (India); 05 (Malaysia); 00.5 (Vietnam); 0.010.25 (Brazil); 00.3 (USA); 02 (Egypt),00.9 (China); 02 (India); 01 (Malaysia); 01 (Vietnam); 0.010.5 (Brazil); 00.6 (USA); 08 (Egypt),0.12.5 (China); 03 (India); 00.5 (Malaysia); 01.25 (Vietnam); 02 (Brazil); 01.5 (USA); 01 (Egypt),00.4 (China); 00.2 (India); 00.1 (Malaysia); 00.1 (Vietnam); 00.5 (Brazil); 01 (USA); 01.5 (Egypt),0.16 (China); 04 (India); 04 (Malaysia); 23.5 (Vietnam); 0.014 (Brazil); 07 (USA); 13 (Egypt),0.18 (China); 09 (India); 04 (Malaysia); 09 (Vietnam); 07 (Brazil); 05 (USA); 025 (Egypt); < 10,SAF (SiO? + Al?O? + Fe?O?): 8898 (China); 7098 (India); 8299 (Malaysia); 9198 (Vietnam); 8599 (Brazil); 9096 (USA); 8697 (Egypt),Amorphous halo / hump around 22° 2?; presence of amorphous silica; crystalline silica under uncontrolled combustion,Amorphous silica; Crystalline silica,Huge amount / non-crystalline,High pozzolanic reactivity; Highest pozzolanic activity achieved at particle surface area of 7000 cm²/g,,,,"Measure of extent of chemical reaction between active functional constituents of pozzolana, lime, and water","Up to 30%; 5, 10, 15, 20, 25, 30, 35, 40, 50","10 to 15 (General mechanical & durability optimization across reviewed literature); 10 (Compressive strength optimization in Habeeb & Mahmud [46] and Rafat et al. [50, 51]); 15 (Flexural strength and elastic modulus optimization in Farshad et al. [66]); 12 to 15 (Alkali-silica reaction mitigation in Hasparyk et al. [78])","21 (at 28 days for 15% RHA in Farshad et al. [66]); 28-day compressive strength increased by 31% over control for 10% RHA (Habeeb and Mahmud [46]); Gain of 9% at 7 days, 10% at 28 days, 13% at 56 days for 10% RHA (Rafat et al. [50, 51]); Increased by 18% at 7 days for 30% RHA (Saraswathy and Song [47]); Decreased by 28% for 25% RHA without superplasticizer (Rawaid [48])","131% (10% RHA, 28-day, Habeeb & Mahmud [46]); 109% (7-day, 10% RHA, Rafat et al. [50, 51]); 110% (28-day, 10% RHA, Rafat et al. [50, 51]); 113% (56-day, 10% RHA, Rafat et al. [50, 51]); 118% (7-day, 30% RHA, Saraswathy & Song [47]); 72% (28-day, 25% RHA without SP, Rawaid [48]); 100% (at all ages for 20% RHA, Habeeb & Mahmud [46])",,,Retarded / Increased with RHA inclusion (retarded by unfavorable hydration of silica); Increased for 1520% replacement followed by decrease with higher replacement levels,Increased with the increase in replacement of RHA,"Increased by 1244% under normal curing and 1138% under steam curing at 28 days for RPC with RHA vs without RHA (Vigneshwari et al. [26]); Increased by 13% for 10% fine RHA (Mohammad et al. [65]); Increased by 615% for 15% RHA (Foong et al. [33]); Increased by 24%, 30%, and 36% for 15% RHA with bacteria concentrations 10³, 10?, and 10? cells/ml respectively over control (Farshad et al. [66])","112144% (RPC under normal curing, Vigneshwari et al. [26]); 111138% (RPC under steam curing, Vigneshwari et al. [26]); 113% (10% fine RHA, Mohammad et al. [65]); 106115% (15% RHA, Foong et al. [33]); 124%, 130%, 136% (15% RHA + bacteria concentrations, Farshad et al. [66])",Drying shrinkage reduced enormously with inclusion of RHA as partial cement replacement; Small autogenous shrinkage in UHPC with RHA and SF,Reduced compared to control mix,,,,"°C, h, kg",,"min, h, rpm, kg, mm",,°C,h,,min,rpm,M,,,,,,µm,cm²/g,,,,,,%,%,%,%,%,%,%,%,%,%,,,,,,,,,%,%,MPa / % relative to control,%,,,min / h,min / h,% relative to control,%,microstrain / % reduction,%
69,Strength Performance of Concrete using Rice Husk Ash as Supplementary Cementitious Materials (SCM),"Dahlia Patah, Amry Dasar",Journal of The Civil Engineering Forum,2022,10.22146/jcef.3488,Rice Husk Ash (RHA) / RHA,Rice field / Rice husk,Natural combusting process,Uncontrolled burning temperature and time; sieved through No. 50 sieve,,,,,,,,,,0.40,Passing sieve No. 50,,,,,87,,,,2.24,,,,,,,,,,,,,,,,,,,,"0, 2.5, 5, 7.5, 10",7.5 (Compressive strength); 10 (Split tensile strength),"7-day: RHA-0: 29.26, RHA-2.5: 29.17, RHA-5: 32.54, RHA-7.5: 31.05, RHA-10: 29.40;
14-day: RHA-0: 38.06, RHA-2.5: 35.35, RHA-5: 39.19, RHA-7.5: 38.71, RHA-10: 36.36;
28-day: RHA-0: 39.33, RHA-2.5: 38.78, RHA-5: 39.98, RHA-7.5: 40.65, RHA-10: 40.02;
91-day: RHA-0: 45.30, RHA-2.5: 39.30, RHA-5: 40.82, RHA-7.5: 48.79, RHA-10: 41.62",,,,,,,,,,,,,,,,,,,,,,,,,,,,,m²/g,,,,,,,,,,,,,,,,,,,,,,,,%,%,MPa,,,,,,,,,
70,Review paper: Performance of rice husk ash as a material for partial cement replacement in concrete,"Zaidatul Syahida Adnan, Nur Farhayu Ariffin, Sharifah Maszura Syed Mohsin, Nor Hasanah Abdul Shukor Lim",Materials Today: Proceedings,2022,https://doi.org/10.1016/j.matpr.2021.02.400,"Rice Husk Ash (RHA), rice husk ash, rice husk ash powder, ground rice husk ash",Rice husk,"Burning, Incineration, Combustion, Grinding","Temp: 500750 °C, Duration: 30 min to 2 days, Grinding duration: 30 to 360 min","Thermal treatment (Incineration/Combustion), Mechanical activation (Grinding)","Incineration temperature 500750 °C, grinding time 30360 min",,500750,"30 min to 2 days (30 min, 60 min, 90 min, 2 h, 24 h, 2 days)",Grinding (including Los Angeles grinding machine),"30 to 360 (30, 60, 360)",,Fluidized bed burning using Torbed reactor with gas velocities of 312 m/s,,,,,,< 8; < 11.5; 3.80,183.3,,,,"2.00, 2.06, 2.11",,"86.49, 87.32, 88.32, 92.95","0.48, 0.50, 0.53, 0.67","0.01, 0.22, 0.31, 0.46","0.26, 0.28, 0.67, 0.91","0.13, 0.28, 0.44, 0.55",,"0.05, 0.08, 1.02","1.97, 2.1, 2.70, 2.91","2.06, 3.14, 5.81, 8.83","Organic matter (7590%), Ash silica (8797%), Amorphous silica (8590%, 97.4%)",Amorphous silica / non-crystalline silica,,"8590, 97.4",High pozzolanic activity / reactive,,,,Chemically reacts with calcium hydroxide at ordinary temperature,"5, 10, 15, 16, 20, 25, 30, 35","5 to 15 (Text-stated general), 10 (Text-stated for flexural / Paramveer Singh study), 20 (Graph-Derived / Adnan & Jamallodin study)","10.4, 11.1, 11.6, 11.7, 12.0, 12.2, 12.8, 13.8, 17.08, 18.4, 20.7, 20.9, 22.1, 23.6, 24.4, 24.8, 26.4, 26.42, 26.65, 27.2, 27.4, 27.6, 27.8, 28.13, 28.3, 28.9, 29.3, 36.0, 37.0, 38.3, 38.9, 39.73, 39.8, 42.8, 43.08, 46.7, 50.06","102, 103, 126",,,,,"2.50, 2.58, 3.15, 3.15, 3.50, 3.59, 3.90, 3.90, 3.9, 4.25, 4.37, 4.55, 4.62, 4.72, 4.90, 5.29, 5.50, 6.66",112,Low shrinkage,,,,,"°C, min, hours, days",,"°C, min",,°C,"min, h, days",,min,,m/s,,,,,,µm,m²/kg,,,,,,%,%,%,%,%,,%,%,%,%,,,%,,,,,,%,%,MPa,%,,,,,MPa,%,,
71,"Rice husk ash as an additive in mortar  Contribution to microstructural, strength and durability performance","Mareike Thiedeitz, Benjamin Ostermaier, Thomas Kränkel","Resources, Conservation & Recycling",2022,https://doi.org/10.1016/j.resconrec.2022.106389,Rice Husk Ash (RHA),"Sundried RHA collected in Bagamoyo, Tanzania",Burning in a muffle oven and grinding in a ball mill,Burned in small amounts to ensure homogeneous combustion and oxidizing environment; ground in small batches of 10 g,Thermal treatment and mechanical activation,Controlled laboratory muffle oven burning and ball mill grinding,,650,30,"Grinding in a ball mill (Cryomill, Retsch, Germany)",20,20,Direct cooling after combustion without monitoring the cooling rate; husks stored in muffle oven after reaching combustion temperature,0.5,1.0-50.0,,32.0,,,128.13,128.13,1920,,2.29,,94.97,0.83,0.97,0.58,0.57,,0.58,1.66,,,"Quartz, microlin, C3S, C2S, C3A, Portlandite, Ettringite",Crystalline phases and back-calculated amorphous phases (C-S-H),"13.9 (at 1d), 18.2 (at 7d), 18.7 (at 28d)",Highly reactive pozzolanic additive; converts portlandite with amorphous silica to C-S-H phases,Exceeds 100% after 7 days,Exceeds 100% after 7 days,Maximum heat flux of 15.2 mW/g reached after 5.6 h; highest hydration energy in early stage up to ~40 h,Accelerated hydration reaction rate during first hours; high early heat release,25,25,"25.1 (2d), 51.2 (7d), 60.3 (28d), 66.1 (90d)","~70.7% (2d), ~114.3% (7d), ~115.1% (28d), ~101.4% (90d)",,,,,,,,,,,,,,,,°C,min,,s,Hz,,,µm,,µm,,,m²/g,m²/g,cm²/g,,g/cm³,,%,%,%,%,%,,%,%,,,,,%,,%,%,mW/g,,wt.-%,wt.-%,MPa,%,,,,,,,,
72,Production of new generation and sustainable concrete using Rice Husk Ash (RHA): A review,"Sayed Ali Farid, Mohd Moonis Zaheer",Materials Today: Proceedings,2023,https://doi.org/10.1016/j.matpr.2023.06.034,Rice Husk Ash (RHA),Rice husk,Controlled burning / calcination and mechanical grinding,Combustion temperature 500 °C to 700 °C; Minimum grinding duration 1030 min,Thermal treatment and mechanical activation (grinding),Thermal treatment: 500700 °C; Grinding: 1030 min (or up to 120 min in vibrating mill),,500700,,Mechanical grinding (automatic grinder / vibrating mill),"1030 (suggested minimum); 120 (for ultrafine / vibrating mill); 90, 180",,Pre-curing / acid leaching (to extract metallic ions),,Particle sizes from ~0.5 µm to 800 µm depending on grinding duration,,,,6.8 (for 120 min grinding); 3.69 (endorsed range for HPC); 6; 3.80; 63.8; 31.3; 8,0.52.1 (up to 500 °C); 76122 (500600 °C); 100150 (600700 °C); 610 (700800 °C); <5 (800900 °C); 36.47,,,,22.5; 2.1; 2.06; 2.11,180200,87.89; 82.6; 93.44; 87.32; 85.76; 86.81; 77.19; 93.20,0.73; 0.9; 0.76; 0.48; 0.74; 1.04; 2.88; 1.10,0.19; 0.4; 0.21; 0.22; 0.25; 0.50; 6.19; 0.40,0.28; 0.5; 0.18; 0.28; 1.15; 0.87; 3.65; 0.10,0.47; 0.43; 0.28; 0.81; 0.85; 1.45; 0.10,,0.66; 0.1; 0.05; 1.02; 0.69; 0.0; 0.10,3.43; 1.8; 1.98; 3.14; 3.61; 1.81; 1.30,~12% loss on ignition associated with grinding,,"Cristobalite, amorphous silica (SiO2)",Amorphous silica and minor cristobalite,8595; 85,High pozzolanic activity (exceeds ASTM C 618 75% limit); Chapelle activity of 736 mg/g (at 120 min grinding),"109 (at 120 min grinding); 80, 93, 97, 97, 109, 110 (at 8, 15, 30, 60, 120, 240 min grinding); 88 (at 7 days)",,,Decreased electrical conductivity of Ca(OH)2 solution used to compute pozzolanic activity,"0, 5, 7, 10, 15, 20, 25, 30, 40, 50, 60",1025 (general recommended range); 1520 (for durability/splitting tensile); 30 (stated in conclusions),"728 days: 31.3236.49 (0%), 27.2236.45 (5%), 30.4537.43 (10%), 31.6437.71 (20%), 33.5337.80 (30%); 28 days: 54 (0%), 55.4 (5%), 62.3 (10%), 60.2 (20%); 7200 days: 8.540 (0%), 9.422 (5%), 7.227.2 (10%)","Strength enhanced by about 25% (7 days), 33% (28 days), and 36% (56 days) over control; Enhanced by 414% with graded aggregates",,,,,Improved by approximately 1030% with every 20% fineness increase,1030% improvement,Drying shrinkage reported as influenced by RHA average particle size,,,,,"°C, min",,"°C, min",,°C,,,min,,,,µm,,,,µm,m²/g,,,,,kg/m³,wt%,wt%,wt%,wt%,wt%,,wt%,wt%,%,,,,%,mg/g,%,,,,wt%,wt%,N/mm² (MPa),%,,,,,%,%,,
73,"Natural and recycled aggregate concrete containing rice husk ash as replacement of cement: Mechanical properties, microstructure, strength model and statistical analysis","Wenzhuo Ma, Yutong Wang, Liang Huang, Libo Yan, Bohumil Kasal",Journal of Building Engineering,2023,10.1016/j.jobe.2023.105917,Rice husk ash (RHA),Rice husk,Combustion of rice husk followed by grinding in a planetary ball mill,Combustion at 600 °C for 4 h; grinding at 300 rpm for 20 min,Thermal treatment and mechanical activation (grinding),Thermal treatment at 600 °C for 4 h; grinding at 300 rpm for 20 min,,600,4,Planetary ball mill grinding,20,300,,0.43,>70% < 10 µm,,,,8.45,,,,,,,83.93,0.70,0.53,0.63,0.50,0.20,0.12,2.85,9.44,P2O5: 0.53,"Tridymite, Cristobalite, Amorphous silica","Tridymite, Cristobalite",,Highly pozzolanic active,,86,,,"0, 10, 20, 30",10,35 (RC-K0-G0); 35 (RC-K10-G0); 33 (RC-K20-G0); 31 (RC-K30-G0); 33 (RC-K0-G30); 34 (RC-K10-G30); 33 (RC-K20-G30); 31 (RC-K30-G30); 31 (RC-K0-G50); 33 (RC-K10-G50); 31 (RC-K20-G50); 27 (RC-K30-G50); 28 (RC-K0-G70); 28 (RC-K10-G70); 28 (RC-K20-G70); 25 (RC-K30-G70); 26 (RC-K0-G100); 27 (RC-K10-G100); 26 (RC-K20-G100); 25 (RC-K30-G100),G0 group with 10% RHA: +0.4%; G30 group with 10% RHA: +4.0%; G50 group with 10% RHA: +8.0%; G100 group with 10% RHA: +4.9%,,,,,,,,,,,,,,,,°C,h,,min,rpm,,,%,,,,µm,,,,,,,%,%,%,%,%,%,%,%,%,%,,,,,,%,,,%,%,MPa,%,,,,,,,,
74,An experimental study on rice husk ash concrete,"Sandeep Sathe, Mohd Zain Kangda, Shahbaz Dandin",Materials Today: Proceedings,2023,https://doi.org/10.1016/j.matpr.2022.11.366,Rice Husk Ash (RHA),Rice husk,Controlled burning in a furnace,"Temperature increasing gradually from 20°C/min up to 600°C/min for six hours, then allowed to cool at room temperature",Thermal treatment,Temperature increasing gradually from 20°C/min up to 600°C/min for 6 hours,,600,6,,,,,0.55,45 to 75,,,,,,,,,2.12,711,92.76,3.85,0.79,1.98,,,0.40,0.22,,,,,,,82.80,,,,"0, 5, 10, 15, 20",15,"0% RHA: 20.25 (7D), 28.45 (14D), 33.45 (28D); 5% RHA: 21.23 (7D), 29.25 (14D), 34.50 (28D); 10% RHA: 22.23 (7D), 30.78 (14D), 35.70 (28D); 15% RHA: 23.72 (7D), 32.85 (14D), 37.12 (28D); 20% RHA: 21.25 (7D), 29.85 (14D), 34.90 (28D)","7D: 104.61% (5%), 108.90% (10%), 114.62% (15%), 104.70% (20%); 14D: 102.73% (5%), 107.56% (10%), 113.39% (15%), 104.69% (20%); 28D: 103.04% (5%), 106.30% (10%), 109.88% (15%), 104.15% (20%)",,,,,"0% RHA: 2.75 (7D), 3.10 (14D), 3.80 (28D); 5% RHA: 2.85 (7D), 3.20 (14D), 3.90 (28D); 10% RHA: 3.00 (7D), 3.30 (14D), 4.00 (28D); 15% RHA: 3.20 (7D), 3.40 (14D), 4.20 (28D); 20% RHA: 2.60 (7D), 3.25 (14D), 3.90 (28D)","7D: 103.50% (5%), 108.33% (10%), 114.06% (15%), 94.24% (20%); 14D: 103.13% (5%), 106.06% (10%), 108.82% (15%), 104.61% (20%); 28D: 102.56% (5%), 105.00% (10%), 109.52% (15%), 102.56% (20%)",,,,,,,,,,°C/min,hours,,,,,,µm,,,,,,,,,,kg/m³,%,%,%,%,,,%,%,,,,,,,%,,,,%,%,MPa,%,,,,,MPa,%,,
75,Optimization of rice husk ash concrete design towards economic and environmental assessment,"Bin Xi, Ning Zhang, Huabo Duan, Jintao He, Guanghan Song, Huanyu Li, Xiong Shi",Environmental Impact Assessment Review,2023,10.1016/j.eiar.2023.107229,"Rice Husk Ash (RHA), RHA",Rice husks,High-temperature treatment,,,,,,,,,,,0.240.53,,,,,,,,,,,2.11,,,,,,,,,,"Amorphous silica, carbon, and small quantities of other mineral components",,,Amorphous silica,Strong volcanic ash properties / Pozzolanic properties,,,,,"5%, 10%, 20%, 30%, 40%","10% (GRAPH-DERIVED) / 3040% (Type I), <=20% (Type II & III)","39.4, 48.0, 59.6",65% (at 3 days for 20% replacement),,,,,,,,,,,,,,,,,,,,,,,,,,,,,,,,,g/cm3 / kg/m3,,,,,,,,,,,,,,,,,,,%,%,MPa,%,,,,,,,,
76,The impact of using rice husk ash as a replacement material in concrete: An experimental study,"Asad A. Khedheyer Al-Alwan, Mustafa Al-Bazoon, Faten I.Mussa, Hayder A. Alalwan, Mohanad Hatem Shadhar, Malik M. Mohammed, Mohammed Fakhri Mohammed",Journal of King Saud University - Engineering Sciences,2024,10.1016/j.jksues.2022.03.002,rice husk ash (RHA),Rice husk,Controlled combustion process and mechanical grinding,Combustion at 550 °C; Ground for 30 min,Mechanical grinding,30 min grinding duration,,550,,Mechanical grinding in a mechanical grinder,30,,,"0.3, 0.5, 0.7",,,,,7 ± 2,165,165,,,2.45,,83.10,4.70,2.15,1.10,1.50,1.20,0.10,2.96,1.13,P2O5: 2.05,Amorphous SiO2 (broad peak at 2? = 22°),Amorphous SiO2,High amorphous percentage / amorphous phase confirmed,Highly pozzolanic,,,,,"0, 7, 14",7,"10 days: 22 (W0.5R7), 20 (W0.7R7), 25 (W0.3R14), 23.5 (W0.5R14), 21.5 (W0.7R14); 20 days: 29 (W0.5R7), 26 (W0.7R7), 31 (W0.3R14), 28 (W0.5R14), 26 (W0.7R14); 30 days: 35.7 (W0.3R7), 32 (W0.5R7), 30 (W0.7R7), 36.5 (W0.3R14), 32 (W0.5R14), 30 (W0.7R14)",30 days: 7% RHA increases strength by ~10%; 14% RHA increases strength by ~12% (2% beyond 7%),,,,,"10 days: 1.32 (W0.3R7), 1.25 (W0.5R7), 1.15 (W0.7R7), 1.35 (W0.3R14), 1.30 (W0.5R14), 1.20 (W0.7R14); 20 days: 3.70 (W0.3R7), 3.30 (W0.5R7), 3.20 (W0.7R7), 3.80 (W0.3R14), 3.40 (W0.5R14), 3.30 (W0.7R14); 30 days: 5.3 (W0.3R7), 5.2 (W0.5R7), 5.1 (W0.7R7), 5.4 (W0.3R14), 5.3 (W0.5R14), 5.2 (W0.7R14)","10 days, 14% RHA: +3% (w/c=0.3) to +9% (w/c=0.7); 30 days, 14% RHA: 3-4%; 10 days, 7% RHA: +1.5% (w/c=0.3) to +4% (w/c=0.7); 30 days, 7% RHA: +2%",,,,,,"°C, min",,min,,°C,,,min,,,,,,,,µm,m²/g,m²/g,,,g/cm³,,%,%,%,%,%,%,%,%,%,%,,,,,,,,,%,%,MPa,%,,,,,MPa,%,,
77,Use of recycled concrete and rice husk ash for concrete: A review,"S. P. Muñoz-Pérez, E. Sánchez-Díaz, D. Barboza-Culqui, J. M. Garcia-Chumacero",Journal of Applied Research and Technology,2024,,"Rice Husk Ash (RHA), RHA, NRHA, GRHA",Rice husks / Rice husk waste,"Uncontrolled burning, controlled incineration, charcoal-powered incinerator, calcining, grinding","Burning time: 3 h; Cooling rate: 10 °C/min; Cooling duration: 9, 7, 5, 3 h",Mechanical activation (milling/grinding),,,"300, 500, 700, 900",3,Milling / Grinding,,,,"0.33, 0.41, 0.44, 0.45, 0.60, 0.65",,,,,Nanometer size,,,,,,,90,,,,,,,,,,,Amorphous reactive silica,90,Highly pozzolanic / highly reactive pozzolan,,,,Pozzolanic strength,"1, 2.5, 3, 5, 7.5, 10, 12.5, 15, 20, 25, 30, 50",10 to 15 / 8,"120, 100, 62, 55, 48.8, 43.4, 40.2, 38.9, 36.2, 30.3, 20.8",9.4 (increase for 3% RHA); 5.6 (increase for 5% RHA); 22.16 (increase for 10% RHA),,,,,"70, 60, 27.68, 16.56","9.9, 14.4, 18.9, 22.31",,,,,,,,,,°C,h,,,,,,,,,,,,,,,,,%,,,,,,,,,,,,%,,,,,,%,%,MPa,%,,,,,MPa,%,,
78,Mechanical and durability-based life cycle assessment of rice husk ash containing concrete,"Parvin Montazeri, Omid Bamshad, Milad Aghililotf, Priyanka Singh",Case Studies in Construction Materials,2025,10.1016/j.cscm.2025.e05241,Rice husk ash (RHA),Rice husk (RH),"Washing, drying, controlled incineration, secondary heat treatment, and sieving",Incineration temperature: 650700 °C for ~2 hours; Secondary heat treatment: 200 °C in oven; Sieve size: #100,Thermal treatment and Mechanical activation,Thermal: 650700 °C (2 h) and 200 °C; Mechanical: sieving through sieve #100,,"650700 (incineration), 200 (secondary treatment)",2,Sieving,,,,"0.35, 0.45, 0.50",Figure 5,,,,9,,,16500,,2.02,,90.80,0.07,0.11,0.60,1.70,0.03,0.76,,,,"Quartz, graphite, coquimbite","Amorphous SiO2, Quartz, Graphite, Coquimbite",High (8595% reported in general background text; RHA under study characterized by broad amorphous hump at 15°30° 2?),High / Strong pozzolanic activity,,,,Pozzolanic reaction with Ca(OH)2 forming C-S-H gel (SiO2 + Ca(OH)2 -> C-S-H),"0, 10, 15, 20","15 wt% (for compressive strength maximization); 20 wt% (for service life, durability, and overall sustainability / LCA optimization)","28-day:
R0W35: 31.0 | R0W45: 26.0 | R0W50: 23.6
R10W35: 37.8 | R10W45: 35.0 | R10W50: 29.4
R15W35: 44.6 | R15W45: 37.5 | R15W50: 30.8
R20W35: 41.8 | R20W45: 33.4 | R20W50: 28.2

56-day:
R0W35: 45.6 | R0W45: 36.2 | R0W50: 27.3
R10W35: 52.4 | R10W45: 38.1 | R10W50: 27.5
R15W35: 54.4 | R15W45: 41.9 | R15W50: 36.3
R20W35: 48.2 | R20W45: 36.3 | R20W50: 35.1

90-day:
R0W35: 47.1 | R0W45: 41.4 | R0W50: 34.2
R10W35: 59.3 | R10W45: 51.2 | R10W50: 41.7
R15W35: 61.0 | R15W45: 51.7 | R15W50: 45.3
R20W35: 56.8 | R20W45: 48.7 | R20W50: 40.0

120-day:
R0W35: 58.1 | R0W45: 53.7 | R0W50: 40.6
R10W35: 65.2 | R10W45: 55.6 | R10W50: 46.7
R15W35: 68.0 | R15W45: 59.0 | R15W50: 50.2
R20W35: 63.5 | R20W45: 51.8 | R20W50: 45.5",,,,,,,,,,,,,°C / hours,,°C / hours,,°C,hours,,,,,,µm,,,,µm,,,cm²/g,,g/cm³,,%,%,%,%,%,%,%,,,,,,%,,,,,,wt%,wt%,MPa,,,,,,,,,
