PAPER METADATA,,,,, INPUT PARAMETERS,,,,,,,,,,,,,,,,,,,,,,,,,,,,,,,,,,,,,,,,,,,,,,,,,,,,,,,,,,,,,,,,,,,,,,,,,,,,,,,,,,,,,,,,,,,,,,,,,,,,,,,,,,,,,,,,,,,,,,,,,,,,,,,,,,,,,,,,,,,,,,,,,,,,,,,,,,,,,,,,,,,,,,,,,,,,OUTPUT PARAMETERS,,,,,,,,,,,,,,,,,,,,,,,,,,,,,,,,,,,,,,,,,,,,,,,
Paper Title,Authors,Journal Name,Publication Year,DOI (Digital Object Identifier),MATERIAL IDENTIFICATION,,,,,,,,RHA PROCESSING INFORMATION,,,,,,,,RHA ACTIVATION INFORMATION,,,,,,,,,,,,,,,,,,,,,,,,,,,,,,,,,,,,MIX DESIGN INFORMATION,,,,RHA PHYSICAL PROPERTIES,,,,,,,,,,,,,,,,,,,,,,,,,,,,,,,,,,,,,,,,,,,,RHA CHEMICAL PROPERTIES,,,,,,,,,,,,,,,,,,,,,,,,,,,,,,,,,,,,,,,,RHA MINERALOGY,,,,,,,,,,,,RHA REACTIVITY,,,,,,,,,,,,,,,,,,,,,,,,,,,,,,,,,,,,,,,,,,,,,,,,,,,,,,,,,,,,,,,,,,,
,,,,,Material Type,,,,Source Material,,,,RHA Processing Method,,,,RHA Processing Parameters,,,,Activation Method,,,,Activation Parameters,,,,Carbonation Conditions,,,,Thermal Treatment Temperature,,,,Thermal Treatment Duration,,,,Mechanical Activation Method,,,,Grinding Duration,,,,Grinding Speed,,,,Other Activation Conditions,,,,Water-to-Binder Ratio (w/b),,,,Particle Size Distribution,,,,d10,,,,d50,,,,d90,,,,Mean Particle Size,,,,Specific Surface Area,,,,BET Surface Area,,,,Blaine Fineness,,,,Water Absorption Capacity,,,,Specific Gravity,,,,Bulk Density,,,,SiO2,,,,CaO,,,,Al2O3,,,,Fe2O3,,,,MgO,,,,SO3,,,,Na2O,,,,K2O,,,,Loss on Ignition (LOI),,,,Other Reported Oxides,,,,XRD Phases,,,,Mineral Composition,,,,Amorphous Content,,,,Pozzolanic Reactivity,,,,Pozzolanic Activity Index,,,,Strength Activity Index,,,,Heat Release Data,,,,Other Reactivity Indicators,,,,Cement Replacement Level(s),,,,Optimum Replacement Level of Cement with Rice Husk Ash (RHA),,,,Compressive Strength,,,,Relative Compressive Strength (% of control if reported),,,,7-Day Heat Release,,,,Relative Heat Release (% of control if reported),,,,Initial Setting Time,,,,Final Setting Time,,,,Flexural Strength,,,,Relative Flexural Strength (% of control if reported),,,,Shrinkage,,,,Relative Shrinkage (% of control if reported),,,
,,,,,Extracted Value,Unit,Source Type,Exact Evidence,Extracted Value,Unit,Source Type,Exact Evidence,Extracted Value,Unit,Source Type,Exact Evidence,Extracted Value,Unit,Source Type,Exact Evidence,Extracted Value,Unit,Source Type,Exact Evidence,Extracted Value,Unit,Source Type,Exact Evidence,Extracted Value,Unit,Source Type,Exact Evidence,Extracted Value,Unit,Source Type,Exact Evidence,Extracted Value,Unit,Source Type,Exact Evidence,Extracted Value,Unit,Source Type,Exact Evidence,Extracted Value,Unit,Source Type,Exact Evidence,Extracted Value,Unit,Source Type,Exact Evidence,Extracted Value,Unit,Source Type,Exact Evidence,Extracted Value,Unit,Source Type,Exact Evidence,Extracted Value,Unit,Source Type,Exact Evidence,Extracted Value,Unit,Source Type,Exact Evidence,Extracted Value,Unit,Source Type,Exact Evidence,Extracted Value,Unit,Source Type,Exact Evidence,Extracted Value,Unit,Source Type,Exact Evidence,Extracted Value,Unit,Source Type,Exact Evidence,Extracted Value,Unit,Source Type,Exact Evidence,Extracted Value,Unit,Source Type,Exact Evidence,Extracted Value,Unit,Source Type,Exact Evidence,Extracted Value,Unit,Source Type,Exact Evidence,Extracted Value,Unit,Source Type,Exact Evidence,Extracted Value,Unit,Source Type,Exact Evidence,Extracted Value,Unit,Source Type,Exact Evidence,Extracted Value,Unit,Source Type,Exact Evidence,Extracted Value,Unit,Source Type,Exact Evidence,Extracted Value,Unit,Source Type,Exact Evidence,Extracted Value,Unit,Source Type,Exact Evidence,Extracted Value,Unit,Source Type,Exact Evidence,Extracted Value,Unit,Source Type,Exact Evidence,Extracted Value,Unit,Source Type,Exact Evidence,Extracted Value,Unit,Source Type,Exact Evidence,Extracted Value,Unit,Source Type,Exact Evidence,Extracted Value,Unit,Source Type,Exact Evidence,Extracted Value,Unit,Source Type,Exact Evidence,Extracted Value,Unit,Source Type,Exact Evidence,Extracted Value,Unit,Source Type,Exact Evidence,Extracted Value,Unit,Source Type,Exact Evidence,Extracted Value,Unit,Source Type,Exact Evidence,Extracted Value,Unit,Source Type,Exact Evidence,Extracted Value,Unit,Source Type,Exact Evidence,Extracted Value,Unit,Source Type,Exact Evidence,Extracted Value,Unit,Source Type,Exact Evidence,Extracted Value,Unit,Source Type,Exact Evidence,Extracted Value,Unit,Source Type,Exact Evidence,Extracted Value,Unit,Source Type,Exact Evidence,Extracted Value,Unit,Source Type,Exact Evidence,Extracted Value,Unit,Source Type,Exact Evidence,Extracted Value,Unit,Source Type,Exact Evidence,Extracted Value,Unit,Source Type,Exact Evidence,Extracted Value,Unit,Source Type,Exact Evidence,Extracted Value,Unit,Source Type,Exact Evidence
Mechanical Properties and Durability of Concretes Containing Rice Husk Ash as Supplementary Cementing Material,"A.A.Ramezanianpour, P.Pourbeik, M.Mahdikhani, and F.Moodi",Second International Conference on Sustainable Construction Materials and Technologies,2010,NULL,"Rice Husk Ash (RHA), RHA-650-60",None,TEXT,"""...typical RHA..."", ""Characteristics of RHA (RHA-650-60)...""",Rice husks from North of Iran,None,TEXT,"""...burning rice husks from North of Iran in the furnace.""",Controlled burning in a specially designed furnace,None,TEXT,"""...a special furnace was designed and constructed in Amirkabir University of Technology.""",Temperature of 650 °C and 60 minutes burning time,"°C, min",TEXT,"""...temperature of 650 degrees centigrade and 60 minutes burning time was found to be the best combination.""",Thermal activation,None,TEXT,"""...burning rice husks from North of Iran in the furnace.""",Temperature of 650 °C and 60 minutes burning time,"°C, min",TEXT,"""Combination of 650 °C temperature and 60 minutes burning time seems to present the optimized solution...""",NULL,None,TEXT,NULL,650,°C,TEXT,"""...temperature of 650 degrees centigrade...""",60,min,TEXT,"""...60 minutes burning time...""",NULL,None,TEXT,NULL,NULL,None,TEXT,NULL,NULL,None,TEXT,NULL,Blowing air used to regulate temperatures,None,TEXT,"""The temperatures can be varied by regulating the blowing air.""",0.5,None,TABLE,"Table 3: ""water/cement"" reported as 0.5 for all RHA mixes",NULL,None,TEXT,NULL,NULL,None,TEXT,NULL,NULL,None,TEXT,NULL,NULL,None,TEXT,NULL,NULL,None,TEXT,NULL,NULL,None,TEXT,NULL,NULL,None,TEXT,NULL,3600,cm²/gram,TABLE,"Table 2: ""Blaine, (cm²/gram)"" for RHA is ""3600""",NULL,None,TEXT,NULL,2.15,None,TABLE,"Table 2: ""Specific Gravity"" for RHA is ""2.15""",NULL,None,TEXT,NULL,89.61,%,TABLE,"Table 2: ""SiO2"" for RHA is ""89.61""",0.91,%,TABLE,"Table 2: ""CaO"" for RHA is ""0.91""",0.04,%,TABLE,"Table 2: ""Al2O3"" for RHA is ""0.04""",0.22,%,TABLE,"Table 2: ""Fe2O3"" for RHA is ""0.22""",0.42,%,TABLE,"Table 2: ""MgO"" for RHA is ""0.42""",0.15,%,TABLE,"Table 1: RHA sample 650-60min has SO3 = ""0.15""",0.07,%,TABLE,"Table 2: ""Na2O"" for RHA is ""0.07""",1.58,%,TABLE,"Table 2: ""K2O"" for RHA is ""1.58""",5.91,%,TABLE,"Table 2: ""LOI"" for RHA is ""5.91""","P2O5: 0.41, TiO2: 0.02",%,TABLE,"Table 1: RHA 650-60min gives P2O5 = 0.41, TiO2 = 0.02",Quartz,None,TEXT,"""The results of XRD analysis show that quartz crystal is present in both types of ashes.""",Quartz,None,TEXT,"""...quartz crystal is present...""",Up to 90 / Non-crystalline,%,TEXT,"""...the RHA-650-60 can be considered to be non-crystalline RHA..."", ""...produced rice husk ashes containing up to 90 percent amorphous silica...""",High pozzolanic activity,None,TEXT,"""The results of pozzolanic activity demonstrate high pozzolanic activity index of produced rice husk ash concrete over that of the control.""",High,None,TEXT,"""...demonstrate high pozzolanic activity index of produced rice husk ash concrete...""",NULL,None,TEXT,NULL,NULL,None,TEXT,NULL,Pozzolanic reactions between amorphous silica of RHA and calcium hydroxide,None,TEXT,"""Chemical effect is mainly due to the pozzolanic reactions between the amorphous silica of RHA and calcium hydroxide (C-H)...""","7, 10, 15",%,TEXT,"""...three others with 7%, 10% and 15% RHA replaced with cement by weight.""",15,%,GRAPH-DERIVED,Fig. 5 & Fig. 6: 15% RHA shows highest compressive strength (up to 58.4 MPa at 90 days) and best durability (lowest chloride permeability).,"3 days: 20 (7%), 20 (10%), 20 (15%); 7 days: 29.5 (7%), 30.5 (10%), 31 (15%); 28 days: 44.5 (7%), 46 (10%), 47.5 (15%); 56 days: 52.5 (7%), 54 (10%), 56 (15%); 90 days: 54.5 (7%), 55.5 (10%), 58.4 (15%)",MPa,MULTIPLE SOURCES,"Text: ""...obtain a compressive strength of as high as 47.5 MPa after 28 days. In addition, strengths up to 58.4 MPa were obtained at 90 days."" and Fig. 5 values.",NULL,%,TEXT,NULL,NULL,None,TEXT,NULL,NULL,%,TEXT,NULL,NULL,None,TEXT,NULL,NULL,None,TEXT,NULL,NULL,None,TEXT,NULL,NULL,%,TEXT,NULL,NULL,None,TEXT,NULL,NULL,%,TEXT,NULL
Effect of rice husk ash on high strength concrete,Muhammad Shoaib Ismail and A. M. Waliuddin,Construction and Building Materials,1996,NULL,rice husk ash (RHA) / RHA passing #200 and #325 sieves,None,TEXT,The effect of rice husk ash (RHA) passing #200 and #325 sieves as a 10-30% replacement of cement on the strength of HSC was also studied.,"rice husk, an agro-waste material / local market",None,TEXT,"The RHA was obtained by burning rice husk, an agro-waste material which is abundantly available in the developing countries. / RHA obtained from a local market...",Burning and grinding in a ball mill,None,TEXT,RHA obtained from a local market was burnt slowly for about 24 h at a temperature of 400-700°C in a drum providing sufficient ventilation at the top and bottom. It was then ground in a ball mill and sieved over #200 and #325 sieves.,Burning duration: 24 h; Ventilation: top and bottom; Grinding: ball mill; Sieving: over #200 and #325 sieves,None,TEXT,...was burnt slowly for about 24 h at a temperature of 400-700°C in a drum providing sufficient ventilation at the top and bottom. It was then ground in a ball mill and sieved over #200 and #325 sieves.,Thermal treatment and mechanical grinding,None,TEXT,...burnt slowly for about 24 h at a temperature of 400-700°C... ground in a ball mill...,Grinding time: 90 min; Burning temperature: 400-700°C,None,TABLE,"Table 3: ""Burning temperature: 400-700°C"", ""Grinding time: 90 min""",NULL,None,TEXT,NULL,400-700,°C,TABLE,"Table 3: ""Burning temperature: 400-700°C""",24,h,TEXT,...burnt slowly for about 24 h at a temperature of 400-700°C...,Ball mill grinding,None,TEXT,It was then ground in a ball mill and sieved over #200 and #325 sieves.,90,min,TABLE,"Table 3: ""Grinding time: 90 min""",NULL,None,TEXT,NULL,NULL,None,TEXT,NULL,"0.24, 0.31, 0.33, 0.36, 0.30, 0.32, 0.34",None,TABLE,"Table 4: ""W/(c+RHA): 0.24, 0.31, 0.33, 0.36, 0.30, 0.32, 0.34""",NULL,None,TEXT,NULL,NULL,None,TEXT,NULL,NULL,None,TEXT,NULL,NULL,None,TEXT,NULL,NULL,None,TEXT,NULL,NULL,None,TEXT,NULL,NULL,None,TEXT,NULL,NULL,None,TEXT,NULL,NULL,None,TEXT,NULL,2.11,None,TABLE,"Table 3: ""Specific gravity: 2.11""",NULL,None,TEXT,NULL,80,%,TABLE,"Table 3: ""Silica (SiO2): 80""",3.82,%,TABLE,"Table 3: ""Calcium oxide (CaO): 3.82""",3.93,%,TABLE,"Table 3: ""Alumina (Al2O3): 3.93""",0.41,%,TABLE,"Table 3: ""Iron oxide (Fe2O3): 0.41""",0.25,%,TABLE,"Table 3: ""Magnesium oxide (MgO): 0.25""",0.78,%,TABLE,"Table 3: ""Sulfur trioxide (SO3): 0.78""",0.67,%,TABLE,"Table 3: ""Sodium oxide (Na2O): 0.67""",1.45,%,TABLE,"Table 3: ""Potassium oxide (K2O): 1.45""",8.56,%,TABLE,"Table 3: ""Loss on ignition at 850°C: 8.56""",NULL,None,TEXT,NULL,NULL,None,TEXT,NULL,Crystalline structure,None,TABLE,"Table 3: ""Microscopic investigation: Crystalline structure""",NULL,None,TEXT,NULL,NULL,None,TEXT,NULL,NULL,None,TEXT,NULL,NULL,None,TEXT,NULL,NULL,None,TEXT,NULL,Slow rate of hydration,None,TEXT,The rate of hydration in concrete made with part replacement of cement by RHA is slow as compared to concrete with OPC only...,"10, 20, 30",%,TEXT,...10-30% replacement of cement on the strength of HSC was also studied.,10% (or between 10% and 20%),%,TEXT,In this study the maximum strength was obtained with 10% replacement of OPC by RHA but the authors feel that the optimum strength may lie with part replacement of RHA between 10% and 20%.,"Cube (fcu):
Mix A: 54.3 (3d), 62.3 (7d), 72.4 (28d), 85.0 (150d)
Mix Aa-10: 46.2 (3d), 56.0 (7d), 68.1 (28d), 71.1 (150d)
Mix Aa-20: 35.3 (3d), 46.8 (7d), 57.3 (28d), 57.4 (150d)
Mix Aa-30: 31.5 (3d), 39.3 (7d), 47.7 (28d), 48.8 (150d)
Mix Ab-10: 47.0 (3d), 61.0 (7d), 71.0 (28d), 72.4 (150d)
Mix Ab-20: 46.7 (3d), 56.0 (7d), 70.2 (28d), 70.3 (150d)
Mix Ab-30: 43.1 (3d), 51.7 (7d), 63.0 (28d), 63.2 (150d)

Cylinder (fc):
Mix A: 36.6 (7d), 46.3 (28d), 56.0 (150d)
Mix Aa-10: 32.9 (7d), 43.3 (28d)
Mix Aa-20: 26.3 (7d), 36.7 (28d)
Mix Aa-30: 24.2 (7d), 31.0 (28d)
Mix Ab-10: 35.7 (7d), 45.7 (28d)
Mix Ab-20: 33.8 (7d), 45.0 (28d)
Mix Ab-30: 32.5 (7d), 39.7 (28d)",MPa,TABLE,Table 6(a) and Table 6(b),"3-day % of 28-day strength: A: 75.0%, Aa-10: 67.9%, Aa-20: 61.6%, Aa-30: 66.0%, Ab-10: 66.2%, Ab-20: 66.5%, Ab-30: 68.4%
7-day % of 28-day strength: A: 86.0%, Aa-10: 82.0%, Aa-20: 82.0%, Aa-30: 82.0%, Ab-10: 86.0%, Ab-20: 80.0%, Ab-30: 82.0%",%,TABLE,Table 7 and Table 8,NULL,None,TEXT,NULL,NULL,None,TEXT,NULL,NULL,None,TEXT,NULL,NULL,None,TEXT,NULL,NULL,None,TEXT,NULL,NULL,None,TEXT,NULL,NULL,None,TEXT,NULL,NULL,None,TEXT,NULL
Performance of rice husk ash produced using a new technology as a mineral admixture in concrete,"M. Nehdi, J. Duquette, A. El Damatty",Cement and Concrete Research,2003,10.1016/S0008-8846(03)00038-3,Rice husk ash (RHA) / Egyptian rice husk ash (EG-RHA),NULL,TEXT,“Investigations on the rice husk ash (RHA) thus produced...” / “...Egyptian RHA (EG-RHA)...”,Egyptian rice husk,NULL,TEXT,“This article investigates the use of a new technique for the controlled combustion of Egyptian rice husk...”,Controlled combustion in a Torbed reactor,NULL,TEXT,“...controlled combustion of Egyptian rice husk...” / “A different technique based on a Torbed reactor is used in this study.”,Combustion temperature: 750 °C (RHA-A and RHA-C) and 830 °C (RHA-B); RHA-C includes external jet of process air stream on sidewall,°C,TEXT / TABLE,"“Therefore, three combustion tests were conducted at 750 and 830 °C plus external jet of air on the sidewall. The resulting RHA from these tests was labeled A, B, and C.”",Mechanical grinding,NULL,TEXT,"“After combustion, the various RHA samples were ground using a vibratory ring pulverizer.”",Vibratory ring pulverizer with 100-ml capacity,mL,TEXT,“Using a vibratory ring pulverizer with a 100-ml capacity...”,NULL,NULL,NULL,NULL,"750 (RHA-A, RHA-C), 830 (RHA-B)",°C,TABLE,"Table 1: “RHA-A (750 °C)”, “RHA-B (830 °C)”, “RHA-C (750 °C)+air”",Short residency time,NULL,TEXT,“The reactor used provides efficient combustion of rice husk in a short residency time...”,Grinding using a vibratory ring pulverizer,NULL,TEXT,"“After combustion, the various RHA samples were ground using a vibratory ring pulverizer.”",Target mean particle size reached of 7 µm,NULL,TEXT,“...grinding time required to reach an average particle size of 7 µm...”,NULL,NULL,NULL,NULL,External jet of air on the sidewall of the reactor at hot spots (for RHA-C),NULL,TEXT,“...a jet of external air on the sidewall of the reactor at locations considered as 'hot spots'...”,0.40,NULL,TEXT,“...made at a constant water-to-cementitious materials ratio (W/cm) of 0.40.”,"Passing 45 µm: 98.2 (RHA-A), 97.7 (RHA-B), 97.9 (RHA-C); Raw particle size range: 44 to 46",% / µm,TEXT / TABLE,"Table 1: “Passing 45 µm (%): 98.2, 97.7, 97.9” / “...all RHA samples produced using a Torbed reactor ranged between 44 and 46 µm.”",NULL,NULL,NULL,NULL,NULL,NULL,NULL,NULL,NULL,NULL,NULL,NULL,"Raw: 44–46; Ground: 7.15 (RHA-A), 7.63 (RHA-B), 7.41 (RHA-C)",µm,TEXT / TABLE,"Table 1: “Mean particle size (µm): 7.15, 7.63, 7.41” / “...ranged between 44 and 46 µm.”","Nitrogen adsorption after grinding: 17.96 (RHA-A), 13.71 (RHA-B), 23.64 (RHA-C)",m²/g,TABLE,"Table 1: “Nitrogen adsorption (m²/g) After grinding: 17.96, 13.71, 23.64”","Nitrogen adsorption before grinding: 13.01 (RHA-A), 9.99 (RHA-B), 22.92 (RHA-C)",m²/g,TABLE,"Table 1: “Nitrogen adsorption (m²/g) Before grinding: 13.01, 9.99, 22.92”",NULL,NULL,NULL,NULL,NULL,NULL,NULL,NULL,"2.05 (RHA-A), 2.05 (RHA-B), 2.05 (RHA-C)",NULL,TABLE,"Table 1: “Specific gravity: 2.05, 2.05, 2.05”",NULL,NULL,NULL,NULL,"94.6 (RHA-A), 93.7 (RHA-B), 91.6 (RHA-C)",%,TABLE,"Table 1: “Silicon oxide (SiO2): 94.6, 93.7, 91.6”","0.4 (RHA-A), 0.6 (RHA-B), 0.6 (RHA-C)",%,TABLE,"Table 1: “Calcium oxide (CaO): 0.4, 0.6, 0.6”","0.3 (RHA-A), 0.3 (RHA-B), 0.5 (RHA-C)",%,TABLE,"Table 1: “Aluminum oxide (Al2O3): 0.3, 0.3, 0.5”","0.3 (RHA-A), 0.2 (RHA-B), 0.4 (RHA-C)",%,TABLE,"Table 1: “Ferric oxide (Fe2O3): 0.3, 0.2, 0.4”","0.3 (RHA-A), 0.4 (RHA-B), 0.5 (RHA-C)",%,TABLE,"Table 1: “Magnesium oxide (MgO): 0.3, 0.4, 0.5”","1.0 (RHA-A), 1.4 (RHA-B), 2.6 (RHA-C)",%,TABLE,"Table 1: “Sulfur trioxide (SO3): 1.0, 1.4, 2.6”","0.2 (RHA-A), 0.2 (RHA-B), 0.3 (RHA-C)",%,TABLE,"Table 1: “Sodium oxide (Na2O): 0.2, 0.2, 0.3”","1.3 (RHA-A), 1.4 (RHA-B), 1.6 (RHA-C)",%,TABLE,"Table 1: “Potassium oxide (K2O): 1.3, 1.4, 1.6”","1.8 (RHA-A), 2.3 (RHA-B), 3.7 (RHA-C)",%,TABLE,"Table 1: “Loss on ignition: 1.8, 2.3, 3.7”","Equivalent alkalis (Na2O + 0.658 K2O): 1.1 (RHA-A), 1.2 (RHA-B), 1.4 (RHA-C); P2O5: 0.3 (RHA-A), 0.4 (RHA-B), 0.4 (RHA-C); TiO2: 0.03 (RHA-A), 0.03 (RHA-B), 0.04 (RHA-C); Carbon content: 1.0 (RHA-A), 1.4 (RHA-B), 2.6 (RHA-C)",%,TABLE,"Table 1 values for Equivalent alkalis, P2O5, TiO2, and Carbon content",Amorphous silica with very small crystalline silica (SiO2) peaks for RHA-A and RHA-B; distinct crystalline silica (SiO2) peak for RHA-C,NULL,TEXT,"“Both appear mainly amorphous. Only very small peaks that could be identified as crystalline silica were identified. On the other hand, RHA-C... had a very distinct peak corresponding to crystalline silica...”",Silica (SiO2),NULL,TEXT / FIGURE,Fig. 2 annotations showing SiO2,Mainly amorphous (RHA-A and RHA-B),NULL,TEXT,“Both appear mainly amorphous.”,NULL,NULL,NULL,NULL,"7 days: 88 (RHA-A), 105 (RHA-B), 117 (RHA-C); 28 days: 122 (RHA-A), 117 (RHA-B), 144 (RHA-C)",%,TABLE,"Table 1: “Pozzolanic activity index (%) 7 days: 88, 105, 117; 28 days: 122, 117, 144”",NULL,NULL,NULL,NULL,NULL,NULL,NULL,NULL,"Water requirement: 99 (RHA-A), 95 (RHA-B), 100 (RHA-C)",%,TABLE,"Table 1: “Water requirement (%): 99, 95, 100”","7.5, 10, 12.5",%,TABLE,"Table 2 mixture names: EG-RHA 7.5%, EG-RHA 10%, EG-RHA 12.5%",NULL,NULL,NULL,NULL,GRAPH-DERIVED: 1-day range ~28–37.5 MPa; 28-day range ~59–72.5 MPa (depending on RHA type and replacement level),MPa,GRAPH/FIGURE,Fig. 5 (a) and (b) bar charts showing 1-day and 28-day compressive strengths,"Up to 120% (7.5% level), 127% (10% level), 140% (12.5% level) at 56 days",%,TEXT,"“...using 7.5%, 10%, and 12.5% cement replacement with EG-RHA increased the compressive strength of concrete by up to 20%, 27%, and 40%, respectively...”",NULL,NULL,NULL,NULL,NULL,NULL,NULL,NULL,NULL,NULL,NULL,NULL,NULL,NULL,NULL,NULL,NULL,NULL,NULL,NULL,NULL,NULL,NULL,NULL,NULL,NULL,NULL,NULL,NULL,NULL,NULL,NULL
Strength development of concrete with rice-husk ash,Gemma Rodríguez de Sensale,Cement & Concrete Composites,2006,10.1016/j.cemconcomp.2005.09.005,Rice-husk ash (RHA) / residual RHA / homogeneous ash produced by controlled incineration,None,TEXT,"""...concretes with rice-husk ash (RHA), in which residual RHA from a rice paddy milling industry in Uruguay and RHA produced by controlled incineration from the USA were used for comparison.""",Rice husk from rice paddy milling industry in Uruguay (UY RHA); controlled incineration from the United States (USA RHA),None,TEXT,"""...residual RHA from the unique rice paddy milling industry in Uruguay (UY RHA) and a homogeneous ash produced by controlled incineration from the United States (USA RHA)...""",Residual RHA: Processed waste dry-milled; USA RHA: Controlled incineration,None,TEXT,"""The residual RHA used for this work was a processed waste dry-milled..."" and ""...homogeneous ash produced by controlled incineration...""",Dry-milled for necessary time to obtain median particle size of 8 ?m,None,TEXT,"""...dry-milled for the necessary time to obtain a median particle size of 8 ?m...""",Thermal treatment (incineration for USA RHA) / Mechanical activation (dry-milling for UY RHA),None,TEXT,"""...residual RHA used for this work was a processed waste dry-milled..."" and ""...produced by controlled incineration...""",NULL,NULL,TEXT,NULL,NULL,NULL,TEXT,NULL,NULL,NULL,TEXT,NULL,NULL,NULL,TEXT,NULL,Dry-milling,None,TEXT,"""...processed waste dry-milled for the necessary time to obtain a median particle size of 8 ?m...""",NULL,NULL,TEXT,NULL,NULL,NULL,TEXT,NULL,NULL,NULL,TEXT,NULL,"0.32, 0.40, 0.50",None,TABLE,"""W/(c+RHA): 0.32, 0.40, 0.50""",,,,,NULL,NULL,TEXT,NULL,UY RHA: 8; USA RHA: 8,?m,TEXT,"""The median particle size of the two ashes is the same..."" and ""...median particle size of 8 ?m...""",NULL,NULL,TEXT,NULL,NULL,NULL,TEXT,NULL,,,,,"UY RHA: 28,800; USA RHA: 24,300",m²/kg,TABLE,"""Nitrogen adsorption, m²/kg: UY 28,800; USA 24,300""",NULL,NULL,TABLE,Table 1 lists Blaine fineness for Cement only; RHA entries are blank.,NULL,NULL,TEXT,NULL,UY RHA: 2.06; USA RHA: 2.16,None,TABLE,"""Specific gravity: UY 2.06; USA 2.16""",NULL,NULL,TEXT,NULL,UY RHA: 87.2; USA RHA: 88,%,TABLE,"""Silicon dioxide (SiO2): UY 87.2; USA 88""",UY RHA: 0.55; USA RHA: 0.8,%,TABLE,"""Calcium oxide (CaO): UY 0.55; USA 0.8""",UY RHA: 0.15; USA RHA: NULL,%,TABLE,"""Aluminium oxide (Al2O3): UY 0.15""",UY RHA: 0.16; USA RHA: 0.1,%,TABLE,"""Ferric oxide (Fe2O3): UY 0.16; USA 0.1""",UY RHA: 0.35; USA RHA: 0.2,%,TABLE,"""Magnesium oxide (MgO): UY 0.35; USA 0.2""",UY RHA: 0.32; USA RHA: NULL,%,TABLE,"""Sulphur oxide (SO3): UY 0.32""",UY RHA: 1.12; USA RHA: 0.7,%,TABLE,"""Sodium oxide (Na2O): UY 1.12; USA 0.7""",UY RHA: 3.60; USA RHA: 2.2,%,TABLE,"""Potassium oxide (K2O): UY 3.60; USA 2.2""",UY RHA: 6.55; USA RHA: 8.1,%,TABLE,"""Loss on ignition: UY 6.55; USA 8.1""","Manganese oxide (MnO): UY RHA: NULL, USA RHA: 0.2",%,TABLE,"""Manganese oxide (MnO): USA 0.2""",USA RHA: non-crystalline; UY RHA: crystalline (cristobalite),None,TEXT,"""X-ray diffraction analysis indicated that the USA RHA can be considered to be non-crystalline RHA; but the UY RHA showed crystalline materials, which were identified as cristobalite.""",Cristobalite in UY RHA,None,TEXT,"""...UY RHA showed crystalline materials, which were identified as cristobalite.""",USA RHA: 98.5 (reactive silica); UY RHA: 39.55 (reactive silica),%,TEXT,"""...the percentage of reactive silica contained in the USA RHA was 98.5% and in the UY RHA was 39.55%.""",Reactive silica: USA RHA = 98.5%; UY RHA = 39.55%,%,TEXT,"""...the percentage of reactive silica contained in the USA RHA was 98.5% and in the UY RHA was 39.55%.""",NULL,NULL,TEXT,NULL,UY RHA: 92.93; USA RHA: 92.4 (according to ASTM C311-98b),%,TABLE,"""Activity index ASTM C311-98b: UY 92.93; USA 92.4""",NULL,NULL,TEXT,NULL,NULL,NULL,TEXT,NULL,"10, 20",%,TEXT / TABLE,"""Two different replacement percentages of cement by RHA, 10% and 20%...""",NULL,NULL,TEXT,Not explicitly stated or defined as optimum in the text/figures.,7-day: 20.8 to 51.1; 28-day: 31.5 to 60.4; 91-day: 35.5 to 68.5,MPa,TABLE,Table 3 lists fc values across ages for all mix proportions and RHA types.,NULL,NULL,TEXT,NULL,NULL,NULL,TEXT,NULL,NULL,NULL,TEXT,NULL,NULL,NULL,TABLE,Setting times reported in Table 1 are for Portland Cement type I only.,NULL,NULL,TABLE,Setting times reported in Table 1 are for Portland Cement type I only.,NULL,NULL,TEXT,NULL,NULL,NULL,TEXT,NULL,NULL,NULL,TEXT,NULL,NULL,NULL,TEXT,NULL
Rice husk ash blended cement: Assessment of optimal level of replacement for strength and permeability properties of concrete,"K. Ganesan, K. Rajagopal, K. Thangavel",Construction and Building Materials,2008,10.1016/j.conbuildmat.2007.06.011,Rice husk ash (RHA),Unitless,TEXT,"In this study, rice husk ash (RHA) prepared from the boiler burnt husk residue of a particular rice mill has been evaluated...",Rice husk residue,Unitless,TEXT,"Boiler-fired rice husk residue was collected from a modern rice mill at Puduvayal, Sivaganga district in TamilNadu, India.",Thermal treatment and pulverization,Unitless,TEXT,The mill fired husk residue ash was further burnt in an industrial furnace at a temperature of 650 °C over a period of 1 h... The material was pulverized to a mean grain size of 3.8 µm...,Rate of temperature increase: 200 °C/h; Heating duration: 3 h 15 min; Isothermal holding time: 1 h; Final mean grain size: 3.8 µm,Unitless,TEXT,"The temperature of the furnace was increased at a rate of 200 °C per hour until it reached the required temperature of 650 °C over a period of 3 h and 15 min. At 650 °C, the temperature was kept constant for a burning time of 1 h... The material was pulverized to a mean grain size of 3.8 µm...",Thermal and Mechanical Activation,Unitless,TEXT,...burnt in an industrial furnace at a temperature of 650 °C over a period of 1 h... The material was pulverized to a mean grain size of 3.8 µm...,Controlled thermal burning followed by pulverization,Unitless,TEXT,The mill fired husk residue ash was further burnt in an industrial furnace at a temperature of 650 °C over a period of 1 h... The material was pulverized...,NULL,NULL,TEXT,NULL,650,°C,TEXT,...burnt in an industrial furnace at a temperature of 650 °C...,1,h,TEXT,...over a period of 1 h as described below.,Pulverizing,Unitless,TEXT,The material was pulverized to a mean grain size of 3.8 µm...,NULL,NULL,TEXT,NULL,NULL,NULL,TEXT,NULL,Heating rate: 200 °C per hour; Total heating time to target temp: 3 h and 15 min,Unitless,TEXT,The temperature of the furnace was increased at a rate of 200 °C per hour until it reached the required temperature of 650 °C over a period of 3 h and 15 min.,0.53,Unitless,TEXT,...prepared with a water to binder W/(C+RHA) ratio of 0.53 for a design cube compressive strength of 25 MPa.,Distribution curve reported in Fig. 3,Unitless,GRAPH/FIGURE,The particle size distribution curves of OPC and RHA are shown in Fig. 3.,NULL,NULL,TEXT,NULL,NULL,NULL,TEXT,NULL,NULL,NULL,TEXT,NULL,3.80,µm,TABLE,"3.80 (Table 3, Mean grain size for RHA)",36.47,m²/g,TABLE,"36.47 (Table 3, Specific surface (BET) for RHA)",36.47,m²/g,TABLE,"36.47 (Table 3, Specific surface (BET) for RHA)",NULL,NULL,TEXT,NULL,NULL,NULL,TEXT,NULL,2.06,Unitless,TABLE,"2.06 (Table 3, Specific gravity for RHA)",Dense: 0.49; Loose: 0.40,g/cm³,TABLE,"0.40 (Loose), 0.49 (Dense) (Table 3, Bulk density for RHA)",87.32,%,TABLE,"87.32 (Table 4, SiO2 for RHA)",0.48,%,TABLE,"0.48 (Table 4, CaO for RHA)",0.22,%,TABLE,"0.22 (Table 4, Al2O3 for RHA)",0.28,%,TABLE,"0.28 (Table 4, Fe2O3 for RHA)",0.28,%,TABLE,"0.28 (Table 4, MgO for RHA)",NULL,NULL,TEXT,NULL,1.02,%,TABLE,"1.02 (Table 4, Na2O for RHA)",3.14,%,TABLE,"3.14 (Table 4, K2O for RHA)",2.10,%,TABLE,"2.10 (Table 4, Loss on ignition for RHA)",NULL,NULL,TEXT,NULL,"Quartz, Coesite (silicon dioxide), Cristobalite",Unitless,TEXT,"Small quantities of crystal-phase as quartz, coesite (silicon dioxide) and crystobalite are also present.","Mostly amorphous silica with small quantities of quartz, coesite, crystobalite",Unitless,TEXT,"Mineralogical analysis of RHA carried out by X-ray diffraction showed that the silica was mostly in amorphous form. Small quantities of crystal-phase as quartz, coesite (silicon dioxide) and crystobalite are also present.",Mostly amorphous (87% total silica),%,MULTIPLE SOURCES,"...silica was mostly in amorphous form. (Section 3.1); This particular RHA consists of 87% of silica, mainly in amorphous form... (Abstract)",Efficient pozzolanic material,Unitless,TEXT,...transforms itself into an efficient pozzolanic material rich in amorphous silica content (87%)...,NULL,NULL,TEXT,NULL,NULL,NULL,TEXT,NULL,NULL,NULL,TEXT,NULL,NULL,NULL,TEXT,NULL,"5, 10, 15, 20, 25, 30, 35",%,TABLE,"5, 10, 15, 20, 25, 30, 35 (Table 1 and Table 2)",30,%,TEXT,Test results obtained in this study indicate that up to 30% of RHA could be advantageously blended with cement without adversely affecting the strength and permeability properties of concrete.,"Mortar (1-day): M0=11.6, M1=12.0, M2=12.8, M3=13.8, M4=12.2, M5=11.7, M6=11.1, M7=10.4;
Mortar (3-day): M0=20.9, M1=22.1, M2=24.4, M3=28.9, M4=24.8, M5=23.6, M6=20.74, M7=18.4;
Mortar (7-day): M0=27.2, M1=27.4, M2=27.8, M3=29.3, M4=28.3, M5=27.6, M6=27.4, M7=26.4;
Mortar (28-day): M0=37.0, M1=38.9, M2=42.8, M3=46.7, M4=39.8, M5=38.3, M6=37.0, M7=36.0;
Concrete (7-day): R0=32.3, R1=27.6, R2=28.0, R3=36.0, R4=39.3, R5=36.1, R6=37.6, R7=31.1;
Concrete (14-day): R0=37.1, R1=34.2, R2=41.3, R3=41.8, R4=29.7, R5=38.8, R6=33.5, R7=35.1;
Concrete (28-day): R0=27.2, R1=40.0, R2=35.3, R3=29.3, R4=42.5, R5=28.7, R6=27.4, R7=25.7;
Concrete (90-day): R0=38.3, R1=43.3, R2=44.8, R3=45.7, R4=46.0, R5=43.0, R6=38.7, R7=37.2",MPa,TABLE,Table 1 (Compressive strength of RHA blended cement mortars) and Table 5 (Compressive strength of RHA blended concrete),NULL,NULL,TEXT,NULL,NULL,NULL,TEXT,NULL,NULL,NULL,TEXT,NULL,"0% CRL=78, 5% CRL=100, 10% CRL=108, 15% CRL=117, 20% CRL=106, 25% CRL=98, 30% CRL=88, 35% CRL=82",minutes,GRAPH/FIGURE,Values estimated from Fig. 5 (Graph-derived): Initial setting time bars for cement replacement levels 0% to 35%.,"0% CRL=300, 5% CRL=283, 10% CRL=262, 15% CRL=249, 20% CRL=244, 25% CRL=239, 30% CRL=232, 35% CRL=221",minutes,GRAPH/FIGURE,"The final setting time measured for 0% and 30% CRL is found to be 300 min and 232 min, respectively. (Text/Fig. 5); Other replacement values estimated from Fig. 5 (Graph-derived).",NULL,NULL,TEXT,NULL,NULL,NULL,TEXT,NULL,NULL,NULL,TEXT,NULL,NULL,NULL,TEXT,NULL
Influence of rice husk ash as supplementary material in cement paste and concrete,"Marshal G. Calica, Jr.",NLR Journal,2008,NULL,Rice Husk Ash (RHA),NULL,TEXT,This paper assesses the utility of Rice Husk Ash (RHA) as an admixture in cement paste and concrete.,Burnt rice husks from rice mills,NULL,TEXT,Burnt rice husks from rice mills were used as the raw materials for mixture with Portland cement.,Filtering in No. 200 sieve,NULL,TEXT,Rice husk ash was processed to desired fineness through filtering in the No. 200 sieve (75 ?m sieve opening)...,75 ?m sieve opening (No. 200 sieve),?m,TEXT,"...filtering in the No. 200 sieve (75 ?m sieve opening), with the particles passing the sieve being considered as the partial supplementary cementing material.",NULL,NULL,TEXT,NULL,NULL,NULL,TEXT,NULL,NULL,NULL,TEXT,NULL,NULL,NULL,TEXT,NULL,NULL,NULL,TEXT,NULL,NULL,NULL,TEXT,NULL,NULL,NULL,TEXT,NULL,NULL,NULL,TEXT,NULL,NULL,NULL,TEXT,NULL,"0.55, 0.60, 0.65",NULL,TABLE,"water cementitious materials ratios (w/cm) of 0.55, 0.60, and 0.65.",NULL,NULL,TEXT,NULL,NULL,NULL,TEXT,NULL,NULL,NULL,TEXT,NULL,NULL,NULL,TEXT,NULL,NULL,NULL,TEXT,NULL,NULL,NULL,TEXT,NULL,NULL,NULL,TEXT,NULL,NULL,NULL,TEXT,NULL,NULL,NULL,TEXT,NULL,NULL,NULL,TEXT,NULL,NULL,NULL,TEXT,NULL,85.77,%,TABLE,SiO2 | Silica | 85.77,0.67,%,TABLE,CaO | Lime | 0.67,-0.24,%,TABLE,A1203 | Alumina | -0.24,0.32,%,TABLE,Fe203 | Iron | 0.32,-0.17,%,TABLE,MgO | Magnesium | -0.17,NULL,NULL,TEXT,NULL,0.09,%,TABLE,Na20 | Sodium | 0.09,0.81,%,TABLE,K20 | Potassium | 0.81,NULL,NULL,TEXT,NULL,NULL,NULL,TEXT,NULL,NULL,NULL,TEXT,NULL,NULL,NULL,TEXT,NULL,NULL,NULL,TEXT,NULL,Highly active pozzolan,NULL,TEXT,The use of rice husk ash also helps reduce the bleeding in fresh concrete mixtures and serve as a highly active pozzolan.,NULL,NULL,TEXT,NULL,NULL,NULL,TEXT,NULL,NULL,NULL,TEXT,NULL,Pozzolanic,NULL,TEXT,"The data show that RHA contains Silica as the major and primary element, which makes the material classified as Pozzolanic.","0, 10, 20",%,TEXT,"...blended to ordinary Portland cement at 0, 10, and 20 percent by weight...",10,%,TEXT,...hardened concrete with 10% RHA has a strength that falls under normal strength of concrete.,"22.92, 30.58, 29.58, 22.64, 22.64, 21.82, 9.86, 15.80, 16.35",MPa,TABLE,"Table 5 reporting values of 22.92 MPa, 30.58 MPa, 29.58 MPa, 22.64 MPa, 22.64 MPa, 21.82 MPa, 9.86 Mpa, 15.80 MPa, 16.35 MPa",NULL,NULL,TEXT,NULL,NULL,NULL,TEXT,NULL,NULL,NULL,TEXT,NULL,"210, 108, 196",Min.,TABLE,"Table 3: Initial Setting Time values of 210, 108, 196 Min. for 0%, 10%, 20% RHA","97, 212, 385",Min.,TABLE,"Table 3: Final Setting Time values of 97, 212, 385 Min. for 0%, 10%, 20% RHA",NULL,NULL,TEXT,NULL,NULL,NULL,TEXT,NULL,NULL,NULL,TEXT,NULL,NULL,NULL,TEXT,NULL
The Effect of Rice Husk Ash on Mechanical Properties and Durability of Sustainable Concretes,"A. A. Ramezanianpour, M. Mahdi khani, Gh. Ahmadibeni",International Journal of Civil Engineering,2009,NULL,Rice Husk Ash (RHA),N/A,TEXT,"In this research, for the first time in the Middle East, in order to supply typical RHA, a special furnace was designed...",Rice husk,N/A,TEXT,...contains high amount of silicon dioxide (SiO2).... burnt rice husk.,Controlled burning in a specially designed furnace,N/A,TEXT,"...in order to supply typical RHA, a special furnace was designed and constructed... capable of controlling the conditions of combustion.",Burning temperature: 650 °C; Burning duration: 60 minutes,"°C, minutes",TEXT,Results show that temperature of 650 degrees centigrade and 60 minutes burning time are the best combination.,Thermal treatment (controlled burning),N/A,TEXT,...a special furnace was designed and constructed... to control the temperature and the rate of burning.,650 °C for 60 min,"°C, min",TEXT,...produced by the special designed furnace at 650°C and 60 minutes burning time.,NULL,N/A,N/A,NULL,650,°C,TEXT,Results show that temperature of 650 degrees centigrade...,60,minutes,TEXT,...and 60 minutes burning time are the best combination.,NULL,N/A,N/A,NULL,NULL,N/A,N/A,NULL,NULL,N/A,N/A,NULL,"Burning temperatures of 550, 600, 650, 700, 750 °C for 30, 60, 90 minutes, and 1100 °C for 5 minutes were investigated during optimization.","°C, min",TEXT,"The measured temperatures were 550, 600, 650, 700 and 750°C. Furthermore, time of burning was another variable parameter that was investigated at 30, 60 and 90 minutes. In addition, an ash sample was produced at temperature of 1100°C after 5 minutes burning.",NULL,N/A,N/A,NULL,NULL,N/A,N/A,NULL,NULL,N/A,N/A,NULL,NULL,N/A,N/A,NULL,NULL,N/A,N/A,NULL,NULL,N/A,N/A,NULL,NULL,N/A,N/A,NULL,NULL,N/A,N/A,NULL,3600,cm²/gram,TABLE,"Table 2: ""RHA... Blaine, (cm²/gram)... 3600""",NULL,N/A,N/A,NULL,2.15,N/A,TABLE,"Table 2: ""RHA... Specific Gravity... 2.15""",NULL,N/A,N/A,NULL,89.61,%,TABLE,"Table 2: ""RHA... SiO2... 89.61""",0.91,%,TABLE,"Table 2: ""RHA... CaO... 0.91""",0.04,%,TABLE,"Table 2: ""RHA... Al2O3... 0.04""",0.22,%,TABLE,"Table 2: ""RHA... Fe2O3... 0.22""",0.42,%,TABLE,"Table 2: ""RHA... MgO... 0.42""",0.15,%,TABLE,"Table 4: ""SO3, max., % ... 0.15""",0.07,%,TABLE,"Table 2: ""RHA... Na2O... 0.07""",1.58,%,TABLE,"Table 2: ""RHA... K2O... 1.58""",5.91,%,TABLE,"Table 2: ""RHA... LOI... 5.91""",P2O5: 0.41; TiO2: 0.02,%,TABLE,"Table 1 (RHA 650°C 60min): ""P2O5 0.41, TiO2 0.02""",Non-crystalline / Amorphous with minor quartz crystal,N/A,TEXT,...the RHA-650-60 can be considered to be non-crystalline RHA... The results of XRD analysis show that quartz crystal is present in both types of ashes.,Quartz,N/A,TEXT,The results of XRD analysis show that quartz crystal is present in both types of ashes.,Up to 90,%,TEXT,...the produced rice husk ashes containing up to 90 percents amorphous silica...,High,N/A,TEXT,...produced rice husk ash is a high reactive pozzolanic material...,High,N/A,TEXT,Results demonstrate high pozzolanic activity index of RHA over that of the control...,3-day: 102%; 7-day: 106%; 28-day: 110%,% control,TABLE,"Table 4: ""Strength Activity Index (20% RHA) at 3-day... 102"", ""at 7-day... 106"", ""at 28-day... 110""",NULL,N/A,N/A,NULL,NULL,N/A,N/A,NULL,"0, 7, 10, 15",%,TEXT,"...three others with 7%, 10% and 15% RHA replaced with cement by weight.",15% (GRAPH-DERIVED),%,GRAPH/FIGURE,"Fig. 5 shows 15% RHA consistently yielding the highest compressive strength across 3, 7, 28, and 90 days.","CTL: 16.5 (3d), 30.2 (7d), 40.3 (28d), 50.3 (90d)
7% RHA: 16.8 (3d), 32.4 (7d), 42.8 (28d), 54.4 (90d)
10% RHA: 17.6 (3d), 32.6 (7d), 44.2 (28d), 59.0 (90d)
15% RHA: 17.9 (3d), 34.2 (7d), 46.9 (28d), 63.2 (90d)",MPa,GRAPH/FIGURE,"Fig. 5: ""Compressive strength (MPa) at various ages for control (CTL) & RHA mixtures""",NULL,N/A,N/A,NULL,NULL,N/A,N/A,NULL,NULL,N/A,N/A,NULL,NULL,N/A,N/A,NULL,NULL,N/A,N/A,NULL,NULL,N/A,N/A,NULL,NULL,N/A,N/A,NULL,NULL,N/A,N/A,NULL,NULL,N/A,N/A,NULL
Rice Husk Ash as a Supplementary Raw Material for the Production of Cellulose–Cement Composites with Improved Performance,"Conrado de Souza Rodrigues, Khosrow Ghavami, Piet Stroeven",Waste and Biomass Valorization,2010,10.1007/s12649-010-9017-7,"Rice Husk Ash (RHA), RHA-I, RHA-II",NULL,TEXT,"This paper investigates the influences of two RHA admixtures... A high-carbon-content RHA... is denoted by RHA-I. A low-carbon-content ash, RHA-II...",Rice husks,NULL,TEXT,...was obtained from rice husks burned at temperatures ranging from 500 to 750°C...,Burning in a fluidized bed kiln (RHA-I); re-burning in a muffle kiln (RHA-II); grinding in a ceramic ball mill,NULL,TEXT,"...obtained from rice husks burned at temperatures ranging from 500 to 750°C in a fluidized bed kiln... RHA-II, was obtained by re-burning part of RHA-I... in a conventional muffle kiln... Both ashes were ground in a ceramic ball mill for 12 h.",Burning temp: 500–750 °C; Re-burning duration: 3 h at 750 °C; Grinding duration: 12 h,NULL,TEXT,...burned at temperatures ranging from 500 to 750°C in a fluidized bed kiln... re-burning part of RHA-I during 3 h in a conventional muffle kiln at 750°C. Both ashes were ground in a ceramic ball mill for 12 h.,Thermal treatment and mechanical grinding,NULL,TEXT,...re-burning part of RHA-I during 3 h in a conventional muffle kiln at 750°C. Both ashes were ground in a ceramic ball mill for 12 h.,Thermal re-burning at 750 °C for 3 h; Grinding for 12 h in ceramic ball mill,NULL,TEXT,...re-burning part of RHA-I during 3 h in a conventional muffle kiln at 750°C. Both ashes were ground in a ceramic ball mill for 12 h.,NULL,NULL,NULL,NULL,500–750 °C (RHA-I); 750 °C (RHA-II),°C,TEXT,...burned at temperatures ranging from 500 to 750°C... re-burning part of RHA-I during 3 h in a conventional muffle kiln at 750°C.,3,h,TEXT,...re-burning part of RHA-I during 3 h in a conventional muffle kiln at 750°C.,Grinding in ceramic ball mill,NULL,TEXT,Both ashes were ground in a ceramic ball mill for 12 h.,12,h,TEXT,Both ashes were ground in a ceramic ball mill for 12 h.,NULL,NULL,NULL,NULL,NULL,NULL,NULL,NULL,NULL,NULL,TEXT,"...slurry mixing, with about 20% of solids and without a fixed water/cement ratio...",GRAPH-DERIVED,NULL,GRAPH/FIGURE,Particle size distribution curves for RHA-I and RHA-II shown in Fig. 1.,RHA-I: ~1.2; RHA-II: ~2.1 (GRAPH-DERIVED),µm,GRAPH/FIGURE,Extracted from Figure 1: Particle size distribution of RHA and OPC.,RHA-I: ~1.7; RHA-II: ~3.5 (GRAPH-DERIVED),µm,GRAPH/FIGURE,Extracted from Figure 1: Particle size distribution of RHA and OPC.,RHA-I: ~3.2; RHA-II: ~7.5 (GRAPH-DERIVED),µm,GRAPH/FIGURE,Extracted from Figure 1: Particle size distribution of RHA and OPC.,RHA-I: 1.8; RHA-II: 4.0,µm,TABLE,Table 1: Average particle size d? (µm) for RHA-I is 1.8 and RHA-II is 4.0.,NULL,NULL,NULL,NULL,RHA-I: 119; RHA-II: 15,m²/g,TABLE,Table 1: SBET (m²/g) for RHA-I is 119 and RHA-II is 15.,NULL,NULL,NULL,NULL,NULL,NULL,NULL,NULL,NULL,NULL,NULL,NULL,NULL,NULL,NULL,NULL,RHA-I: 73.60; RHA-II: 94.60,%,TABLE,Table 1: SiO2 (%) for RHA-I is 73.60 and RHA-II is 94.60.,RHA-I: 0.76; RHA-II: 0.93,%,TABLE,Table 1: CaO (%) for RHA-I is 0.76 and RHA-II is 0.93.,RHA-I: 0.075; RHA-II: 0.09,%,TABLE,Table 1: Al2O3 (%) for RHA-I is 0.075 and RHA-II is 0.09.,RHA-I: 0.26; RHA-II: 0.15,%,TABLE,Table 1: Fe2O3 (%) for RHA-I is 0.26 and RHA-II is 0.15.,RHA-I: 0.27; RHA-II: 0.28,%,TABLE,Table 1: MgO (%) for RHA-I is 0.27 and RHA-II is 0.28.,RHA-I: 1.40; RHA-II: 0.58,%,TABLE,Table 1: SO3 (%) for RHA-I is 1.40 and RHA-II is 0.58.,RHA-I: 0.09; RHA-II: 0.06,%,TABLE,Table 1: Na2O (%) for RHA-I is 0.09 and RHA-II is 0.06.,RHA-I: 1.17; RHA-II: 1.12,%,TABLE,Table 1: K2O (%) for RHA-I is 1.17 and RHA-II is 1.12.,RHA-I: 22.90; RHA-II: 1.40,%,TABLE,Table 1: C (LOI) (%) for RHA-I is 22.90 and RHA-II is 1.40.,NULL,NULL,NULL,NULL,NULL,NULL,NULL,NULL,Amorphous silica,NULL,TEXT,...silica that will be mostly amorphous when properly incinerated.,NULL,NULL,NULL,NULL,RHA-I: High; RHA-II: Moderate,NULL,TEXT,...RHA-I falls into the high pozzolanicity group... while RHA-II presents moderate pozzolanic activity.,RHA-I: 119; RHA-II: 15,?mS/cm,TABLE,Table 1: Pozzolanic activity (?mS/cm) for RHA-I is 119 and RHA-II is 15.,NULL,NULL,NULL,NULL,NULL,NULL,NULL,NULL,NULL,NULL,NULL,NULL,"15, 30",%,TEXT,...partial replacement of ordinary Portland cement by up to 30% of RHA... a replacement rate of 15%... A replacement rate of 30% was also applied.,30,%,TEXT,The replacement of up to 30% of cement by RHA-II modified the pore structure... Incorporation of RHA-II in the composites did not impair the bending strength and stiffness... and improved their interfacial adhesion strength.,NULL,NULL,NULL,NULL,NULL,NULL,NULL,NULL,NULL,NULL,NULL,NULL,NULL,NULL,NULL,NULL,NULL,NULL,NULL,NULL,NULL,NULL,NULL,NULL,M15-I (eq.): 14.72 ± 1.20; M30-I (eq.): 13.32 ± 1.46; CP15-I (eq.): 14.61 ± 0.75; CP15-I (sat.): 11.75 ± 1.24; CP30-I (eq.): 11.86 ± 0.79; CP30-I (sat.): 10.84 ± 0.48; CP15-II (eq.): 15.31 ± 1.08; CP15-II (sat.): 9.23 ± 0.29; CP30-II (eq.): 16.51 ± 1.02; CP30-II (sat.): 10.95 ± 1.07,MPa,TABLE,Table 2: Bending strength MOR (MPa) ± SD for unreinforced pastes and cement composites.,NULL,NULL,NULL,NULL,NULL,NULL,NULL,NULL,NULL,NULL,NULL,NULL
Comparison of two processes for treating rice husk ash for use in high performance concrete,"Andres Salas, Silvio Delvasto, Ruby Mejía de Gutiérrez, David Lange",Cement and Concrete Research,2009,10.1016/j.cemconres.2009.05.006,Rice husk ash (TRHA and ChRHA),NULL,TEXT,This study reports on a chemical treatment before burning that improves the effectiveness of the RHA. The resulting ash (ChRHA) was compared to ash produced by conventional incineration (TRHA).,"Rice husk collected from rice mill ""Arrocera La Esmeralda"" located in Valle del Cauca, Southeastern Colombia",NULL,TEXT,"The rice husk samples were collected from a rice mill 'Arrocera La Esmeralda' located in Valle del Cauca, Southeastern Colombia, in the framework of research project 'PUZOSIL' [18].",Thermal treatment (TRHA); Chemical-thermal attack (ChRHA),NULL,TEXT,"The first one was produced by burning rice husk in a programmable temperature furnace at a rate of 10°C/min to 600°C for 3 h; the other husk samples were separately treated with hydrochloric acid at a concentration of 1 N for 24 h... Then, the treated rice husk was dried and burned to ash in a muffle furnace at a rate of 10°C/min to 600°C for 3 h.","Hydrochloric acid leaching (1 N, 24 h), water washing to neutral pH, drying",NULL,TEXT,"...treated with hydrochloric acid at a concentration of 1 N for 24 h; the supernatant liquid was decanted and the sample was washed thoroughly with water until free from acid (neutral pH). Then, the treated rice husk was dried...",Thermal treatment and mechanical grinding by ball milling,NULL,TEXT,"In order to improve the pozzolanic behavior of these materials, RHAs were ground by ball milling for 90 min using ceramic balls.",Ceramic balls used for ball milling,NULL,TEXT,...RHAs were ground by ball milling for 90 min using ceramic balls.,NULL,NULL,NULL,NULL,600,°C,TEXT,...burned to ash in a muffle furnace at a rate of 10°C/min to 600°C for 3 h.,3,h,TEXT,...burned to ash in a muffle furnace at a rate of 10°C/min to 600°C for 3 h.,Ball milling,NULL,TEXT,"In order to improve the pozzolanic behavior of these materials, RHAs were ground by ball milling for 90 min using ceramic balls.",90,min,TEXT,...RHAs were ground by ball milling for 90 min using ceramic balls.,NULL,NULL,NULL,NULL,Heating rate of 10°C/min,°C/min,TEXT,...burning rice husk in a programmable temperature furnace at a rate of 10°C/min to 600°C...,0.45 (Stage 1 mixes & Stage 2 mixes); 0.47 (TRHA 20% mix),NULL,TABLE,"Table 4 lists w/cm as 0.45 for Control, TRHA 5%, 10%, 15%, ChRHA 5%, 10%, 15%, 20%, SF 10%, and 0.47 for TRHA 20%.",NULL,NULL,NULL,NULL,NULL,NULL,NULL,NULL,NULL,NULL,NULL,NULL,NULL,NULL,NULL,NULL,19 (TRHA); 17 (ChRHA),µm,TABLE,"Table 2: Average particle size (um) - TRHA: 19, ChRHA: 17.",NULL,NULL,NULL,NULL,"24,000 (TRHA); 274,000 (ChRHA)",m²/kg,TABLE,"Table 2: Specific surface BET (m²/Kg) - TRHA: 24.000, ChRHA: 274,000.",NULL,NULL,NULL,NULL,NULL,NULL,NULL,NULL,2160 (TRHA); 2080 (ChRHA),kg/m³,TABLE,"Table 2: Specific gravity (kg/m³) - TRHA: 2160, ChRHA: 2080.",NULL,NULL,NULL,NULL,90.00 (TRHA); 99.00 (ChRHA),wt.%,TABLE,"Table 2: SiO2 - TRHA: 90.00, ChRHA: 99.00.",1.23 (TRHA); 0.49 (ChRHA),wt.%,TABLE,"Table 2: CaO - TRHA: 1.23, ChRHA: 0.49.",0.68 (TRHA); <0.01 (ChRHA),wt.%,TABLE,"Table 2: Al2O3 - TRHA: 0.68, ChRHA: <0.01.",0.42 (TRHA); 0.13 (ChRHA),wt.%,TABLE,"Table 2: Fe2O3 - TRHA: 0.42, ChRHA: 0.13.",0.35 (TRHA); <0.07 (ChRHA),wt.%,TABLE,"Table 2: MgO - TRHA: 0.35, ChRHA: <0.07.",NULL,NULL,NULL,NULL,<0.32 (TRHA); <0.32 (ChRHA),wt.%,TABLE,"Table 2: Na2O - TRHA: <0.32, ChRHA: <0.32.",2.80 (TRHA); 0.06 (ChRHA),wt.%,TABLE,"Table 2: K2O - TRHA: 2.80, ChRHA: 0.06.",0.3 (TRHA); 0.16 (ChRHA),%,TABLE,"Table 2: PF (%) - TRHA: 0.3, ChRHA: 0.16.","TiO2: 0.04 (TRHA), 0.02 (ChRHA); P2O5: 0.68 (TRHA), 0.11 (ChRHA); MnO: 0.19 (TRHA), 0.02 (ChRHA)",wt.%,TABLE,"Table 2 reports TiO2, P2O5, and MnO contents.",Amorphous,NULL,TEXT,The X-ray diffraction analysis shown in Fig. 1 indicates that the RHAs contain mainly amorphous materials.,NULL,NULL,NULL,NULL,95 (reference to literature for ChRHA),%,TEXT,"...obtained a specific surface area of 270,000 m²/kg for a chemically treated rice husk ash with a 95% amorphous silica content.",High reactivity,NULL,TEXT,"The ChRHA was highly amorphous, white in color, presented higher specific surface area and exhibited greater pozzolanic activity.",95 (TRHA); 125 (ChRHA),NULL,TABLE,"Table 2: Pozzolanic activity index ASTM C618-ASTM C311 - TRHA: 95, ChRHA: 125.",NULL,NULL,NULL,NULL,NULL,NULL,NULL,NULL,Silica Activity Index: 89.5 (TRHA); 99.4 (ChRHA),%,TABLE,"Table 2: Silica activity index (%) - TRHA: 89.5, ChRHA: 99.4.","5, 10, 15, 20",%,TEXT,"Eight mixes were made to evaluate the role of replacement level of these RHAs on the properties of fresh and hardened concrete... TRHA 5%, 10%, 15%, 20% and ChRHA 5%, 10%, 15%, 20%.",10,%,TEXT,"Following Zhang et al, the current research used 10% of TRHA ashes as an optimum percentage of Portland cement replacement...","TRHA 5%: 40.2 (28 d), 43.1 (56 d), 45.0 (90 d), 48.6 (180 d); TRHA 10%: 33.9 (28 d), 37.4 (56 d), 40.0 (90 d), 42.7 (180 d); TRHA 15%: 34.4 (28 d), 38.6 (56 d), 41.1 (90 d), 43.5 (180 d); TRHA 20%: 36.3 (28 d), 40.3 (56 d), 42.3 (90 d), 45.0 (180 d); ChRHA 5%: 41.5 (28 d), 46.5 (56 d), 49.0 (90 d), 51.6 (180 d); ChRHA 10%: 41.8 (28 d), 47.8 (56 d), 50.5 (90 d), 52.8 (180 d); ChRHA 15%: 36.3 (28 d), 40.7 (56 d), 42.7 (90 d), 45.0 (180 d); ChRHA 20%: 33.8 (28 d), 37.4 (56 d), 40.0 (90 d), 42.7 (180 d); Stage 2 TRHA 10%: 44.0 (28 d), 49.0 (56 d), 52.0 (90 d), 52.0 (180 d); Stage 2 ChRHA 10%: 49.0 (28 d), 55.5 (56 d), 57.0 (90 d), 58.0 (180 d)",MPa,GRAPH/FIGURE,Derived from Fig. 3 (compressive strength development vs age for various replacement percentages) and Fig. 4 (compressive strength of 10% replacement mixes over time).,NULL,%,NULL,NULL,NULL,NULL,NULL,NULL,NULL,%,NULL,NULL,NULL,NULL,NULL,NULL,NULL,NULL,NULL,NULL,4.5 (TRHA 10%); 5.4 (ChRHA 10%),MPa,TABLE,"Table 6: MOR (MPa) - TRHA: 4.5, ChRHA: 5.4 (at 56 days).",NULL,%,NULL,NULL,NULL,NULL,NULL,NULL,NULL,%,NULL,NULL
"Assessment of the effects of rice husk ash particle size on strength, water permeability and workability of binary blended concrete","Alireza Naji Givi, Suraya Abdul Rashid, Farah Nora A. Aziz, Mohamad Amran Mohd Salleh",Construction and Building Materials,2010,10.1016/j.conbuildmat.2010.04.045,Rice husk ash (RHA),NULL,TEXT,"This study develops the compressive strength, water permeability and workability of concrete by partial replacement of cement with agro-waste rice husk ash.",Rice husk,NULL,TEXT,Rice husk is one of the main agricultural residues obtained from the outer covering of rice grains during the milling process (Fig. 1).,"Controlled incineration, sieving, and grinding",NULL,TEXT,The RHA was produced by controlled incineration by a local supplier. The as-received ash was sieved and the particles passing the finesses of 150 µm and 33 µm were grinded using Los Angeles mill...,Incineration temperature < 700 °C; Sieving through 150 µm and 33 µm; Grinding in Los Angeles mill for 30 min and 180 min,"°C, µm, min",TEXT,"RHA with cellular microstructure and highly pozzolanic activity is formed, when rice husk is burnt at temperatures lower than 700°C [2]. / The as-received ash was sieved and the particles passing the finesses of 150 µm and 33 µm were grinded using Los Angeles mill for 30 and 180 min respectively which yielded two different RHA samples having average particle sizes of 95 µm and 5 µm.",Mechanical activation (grinding),NULL,TEXT,the particles passing the finesses of 150 µm and 33 µm were grinded using Los Angeles mill for 30 and 180 min respectively which yielded two different RHA samples having average particle sizes of 95 µm and 5 µm.,Grinded using Los Angeles mill,NULL,TEXT,...were grinded using Los Angeles mill for 30 and 180 min respectively...,NULL,NULL,TEXT,NULL,< 700,°C,TEXT,...when rice husk is burnt at temperatures lower than 700°C [2].,NULL,NULL,TEXT,NULL,Los Angeles mill grinding,NULL,TEXT,...were grinded using Los Angeles mill for 30 and 180 min respectively...,30; 180,min,TEXT,...grinded using Los Angeles mill for 30 and 180 min respectively...,NULL,NULL,TEXT,NULL,NULL,NULL,TEXT,NULL,0.40,NULL,TEXT,The water to binder ratio for all mixtures was set at 0.40 [18].,Shown in Fig. 2,NULL,GRAPH/FIGURE,Also the particle size distribution curves of OPC and both sizes of RHA are shown in Fig. 2.,NULL,NULL,TEXT,NULL,NULL,NULL,TEXT,NULL,NULL,NULL,TEXT,NULL,95; 5,µm,TEXT,...yielded two different RHA samples having average particle sizes of 95 µm and 5 µm.,NULL,NULL,TEXT,NULL,24; 36.47,m²/g,TABLE,"Table 1: ""Specific surface (BET) (m²/g)"" -> RHA M series: 24, RHA U series: 36.47",NULL,NULL,TEXT,NULL,NULL,NULL,TEXT,NULL,NULL,NULL,TEXT,NULL,NULL,NULL,TEXT,NULL,87.86,wt.%,TABLE,Table 1: RHA SiO2 = 87.86,1.30,wt.%,TABLE,Table 1: RHA CaO = 1.30,0.68,wt.%,TABLE,Table 1: RHA Al2O3 = 0.68,0.93,wt.%,TABLE,Table 1: RHA Fe2O3 = 0.93,0.35,wt.%,TABLE,Table 1: RHA MgO = 0.35,NULL,NULL,TEXT,NULL,0.12,wt.%,TABLE,Table 1: RHA Na2O = 0.12,2.37,wt.%,TABLE,Table 1: RHA K2O = 2.37,NULL,NULL,TEXT,NULL,NULL,NULL,TEXT,NULL,NULL,NULL,TEXT,NULL,NULL,NULL,TEXT,NULL,Up to 95,%,TEXT,It contains high silica content in the form of non-crystalline or amorphous silica up to 95% [11].,Highly pozzolanic activity,NULL,TEXT,RHA with cellular microstructure and highly pozzolanic activity is formed...,NULL,NULL,TEXT,NULL,NULL,NULL,TEXT,NULL,NULL,NULL,TEXT,NULL,NULL,NULL,TEXT,NULL,"5, 10, 15, 20",%,TEXT,"The mixtures were prepared by replacing 5%, 10%, 15% and 20% of cement with RHA.",10,%,TEXT,"However, the ultimate strength of concrete was gained at 10% of cement replacement by ultra fine rice husk ash particles. / Ultimately it was found that U2 could be considered as an optimum formulation...","25.7 (M1, 7d); 38.7 (M1, 28d); 43.5 (M1, 90d); 25.1 (M2, 7d); 46.1 (M2, 28d); 40.6 (M2, 90d); 23.7 (M3, 7d); 42.7 (M3, 28d); 37.9 (M3, 90d); 21.5 (M4, 7d); 36.7 (M4, 28d); 41.3 (M4, 90d); 27.4 (U1, 7d); 39.9 (U1, 28d); 45.8 (U1, 90d); 28.3 (U2, 7d); 43.8 (U2, 28d); 51.2 (U2, 90d); 25.9 (U3, 7d); 39.1 (U3, 28d); 44.4 (U3, 90d); 24.6 (U4, 7d); 38.3 (U4, 28d); 42.8 (U4, 90d)",MPa,TABLE,"Table 3 and Table 4: Compressive strength values for M1–M4 and U1–U4 at 7, 28, and 90 days.","U2 vs M2: 12 (7d), 7 (28d), 11 (90d)",%,TEXT,"The results show that the compressive strength of U2 series mixtures in comparison by M2 series mixtures at 7, 28 and 90 days were improved by 12%, 7% and 11%, respectively.",NULL,NULL,TEXT,NULL,NULL,NULL,TEXT,NULL,NULL,NULL,TEXT,NULL,NULL,NULL,TEXT,NULL,NULL,NULL,TEXT,NULL,NULL,NULL,TEXT,NULL,NULL,NULL,TEXT,NULL,NULL,NULL,TEXT,NULL
Contribution of Rice Husk Ash to the Properties of Mortar and Concrete: A Review,"Alireza Naji Givi, Suraya Abdul Rashid, Farah Nora A. Aziz, Mohamad Amran Mohd Salleh",Journal of American Science,2010,NULL,Rice Husk Ash (RHA),N/A,TEXT,This paper presents an overview of the work carried out on the use of RHA as partial replacement of cement in mortar and concrete.,Rice husk,N/A,TEXT,RHA is a by-product material obtained from the combustion of rice husk...,Incineration,N/A,TEXT,"It can contribute about 20% of its weight to Rice Husk Ash (RHA) after incineration (Anwar et al., 2001).",NULL,N/A,NULL,NULL,NULL,N/A,NULL,NULL,NULL,N/A,NULL,NULL,NULL,N/A,NULL,NULL,NULL,N/A,NULL,NULL,NULL,N/A,NULL,NULL,Grinding,N/A,TEXT,...using finely ground RHA reduced the rapid chloride penetrability of concrete...,NULL,N/A,NULL,NULL,NULL,N/A,NULL,NULL,Hydrochloric acid pretreatment,N/A,TEXT,"Study on the pozzolanic properties of rice husk ash by hydrochloric acid pretreatment (Feng et al., 2004)",NULL,N/A,NULL,NULL,NULL,N/A,NULL,NULL,NULL,N/A,NULL,NULL,NULL,N/A,NULL,NULL,NULL,N/A,NULL,NULL,"7.4
31.3
18.3
11.5",µm,TABLE,"Bui et al. (2005) ... Mean particle size (µm): 7.4
20F1 RHA with average particle size of 31.3
20F2 RHA with average particle size of 18.3
20F3 RHA with average particle size of 11.5",NULL,N/A,NULL,NULL,NULL,N/A,NULL,NULL,NULL,N/A,NULL,NULL,NULL,N/A,NULL,NULL,"2.06
2.06
2.10",g/cm³,TABLE,"Mehta (1992): 2.06
Zhang et al. (1996): 2.06
Bui et al. (2005): 2.10",NULL,N/A,NULL,NULL,"87.2
87.3
86.98",Wt. %,TABLE,"Mehta (1992): 87.2
Zhang et al. (1996): 87.3
Bui et al. (2005): 86.98","0.55
0.55
1.40",Wt. %,TABLE,"Mehta (1992): 0.55
Zhang et al. (1996): 0.55
Bui et al. (2005): 1.40","0.15
0.15
0.84",Wt. %,TABLE,"Mehta (1992): 0.15
Zhang et al. (1996): 0.15
Bui et al. (2005): 0.84","0.16
0.16
0.73",Wt. %,TABLE,"Mehta (1992): 0.16
Zhang et al. (1996): 0.16
Bui et al. (2005): 0.73","0.35
0.35
0.57",Wt. %,TABLE,"Mehta (1992): 0.35
Zhang et al. (1996): 0.35
Bui et al. (2005): 0.57","0.24
0.24
0.11",Wt. %,TABLE,"Mehta (1992): 0.24
Zhang et al. (1996): 0.24
Bui et al. (2005): 0.11","1.12
1.12
2.46",Wt. %,TABLE,"Mehta (1992): 1.12
Zhang et al. (1996): 1.12
Bui et al. (2005): 2.46","3.68
3.68
NULL",Wt. %,TABLE,"Mehta (1992): 3.68
Zhang et al. (1996): 3.68","8.55
8.55
5.14",Wt. %,TABLE,"Mehta (1992): 8.55
Zhang et al. (1996): 8.55
Bui et al. (2005): 5.14",NULL,N/A,NULL,NULL,Non-crystalline silicon dioxide,N/A,TEXT,...which consists of non-crystalline silicon dioxide with high specific surface area...,NULL,N/A,NULL,NULL,85% to 95%,Wt. %,TEXT,"The production of rice husk ash can lead to the formation of approximately 85% to 95% by weight of amorphous silica (Della et al., 2002).",NULL,N/A,NULL,NULL,NULL,N/A,NULL,NULL,NULL,N/A,NULL,NULL,183.20,J/g (36 hours),GRAPH/FIGURE,"Graph-derived from Figure 1: ""Enthalpy of sample J/g, 36hours RHA 183.20""",NULL,N/A,NULL,NULL,"5, 10, 12, 15, 20, 25, 30, 40, 50",%,MULTIPLE SOURCES,"Reported across text and figures (e.g., Laskar et al. 5%, 10%, 15%, 20%; Hasparyk et al. 12%-15%; Dakroury et al. up to 50%).","10% to 30%
15%
10%
15%
30%
25%",%,TEXT,"...optimum replacement level of OPC by RHA to give maximum long term strength enhancement has been reported between 10% up to 30%.
Mahmud et al. (1996) reported 15% cement replacement by RHA as an optimal level...
Zhang et al. (1996) suggested 10% RHA replacement...
Ganesan et al. (2007) concluded that concrete containing 15% of RHA showed an utmost compressive strength...
Dakroury et al. (2008) reported that using 30% RHA... could be considered optimum...
...recommended the replacement level of up to 25% (Saraswathy et al., 2007).",NULL,N/A,NULL,NULL,NULL,N/A,NULL,NULL,NULL,N/A,NULL,NULL,NULL,N/A,NULL,NULL,"1
1.5
3
3.1
3.4",h-min,GRAPH/FIGURE,"Graph-derived from Figure 2: Initial setting times at 0%, 10%, 20%, 30%, 40% RHA replacement percentages respectively.","3.25
3.5
4.25
5.25
5.5",h-min,GRAPH/FIGURE,"Graph-derived from Figure 2: Final setting times at 0%, 10%, 20%, 30%, 40% RHA replacement percentages respectively.","28 days: 5.5
90 days: 5.4
180 days: 4.9
28 days: 5.0
90 days: 5.4
180 days: 5.7
28 days: 5.2
90 days: 5.7
180 days: 6.1",MPa,TABLE,"Table 2 (Habeeb et al., 2009):
20F1 Mix: 5.5 (28d), 5.4 (90d), 4.9 (180d)
20F2 Mix: 5.0 (28d), 5.4 (90d), 5.7 (180d)
20F3 Mix: 5.2 (28d), 5.7 (90d), 6.1 (180d)",NULL,N/A,NULL,NULL,NULL,N/A,NULL,NULL,NULL,N/A,NULL,NULL
Study on Properties of Rice Husk Ash and Its Use as Cement Replacement Material,"Ghassan Abood Habeeb, Hilmi Bin Mahmud",Materials Research,2010,NULL,"Rice Husk Ash (RHA), RHA powder",NULL,TEXT,"""This paper investigates the properties of rice husk ash (RHA)..."", ""...X-ray Diffraction (XRD) analysis was performed to determine the silica phase of the produced RHA powder samples...""",Rice husk,NULL,TEXT,"""The husk was collected from paddy field in Kuala Selangor, Malaysia...""","Burning in a ferro-cement furnace, followed by grinding using a Los Angeles (LA) mill",NULL,TEXT,"""...it was then burned in the laboratory by using a ferro-cement furnace."", ""Los Angeles (LA) mill was used to grind the ash...""","Burning capacity up to 60 kg; ignited for around 10 minutes; slow burning for more than 1 day; maximum temperature not exceeding 690°C; cooling inside furnace. Grinding: 5 kg ash capacity, 40 mild steel rods (10 mm diameter, 500 mm length), grinding times of 90, 180, 270, and 360 minutes",NULL,TEXT,"""This furnace (Figure 1) can hold up to 60 kg of rice husks..."", ""A fire source was maintained under the furnace for around 10 minutes, after which the husks slowly burned for more than one day."", ""The husk was burned at a temperature not exceeding 690°C."", ""Los Angeles (LA) mill was used to grind the ash; this machine consists of a rotating drum with an opening on top of it; inside the drum there are 40 mild steel rods (10 mm diameter and 500 mm length)... The mill can hold up to 5 kg of ash..."", ""The ash was ground for 90, 180, 270 and 360 minutes...""","Thermal treatment, Mechanical activation",NULL,TEXT,"""The husk was burned at a temperature not exceeding 690°C."", ""The ash was ground for 90, 180, 270 and 360 minutes...""",Controlled thermal burning in a ferro-cement furnace; mechanical grinding in a Los Angeles (LA) mill,NULL,TEXT,"""...burned in the laboratory by using a ferro-cement furnace."", ""Los Angeles (LA) mill was used to grind the ash...""",NULL,NULL,TEXT,NULL,<= 690,°C,TEXT,"""The husk was burned at a temperature not exceeding 690°C.""",> 24,hours,TEXT,"""...after which the husks slowly burned for more than one day.""",Grinding in Los Angeles (LA) mill,NULL,TEXT,"""Los Angeles (LA) mill was used to grind the ash...""","90, 180, 270, 360",minutes,TEXT,"""The ash was ground for 90, 180, 270 and 360 minutes...""",NULL,NULL,TEXT,NULL,NULL,NULL,TEXT,NULL,0.53,NULL,TABLE,"""W/Binder: 0.53"" (Table 4)",Figure 7,NULL,GRAPH/FIGURE,"""Figure 7. Grading curves of RHA and cement shown by laser particle analyser.""",NULL,NULL,TEXT,NULL,NULL,NULL,TEXT,NULL,NULL,NULL,TEXT,NULL,RHAFO (90 min): 63.8; RHAF1 (180 min): 31.3; RHAF2 (270 min): 18.3; RHAF3 (360 min): 11.5,µm,TABLE,"""Table 2. The average particle size and surface area of OPC and RHA with different APS. ... Average particle size (µm): RHAFO: 63.8, RHAF1: 31.3, RHAF2: 18.3, RHAF3: 11.5""",RHAFO: 25.3; RHAF1: 27.4; RHAF2: 29.1; RHAF3: 30.4,m²/g,TABLE,"""Table 2. ... BET nitrogen adsorption (m²·g?¹): RHAFO: 25.3, RHAF1: 27.4, RHAF2: 29.1, RHAF3: 30.4""",RHAFO: 25.3; RHAF1: 27.4; RHAF2: 29.1; RHAF3: 30.4,m²/g,TABLE,"""Table 2. ... BET nitrogen adsorption (m²·g?¹): RHAFO: 25.3, RHAF1: 27.4, RHAF2: 29.1, RHAF3: 30.4""",NULL,NULL,TEXT,NULL,NULL,NULL,TEXT,NULL,2.11,NULL,TABLE,"""Table 1. Chemical and physical properties of OPC and RHA. ... Specific gravity: RHA: 2.11""",NULL,NULL,TEXT,NULL,88.32,% by mass,TABLE,"""Table 1. Chemical and physical properties of OPC and RHA. ... SiO2: RHA: 88.32""",0.67,% by mass,TABLE,"""Table 1. Chemical and physical properties of OPC and RHA. ... CaO: RHA: 0.67""",0.46,% by mass,TABLE,"""Table 1. Chemical and physical properties of OPC and RHA. ... Al2O3: RHA: 0.46""",0.67,% by mass,TABLE,"""Table 1. Chemical and physical properties of OPC and RHA. ... Fe2O3: RHA: 0.67""",0.44,% by mass,TABLE,"""Table 1. Chemical and physical properties of OPC and RHA. ... MgO: RHA: 0.44""",NULL,NULL,TEXT,NULL,0.12 (reported as Na2O3),% by mass,TABLE,"""Table 1. Chemical and physical properties of OPC and RHA. ... Na2O3: RHA: 0.12""",2.91,% by mass,TABLE,"""Table 1. Chemical and physical properties of OPC and RHA. ... K2O: RHA: 2.91""",5.81,% by mass,TABLE,"""Table 1. Chemical and physical properties of OPC and RHA. ... LOI: RHA: 5.81""",NULL,NULL,TEXT,NULL,Amorphous silica,NULL,TEXT,"""...XRD analysis was conducted to verify the presence of amorphous silica in the ash.""",Broad peak at 2? angle of 22° (amorphous form),NULL,TEXT,"""According to the XRD graph the ash was mainly in amorphous form due to the broad peak on 2? angle of 22°.""",Mainly amorphous,NULL,TEXT,"""According to the XRD graph the ash was mainly in amorphous form...""",Efficient pozzolanic material; reactivity increases with RHA fineness,NULL,TEXT,"""The RHA used in this study is efficient as a pozzolanic material..."", ""Increasing RHA fineness increases its reactivity.""",NULL,NULL,TEXT,NULL,NULL,NULL,TEXT,NULL,NULL,NULL,TEXT,NULL,NULL,NULL,TEXT,NULL,"5, 10, 15, 20",%,TEXT,"""...5, 10, 15, and 20% of cement was replaced with three grades of RHA...""",10,%,TEXT,"""RHA concrete gave excellent improvement in strength for 10% replacement (30.8% increment compared to the control mix)...""","1-Day: 17.2 to 20.3; 3-Day: 24.5 to 29.6; 7-Day: 29.8 to 36.7; 28-Day: 40.2 to 51.8 (Control Mix: 1-Day: 19.1, 3-Day: 26.7, 7-Day: 30.2, 28-Day: 39.6)",MPa,TABLE,"""Table 6. Strength development for RHA concrete.""",At 10% replacement level at 28 days: 10F1: 122.2%; 10F2: 126.7%; 10F3: 130.8%,%,TEXT,"""For example, at replacement level of 10%, the percentage of increment for RHA concretes compared to the control OPC mix were 22.2, 26.7 and 30.8% for 10F1, 10F2 and 10F3, respectively.""",NULL,NULL,TEXT,NULL,NULL,NULL,TEXT,NULL,NULL,NULL,TEXT,NULL,NULL,NULL,TEXT,NULL,NULL,NULL,TEXT,NULL,NULL,NULL,TEXT,NULL,NULL,NULL,TEXT,NULL,NULL,NULL,TEXT,NULL
Effect of rice-husk ash on durability of cementitious materials,Gemma Rodríguez de Sensale,Cement & Concrete Composites,2010,10.1016/j.cemconcomp.2010.07.008,Rice-husk ash (RHA) / residual RHA (RRHA) / controlled RHA (CRHA),NULL,TEXT,"""...two RHAs (amorphous and partially crystalline optimized by dry-milling)...""",Rice husk (parboiling process in Uruguay for residual RHA; controlled incineration from the United States for CRHA),NULL,TEXT,"""Two sources of RHA were considered: a residual RHA produced in parboiling process... and a homogeneous ash produced by controlled incineration from the United States (CRHA).""",Dry-milling (for residual RHA); Controlled incineration (for CRHA),NULL,TEXT,"""The residual RHA used in this research was a processed waste which was dry-milled...""",Dry-milled for the necessary time to obtain a median particle size of 8 µm,NULL,TEXT,"""...dry-milled for the necessary time to obtain a median particle size of 8 µm...""",Mechanical activation (dry-milling for residual RHA),NULL,TEXT,"""...partially crystalline optimized by dry-milling...""","Dry-milled to reach median particle size of 8 µm, defined specific surface by nitrogen absorption, and maximum activity index per ASTM C311-98b",NULL,TEXT,"""...dry-milled for the necessary time to obtain a median particle size of 8 µm, a defined specific surface by nitrogen absorption, and the maximum activity index according to ASTM C311-98b.""",NULL,NULL,TEXT,NULL,NULL,NULL,TEXT,NULL,NULL,NULL,TEXT,NULL,Dry-milling,NULL,TEXT,"""...partially crystalline optimized by dry-milling...""",NULL,NULL,TEXT,NULL,NULL,NULL,TEXT,NULL,NULL,NULL,TEXT,NULL,"0.32, 0.40, 0.50 (concretes & mortars); 0.47 (mortars for ASR)",NULL,TABLE,"""water-cementitious materials ratio of 0.50, 0.40 and 0.32 were selected...""; ""Water-cementitious materials ratio of 0.47 was used...""",,,,,NULL,NULL,TEXT,NULL,RRHA: 8; CRHA: 8,µm,TEXT,"""...both ashes have the same median particle size..."" / ""...obtain a median particle size of 8 µm...""",NULL,NULL,TEXT,NULL,RRHA: 8; CRHA: 8,µm,TEXT,"""...both ashes have the same median particle size..."" / ""...obtain a median particle size of 8 µm...""",,,,,RRHA: 28800; CRHA: 24300,m²/kg,TABLE,"""Nitrogen adsorption, m²/kg: RRHA = 28800, CRHA = 24300"" (Table 1)",NULL,NULL,TABLE,"Table 1 lists Blaine Fineness only for Cement (309 m²/kg), not for RHA.",NULL,NULL,TEXT,NULL,RRHA: 2.06; CRHA: 2.16,NULL,TABLE,"""Specific gravity: RRHA = 2.06, CRHA = 2.16"" (Table 1)",NULL,NULL,TEXT,NULL,RRHA: 87.2; CRHA: 88,%,TABLE,"""Silicon dioxide (SiO2): RRHA = 87.2, CRHA = 88"" (Table 1)",RRHA: 0.55; CRHA: 0.8,%,TABLE,"""Calcium oxide (CaO): RRHA = 0.55, CRHA = 0.8"" (Table 1)",RRHA: 0.15; CRHA: 0,%,TABLE,"""Aluminum oxide (Al2O3): RRHA = 0.15, CRHA = -"" (Table 1)",RRHA: 0.16; CRHA: 0.1,%,TABLE,"""Ferric oxide (Fe2O3): RRHA = 0.16, CRHA = 0.1"" (Table 1)",RRHA: 0.35; CRHA: 0.2,%,TABLE,"""Magnesium oxide (MgO): RRHA = 0.35, CRHA = 0.2"" (Table 1)",RRHA: 0.32; CRHA: NULL,%,TABLE,"""Sulphur oxide (SO3): RRHA = 0.32, CRHA = -"" (Table 1)",RRHA: 1.12; CRHA: 0.7,%,TABLE,"""Sodium oxide (Na2O): RRHA = 1.12, CRHA = 0.7"" (Table 1)",RRHA: 3.60; CRHA: 2.2,%,TABLE,"""Potassium oxide (K2O): RRHA = 3.60, CRHA = 2.2"" (Table 1)",RRHA: 6.55; CRHA: 8.1,%,TABLE,"""Loss on ignition: RRHA = 6.55, CRHA = 8.1"" (Table 1)","MnO (CRHA: 0.2%, RRHA: NULL)",%,TABLE,"""Manganese oxide (MnO): CRHA = 0.2"" (Table 1)",Cristobalite (RRHA); Amorphous (CRHA),NULL,TEXT,"""X-ray diffraction (Fig. 1) indicates that CRHA can be considered as an amorphous RHA; but RRHA showed crystalline structures, which were identified as cristobalite.""",Cristobalite (for RRHA),NULL,TEXT,"""...RRHA showed crystalline structures, which were identified as cristobalite.""",CRHA: 98.5%; RRHA: 39.55% (reactive silica content),%,TEXT,"""Since the percentage of reactive silica contained in CRHA was 98.5%, and in residual RRHA was 39.55%, RRHA can be considered partially crystalline.""","Reactive silica: CRHA = 98.5%, RRHA = 39.55%",%,TEXT,"""...percentage of reactive silica contained in CRHA was 98.5%, and in residual RRHA was 39.55%...""",RRHA: 92.93; CRHA: 92.4,%,TABLE,"""Activity index ASTM C311-98b: RRHA = 92.93, CRHA = 92.4"" (Table 1)",RRHA: 92.93; CRHA: 92.4,%,TABLE,"""Activity index ASTM C311-98b: RRHA = 92.93, CRHA = 92.4"" (Table 1)",NULL,NULL,TEXT,NULL,NULL,NULL,TEXT,NULL,"5, 10, 15 (concretes & mortars); 20, 30, 40 (mortars for ASR)",%,TEXT / TABLE,"""concrete mixes with 5%, 10% and 15% of cement replacement by RHA...""; ""with 10%, 20%, 30% and 40% of RRHA replacement... and 10% and 20% of CRHA...""",15% (for chloride penetration); 20% (CRHA for ASR); 30% (RRHA for ASR),%,TEXT / GRAPH/FIGURE,"""In this paper the best resistance to chloride ion penetration is obtained with 15% substitution of Portland cement by RHA...""; ""The specimens made with 20% CRHA passed the expansion criterion, and with 30% RRHA replacement was just at the limit..."" / Fig. 4",NULL,MPa,TABLE,"Table 1 lists compressive strengths (1-day, 3-day, 7-day, 28-day) specifically for Portland cement, not for RHA mixes.",NULL,%,TEXT,NULL,NULL,NULL,TEXT,NULL,NULL,%,TEXT,NULL,NULL,min,TABLE,"Table 1 lists Initial Setting Time (145 min) specifically for Portland Cement, not for RHA mixes.",NULL,min,TABLE,"Table 1 lists Final Setting Time (275 min) specifically for Portland Cement, not for RHA mixes.",NULL,NULL,TEXT,NULL,NULL,%,TEXT,NULL,NULL,NULL,TEXT,NULL,NULL,%,TEXT,NULL
Effect of rice husk ash fineness on the chemical and physical properties of concrete,"B. H. Abu Bakar, P. J. Ramadhansyah, M. J. Megat Azmi",Magazine of Concrete Research,2011,10.1680/macr.10.00019,Rice husk ash (RHA),NULL,TEXT,"""The influence of grinding on the physical properties of rice husk ash (RHA) and Portland cement is examined.""",Rice husk,NULL,TEXT,"""Rice husk was burnt at 700°C for 6 h in a gas furnace at a heating rate of 10°C/min.""",Thermal combustion / burning,NULL,TEXT,"""Rice husk was burnt at 700°C for 6 h in a gas furnace at a heating rate of 10°C/min.""","Temperature: 700, Duration: 6, Heating rate: 10","°C, h, °C/min",TEXT,"""Rice husk was burnt at 700°C for 6 h in a gas furnace at a heating rate of 10°C/min.""",Mechanical activation (Grinding / Milling),NULL,TEXT,"""The ash was ground using a laboratory ball mill with porcelain balls.""","Porcelain mill (14×23.5 cm), 150 g RHA batch, Porcelain balls (Ø30 mm: 20 pcs, Ø20 mm: 40 pcs, Ø10 mm: 300 pcs), Speed: 76 rev/min",NULL,TABLE,"""Mill (porcelain) 14×23.5 cm... Porcelain balls Diameter: mm / Amount... Milling speed 76 rev/min"" (Table 1)",NULL,NULL,NULL,NULL,700,°C,TEXT,"""Rice husk was burnt at 700°C for 6 h in a gas furnace at a heating rate of 10°C/min.""",6,h,TEXT,"""Rice husk was burnt at 700°C for 6 h in a gas furnace at a heating rate of 10°C/min.""",Laboratory ball mill grinding,NULL,TEXT,"""The ash was ground using a laboratory ball mill with porcelain balls.""",0; 30; 60; 90; 120; 180; 240; 300,min,TEXT,"""(a) RHA0: original RHA... (b) RHA1: ground for 30 min... (c) RHA2: ground for 60 min... (d) RHA3: ground for 90 min... (e) RHA4: ground for 120 min... (f) RHA5: ground for 180 min... (g) RHA6: ground for 240 min... (h) RHA7: ground for 300 min.""",76,rev/min,TABLE,"""Milling speed 76 rev/min"" (Table 1)",NULL,NULL,NULL,NULL,0.49,NULL,TEXT,"""A mass water-to-binder ratio of 0.49 was used.""",Particle size distribution curves shown in Figure 5,NULL,GRAPH/FIGURE,"""The particle size distribution curves of OPC and the RHA samples are shown in Figure 5.""",NULL,NULL,NULL,NULL,NULL,NULL,NULL,NULL,NULL,NULL,NULL,NULL,RHA0: 17.97 (or 17.96); RHA1: 10.93; RHA2: 9.74; RHA3: 9.52; RHA4: 9.34; RHA5: 8.70; RHA6: 6.85; RHA7: 6.65,µm,TEXT,"""The mean particle size of the materials used was 17.96 µm (RHA0), 10.93 µm (RHA1), 9.74 µm (RHA2), 9.52 µm (RHA3), 9.34 µm (RHA4), 8.70 µm (RHA5), 6.85 µm (RHA6) and 6.65 µm (RHA7)...""",NULL,NULL,NULL,NULL,Reported qualitatively via nitrogen absorption technique,NULL,TEXT,"""The surface area of RHA was determined by BET (Brunauer/Emmett/Teller nitrogen absorption test) or the nitrogen absorption technique.""",RHA1 (30 min): 2830; RHA3 (90 min): 5290; RHA7 (300 min): 14700,g/cm²,TEXT,"""Figure 4 shows that RHA fineness increased from 2830 to 14 700 g/cm²... The fineness of the RHA subjected to 90 min grinding was 5290 g/cm², increasing to 14 700 g/cm² after 300 min grinding.""",NULL,NULL,NULL,NULL,RHA0: 1.82; RHA1: 1.94; RHA2: 1.95; RHA3: 1.95; RHA4: 1.97; RHA5: 1.98; RHA6: 2.01; RHA7: 2.06,g/cm³,TEXT,"""...the densities of RHA0, RHA1, RHA2, RHA3, RHA4, RHA5, RHA6, RHA7 are 1.82, 1.94, 1.95, 1.95, 1.97, 1.98, 2.01 and 2.06 g/cm³, respectively.""",NULL,NULL,NULL,NULL,RHA0: 93.00; RHA1: 90.00; RHA2: 91.00; RHA3: 90.99; RHA4: 90.87; RHA5: 90.70; RHA6: 93.70; RHA7: 92.9,%,TABLE,"""Table 3. Chemical compositions of OPC and RHAs""",RHA0: 0.49; RHA1: 0.46; RHA2: 0.40; RHA3: 0.41; RHA4: 0.49; RHA5: 0.40; RHA6: 0.60; RHA7: 0.41,%,TABLE,"""Table 3. Chemical compositions of OPC and RHAs""",RHA0: 0.20; RHA1: 0.39; RHA2: 0.10; RHA3: 0.23; RHA4: 0.14; RHA5: 0.40; RHA6: 0.30; RHA7: 0.18,%,TABLE,"""Table 3. Chemical compositions of OPC and RHAs""",RHA0: 0.13; RHA1: 0.37; RHA2: 0.10; RHA3: 0.26; RHA4: 0.95; RHA5: 0.40; RHA6: 0.20; RHA7: 0.43,%,TABLE,"""Table 3. Chemical compositions of OPC and RHAs""",RHA0: 0.73; RHA1: 0.88; RHA2: 0.90; RHA3: 0.73; RHA4: 0.65; RHA5: 0.50; RHA6: 0.40; RHA7: 0.35,%,TABLE,"""Table 3. Chemical compositions of OPC and RHAs""",RHA0: 0.15; RHA1: 0.15; RHA2: 0.50; RHA3: 0.08; RHA4: 0.09; RHA5: 0.10; RHA6: 0.10; RHA7: 0.10,%,TABLE,"""Table 3. Chemical compositions of OPC and RHAs""",RHA0: 0.02; RHA1: 0.02; RHA2: 0.15; RHA3: 0.02; RHA4: 0.25; RHA5: 0.10; RHA6: 0.20; RHA7: 0.02,%,TABLE,"""Table 3. Chemical compositions of OPC and RHAs""",RHA0: 1.30; RHA1: 3.10; RHA2: 3.30; RHA3: 2.19; RHA4: 2.16; RHA5: 2.20; RHA6: 1.40; RHA7: 0.72,%,TABLE,"""Table 3. Chemical compositions of OPC and RHAs""",RHA0: 3.98; RHA1: 4.63; RHA2: 3.55; RHA3: 5.09; RHA4: 4.40; RHA5: 5.20; RHA6: 3.10; RHA7: 4.89,%,TABLE,"""Table 3. Chemical compositions of OPC and RHAs""",NULL,NULL,NULL,NULL,Quartz mineral group,NULL,TEXT,"""XRD analysis of the RHA samples showed mainly amorphous silica formation, consisting mainly of the quartz mineral group (Figure 7).""","Amorphous silica, quartz mineral group",NULL,TEXT,"""XRD analysis of the RHA samples showed mainly amorphous silica formation, consisting mainly of the quartz mineral group (Figure 7).""",Amorphous silica formation,NULL,TEXT,"""XRD analysis of the RHA samples showed mainly amorphous silica formation...""",High pozzolanic reaction of fine RHA / reactivity attributed to high content of amorphous silica and large surface area,NULL,TEXT,"""The reactivity of RHA is attributed to its high content of amorphous silica and to its very large surface area..."" and ""...higher pozzolanic reaction of fine RHA.""",NULL,NULL,NULL,NULL,"7-day: OPC: 100; RHA0: 67; RHA1: 73; RHA2: 75; RHA3: 108; RHA4: 88; RHA5: 86; RHA6: 85; RHA7: 71 (graph-derived values)
28-day: OPC: 100; RHA0: 68; RHA1: 75; RHA2: 79; RHA3: 104; RHA4: 87; RHA5: 82; RHA6: 83; RHA7: 74 (graph-derived values)",%,GRAPH/FIGURE,"""Figure 9. Effect of grinding time on the strength activity index of RHA at 7 and 28 days""",NULL,NULL,NULL,NULL,RHA3 Strength Activity Index increased by 31.94% (7 days) and 38.25% (28 days) over unground RHA,%,TEXT,"""The highest strength activity indices were obtained using RHA subject to 90 min grinding (RHA3), and these indices were 31.94% and 38.25% higher than those of unground RHA at 7 and 28 days, respectively.""",15,%,TEXT,"""The OPC was partially replaced with pozzolans at a dosage of 15% by weight of cementitious material.""",15% dosage used; optimum grinding time is 90 min (RHA3),% / min,TEXT,"""A rice husk ash dosage of 15% by weight of binder was used throughout the experiments... There appears to be an optimum grinding time of approximately 90 min...""","7-day range: 19.84–33.88; 28-day range: 28.77–42.64
7-day: OPC: 30.5; RHA0: 20.5; RHA1: 22.5; RHA2: 23.2; RHA3: 33.88; RHA4: 27.0; RHA5: 26.4; RHA6: 26.0; RHA7: 21.8 (graph-derived values)
28-day: OPC: 41.0; RHA0: 29.0; RHA1: 32.0; RHA2: 33.8; RHA3: 42.64; RHA4: 37.2; RHA5: 35.1; RHA6: 35.5; RHA7: 31.8 (graph-derived values)",N/mm²,TEXT / GRAPH/FIGURE,"""The compressive strength of the concrete mixes was in the range 19.84–33.88 N/mm² (at 7 days) and 28.77–42.64 N/mm² (at 28 days)."" / ""Figure 8. Compressive strength of the OPC and RHA at 7 and 28 days""","At 7 and 28 days respectively, the strength of the RHA3 mix was 8.64 and 4.05% higher than that of the OPC concrete",%,TEXT,"""At 7 and 28 days respectively, the strength of the RHA3 mix was 8.64 and 4.05% of that of the OPC concrete.""",NULL,NULL,NULL,NULL,NULL,NULL,NULL,NULL,NULL,NULL,NULL,NULL,NULL,NULL,NULL,NULL,NULL,NULL,NULL,NULL,NULL,NULL,NULL,NULL,NULL,NULL,NULL,NULL,NULL,NULL,NULL,NULL
Effect of rice husk ash on the strength and durability characteristics of concrete,"Hwang Chao-Lung, Bui Le Anh-Tuan, Chen Chun-Tsun",Construction and Building Materials,2011,10.1016/j.conbuildmat.2011.04.009,"Rice husk ash (RHA), ground RHA, non-ground RHA, residual rice husk ash (RHA)",NULL,TEXT,"""This work investigates the effects of adding residual rice husk ash (RHA)... The non-ground RHA and ground RHA were used...""",Rice husk / Rice husk pellets,NULL,TEXT,"""...residual rice husk ash (RHA) from South Vietnam, generated when burning rice husk pellets in the boiler...""",Incineration / burning of rice husk pellets in a boiler followed by ball mill grinding,NULL,TEXT,"""Rice husk pellets (Fig. 1) were burnt in a steam boiler at temperatures varying from 600 to 800 °C... RHA was ground by a ball mill for 1 h.""",Burning temperature: 600–800,°C,TEXT,"""...burnt in a steam boiler at temperatures varying from 600 to 800 °C""",Mechanical activation (grinding),NULL,TEXT,"""To improve pozzolanic reactivity, RHA was ground for 1 h."" / ""To increase the finesses, RHA was ground by a ball mill for 1 h.""",Grinding duration: 1 h (60 min),h,TEXT,"""...RHA was ground for 1 h."" / ""A high strength reactivity index was achieved using RHA that was ground for 60 min.""",NULL,NULL,NULL,NULL,600–800,°C,TEXT,"""...burnt in a steam boiler at temperatures varying from 600 to 800 °C""",NULL,NULL,NULL,NULL,Ball mill grinding,NULL,TEXT,"""...RHA was ground by a ball mill for 1 h.""",1 h (60 min),h,TEXT,"""...RHA was ground by a ball mill for 1 h.""",NULL,NULL,NULL,NULL,NULL,NULL,NULL,NULL,"0.23, 0.35, 0.47",NULL,TEXT,"""Three water-to-binder ratios (w/b): 0.23; 0.35; and 0.47; with the same 10% RHA replacement by weight of cement, were done in this investigation.""",NULL,NULL,NULL,NULL,NULL,NULL,NULL,NULL,NULL,NULL,NULL,NULL,NULL,NULL,NULL,NULL,Non-ground RHA: 87; Ground RHA: 12,µm,TEXT,"""Average particle size of RHA is 87 µm in diameter... the average particle size of RHA can be decreased to 12 µm""",NULL,NULL,NULL,NULL,NULL,NULL,NULL,NULL,NULL,NULL,NULL,NULL,NULL,NULL,NULL,NULL,2.06,NULL,TABLE,"Table 1: ""Specific gravity ... Ground RHA: 2.06""",NULL,NULL,NULL,NULL,91,%,TABLE,"Table 1: ""SiO2 ... Ground RHA: 91""",NULL,NULL,NULL,NULL,0.35,%,TABLE,"Table 1: ""Al2O3 ... Ground RHA: 0.35""",0.41,%,TABLE,"Table 1: ""Fe2O3 ... Ground RHA: 0.41""",0.81,%,TABLE,"Table 1: ""MgO ... Ground RHA: 0.81""",1.21,%,TABLE,"Table 1: ""SO3 ... Ground RHA: 1.21""",0.08,%,TABLE,"Table 1: ""Na2O ... Ground RHA: 0.08""",3.21,%,TABLE,"Table 1: ""K2O ... Ground RHA: 3.21""",8.5,%,TABLE,"Table 1: ""Loss on ignition (%) ... Ground RHA: 8.5""",P2O5: 0.98,%,TABLE,"Table 1: ""P2O5 ... Ground RHA: 0.98""",Mostly amorphous silica and partially crystalline silica (Cristobalite high-SiO2),NULL,TEXT,"""As can be seen, RHA is mostly amorphous silica and partially crystalline silica."" / Fig. 3: ""85-0621 Cristobalite high-SiO2""",Cristobalite high-SiO2,NULL,GRAPH/FIGURE,"Fig. 3: ""85-0621 Cristobalite high-SiO2""",Mostly amorphous,NULL,TEXT,"""...RHA is mostly amorphous silica and partially crystalline silica.""",Water requirement of non-ground RHA mortar: 117%; Water requirement of ground RHA mortar: 110%,%,TEXT,"""The results show that the water requirements of the mortars with non-ground RHA and ground RHA added are 117% and 110%, respectively.""",NULL,NULL,NULL,NULL,Non-ground RHA mortar (28 days): 72%; Ground RHA mortar (7 days): 82%; Ground RHA mortar (28 days): 97%,%,TEXT,"""At 28 days, the compressive strength of non-ground RHA is 72% of that of the OPC mortar at the same age."" / ""The compressive strength of ground RHA mortar at the age of 7 and 28 days is 82% and 97% of that of the OPC mortar at the same age, respectively.""",NULL,NULL,NULL,NULL,NULL,NULL,NULL,NULL,"0, 10, 20, 30",%,TEXT,"""The mixtures were prepared by replacing 0%, 10%, 20% and 30% of cement with RHA.""",Up to 20,%,TEXT,"""The results also indicate that up to 20% of ground RHA could be advantageously blended with cement without adversely affecting the strength and durability properties of concrete.""","Mix A23-10: 1-day = 41, 3-day = 59, 7-day = 62, 14-day = 63, 28-day = 66, 56-day = 69, 91-day = 74; 
Mix A35-00: 1-day = 30, 3-day = 50, 7-day = 46, 14-day = 54, 28-day = 56, 56-day = 60, 91-day = 67; 
Mix A35-10: 1-day = 27, 3-day = 47, 7-day = 41, 14-day = 52, 28-day = 61, 56-day = 62, 91-day = 67; 
Mix A35-20: 1-day = 26, 3-day = 38, 7-day = 47, 14-day = 52, 28-day = 60, 56-day = 61, 91-day = 69; 
Mix A35-30: 1-day = 19, 3-day = 32, 7-day = 43, 14-day = 51, 28-day = 54, 56-day = 60, 91-day = 64; 
Mix A47-10: 1-day = 16, 3-day = 26, 7-day = 37, 14-day = 40, 28-day = 47, 56-day = 51, 91-day = 56",MPa,TABLE,"Table 3: ""Strength development of RHA concrete""",NULL,NULL,NULL,NULL,NULL,NULL,NULL,NULL,NULL,NULL,NULL,NULL,NULL,NULL,NULL,NULL,NULL,NULL,NULL,NULL,NULL,NULL,NULL,NULL,NULL,NULL,NULL,NULL,NULL,NULL,NULL,NULL,NULL,NULL,NULL,NULL
Study on Strength Characteristics of High Strength Rice Husk Ash Concrete,"RAVANDE KISHORE, V.BHIKSHMA AND P.JEEVANA PRAKASH",Procedia Engineering,2011,10.1016/j.proeng.2011.07.335,Rice Husk Ash,NULL,TEXT,"""Study on Strength Characteristics of High Strength Rice Husk Ash Concrete""",Rice Husk,NULL,TEXT,"""Rice Husk Ash is obtained from burning of Rice Husk, which is the by-product of rice milling.""",Burning / Incineration,NULL,TEXT,"""Rice Husk Ash is obtained from burning of Rice Husk... depending upon the temperature of incineration.""",NULL,NULL,NULL,NULL,NULL,NULL,NULL,NULL,NULL,NULL,NULL,NULL,NULL,NULL,NULL,NULL,NULL,NULL,NULL,NULL,NULL,NULL,NULL,NULL,NULL,NULL,NULL,NULL,NULL,NULL,NULL,NULL,NULL,NULL,NULL,NULL,NULL,NULL,NULL,NULL,"0.36 (for M40), 0.35 (for M50)",NULL,TABLE,"Table 3 reports ""w/c ratio"" as 0.36 for M40 and 0.35 for M50",NULL,NULL,NULL,NULL,NULL,NULL,NULL,NULL,NULL,NULL,NULL,NULL,NULL,NULL,NULL,NULL,NULL,NULL,NULL,NULL,NULL,NULL,NULL,NULL,NULL,NULL,NULL,NULL,NULL,NULL,NULL,NULL,NULL,NULL,NULL,NULL,2.27,NULL,TABLE,Table 1 reports Specific gravity of Rice Husk Ash as 2.27,NULL,NULL,NULL,NULL,80-85%,%,TEXT,"""Rice Husk Ash contains as much as 80-85% silica which is highly reactive""",NULL,NULL,NULL,NULL,NULL,NULL,NULL,NULL,NULL,NULL,NULL,NULL,NULL,NULL,NULL,NULL,NULL,NULL,NULL,NULL,NULL,NULL,NULL,NULL,NULL,NULL,NULL,NULL,NULL,NULL,NULL,NULL,NULL,NULL,NULL,NULL,NULL,NULL,NULL,NULL,NULL,NULL,NULL,NULL,NULL,NULL,NULL,NULL,Highly reactive,NULL,TEXT,"""Rice Husk Ash contains as much as 80-85% silica which is highly reactive""",NULL,NULL,NULL,NULL,NULL,NULL,NULL,NULL,NULL,NULL,NULL,NULL,NULL,NULL,NULL,NULL,"0%, 5%, 10%, 15%",%,TEXT,"""replacement of cement viz., 0%, 5%, 10%, 15% with Rice Husk Ash""",10%,%,TEXT,"""The optimum replacement level of Rice Husk Ash is found to be to10% for both M40 and M50 grades of concrete.""","M40 7-Day: 37.20 (0%), 35.34 (5%), 34.12 (10%), 30.36 (15%)
M40 28-Day: 50.80 (0%), 48.26 (5%), 44.72 (10%), 43.18 (15%)
M40 90-Day: 51.74 (0%), 49.15 (5%), 47.08 (10%), 45.04 (15%)
M50 7-Day: 48.31 (0%), 42.00 (5%), 38.40 (10%), 37.37 (15%)
M50 28-Day: 59.37 (0%), 56.40 (5%), 53.43 (10%), 50.46 (15%)
M50 90-Day: 62.50 (0%), 58.36 (5%), 56.40 (10%), 52.50 (15%)",MPa,TABLE,"Tables 5 and 6 report all 7, 28, and 90 days compressive strength values for M40 and M50 grades at 0%, 5%, 10%, and 15% replacement",NULL,NULL,NULL,NULL,NULL,NULL,NULL,NULL,NULL,NULL,NULL,NULL,NULL,NULL,NULL,NULL,NULL,NULL,NULL,NULL,"M40 28-Day: 4.87 (0%), 4.40 (5%), 4.34 (10%), 4.17 (15%)
M50 28-Day: 5.36 (0%), 4.87 (5%), 4.76 (10%), 4.72 (15%)",MPa,TABLE,Table 8 reports Twenty Eight days Flexural Strength of Concrete for M40 and M50 grades,NULL,NULL,NULL,NULL,NULL,NULL,NULL,NULL,NULL,NULL,NULL,NULL
Mechanical properties and durability assessment of rice husk ash concrete,"Rahmat Madandoust, Malek Mohammad Ranjbar, Hamed Ahmadi Moghadam, Seyed Yasin Mousavi",Biosystems Engineering,2011,10.1016/j.biosystemseng.2011.07.009,Rice Husk Ash (RHA),NULL,TEXT,"""The effect of rice husk ash (RHA) on concrete properties and durability was studied.""",Rice husk,NULL,TEXT,"""Rice husks, sometimes called rice hulls, are one of the major agricultural by-products and are the shells produced during the de husking operation of paddy rice."" / ""The RHA, provided from the north of Iran...""",Burning heaped up rice husk obtained from controlled pre-processing / controlled burning / incinerating,NULL,TEXT,"""The RHA used, was produced by burning heaped up rice husk obtained from controlled pre-processing."" / ""The ash produced by controlled burning of the rice husk between 550°C and 700°C incinerating temperature for 1-h...""",Temperature in the range of 650°C,°C,TEXT,"""This indicated that RHA was obtained by burning at relatively high temperatures in the range of 650°C which led to the crystallisation of the amorphous silica.""",Mechanical grinding,NULL,TEXT,"""To be used as a pozzolanic material, the ash was ground by means of a laboratory batch 2ball mill until certain fineness and surface area (376.8 m²kg?¹) was reached.""",Ground in laboratory batch 2ball mill; passing through sieve No. 325 (sieve opening 45 µm),µm,TEXT,"""To be used as a pozzolanic material, the ash was ground by means of a laboratory batch 2ball mill until certain fineness and surface area (376.8 m²kg?¹) was reached. The RHA passing through sieve No. 325 (sieve opening 45 µm) was considered for the partial replacement of cement.""",NULL,NULL,TEXT,NULL,NULL,NULL,TEXT,NULL,NULL,NULL,TEXT,NULL,Laboratory batch 2ball mill,NULL,TEXT,"""...the ash was ground by means of a laboratory batch 2ball mill until certain fineness and surface area (376.8 m²kg?¹) was reached.""",NULL,NULL,TEXT,NULL,NULL,NULL,TEXT,NULL,NULL,NULL,TEXT,NULL,0.53,NULL,TABLE,"""W/B ratio: 0.53"" (Table 3)",Mostly angular edged grains with different particle sizes; passing through sieve No. 325 (45 µm),µm,TEXT / GRAPH/FIGURE,"""The RHA passing through sieve No. 325 (sieve opening 45 µm) was considered..."" / ""Fig. 3- Particle size distribution curves of cement and RHA.""",NULL,NULL,TEXT,NULL,NULL,NULL,TEXT,NULL,NULL,NULL,TEXT,NULL,NULL,NULL,TEXT,NULL,NULL,NULL,TEXT,NULL,NULL,NULL,TEXT,NULL,376.8,m²kg?¹,TABLE,"""Blaine fineness (m²kg?¹): RHA = 376.8"" (Table 1)",NULL,NULL,TEXT,NULL,NULL,NULL,TEXT,NULL,429.1,kg m?³,TABLE,"""Bulk density (kg m?³): RHA = 429.1"" (Table 1)",90.9,wt.%,TABLE,"""SiO?: 90.9"" (Table 1)",0.8,wt.%,TABLE,"""CaO: 0.8"" (Table 1)",0.83,wt.%,TABLE,"""Al?O?: 0.83"" (Table 1)",0.6,wt.%,TABLE,"""Fe?O?: 0.6"" (Table 1)",0.56,wt.%,TABLE,"""MgO: 0.56"" (Table 1)",NULL,NULL,TEXT,NULL,NULL,NULL,TEXT,NULL,NULL,NULL,TEXT,NULL,NULL,NULL,TEXT,NULL,Na?O + K?O: 1.55,wt.%,TABLE,"""Na?O+K?O: 1.55"" (Table 1)","Amorphous silica, Cristobalite, Tridymite, Quartz",NULL,TEXT / GRAPH/FIGURE,"""A strong broad peak of the RHA was centred at about 22° (2?) which was in keeping with the strong broad peak of a characteristic of amorphous SiO?. It contained certain amounts of crystallite as crystalline silica."" / ""Fig. 1 XRD pattern of the RHA. Cr: Cristobalite, Tr: Tridymite, Q: Quartz""",NULL,NULL,TEXT,NULL,High content of amorphous silica,NULL,TEXT,"""A strong broad peak of the RHA was centred at about 22° (2?) which was in keeping with the strong broad peak of a characteristic of amorphous SiO?.""",NULL,NULL,TEXT,NULL,81.25,%,TABLE,"""Pozzolanic Activity Index (%): RHA = 81.25"" (Table 1)",NULL,NULL,TEXT,NULL,NULL,NULL,TEXT,NULL,NULL,NULL,TEXT,NULL,"0, 5, 10, 15, 20, 25, 30",%,TEXT / TABLE,"""...concrete mixtures with 0-30% RHA were produced..."" / Table 3",20,%,TEXT,"""In addition concerning to the strength gain, it seems that 20% RHA may be considered as a suitable replacement."" / ""The partial replacement of cement by RHA (20%) indicates...""","NC: 35.4 (28-d), 43.5 (90-d), 46.0 (270-d), 47.0 (360-d)
CR5: 33.6 (28-d)
CR10: 32.4 (28-d)
CR15: 32.1 (28-d), 42.5 (90-d), 46.4 (270-d), 47.5 (360-d)
CR20: 30.8 (28-d), 41.7 (90-d), 46.7 (270-d), 47.8 (360-d)
CR25: 29.7 (28-d), 38.5 (90-d), 45.6 (270-d), 43.7 (360-d)
CR30: 26.6 (28-d)",MPa,TABLE,"Table 4 (28-day fcu) and Table 6 (water curing compressive strengths at 28, 90, 270, 360 days)","28 days:
CR5: 95%
CR10: 92%
CR15: 88%
CR20: 85%
CR25: 79%
CR30: 74%

CR20 at specific ages:
3 days: 65%
90 days: 96%
180 days: 98%
360 days: 102%",%,TEXT / GRAPH/FIGURE,"""Fig. 6 Compressive strength gain for different percentage of RHA at 28 days."" (0%: 100%, 5%: 95%, 10%: 92%, 15%: 88%, 20%: 85%, 25%: 79%, 30%: 74%) / ""Although at the age of 3 days the amount of compressive strength of RHA concrete was 65% of normal concrete, this amount increased to 96% at 90 days and 98% at 180 days."" / ""...slightly greater (by 2%) than normal concrete at the age of 360 days.""",NULL,NULL,TEXT,NULL,NULL,NULL,TEXT,NULL,NULL,NULL,TEXT,NULL,NULL,NULL,TEXT,NULL,NULL,NULL,TEXT,NULL,NULL,NULL,TEXT,NULL,NULL,NULL,TEXT,NULL,NULL,NULL,TEXT,NULL
The study of using rice husk ash to produce ultra high performance concrete,"Nguyen Van Tuan, Guang Ye, Klaas van Breugel, Alex L.A. Fraaij, Bui Danh Dai",Construction and Building Materials,2011,10.1016/j.conbuildmat.2010.11.046,Rice Husk Ash (RHA),NULL,TEXT,"""Rice husk ash (RHA), an agricultural waste, is classified as 'a highly active pozzolan'...""",Rice husk from Vietnam,NULL,TEXT,"""Rice husk, from Vietnam, was burnt in a drum incinerator...""","Burnt in a drum incinerator under uncontrolled combustion conditions, followed by grinding in a vibrating ball mill or planetary ball mill.",NULL,TEXT,"""Rice husk, from Vietnam, was burnt in a drum incinerator developed by Pakistan Council of Scientific & Industrial Research 15 under uncontrolled combustion conditions. Details of the oven and rice husk combustion process were described elsewhere [6]. The obtained ash was ground in a vibrating ball mill for 90 min.""","Vibrating ball mill grinding time: 30 min (for 9 µm), 60 min (for 6.3 µm), 90 min (for 5.6 µm); Planetary ball mill grinding time: 3 h (for 3.6 µm).",NULL,TEXT,"""The obtained ash was ground in a vibrating ball mill for 90 min."" / ""...the mean size of RHA from 1-2 mm can be reduced to 9 µm only with 30 min ground by vibrating ball mill. These mean sizes of 6.3, 5.6 µm can be achieved with grinding times of 60 and 90 min, respectively."" / ""In this study, the mean particle size of RHA of 3.6 µm can be achieved by grinding in planetary ball mill after 3 h.""",Mechanical activation,NULL,TEXT,"""The obtained ash was ground in a vibrating ball mill for 90 min.""",NULL,NULL,TEXT,NULL,NULL,NULL,TEXT,NULL,NULL,NULL,TEXT,NULL,NULL,NULL,TEXT,NULL,Ball milling (vibrating ball mill / planetary ball mill),NULL,TEXT,"""The obtained ash was ground in a vibrating ball mill for 90 min."" / ""...grinding in planetary ball mill after 3 h.""",30; 60; 90; 180,min,TEXT,"""...with 30 min ground by vibrating ball mill. These mean sizes of 6.3, 5.6 µm can be achieved with grinding times of 60 and 90 min, respectively."" / ""...grinding in planetary ball mill after 3 h.""",NULL,NULL,TEXT,NULL,NULL,NULL,TEXT,NULL,"0.18 (also studied 0.15, 0.20, 0.23)",NULL,TEXT,"""Secondly, water to binder (w/b) ratio of UHPC was fixed at 0.18."" / ""0.15-0.18-0.20-0.23""",Particle size distribution shown in Fig. 1,NULL,GRAPH/FIGURE,"""The particle size distribution of these materials is shown in Fig. 1.""",NULL,NULL,TEXT,NULL,NULL,NULL,TEXT,NULL,NULL,NULL,TEXT,NULL,3.6; 5.6; 6.3; 9.0 (General range reported as 5 to 10),µm,TEXT,"""The ash contains... and its mean particle size (dRHAmean) is 5.6 µm."" / ""Other three different mean particle sizes of RHA, i.e., 9, 6.3 and 3.6 µm was used..."" / ""The average particle size of RHA ranges in general from 5 µm to 10 µm...""",>250,m2/g,TEXT,"""The average particle size of RHA ranges in general from 5 µm to 10 µm with a very high specific surface area (even more than 250 m2/g [6]).""",NULL,NULL,TEXT,NULL,NULL,NULL,TEXT,NULL,NULL,NULL,TEXT,NULL,NULL,NULL,TEXT,NULL,NULL,NULL,TEXT,NULL,87.96 (General range reported as 90-96),%,TEXT,"""The ash contains 87.96% amorphous SiO2..."" / ""When completely incinerating the husk in controlled conditions, the residue, RHA, contains 90-96% silica in amorphous form.""",NULL,NULL,TEXT,NULL,NULL,NULL,TEXT,NULL,NULL,NULL,TEXT,NULL,NULL,NULL,TEXT,NULL,NULL,NULL,TEXT,NULL,NULL,NULL,TEXT,NULL,NULL,NULL,TEXT,NULL,3.81,%,TEXT,"""...3.81% loss on ignition...""",NULL,NULL,TEXT,NULL,Amorphous,NULL,TEXT,"""The ash contains 87.96% amorphous SiO2...""",NULL,NULL,TEXT,NULL,87.96,%,TEXT,"""The ash contains 87.96% amorphous SiO2...""","Classified as ""a highly active pozzolan""",NULL,TEXT,"""Rice husk ash (RHA), an agricultural waste, is classified as 'a highly active pozzolan'...""",NULL,NULL,TEXT,NULL,NULL,NULL,TEXT,NULL,RHA stimulates cement hydration as determined by isothermal calorimetry,NULL,TEXT,"""The previous result [19] shows that the effect of RHA on cement hydration, determined by isothermal calorimetry, is more pronounced than that of SF with the low w/b ratio, especially in the later ages.""",NULL,NULL,TEXT,NULL,0; 5; 10; 15; 20; 30,% by weight,TEXT,"Table 1 lists RHA percentages: 0-10-20, 10-20-30, 20, 5, 15, 10.",10% (in combination with 10% SF for maximum synergic effect); 20% (for RHA binary blend at 28 and 91 days),% by weight,TEXT,"""This blend [10% RHA and 10% SF] proved to be the optimum combination for achieving maximum synergic effect."" / ""The compressive strength of UHPC was obtained highest by using 10% RHA at 3 and 7 days, but by using 20% RHA at 28 and 91 days.""","Binary RHA (5.6 µm, w/b=0.18):
- 10% RHA: 134.5 (3d), 152.0 (7d), 165.0 (28d), 178.0 (91d)
- 20% RHA: 122.0 (3d), 143.0 (7d), 175.0 (28d), 186.0 (91d)
Ternary (10% SF + RHA 5.6 µm, w/b=0.18):
- 10% SF + 0% RHA: 123.0 (3d), 152.0 (7d), 170.0 (28d), 194.0 (91d)
- 10% SF + 10% RHA: 135.5 (3d), 159.5 (7d), 185.5 (28d), 205.5 (91d)
- 10% SF + 20% RHA: 105.0 (3d), 136.0 (7d), 165.0 (28d), 171.5 (91d)
- 10% SF + 30% RHA: 85.5 (3d), 118.5 (7d), 154.0 (28d), 167.0 (91d)
Effect of RHA Fineness (20% RHA, w/b=0.18):
- 3.6 µm: 96.0 (1d), 147.0 (3d), 155.0 (7d), 180.0 (28d), 205.0 (91d)
- 5.6 µm: 81.0 (1d), 122.0 (3d), 143.0 (7d), 175.0 (28d), 186.0 (91d)
- 6.3 µm: 80.0 (1d), 102.0 (3d), 135.0 (7d), 161.0 (28d), 178.0 (91d)
- 9.0 µm: 51.0 (1d), 96.0 (3d), 115.0 (7d), 134.0 (28d), 156.0 (91d)
(Note: Values extracted from Graphs/Figures)",MPa,GRAPH/FIGURE,"Values explicitly plotted and identified in Fig. 5, Fig. 6, Fig. 8, Fig. 9, Fig. 11, and Fig. 12. Marked as GRAPH-DERIVED.",NULL,%,TEXT,NULL,NULL,NULL,TEXT,NULL,NULL,%,TEXT,NULL,NULL,min / h,TEXT,NULL,NULL,min / h,TEXT,NULL,NULL,MPa,TEXT,NULL,NULL,%,TEXT,NULL,NULL,NULL,TEXT,NULL,NULL,%,TEXT,NULL
Production of rice husk ash for use in concrete as a supplementary cementitious material,"M.F.M. Zain, M.N. Islam, F. Mahmud, M. Jamil",Construction and Building Materials,2011,10.1016/j.conbuildmat.2010.07.003,Rice husk ash (RHA),NULL,TEXT,"Rice husk ash (RHA), rich in silica content, can be produced from rice husk using appropriate combustion technique for use in concrete as a supplementary cementitious material.",Rice husk,NULL,TEXT,Production of rice husk ash for use in concrete as a supplementary cementitious material (Title); Rice husk was put into the furnace through opening at the top.,"Three combustion methods (A, B, C) and two grinding methods using a Los Angeles machine",NULL,TEXT,Three combustion methods and two grinding methods were used to investigate physical characteristics and chemical aspects of RHA produced.; Grinding of burnt rice husk was done using a Los Angeles machine.,"Method A: Fire duration 60 min, Air supply duration 90 min, Chilling duration 1 day. Method B: Fire duration 30 min, Air supply duration 60 min, Chilling duration 1 day. Method C: Fire duration 30 min, Air supply duration 60 min, Chilling duration 2 days. Grinding: ~5.0 kg of ash per grinding.","min, day, kg",TABLE / TEXT,"Table 1: Comparison of rice husk combustion methods A, B, and C.; About 5.0 kg of ash was placed into the Los Angeles machine for each grinding.",NULL,NULL,NULL,NULL,NULL,NULL,NULL,NULL,NULL,NULL,NULL,NULL,NULL,°C,NULL,NULL,NULL,NULL,NULL,NULL,NULL,NULL,NULL,NULL,NULL,minute,NULL,NULL,NULL,NULL,NULL,NULL,NULL,NULL,NULL,NULL,NULL,NULL,NULL,NULL,NULL,NULL,NULL,NULL,NULL,?m,NULL,NULL,NULL,?m,NULL,NULL,NULL,?m,NULL,NULL,"49.00 (15 min grinding), 40.97 (60 min grinding), 16.63 (120 min grinding)",?m,TEXT,"After grinding for 15, 60 and 120 min, the mean diameter of rice husk ash was 49.00 ?m (Fig. 8a), 40.97 ?m (Fig. 8b) and 16.63 ?m (Fig. 8c), respectively.",NULL,NULL,NULL,NULL,NULL,NULL,NULL,NULL,NULL,NULL,NULL,NULL,NULL,NULL,NULL,NULL,NULL,NULL,NULL,NULL,NULL,NULL,NULL,NULL,"79.84 (Method A), 80.72 (Method B), 86.49 (Method C)",%,TABLE,Table 3: Comparison of chemical content in percent of RHA produced using different methods.,"1.16 (Method A), 1.10 (Method B), 0.56 (Method C)",%,TABLE,Table 3: Comparison of chemical content in percent of RHA produced using different methods.,"0.14 (Method A), 0.08 (Method B), 0.01 (Method C)",%,TABLE,Table 3: Comparison of chemical content in percent of RHA produced using different methods.,"0.55 (Method A), 0.55 (Method B), 0.91 (Method C)",%,TABLE,Table 3: Comparison of chemical content in percent of RHA produced using different methods.,"0.19 (Method A), 0.18 (Method B), 0.13 (Method C)",%,TABLE,Table 3: Comparison of chemical content in percent of RHA produced using different methods.,"0.01 (Method A), 0.04 (Method B), 0.00 (Method C)",%,TABLE,Table 3: Comparison of chemical content in percent of RHA produced using different methods.,"0.08 (Method A), 0.00 (Method B), 0.05 (Method C)",%,TABLE,Table 3: Comparison of chemical content in percent of RHA produced using different methods.,"2.90 (Method A), 3.14 (Method B), 2.70 (Method C)",%,TABLE,Table 3: Comparison of chemical content in percent of RHA produced using different methods.,"14.26 (Method A), 13.22 (Method B), 8.45 (Method C)",%,TABLE,Table 3: Comparison of chemical content in percent of RHA produced using different methods.,"P2O5: 0.80 (A), 0.90 (B), 0.69 (C); TiO2: 0.06 (A), 0.07 (B), 0.07 (C); MnO: 0.07 (A), NULL (B), NULL (C)",%,TABLE,Table 3: Comparison of chemical content in percent of RHA produced using different methods.,Amorphous silica,NULL,TEXT,"Fig. 9 shows that all methods of combustion (A, B, and C) produced amorphous silica.",NULL,NULL,NULL,NULL,NULL,NULL,NULL,NULL,NULL,NULL,NULL,NULL,NULL,NULL,NULL,NULL,NULL,NULL,NULL,NULL,NULL,NULL,NULL,NULL,NULL,NULL,NULL,NULL,NULL,NULL,NULL,NULL,NULL,NULL,NULL,NULL,NULL,MPa,NULL,NULL,NULL,%,NULL,NULL,NULL,NULL,NULL,NULL,NULL,%,NULL,NULL,NULL,NULL,NULL,NULL,NULL,NULL,NULL,NULL,NULL,MPa,NULL,NULL,NULL,%,NULL,NULL,NULL,NULL,NULL,NULL,NULL,%,NULL,NULL
Concrete incorporating rice-husk ash without processing,"R. Zerbino, G. Giaccio, G.C. Isaia",Construction and Building Materials,2011,10.1016/j.conbuildmat.2010.06.016,"Natural RHA (NRHA), Grinded RHA (GRHA), Residual RHA",-,TEXT,The residual RHA was used both in natural conditions and after optimizing by grinding.,Rice husk / Open field burning residual RHA,-,TEXT,"A residual RHA obtained from open filed burning, at the Rio Grande do Sul State of Brazil, was used...",Open field burning (for raw ash production); Drying and homogenizing for NRHA; Laboratory ball mill grinding for GRHA,-,TEXT,"A residual RHA obtained from open filed burning... Natural RHA (NRHA): the ash was only dried, homogenised, and packed... Grinded RHA (GRHA): after drying and homogenization process the RHA was ground in a laboratory ball mill by one hour...",Ball mill grinding for 1 hour (for GRHA),hours,TEXT,...the RHA was ground in a laboratory ball mill by one hour for optimization.,Mechanical activation (ball mill grinding for GRHA; mixing together with coarse aggregates for NRHA),-,TEXT,...the RHA was ground in a laboratory ball mill by one hour for optimization... An adequate RHA particle size can be obtained mixing RHA together with the coarse aggregates during a convenient period of time.,1 hour in laboratory ball mill (GRHA) / 2 to 8 minutes mixing with coarse aggregates (NRHA),-,TEXT,...ground in a laboratory ball mill by one hour... 2 min (coarse aggregates + NRHA)... mixing time between NRHA and coarse aggregates was extended to 8 min...,NULL,-,TEXT,NULL,NULL,-,TEXT,NULL,NULL,-,TEXT,NULL,Laboratory ball mill grinding (GRHA) / Aggregate-interparticle grinding during mixing (NRHA),-,TEXT,"...ground in a laboratory ball mill by one hour... As the burnt particles of the NRHA are weak, then they can be grinded when they are mixed with coarse aggregates.",1 hour (GRHA),hours,TEXT,...ground in a laboratory ball mill by one hour...,NULL,-,TEXT,NULL,NULL,-,TEXT,NULL,"0.45, 0.55, 0.65 (Preliminary series); 0.55 (Main program)",-,TEXT,"Three series of concretes with water/(cement + RHA) ratios equal to 0.45, 0.55 and 0.65 were done... In all mixtures w/(c + RHA) remained constant and equal to 0.55...","Passing #50: 47% (NRHA Original), 81% (NRHA after 10 min mixing), 100% (GRHA); Passing #100: 23% (NRHA Original), 39% (NRHA after 10 min mixing), 100% (GRHA); Passing #200: 18% (NRHA Original), 15% (NRHA after 10 min mixing), 95% (GRHA)",%,TABLE,"Table 1: Fineness Pass (%) #50 (47, 81, 100), #100 (23, 39, 100), #200 (18, 15, 95)",NULL,-,TEXT,NULL,NULL,-,TEXT,NULL,NULL,-,TEXT,NULL,Main size ranged between 4 and 6 ?m (up to 100 ?m) for GRHA,?m,TEXT,"Fig. 2.b shows the GRHA, the main size ranged between 4 and 6 ?m, but few particles can reach up to 100 ?m",NULL,-,TEXT,NULL,NULL,-,TEXT,NULL,NULL,-,TEXT,NULL,NULL,-,TEXT,NULL,,,,,NULL,-,TEXT,NULL,95.04 (NRHA); 94.84 (GRHA),%,TABLE,"Table 1: SiO2 NRHA (95,04), GRHA (94.84)",1.25 (NRHA); 1.32 (GRHA),%,TABLE,"Table 1: CaO NRHA (1.25), GRHA (1.32)",0.30 (NRHA); 0.39 (GRHA),%,TABLE,"Table 1: Al2O3 NRHA (0.30), GRHA (0.39)",0.44 (NRHA); 0.54 (GRHA),%,TABLE,"Table 1: Fe2O3 NRHA (0.44), GRHA (0.54)",0.45 (NRHA); 0.40 (GRHA),%,TABLE,"Table 1: MgO NRHA (0.45), GRHA (0.40)",0.01 (NRHA); 0.01 (GRHA),%,TABLE,"Table 1: SO3 NRHA (0.01), GRHA (0.01)",0.09 (NRHA); 0.11 (GRHA),%,TABLE,"Table 1: Na2O NRHA (0,09), GRHA (0.11)",1.40 (NRHA); 1.45 (GRHA),%,TABLE,"Table 1: K2O NRHA (1.40), GRHA (1.45)",0.51 (NRHA); 0.25 (GRHA),%,TABLE,"Table 1: Loss on ignition NRHA (0.51), GRHA (0.25)",NULL,-,TEXT,NULL,"Vitreous material, Cristobalite",-,TEXT,From X-ray diffraction analysis of GRHA it was found significant amount of vitreous material... and a small peak at 4.05 Å that can be attributed to cristobalite formation.,Cristobalite,-,TEXT,...small peak at 4.05 Å that can be attributed to cristobalite formation.,Significant amount of vitreous material,-,TEXT,"...it was found significant amount of vitreous material, 2? angles between 15° and 30°...",Important pozzolanic capacity (GRHA) / Pozzolanic contribution observed,-,TEXT,...indicating an important pozzolanic capacity... showing the pozzolanic contribution of the ashes.,NULL,-,TEXT,NULL,NULL,-,TEXT,NULL,NULL,-,TEXT,NULL,NULL,-,TEXT,NULL,"15, 25",%,TEXT / TABLE,...replacing 15 and 25% of NRHA and GRHA in cement weight...,15,%,TEXT,...a maximum content of 15% of NRHA as replacement of cement weight was adopted for the main study.,"Preliminary Series (w/b 0.45, 0.55, 0.65 at 7, 28, 90, 365 d):
GRAPH-DERIVED

Main Program (28-day, 100 L batches, w/b 0.55):
G15: 33.3
N15: 30.3",MPa,MULTIPLE SOURCES,"Table 3: ""fc (MPa) Main program: G15 (33.3), N15 (30.3)"" and Fig. 3.","Residual after 500 °C (% of 28-d control/reference):
G15: 102
N15: 87

Residual after 700 °C:
G15: 46
N15: 40",%,TABLE,"Table 6: ""Results expressed as percentage of tests performed at 28 days: Compressive strength (%) 500 °C: G15 (102), N15 (87); 700 °C: G15 (46), N15 (40)""",NULL,-,TEXT,NULL,NULL,-,TEXT,NULL,NULL,-,TEXT,NULL,NULL,-,TEXT,NULL,"Matrix Modulus of Rupture (MMR):
21-day: G (7.3), N (6.4)
110-day: G (8.4), N (7.4)

Interfaces Modulus of Rupture (IMR):
21-day: G (2.8), N (2.6)
110-day: G (3.4), N (3.1)",MPa,TABLE,Table 5: Matrix Modulus of Rupture MMR (MPa) and Interfaces Modulus of Rupture IMR (MPa) for Mortars G and N.,NULL,-,TEXT,NULL,~350 to 400 (at 500 days),?m/m (10??),GRAPH/FIGURE,Fig. 11 (GRAPH-DERIVED): Free shrinkage strains for G15 and N15 are around 350-400 x 10?? at 500 days.,NULL,-,TEXT,NULL
Strength of Mortar and Concrete as Influenced by Rice Husk Ash: A Review,"M.R. Karim, M.F.M. Zain, M. Jamil, F.C. Lai, M.N. Islam",World Applied Sciences Journal,2012,10.5829/idosi.wasj.2012.19.10.533,Rice husk ash (RHA),-,TEXT,"Due to the pozzolanic reactivity, rice husk ash (RHA) is used as supplementary cementing material in mortar and concrete...",Rice husk,-,TEXT,"...RHA, an available waste material in the developing countries, is a by-product material obtained from the combustion of rice husk.",Combustion / Burning / Incineration,-,TEXT,"...RHA, an available waste material in the developing countries, is a by-product material obtained from the combustion of rice husk.",burning temperature < 700°C,°C,TEXT,"When rice husk is burnt at temperatures lower than 700°C, it shows a cellular microstructure which is highly reactive...",NULL,NULL,NULL,NULL,NULL,NULL,NULL,NULL,NULL,NULL,NULL,NULL,NULL,NULL,NULL,NULL,NULL,NULL,NULL,NULL,NULL,NULL,NULL,NULL,NULL,NULL,NULL,NULL,NULL,NULL,NULL,NULL,NULL,NULL,NULL,NULL,NULL,NULL,NULL,NULL,NULL,NULL,NULL,NULL,NULL,NULL,NULL,NULL,NULL,NULL,NULL,NULL,NULL,NULL,NULL,NULL,5 to 10,µm,TEXT,"As shown in Table 1, the particle size of RHA ranges from 5 to 10 µm...",20 to 50,m²/kg,TEXT,...and the specific surface area varied from 20 to 50 m²/kg...,28800,m²/kg,TABLE,28800(m²/kg) nitrogen absorption,4750; 5750; 11200,cm²/g,TABLE,4750(cm²/gm); 5750(cm²/gm) and 11200 (cm²/gm),NULL,NULL,NULL,NULL,2.0 to 2.4,-,TEXT,...the specific gravity ranges from 2.0 to 2.4...,NULL,NULL,NULL,NULL,>80,wt. %,TEXT,"It is observed from this table that RHA contains large amount of silica, more than 80%...",0.4 to 3.82,wt. %,TABLE,"Table 1 reports RHA CaO values: 0.9, 0.9, 0.48, 1.30, 0.4, 3.82, 0.55",0.15 to 2.1,wt. %,TABLE,"Table 1 reports RHA Al2O3 values: 2.1, 2.0, 0.22, 0.68, 0.4, 0.41, 0.15",0.1 to 0.93,wt. %,TABLE,"Table 1 reports RHA Fe2O3 values: 0.9, 0.9, 0.28, 0.93, 0.1, 0.25, 0.16",0.1 to 0.35,wt. %,TABLE,"Table 1 reports RHA MgO values: 0.4, 0.4, 0.28, 0.35, 0.1, 0.78, 0.35",0.1 to 0.9,wt. %,TABLE,"Table 1 reports RHA SO3 values: 0.1, 0.1, 0.9, 0.32",0.0 to 3.14,wt. %,TABLE,"Table 1 reports RHA Na2O values: 2.0, 0.0, 3.14, 2.37, 0.1, 1.45, 1.12",0.0 to 3.6,wt. %,TABLE,"Table 1 reports RHA K2O values: 0.0, 2.6, 1.02, 1.3, 0.67, 3.6",0.9 to 8.65,wt. %,TABLE,"Table 1 reports RHA LOI values: 0.9, 0.9, 2.10, 3.7, 8.65, 6.55",NULL,NULL,NULL,NULL,NULL,NULL,NULL,NULL,Non-crystalline silica / Amorphous silica,-,TEXT,It consists of non-crystalline silicon dioxide (SiO2)...,85% to 95%,wt. %,TEXT,Approximately 85% to 95% by weight of amorphous silica can be originated by the production of rice husk ash,High,-,TEXT,RHA is a highly pozzolanic material; it contains non-crystalline silica and high specific surface area that are accountable for its high pozzolanic reactivity.,NULL,NULL,NULL,NULL,NULL,NULL,NULL,NULL,NULL,NULL,NULL,NULL,Jander diffusion equation kinetic parameter,-,TEXT,The pozzolanic reaction can be satisfactorily described by the Jander diffusion equation that is based on Fick's parabolic law of diffusion,20–30%,%,TEXT,...RHA could be used as supplementary cementing material up to a certain level of replacement (about 20-30% of binder)...,20–30%,%,TEXT,...RHA could be used as supplementary cementing material up to a certain level of replacement (about 20-30% of binder) without sacrificing strength of concrete.,NULL,NULL,NULL,NULL,NULL,NULL,NULL,NULL,NULL,NULL,NULL,NULL,NULL,NULL,NULL,NULL,NULL,NULL,NULL,NULL,NULL,NULL,NULL,NULL,NULL,NULL,NULL,NULL,NULL,NULL,NULL,NULL,NULL,NULL,NULL,NULL,NULL,NULL,NULL,NULL
Reduction in environmental problems using rice-husk ash in concrete,"Rawaid Khan, Abdul Jabbar, Irshad Ahmad, Wajid Khan, Akhtar Naeem Khan, Jahangir Mirza",Construction and Building Materials,2012,10.1016/j.conbuildmat.2011.11.028,Rice-husk ash (RHA),NULL,TEXT,The present study used rice-husk ash (RHA) as a partial replacement of cement in concrete.,Rice-husk,NULL,TEXT,"Rice-husk from the Province of Punjab, Pakistan, was selected to evaluate its suitability as ash for OPC replacement in concrete.","Thermal treatment (controlled burning/incineration) followed by cooling, rod mill grinding, and sieving",NULL,TEXT,Rice-husk was burnt in a controlled atmosphere at 800 °C in the laboratory... It was ground through rod mill and sieved through 200 or 325 µm mesh.,Burning temperature: 800 °C; Yield: 22%; Cooling method: Rapid cooling (21±1 °C in trays) or Slow cooling (left in incinerator); Sieve mesh size: 200 or 325 µm,NULL,TEXT,"Rice-husk was burnt in a controlled atmosphere at 800 °C in the laboratory... Rapid cooling was carried out by spreading the ash in trays at the laboratory ambient temperatures of 21±1 °C... Slow cooling, on the other hand, was carried out by leaving the ash, as is, in the incinerator... Only 22% of the ash was obtained... sieved through 200 or 325 µm mesh.",Thermal treatment; Mechanical activation (grinding),NULL,TEXT,Rice-husk was burnt in a controlled atmosphere at 800 °C in the laboratory... It was ground through rod mill...,Temperature: 800 °C; Grinding apparatus: Rod mill,NULL,TEXT,...burnt in a controlled atmosphere at 800 °C in the laboratory... ground through rod mill...,NULL,NULL,TEXT,NULL,800,°C,TEXT,Rice-husk was burnt in a controlled atmosphere at 800 °C in the laboratory.,NULL,NULL,TEXT,NULL,Rod mill grinding,NULL,TEXT,It was ground through rod mill and sieved through 200 or 325 µm mesh.,NULL,NULL,TEXT,NULL,NULL,NULL,TEXT,NULL,Rapid cooling at 21±1 °C or slow cooling in incinerator,NULL,TEXT,"Rapid cooling was carried out by spreading the ash in trays at the laboratory ambient temperatures of 21±1 °C after achieving the required temperature of 800 °C. Slow cooling, on the other hand, was carried out by leaving the ash, as is, in the incinerator...",0.70; 0.77; 0.87; 0.95; 0.7,NULL,TABLE,"Table 2 reports W/B of 0.70, 0.77, 0.87, 0.95. Table 3 reports W/B of 0.7.",NULL,NULL,TEXT,NULL,NULL,NULL,TEXT,NULL,NULL,NULL,TEXT,NULL,NULL,NULL,TEXT,NULL,NULL,NULL,TEXT,NULL,NULL,NULL,TEXT,NULL,NULL,NULL,TEXT,NULL,NULL,NULL,TEXT,NULL,NULL,NULL,TEXT,NULL,2.1,NULL,TABLE,"Table 1 lists ""Specific gravity"" for Rapid cooled RHA as ""2.1"" and Slow cooled RHA as ""2.1"".",NULL,NULL,TEXT,NULL,Rapid cooled: 84.00; Slow cooled: 89.50,%,TABLE,Table 1 reports SiO2 content as 84.00% for Rapid cooled RHA and 89.50% for Slow cooled RHA.,Rapid cooled: 0.60; Slow cooled: 0.30,%,TABLE,Table 1 reports CaO content as 0.60% for Rapid cooled RHA and 0.30% for Slow cooled RHA.,Rapid cooled: 1.39; Slow cooled: 0.40,%,TABLE,Table 1 reports Al2O3 content as 1.39% for Rapid cooled RHA and 0.40% for Slow cooled RHA.,Rapid cooled: 2.01; Slow cooled: 2.86,%,TABLE,Table 1 reports Fe2O3 content as 2.01% for Rapid cooled RHA and 2.86% for Slow cooled RHA.,Rapid cooled: 0.85; Slow cooled: 0.25,%,TABLE,Table 1 reports MgO content as 0.85% for Rapid cooled RHA and 0.25% for Slow cooled RHA.,NULL,NULL,TABLE,Table 1 leaves the SO2 column blank for both RHA samples.,NULL,NULL,TEXT,NULL,NULL,NULL,TEXT,NULL,Rapid cooled: 5.85; Slow cooled: 4.0,%,TABLE,Table 1 reports LOI content as 5.85% for Rapid cooled RHA and 4.0% for Slow cooled RHA.,NULL,NULL,TEXT,NULL,Amorphous hump; Crystalline SiO2 (major peak at 26.64° 2-theta),NULL,TEXT,"Fig. 1 displayed the XRD pattern of rapid cooled RHA sample. It showed a hump, representing it as amorphous, as well as peaks of SiO2, showing that it is crystalline also... The major reflection or peak of crystalline SiO2 occurs at Bragg 2-theta angle of 26.64.","Amorphous silica, Crystalline silica (SiO2)",NULL,TEXT,It indicated that the RHA was both in amorphous and crystalline form.,NULL,NULL,TEXT,NULL,Slow cooled RHA: 2.34; Rapid cooled RHA: 2.90,m mol/g,TEXT,It was observed that the reactivity value of slow cooled ash sample was 2.34 m mol/g whereas it was 2.90 m mol/g for rapid cooled ash.,NULL,NULL,TEXT,NULL,NULL,NULL,TEXT,NULL,Low heat of hydration,NULL,TEXT,This may be attributed to its low heat of hydration and slow rate of reaction.,Neutralisation of NaOH,m mol/g,TEXT,These values indicated number of moles of NaOH reacted by one gram of RHA.,"25, 40, 50 (without SP); 25, 40 (with SP); 25, 30, 40 (beams/mortars)",%,MULTIPLE SOURCES,"Cement for concrete cylinder specimens without SP, was replaced by rapid cooled RHA at proportions of 25%, 40% and 50%...
""The concrete specimens containing SP... incorporating 25% and 40% of RHA...""
""Flexural strength test was carried out... containing 0%, 25%, 30% and 40% of RHA...""",25,%,TEXT,"Concrete and mortars containing 25% RHA as a replacement of cement, exhibited same or better results compared to conventional concrete.
""The concrete mixture containing 25% RHA as a replacement of OPC, showed almost the same strength as the control concrete mixture...""","Concrete without SP (3-d, 7-d, 14-d, 28-d):
0% RHA: 13.40, 16.08, 21.34 MPa (7-d, 14-d, 28-d);
25% RHA: 5.97, 8.31, 10.86, 15.38 MPa;
40% RHA: 4.28, 6.57, 8.52, 11.46 MPa;
50% RHA: 4.68, 3.06, 6.72, 8.92 MPa.

Concrete with SP (7-d, 14-d, 28-d):
0% RHA: 13.40, 16.08, 21.34 MPa;
25% RHA: 12.27, 15.28, 21.10 MPa;
40% RHA: 9.79, 12.06, 17.10 MPa.

Mortar after 70-d immersion in Sulphate solution:
0% RHA: ~42 MPa; 25% RHA: ~47 MPa; 30% RHA: ~45 MPa; 40% RHA: ~41 MPa (GRAPH-DERIVED).

Mortar after 70-d immersion in Chloride solution:
0% RHA: ~20 MPa; 25% RHA: ~21.5 MPa; 30% RHA: ~20.5 MPa; 40% RHA: ~19 MPa (GRAPH-DERIVED).",MPa,MULTIPLE SOURCES,"Table 2, Table 3, and Fig. 8","Without SP (3-d, 7-d, 14-d, 28-d):
100/0: 100%, 100%, 100%, 100%;
75/25: ~67%, ~62%, ~68%, ~72%;
60/40: ~48%, ~49%, ~53%, ~54%;
50/50: ~34%, ~35%, ~42%, ~42% (GRAPH-DERIVED).

With SP (7-d, 14-d, 28-d):
100/0: 100%, 100%, 100%;
75/25: ~93%, ~95%, ~99%;
60/40: ~73%, ~75%, ~80% (GRAPH-DERIVED).",%,GRAPH/FIGURE,"Fig. 4 (""Compressive strength of RHAC concrete, without SP... as a percentage of OPC concrete"") and Fig. 5 (""Compressive strength of RHAC concrete, with SP... as a percentage of OPC concrete"")",NULL,NULL,TEXT,NULL,NULL,NULL,TEXT,NULL,NULL,NULL,TEXT,NULL,NULL,NULL,TEXT,NULL,"Load at failure (kN):
0% RHA: 54 kN (text) / ~54 kN (graph);
25% RHA: 51 kN (text) / ~51 kN (graph);
30% RHA: ~47 kN;
40% RHA: ~32 kN (GRAPH-DERIVED).",kN,MULTIPLE SOURCES,Text section 3.5 and Fig. 7,NULL,NULL,TEXT,NULL,NULL,NULL,TEXT,NULL,NULL,NULL,TEXT,NULL
Effect of Rice Husk Ash (RHA) as Partial Replacement of Cement on Concrete Properties,C.Marthong,International Journal of Engineering Research & Technology (IJERT),2012,NULL,Rice Husk Ash (RHA),NULL,TEXT,"""Rice husk ash (RHA) which has the pozzolanic properties is a way forward.""",Rice husk,NULL,TEXT,"""The rice husk collected from local mill in Meghalaya, India was burnt in a furnace to produce RHA.""",Furnace burning and grinding,NULL,TEXT,"""The rice husk collected from local mill in Meghalaya, India was burnt in a furnace to produce RHA. After burning it was cooled inside the furnace for about 24 hours. The burnt ashes were taken out for grinding using a Los Angeles machine.""",Cooled inside furnace for about 24 hours; Grinding using a Los Angeles machine,NULL,TEXT,"""After burning it was cooled inside the furnace for about 24 hours. The burnt ashes were taken out for grinding using a Los Angeles machine.""",NULL,NULL,NULL,NULL,NULL,NULL,NULL,NULL,NULL,NULL,NULL,NULL,NULL,NULL,NULL,NULL,NULL,NULL,NULL,NULL,NULL,NULL,NULL,NULL,NULL,NULL,NULL,NULL,NULL,NULL,NULL,NULL,NULL,NULL,NULL,NULL,0.38,NULL,TEXT,"""The mix was designed for target cube strength of 30 MPa at 28 days with water-cement ratio of 0.38.""",5% residue on 90 micron sieve size,%,TEXT,"""Fineness of RHA is found to be 5%.""",NULL,NULL,NULL,NULL,NULL,NULL,NULL,NULL,NULL,NULL,NULL,NULL,NULL,NULL,NULL,NULL,NULL,NULL,NULL,NULL,NULL,NULL,NULL,NULL,NULL,NULL,NULL,NULL,NULL,NULL,NULL,NULL,2.53,NULL,TABLE,"""Specific gravity... SDA % by weight... 2.53""",NULL,NULL,NULL,NULL,75.0,%,TABLE,"""SiO2... SDA % by weight... 75.0""",3.3,%,TABLE,"""CaO... SDA % by weight... 3.3""",1.29,%,TABLE,"""AL2O3... SDA % by weight... 1.29""",0.78,%,TABLE,"""Fe2O3... SDA % by weight... 0.78""",0.22,%,TABLE,"""MgO... SDA % by weight... 0.22""",NULL,NULL,NULL,NULL,0.4,%,TABLE,"""Na2O... SDA % by weight... 0.4""",1.50,%,TABLE,"""K2O... SDA % by weight... 1.50""",3.67,%,TABLE,"""Loss on ignition (g/cm3)... SDA % by weight... 3.67""",Moisture contents: 2.15 %; MnO: 0.2 %; P2O5: 0.59 %; Total SiO2 + Fe2O3 + Al2O3: 77.58 %,%,TABLE,"""Moisture contents (% by weight)... 2.15""; ""MnO... 0.2""; ""P2O5... 0.59""; ""Total SiO2+Fe2O3+AL2O3... 77.58""",NULL,NULL,NULL,NULL,NULL,NULL,NULL,NULL,NULL,NULL,NULL,NULL,NULL,NULL,NULL,NULL,NULL,NULL,NULL,NULL,NULL,NULL,NULL,NULL,NULL,NULL,NULL,NULL,NULL,NULL,NULL,NULL,"0, 10, 20, 30, 40",%,TEXT,"""Percentage replacement of OPC with RHA was 0, 10, 20, 30 and 40% respectively.""","10% (by optimum strength performance); Up to 20% (for potential usage, strength and durability); Up to 10% by volume (in conclusions)",%,TEXT,"""However, the optimum strength of RHA concrete was observed to be 10% replacement in all the three grades of OPCs."" / ""The study suggests that up to 20% replacement of OPC with RHA has the potential to be used as partial cement replacement, having good compressive strength performance and durability."" / ""However, study suggested the use of RHA as partial replacement of cement up to a maximum of 10% by volume in all grades of cement.""","33 Grade OPC - 7 Days: 27 (0%), 18 (10%), 14 (20%), 11 (30%), 9 (40%); 28 Days: 38.8 (0%), 32 (10%), 24 (20%), 20 (30%), 17 (40%); 56 Days: 42 (0%), 36 (10%), 30 (20%), 25 (30%), 22 (40%); 90 Days: 44 (0%), 39 (10%), 33 (20%), 29 (30%), 26 (40%);
43 Grade OPC - 7 Days: 29 (0%), 20 (10%), 16 (20%), 14 (30%), 13 (40%); 28 Days: 41 (0%), 34 (10%), 29 (20%), 25 (30%), 23 (40%); 56 Days: 45 (0%), 39 (10%), 34.5 (20%), 31 (30%), 28 (40%); 90 Days: 47 (0%), 42.5 (10%), 38 (20%), 35 (30%), 32 (40%);
53 Grade OPC - 7 Days: 27 (0%), 20 (10%), 16 (20%), 14 (30%), 11 (40%); 28 Days: 39 (0%), 34 (10%), 29 (20%), 25 (30%), 20 (40%); 56 Days: 43 (0%), 39 (10%), 35 (20%), 31 (30%), 26 (40%); 90 Days: 45 (0%), 41.5 (10%), 38 (20%), 33 (30%), 29 (40%)",MPa,GRAPH/FIGURE,"Values derived from Fig. 5 (Variation of compressive strength of 33 grade OPC), Fig. 6 (Variation of compressive strength of 43 grade OPC), and Fig. 7 (Variation of compressive strength of 53 grade OPC).",28 Days (43 & 53 grades): ~60%; 28 Days (33 grade): ~50%; 90 Days (43 & 53 grades): ~75%; 90 Days (33 grade): ~55%,%,TEXT,"""Comparison on the attaining of strength at 28 days it was observed RHA with 43 and 53 grades OPC attained about 60% of strength as compared to normal concrete, while RHA with 33 grades OPC could attain only 50% of its strength."" / ""In long term strength gain (at 90 days), RHA 43 and 53 grades OPC attained about 75% strength as compared to concrete with 0% RHA replacement, while RHA 33 grades OPC the strength gain was about 55% only.""",NULL,NULL,NULL,NULL,NULL,NULL,NULL,NULL,"33 Grade OPC: 90 min (0% RHA), 170 min (10% RHA), 190 min (20% RHA), 220 min (30% RHA), 250 min (40% RHA);
43 Grade OPC: 80 min (0% RHA), 140 min (10% RHA), 160 min (20% RHA), 180 min (30% RHA), 220 min (40% RHA);
53 Grade OPC: 70 min (0% RHA), 130 min (10% RHA), 150 min (20% RHA), 165 min (30% RHA), 185 min (40% RHA)",Minutes,GRAPH/FIGURE,Graph-derived values from Fig. 2 (Variation of setting times with RHA content).,"33 Grade OPC: 260 min (0% RHA), 365 min (10% RHA), 400 min (20% RHA), 460 min (30% RHA), 530 min (40% RHA);
43 Grade OPC: 240 min (0% RHA), 350 min (10% RHA), 370 min (20% RHA), 430 min (30% RHA), 480 min (40% RHA);
53 Grade OPC: 230 min (0% RHA), 330 min (10% RHA), 350 min (20% RHA), 395 min (30% RHA), 440 min (40% RHA)",Minutes,GRAPH/FIGURE,Graph-derived values from Fig. 2 (Variation of setting times with RHA content).,NULL,NULL,NULL,NULL,NULL,NULL,NULL,NULL,The shrinkage of specimens with 40% RHA content measured at the age of 90 days found to be same as that of pure concrete at each proportion.,NULL,TEXT,"""However, in the present study it has been observed that the shrinkage of specimens with 40% RHA content measured at the age of 90 days found to be same as that of pure concrete at each proportion.""",Same as pure concrete (100% of control),%,TEXT,"""Hence, it may be concluded that influence of RHA on shrinkage is negligible."" / ""Shrinkage of RHA concrete is similar to the pure cement concrete in all grades of OPC."""
Utilization Of Rice Husk Ash,"S. D. Nagrale, Dr. Hemant Hajare, Pankaj R. Modak",International Journal of Engineering Research and Applications (IJERA),2012,NULL,Rice Husk Ash (RHA),-,TEXT,RHA can be used as a replacement for concrete (15 to 25%).,Rice Husk,-,TEXT,Rice milling generates a by product know as husk.,Combustion and Grinding,-,TEXT,• Combustion ... • Grinding,Combustion temperature < 700 °C,°C,TEXT,...the burning of the husk must be carefully controlled to keep the temperature below 700°C...,Mechanical Activation (Grinding),-,TEXT,"The second step in processing is grinding the RHA to a fine powder, and ball or hammer mills are usually used for this purpose.",NULL,-,TEXT,NULL,NULL,-,TEXT,NULL,NULL,-,TEXT,NULL,NULL,-,TEXT,NULL,Ball or hammer mills grinding,-,TEXT,...and ball or hammer mills are usually used for this purpose.,NULL,-,TEXT,NULL,NULL,-,TEXT,NULL,NULL,-,TEXT,NULL,"0.45, 0.50, 0.60",-,TABLE,"""0.45"", ""0.50"", ""0.60"" under column ""W/C""",NULL,-,TEXT,NULL,NULL,-,TEXT,NULL,NULL,-,TEXT,NULL,NULL,-,TEXT,NULL,63.8,µm,TEXT,The average particle size and Specific gravity of RHA are 63.8 µm and 2.11 respectively.,NULL,-,TEXT,NULL,NULL,-,TEXT,NULL,NULL,-,TEXT,NULL,NULL,-,TEXT,NULL,2.11,-,TEXT,The average particle size and Specific gravity of RHA are 63.8 µm and 2.11 respectively.,NULL,-,TEXT,NULL,62.5-97.6,%,TABLE,SiO2 | 62.5-97.6,0.1-1.31,%,TABLE,CaO | 0.1-1.31,NULL,-,TEXT,NULL,0.54,%,TABLE,Fe2O3 | 0.54,0.01-1.96,%,TABLE,MgO | 0.01-1.96,NULL,-,TEXT,NULL,0.01-1.58,%,TABLE,Na2O | 0.01-1.58,0.1-2.54,%,TABLE,K2O | 0.1-2.54,NULL,-,TEXT,NULL,P2O5: 0.01-2.69; SiO3: 0.1-1.23; Carbon: 2.71-6.42,%,TABLE,"""P205 | 0.01-2.69"", ""SiO3 | 0.1-1.23"", ""Carbon | 2.71-6.42""",NULL,-,TEXT,NULL,Amorphous silica,-,TEXT,At burning temperatures below 700°C an ash rich in amorphous silica is formed which is highly reactive.,85%-90%,%,TEXT,This RHA in turn contains around 85%-90% amorphous silica.,Highly reactive,-,TEXT,...an ash rich in amorphous silica is formed which is highly reactive.,NULL,-,TEXT,NULL,NULL,-,TEXT,NULL,NULL,-,TEXT,NULL,NULL,-,TEXT,NULL,15%,%,TABLE,RC (15%RHA),NULL,-,TEXT,NULL,"7.42 (7d, w/c=0.45); 20.11 (14d, w/c=0.45); 23 (21d, w/c=0.45); 24.5 (28d, w/c=0.45); 7.26 (7d, w/c=0.5); 19.778 (14d, w/c=0.5); 22.5 (21d, w/c=0.5); 23.8 (28d, w/c=0.5); 7.18 (7d, w/c=0.6); 10 (14d, w/c=0.6); 14.05 (21d, w/c=0.6); 18.65 (28d, w/c=0.6)",N/mm²,TABLE,"Values from ""COMPRESSIVE STRENGTH"" table under ""RC (15%RHA)"" for codes C37 to C40, C49 to C52, and C61 to C64",NULL,-,TEXT,NULL,NULL,-,TEXT,NULL,NULL,-,TEXT,NULL,NULL,-,TEXT,NULL,NULL,-,TEXT,NULL,NULL,-,TEXT,NULL,NULL,-,TEXT,NULL,NULL,-,TEXT,NULL,NULL,-,TEXT,NULL
STRUCTURAL PROPERTIES OF RICE HUSK ASH CONCRETE.,"Godwin A. Akeke, Maurice E. Ephraim, Akobo, I.Z.S and Joseph O. Ukpata.",International Journal of Engineering and Applied Sciences,2013,NULL,Rice Husk Ash (RHA),None,TEXT,"""Rice Husk Ash (RHA)...""",Rice Husk,None,TEXT,"""Rice Husk was burnt for approximately 48hrs in an open air and uncontrolled burning process.""",Open air and uncontrolled burning process,None,TEXT,"""Rice Husk was burnt for approximately 48hrs in an open air and uncontrolled burning process.""",Burnt for approximately 48hrs; Temperature in the range of 400-600°C; Sieved through BS standard sieve size 75µm; Grey colour,None,TEXT,"""Rice Husk was burnt for approximately 48hrs in an open air and uncontrolled burning process. The temperature was in the range of 400-600°C. The ash collected was sieved through BS standard sieve size 75µm and its colour was grey.""",NULL,None,TEXT,NULL,NULL,None,TEXT,NULL,NULL,None,TEXT,NULL,NULL,None,TEXT,NULL,NULL,None,TEXT,NULL,NULL,None,TEXT,NULL,NULL,None,TEXT,NULL,NULL,None,TEXT,NULL,NULL,None,TEXT,NULL,,,,,,,,,NULL,None,TEXT,NULL,NULL,None,TEXT,NULL,NULL,None,TEXT,NULL,NULL,None,TEXT,NULL,NULL,None,TEXT,NULL,NULL,None,TEXT,NULL,NULL,None,TEXT,NULL,NULL,None,TEXT,NULL,1.5 - 1.56 (Average: 1.55),None,TEXT,"""These results show that the specific gravity of RHA varies from 1.5 to 1.56 with an average value of 1.55""",20,kg/m³,TEXT,"""The bulk densities of RHA, sand and the coarse aggregate used was found to be 20, 45 and 65kg/m³ respectively.""",,,,,NULL,None,TEXT,NULL,NULL,None,TEXT,NULL,NULL,None,TEXT,NULL,NULL,None,TEXT,NULL,NULL,None,TEXT,NULL,NULL,None,TEXT,NULL,NULL,None,TEXT,NULL,NULL,None,TEXT,NULL,NULL,None,TEXT,NULL,,,,,NULL,None,TEXT,NULL,NULL,None,TEXT,NULL,,,,,NULL,None,TEXT,NULL,NULL,None,TEXT,NULL,NULL,None,TEXT,NULL,NULL,None,TEXT,NULL,10; 20; 25,%,TEXT,"""...replacement percentages of 10, 20, and 25%.""",10,%,TEXT,"""It is good for structural concrete at 10% replacement level.""","10% replacement: 12 (7 days), 14 (14 days), 18 (21 days), 22 (28 days); 20% replacement: 11 (7 days), 13 (14 days), 18 (21 days), 20 (28 days); 25% replacement: 10 (7 days), 12 (14 days), 14 (21 days), 19 (28 days)",N/mm²,TABLE,"""Table 1f. The results of the compressive strength of RHA Concrete.""",NULL,None,TEXT,NULL,NULL,None,TEXT,NULL,NULL,None,TEXT,NULL,NULL,None,TEXT,NULL,NULL,None,TEXT,NULL,10% replacement: 3.0 (28 days); 20% replacement: 2.5 (28 days); 25% replacement: 2.4 (28 days),N/mm²,MULTIPLE SOURCES,"""Table 1h- Flexural Strength Values of RHA Concrete at 1:1/2:3 mix"" and ""while the values obtained at 28days are 3, 2.5 and 2.4N/mm²""",NULL,None,TEXT,NULL,NULL,None,TEXT,NULL,NULL,None,TEXT,NULL
Pozzolanic contribution of rice husk ash in cementitious system,"M. Jamil, A.B.M.A. Kaish, S.N. Raman, M.F.M. Zain",Construction and Building Materials,2013,http://dx.doi.org/10.1016/j.conbuildmat.2013.05.088,Rice husk ash (RHA),NULL,TEXT,Rice husk ash (RHA) is an established supplementary cementitious material (SCM).,Rice husk / Outer shell of rice grain,NULL,TEXT,"The outer shell of rice grain, often called as rice husk, generated from the rice milling industries is a well known agro-industrial by-product in many parts of the world.",Combustion / Incineration and grinding,NULL,TEXT,"On combustion, the cellulose-lignin matrix of RRH burns away and leaves only a porous silica skeleton... After grinding the porous silica skeleton of rice husk a fine powder with high surface area, called rice husk ash (RHA) is produced",High temperature incineration above 900°C (mentioned in context of phase changes),NULL,TEXT,In rice husk incinerated above the temperature of 900°C a substantial amount of highly reactive amorphous silica will be converted into comparatively non-reactive crystalline silica.,NULL,NULL,NULL,NULL,NULL,NULL,NULL,NULL,NULL,NULL,NULL,NULL,NULL,NULL,NULL,NULL,NULL,NULL,NULL,NULL,NULL,NULL,NULL,NULL,NULL,NULL,NULL,NULL,NULL,NULL,NULL,NULL,NULL,NULL,NULL,NULL,NULL,NULL,NULL,NULL,NULL,NULL,NULL,NULL,NULL,NULL,NULL,NULL,NULL,NULL,NULL,NULL,NULL,NULL,NULL,NULL,NULL,NULL,NULL,NULL,NULL,NULL,NULL,NULL,NULL,NULL,NULL,NULL,NULL,NULL,NULL,NULL,NULL,NULL,NULL,NULL,NULL,NULL,NULL,NULL,NULL,NULL,NULL,NULL,NULL,NULL,NULL,NULL,NULL,NULL,NULL,NULL,NULL,NULL,NULL,NULL,NULL,NULL,NULL,NULL,NULL,NULL,NULL,NULL,NULL,NULL,NULL,NULL,NULL,NULL,NULL,NULL,NULL,NULL,NULL,NULL,NULL,NULL,NULL,NULL,"Foreign compounds (Ca+, K+) present in very small percentages",NULL,TEXT,"However, practically there are some amounts of foreign compounds (like Ca+, K+) present in this substance in very small percentages.",Amorphous / Crystalline,NULL,TEXT,Highly reactive RHA is found when it is burnt under controlled conditions. This RHA contains high silica content in the amorphous form of silica up to 95% or even 100%.,Silica (SiO2),NULL,TEXT,"Therefore, RHA contains a large volume of silica [2-4].",Up to 95% or even 100%,%,TEXT,This RHA contains high silica content in the amorphous form of silica up to 95% or even 100%.,Highly reactive,NULL,TEXT,"Due to its high silica content, RHA is considered as a highly reactive pozzolanic material in the production of concrete.",NULL,NULL,NULL,NULL,NULL,NULL,NULL,NULL,NULL,NULL,NULL,NULL,Molar ratio of SiO2 and Ca(OH)2 (S/CH ratio) = 0.54054,NULL,TEXT,"Therefore, according to the chemical Eq. (3) the molar ratio of SiO2 and Ca(OH)2 (S/CH ratio) in this C-S-H gel is 0.54054.","5, 10, 12, 14.298, 15, 20, 25, 30; (for other cement types/impurities: 11.556, 13.0435, 13.95, 14.683, 14.938, 15.638, 16.407, 17.256, 18.197, 19.246)",%,TABLE,"Table 1, Table 2, Table 3",14.3 (for 100% amorphous RHA with ASTM Type-I cement),%,TEXT,This ratio is calculated as approximately 14.3%. / The replacement percentage is determined as approximately 14.3% for ASTM type-I cement with 55% C3S and 19% C2S.,NULL,NULL,NULL,NULL,NULL,NULL,NULL,NULL,NULL,NULL,NULL,NULL,NULL,NULL,NULL,NULL,NULL,NULL,NULL,NULL,NULL,NULL,NULL,NULL,NULL,NULL,NULL,NULL,NULL,NULL,NULL,NULL,NULL,NULL,NULL,NULL,NULL,NULL,NULL,NULL
Experimental Investigations of Performance Characteristics of Rice Husk Ash–Blended Concrete,A. Muthadhi and S. Kothandaraman,Journal of Materials in Civil Engineering,2013,10.1061/(ASCE)MT.1943-5533.0000656,Rice Husk Ash (RHA),NULL,TEXT,"Rice husk ash (RHA), one of the supplementary cementitious materials...",Rice husk,NULL,TEXT,Locally available rice husk was incinerated in an electrical box furnace under controlled conditions for the production of RHA...,Incinerated in an electrical box furnace followed by fine grinding in a ball mill,NULL,TEXT,"Locally available rice husk was incinerated in an electrical box furnace under controlled conditions for the production of RHA (Muthadhi and Kothandaraman 2010). After combustion, the ash was finely ground in a ball mill...",Incineration temperature of 500°C for 120 min,"°C, min",TEXT,A comprehensive study conducted by the authors reveals that 500°C and 120 min was the optimum combination for the production of RHA...,Thermal treatment and mechanical activation (grinding),NULL,TEXT,"...incinerated in an electrical box furnace under controlled conditions... After combustion, the ash was finely ground in a ball mill...","Incineration temperature: 500°C, Duration: 120 min; Finely ground in a ball mill","°C, min",TEXT,"...500°C and 120 min was the optimum combination for the production of RHA... After combustion, the ash was finely ground in a ball mill...",NULL,NULL,TEXT,NULL,500,°C,TEXT,...reveals that 500°C and 120 min was the optimum combination for the production of RHA...,120,min,TEXT,...reveals that 500°C and 120 min was the optimum combination for the production of RHA...,Fine grinding in a ball mill,NULL,TEXT,...the ash was finely ground in a ball mill...,NULL,NULL,TEXT,NULL,NULL,NULL,TEXT,NULL,NULL,NULL,TEXT,NULL,"0.30, 0.33, 0.36, 0.44",NULL,TABLE,"Reported under column ""Water-binder ratio"" in Table 1",NULL,NULL,TEXT,NULL,NULL,NULL,TEXT,NULL,NULL,NULL,TEXT,NULL,NULL,NULL,TEXT,NULL,< 45,µm,TEXT,...until the average particle size was less than 45 µm.,50.1,m²/g,TEXT,Its specific surface area was 50.1 m²/g...,NULL,NULL,TEXT,NULL,NULL,NULL,TEXT,NULL,NULL,NULL,TEXT,NULL,NULL,NULL,TEXT,NULL,NULL,NULL,TEXT,NULL,approximately 90,%,TEXT,This particular RHA consists of approximately 90% silica and other trace elements.,NULL,NULL,TEXT,NULL,NULL,NULL,TEXT,NULL,NULL,NULL,TEXT,NULL,NULL,NULL,TEXT,NULL,NULL,NULL,TEXT,NULL,NULL,NULL,TEXT,NULL,NULL,NULL,TEXT,NULL,2.27,%,TEXT,...and loss on ignition was 2.27%.,Trace elements,NULL,TEXT,This particular RHA consists of approximately 90% silica and other trace elements.,Amorphous,NULL,TEXT,...correlate the strength and durability characteristics of amorphous RHA produced under controlled conditions.,Silica and trace elements,NULL,TEXT,This particular RHA consists of approximately 90% silica and other trace elements.,Amorphous,NULL,TEXT,...correlate the strength and durability characteristics of amorphous RHA produced under controlled conditions.,High / Maximum pozzolanicity,NULL,TEXT,...exhibits high pozzolanic characteristics... production of RHA with maximum pozzolanicity... Rice husk ash proves to be highly reactive pozzolan...,NULL,NULL,TEXT,NULL,NULL,NULL,TEXT,NULL,NULL,NULL,TEXT,NULL,Accelerates hydration process in wet phase by providing nucleation sites,NULL,TEXT,RHA improves compressive strength development in two ways apart from its pozzolanic activity: it accelerates the hydration process in the wet phase by providing more nucleation sites...,"10, 15, 20, 30",%,TEXT,"RHA was added as partial replacement of ordinary portland cement from 10 to 30%. / RHA has been added in partial replacement of cement by 10, 15, 20, and 30% by mass.",20,%,TEXT,"By taking into account all the factors, it is concluded that the 20% RHA level is the optimum dosage to achieve maximum strength gain and improved performance characteristics with economy.","3-day: 31.4 to 61.7
7-day: 39.6 to 72.0
28-day: 45.5 to 87.0
60-day: 51.8 to 92.0",MPa,TABLE,"Table 2 reports compressive strength values of RHA-blended concrete mixes across various ages (3, 7, 28, and 60 days).",NULL,NULL,TEXT,NULL,NULL,NULL,TEXT,NULL,NULL,NULL,TEXT,NULL,NULL,NULL,TEXT,NULL,NULL,NULL,TEXT,NULL,NULL,NULL,TEXT,NULL,NULL,NULL,TEXT,NULL,NULL,NULL,TEXT,NULL,NULL,NULL,TEXT,NULL
The Effect Of Rice Husk Ash Used As Supplementary Cementing Material On Strength Of Mortar,"Jayanti Rajput, R.K. Yadav, R. Chandak",International Journal of Engineering Research and Applications (IJERA),2013,NULL,Rice Husk Ash (RHA),NULL,TEXT,Rice husk ash (RHA) is used as partial replacement of ordinary Portland cement (OPC).,Rice Husk,NULL,TEXT,The rice husk ash obtained from FAIR FOOD OVERSEAS RICE MILL KATNI has been used in the analysis.,Controlled Burning,NULL,TEXT,Rice husk ash (RHA) is obtained by burning of rice husk in a controlled manner.,NULL,NULL,TEXT,NULL,NULL,NULL,TEXT,NULL,NULL,NULL,TEXT,NULL,NULL,NULL,TEXT,NULL,NULL,NULL,TEXT,NULL,NULL,NULL,TEXT,NULL,NULL,NULL,TEXT,NULL,NULL,NULL,TEXT,NULL,NULL,NULL,TEXT,NULL,NULL,NULL,TEXT,NULL,NULL,NULL,TEXT,NULL,NULL,NULL,TEXT,NULL,NULL,NULL,TEXT,NULL,NULL,NULL,TEXT,NULL,NULL,NULL,TEXT,NULL,NULL,NULL,TEXT,NULL,NULL,NULL,TEXT,NULL,NULL,NULL,TEXT,NULL,NULL,NULL,TEXT,NULL,NULL,NULL,TEXT,NULL,NULL,NULL,TEXT,NULL,NULL,NULL,TEXT,NULL,83.6,% W/W,TABLE,Silica as SiO2 % W/W | 83.6,0.84,% w/w,TABLE,Calcium Oxide as CaO % w/w | 0.84,0.76,% w/w,TABLE,Alumina as Al2O3 % w/w | 0.76,0.64,% W/W,TABLE,Ferric Oxide as Fe2O3 % W/W | 0.64,0.40,% w/w,TABLE,"Magnesium Oxide MgO % w/w, | 0.40",0.69,% W/W,TABLE,Sulphuric Anhydride as SO3 % W/W | 0.69,NULL,NULL,TEXT,NULL,NULL,NULL,TEXT,NULL,14.2,% W/W,TABLE,Loss on Ignition % W/W | 14.2,Particles retained on 45 micron IS sieves (Wet Sieving): 27.13,% Max.,TABLE,Particles retained on 45 micron IS sieves (Wet Sieving) in % Max. | 27.13,NULL,NULL,TEXT,NULL,NULL,NULL,TEXT,NULL,NULL,NULL,TEXT,NULL,NULL,NULL,TEXT,NULL,NULL,NULL,TEXT,NULL,NULL,NULL,TEXT,NULL,NULL,NULL,TEXT,NULL,NULL,NULL,TEXT,NULL,"5%, 10%, 15%, 20%, 25%, 30%",% by weight,TEXT / TABLE,Cement mortar paste were proportioned with varying dosages of RHA as partial replacement of OPC in the range of 5%to 30% by weight of cement.,10%,% by weight,TEXT,It has been observed that replacement of cement to the extent of approximately 10% by weight of cement was found to give the optimum results for the 28 days strength.,"0% RHA: 24 (3d), 37 (7d), 50 (28d); 5% RHA: 21 (3d), 37 (7d), 49 (28d); 10% RHA: 22 (3d), 36 (7d), 48 (28d); 15% RHA: 12 (3d), 23 (7d), 33 (28d); 20% RHA: 4 (3d), 9 (7d), 17 (28d); 25% RHA: 1 (3d), 4 (7d), 9 (28d); 30% RHA: 1 (3d), 4 (7d), 6 (28d)",N/mm^2,TABLE,"Table 5: ""Compressive strength of mortar"" listing 3Days, 7Days, and 28Days values for 0% to 30% replacement.",NULL,NULL,TEXT,NULL,NULL,NULL,TEXT,NULL,NULL,NULL,TEXT,NULL,NULL,NULL,TEXT,NULL,NULL,NULL,TEXT,NULL,NULL,NULL,TEXT,NULL,NULL,NULL,TEXT,NULL,NULL,NULL,TEXT,NULL,NULL,NULL,TEXT,NULL
Rice husk ash (RHA) effectiveness in cement and concrete as a function of reactive silica and fineness,"S.K. Antiohos, V.G. Papadakis, S. Tsimas",Cement and Concrete Research,2014,10.1016/j.cemconres.2014.04.001,Rice husk ash (RHA),-,TEXT,"""Research on ash from burning of rice husks (RHA) has already demonstrated...""",Rice husks,-,TEXT,"""...ash from burning of rice husks (RHA)...""",Burning of rice husks,-,TEXT,"""Rice husk ash (hereafter RHA), is the solid residue derived from burning rice husks.""",Burning temperature for RHA12 was slightly lower by approximately 50°C than for RHA8,°C,TEXT,"""...in the case of RHA12 production slightly lower burning temperatures were applied (by approximately 50°C than in the case of RHA8 production...""",Mechanical Activation (Grinding),-,TEXT,"""As-received RHAs were ground in a lab ball mill; the aim was to produce samples with similar particle size distribution (PSD) at two levels of Blaine fineness...""",Grinding in a lab ball mill,-,TEXT,"""As-received RHAs were ground in a lab ball mill...""",NULL,-,-,NULL,NULL,-,-,NULL,NULL,-,-,NULL,Ball mill grinding,-,TEXT,"""As-received RHAs were ground in a lab ball mill...""",NULL,-,-,NULL,NULL,-,-,NULL,Target Blaine fineness levels of 4000 cm²/g (P level) and 7000 cm²/g (U level),cm²/g,TEXT,"""...the aim was to produce samples with similar particle size distribution (PSD) at two levels of Blaine fineness, i.e. 4000 and 7000 cm²/g. The respective samples were annotated as P (for 4000 cm²/g) and U (7000 cm²/g) respectively.""","Mortar: W/C_M = 0.5; Concrete (Cement Replacement): 0.60; Concrete (Aggregate Replacement): 0.50, 0.55",-,TABLE,"Table 2: ""W/C_M of 0.5""; Table 3: ""W/(C+P) 0.60, 0.50, 0.55""",,,,,NULL,-,-,NULL,NULL,-,-,NULL,NULL,-,-,NULL,NULL,-,-,NULL,,,,,NULL,-,-,NULL,RHA8-P: 3820; RHA12-P: 3930; RHA8-U: 7000; RHA12-U: 6550,cm²/g,TABLE,"Table 1: ""Blaine P level (cm²/g): RHA8 3820, RHA12 3930; Blaine - U level (cm²/g): RHA8 7000, RHA12 6550""",NULL,-,-,NULL,NULL,-,-,NULL,NULL,-,-,NULL,RHA8: 89.47; RHA12: 93.15,% by mass,TABLE,"Table 1: ""SiO2: RHA8 89.47, RHA12 93.15""",RHA8: 1.10; RHA12: 0.89,% by mass,TABLE,"Table 1: ""CaO: RHA8 1.10, RHA12 0.89""",RHA8: 0.18; RHA12: 0.13,% by mass,TABLE,"Table 1: ""Al2O3: RHA8 0.18, RHA12 0.13""",RHA8: 0.25; RHA12: 0.18,ppm,TABLE,"Table 1: ""Fe2O3: RHA8 0.25 (ppm), RHA12 0.18 (ppm)""",RHA8: 0.44; RHA12: 0.40,% by mass,TABLE,"Table 1: ""MgO: RHA8 0.44, RHA12 0.40""",RHA8: 0.11; RHA12: 0.10,% by mass,TABLE,"Table 1: ""SO3: RHA8 0.11, RHA12 0.10""",RHA8: 620.00; RHA12: 160.00,ppm,TABLE,"Table 1: ""Na2O: RHA8 620.00 (ppm), RHA12 160.00 (ppm)""",RHA8: 1.32; RHA12: 1.63,% by mass,TABLE,"Table 1: ""K2O: RHA8 1.32, RHA12 1.63""",RHA8: 4.06; RHA12: 5.61,% by mass,TABLE,"Table 1: ""LOI: RHA8 4.06, RHA12 5.61""","Moisture: RHA8 0.01, RHA12 0.01 (% by mass); P2O5: RHA8 0.74, RHA12 0.51 (% by mass); Cl: RHA8 910.00, RHA12 410.00 (ppm)",% by mass / ppm,TABLE,"Table 1: ""Moisture: 0.01, 0.01; P2O5: 0.74, 0.51; Cl: 910.00 (ppm), 410.00 (ppm)""","Cristobalite, SiO2",-,TEXT / GRAPH/FIGURE,"""...a distinct peak of SiO2 in the form of cristobalite (see Fig. 1).""",Cristobalite,-,TEXT / GRAPH/FIGURE,"""...a distinct peak of SiO2 in the form of cristobalite (see Fig. 1).""","Glass phase: RHA8 58.67, RHA12 63.71; Amorphous silica: RHA12 increased by approximately 7% over RHA8",%,TEXT / TABLE,"Table 1: ""Glass phase: RHA8 58.67, RHA12 63.71""; Section 2.1: ""increase on amorphous silica content (by approximately 7%)...""","Reactive SiO2: RHA8 52.38%, RHA12 59.15%; Fratini test: system 10RHA8 above saturation curve, all other ground systems below saturation curve",% / -,TEXT / TABLE / GRAPH/FIGURE,"Table 1: ""SiO2 (reactive): RHA8 52.38, RHA12 59.15""; Section 3.1: ""The only system that was measured above the Ca(OH)2 saturation curve was 10RHA8.""",NULL,-,-,NULL,NULL,-,-,NULL,NULL,-,-,NULL,"Active ratio (ys): RHA8 58.57%, RHA12 63.50%; Fixed Lime (28d, 20% rep, P-level): 26.6%; Reacted fraction at 90d: >50% (>0.50); Concrete Efficiency Factor k-value (28d): 0.7 (RHA8), 0.8 (RHA12)",% / dimensionless,TABLE / TEXT,"Table 1: ""ys: RHA8 58.57, RHA12 63.50""; Table 6: ""FL ability 28 days: 26.6""; Section 3.4: ""...more than half of both samples have reacted after 3 months.""; Table 7: ""k-values Strength, 28 days: RHA8 0.7, RHA12 0.8""","Mortar: 10%, 20%, 30%; Concrete: 10%, 20%",%,TEXT / TABLE,"Section 2.3.1: ""10%, 20% and 30% replacements of cement by each RHA...""; Section 2.4: ""RHA... replaced 10 and 20% b.w. of cement...""",10–15% by cement weight,%,TEXT,"Section 2.4: ""...coincides with literature findings that indicate an optimum addition of 10-15%""; Section 3.2: ""...optimal level to achieve maximum strength (10-15% by cement weight)...""","Mortar (P-level):
• RHA8-10%: 2d: 22.0, 7d: 34.6, 28d: 47.8, 90d: 57.9
• RHA8-20%: 2d: 18.9, 7d: 31.8, 28d: 40.8, 90d: 55.7
• RHA8-30%: 2d: 14.9, 7d: 24.8, 28d: 39.7, 90d: 48.1
• RHA12-10%: 2d: 21.0, 7d: 33.8, 28d: 44.4, 90d: 58.5
• RHA12-20%: 2d: 18.8, 7d: 31.3, 28d: 44.7, 90d: 57.2
• RHA12-30%: 2d: 15.5, 7d: 25.3, 28d: 39.8, 90d: 48.5
Mortar (U-level):
• RHA8_U-10%: 2d: 20.5, 7d: 36.4, 28d: 50.7
• RHA8_U-20%: 2d: 18.9, 7d: 32.3, 28d: 49.5
• RHA8_U-30%: 2d: 16.1, 7d: 28.3, 28d: 47.3
• RHA12_U-10%: 2d: 22.8, 7d: 38.2, 28d: 53.8
• RHA12_U-20%: 2d: 19.8, 7d: 33.6, 28d: 51.4
• RHA12_U-30%: 2d: 17.1, 7d: 30.1, 28d: 48.8",MPa,TABLE,"Table 4: ""Compressive strength profile of RHA-containing cements (P-level of grinding)""; Table 5: ""Compressive strength profile of RHA-containing cements (U-level of grinding)""",NULL,%,-,NULL,NULL,-,-,NULL,NULL,-,-,NULL,NULL,-,-,NULL,NULL,-,-,NULL,NULL,-,-,NULL,NULL,-,-,NULL,NULL,-,-,NULL,NULL,-,-,NULL
Effect of Rice Husk Ash on Properties of Concrete,"Makarand Suresh Kulkarni, Paresh GovindMirgal, Prajyot Prakash Bodhale, S.N. Tande",Journal of Civil Engineering and Environmental Technology,2014,NULL,Rice Husk Ash (RHA) / R.H.A. / Silpoz,-,TEXT,"""Effect of Rice Husk Ash on Properties of Concrete"", ""Rice Husk Ash is a Pozzolanic material."", ""The product obtained from R.H.A. is identified by trade name Silpoz...""",Residual RHA obtained from open field burning; Trade name Silpoz,-,TEXT,"""A residual RHA obtained from open filed burning."" and ""The product obtained from R.H.A. is identified by trade name Silpoz...""","Open field burning, drying, homogenization, and grinding in a laboratory ball mill",-,TEXT,"""A residual RHA obtained from open filed burning. The material was carefully homogenized and prepared in two conditions: Natural RHA (NRHA): the ash was only dried, homogenized, and packed... Grinded RHA (GRHA): after drying and homogenization process the RHA was ground in a laboratory ball mill by one hour for optimization.""","Dried, homogenized; ground in a laboratory ball mill for 1 hour",-,TEXT,"""...the ash was only dried, homogenized...""; ""...ground in a laboratory ball mill by one hour for optimization.""",Mechanical Activation (Grinding),-,TEXT,"""...ground in a laboratory ball mill by one hour for optimization.""",Grinding in a laboratory ball mill for 1 hour,-,TEXT,"""...ground in a laboratory ball mill by one hour for optimization.""",NULL,-,-,NULL,NULL,-,-,NULL,NULL,-,-,NULL,Grinding in a laboratory ball mill,-,TEXT,"""...ground in a laboratory ball mill by one hour for optimization.""",1,hour,TEXT,"""...ground in a laboratory ball mill by one hour for optimization.""",NULL,-,-,NULL,NULL,-,-,NULL,0.45,-,TABLE,"""W/C ratio | 0.45"" (Table 3: Quantities of Materials per Cubic meter of Concrete)",< 45,micron,TABLE,"""Particle Size | < 45 micron"" (Table 1: Physical Properties of R.H.A)",NULL,-,-,NULL,NULL,-,-,NULL,NULL,-,-,NULL,NULL,-,-,NULL,NULL,-,-,NULL,NULL,-,-,NULL,NULL,-,-,NULL,NULL,-,-,NULL,2.3,-,TABLE,"""Specific gravity | 2.3"" (Table 1: Physical Properties of R.H.A)",NULL,-,-,NULL,86.94,%,TABLE,"""Silicon dioxide | 86.94%"" (Table 2: Chemical Properties of R.H.A)",03.-2.2,%,TABLE,"""Calcium Oxide | 03.-2.2%"" (Table 2: Chemical Properties of R.H.A)",0.2,%,TABLE,"""Aluminum oxide | 0.2%"" (Table 2: Chemical Properties of R.H.A)",0.1,%,TABLE,"""Iron oxide | 0.1%"" (Table 2: Chemical Properties of R.H.A)",0.2-0.6,%,TABLE,"""Magnesium Oxide | 0.2-0.6%"" (Table 2: Chemical Properties of R.H.A)",NULL,-,-,NULL,0.1-0.8,%,TABLE,"""Sodium Oxide | 0.1-0.8%"" (Table 2: Chemical Properties of R.H.A)",2.15-2.30,%,TABLE,"""Potassium Oxide | 2.15-2.30%"" (Table 2: Chemical Properties of R.H.A)",3.15-4.4,%,TABLE,"""Ignition Loss | 3.15-4.4%"" (Table 2: Chemical Properties of R.H.A)",NULL,-,-,NULL,NULL,-,-,NULL,Non Crystalline,-,TABLE,"""Mineralogy | Non Crystalline"" (Table 1: Physical Properties of R.H.A)",NULL,-,-,NULL,NULL,-,-,NULL,NULL,-,-,NULL,NULL,-,-,NULL,NULL,-,-,NULL,NULL,-,-,NULL,"0, 10, 20, 30",%,TABLE,"Table 4 column ""%RHA"": 0, 10, 20, 30",20,%,TEXT,"""From the entire experimental work & studies it is concluded that mix M2 (M0+20%RHA) is the best combination among all mixes..."", ""The optimum replacement level of Rice Husk Ash is found to be to20% for M30 grade of concrete.""","7 days: M0 = 27.2, M1 = 27.8, M2 = 28.3, M3 = 27.4;
28 days: M0 = 37, M1 = 42.8, M2 = 39.8, M3 = 37",N/mm^2,TABLE,"Table 4: ""Compressive strength (N/mm^2)"" values for 7 days and 28 days","7 days: M0 = 0, M1 = 2, M2 = 4, M3 = 0.73;
28 days: M0 = 0, M1 = 15.67, M2 = 7.56, M3 = 0",%,TABLE,"Table 4: ""% increase decrease in strength over control mix"" at 7 days and 28 days",NULL,-,-,NULL,NULL,-,-,NULL,NULL,-,-,NULL,NULL,-,-,NULL,NULL,-,-,NULL,NULL,-,-,NULL,NULL,-,-,NULL,NULL,-,-,NULL
USE OF RICE HUSK ASH AS PARTIAL REPLACEMENT FOR CEMENT IN CONCRETE,"OBILADE, I.O.",International Journal of Engineering and Applied Sciences,2014,NULL,Rice Husk Ash (RHA),NULL,TEXT,USE OF RICE HUSK ASH AS PARTIAL REPLACEMENT FOR CEMENT IN CONCRETE,Rice Husk,NULL,TEXT,The Rice Husk used was obtained from Ile Ife. Nigeria.,"Burnt under guided or enclosed place, ground, and sieved",NULL,TEXT,"After collection, the Rice Husk was burnt under guided or enclosed place to limit the amount of ash that will be blown off.. The ash was ground to the required level of fineness and sieved through 600 ?m sieve in order to remove any impurity and larger size particles.",Sieved through 600 ?m sieve,?m,TEXT,sieved through 600 ?m sieve in order to remove any impurity and larger size particles.,Grinding,NULL,TEXT,The ash was ground to the required level of fineness,NULL,NULL,NULL,NULL,NULL,NULL,NULL,NULL,NULL,NULL,NULL,NULL,NULL,NULL,NULL,NULL,Grinding,NULL,TEXT,The ash was ground to the required level of fineness,NULL,NULL,NULL,NULL,NULL,NULL,NULL,NULL,NULL,NULL,NULL,NULL,NULL,NULL,NULL,NULL,NULL,NULL,NULL,NULL,NULL,NULL,NULL,NULL,NULL,NULL,NULL,NULL,NULL,NULL,NULL,NULL,NULL,NULL,NULL,NULL,NULL,NULL,NULL,NULL,NULL,NULL,NULL,NULL,NULL,NULL,NULL,NULL,NULL,NULL,NULL,NULL,NULL,NULL,NULL,NULL,NULL,NULL,NULL,NULL,NULL,NULL,NULL,NULL,NULL,NULL,NULL,NULL,NULL,NULL,NULL,NULL,NULL,NULL,NULL,NULL,NULL,NULL,NULL,NULL,NULL,NULL,NULL,NULL,NULL,NULL,NULL,NULL,NULL,NULL,NULL,NULL,NULL,NULL,NULL,NULL,NULL,NULL,NULL,NULL,NULL,NULL,NULL,NULL,NULL,NULL,NULL,NULL,NULL,NULL,NULL,NULL,NULL,NULL,NULL,NULL,NULL,NULL,NULL,NULL,NULL,NULL,NULL,NULL,NULL,NULL,NULL,NULL,NULL,NULL,NULL,NULL,"0, 5, 10, 15, 20, 25",%,TEXT,"OPC was replaced with RHA by weight at 0%, 5%, 10%, 15%, 20% and 25%.",0-20,%,TEXT,The optimum addition of RHA as partial replacement for cement is in the range 0-20%.,"7 days: 17.51 (0%), 16.88 (5%), 12.01 (10%), 11.24 (15%), 10.86 (20%), 7.95 (25%); 14 days: 21.60 (0%), 17.44 (5%), 12.83 (10%), 12.55 (15%), 11.51 (20%), 8.98 (25%); 28 days: 29.15 (0%), 27.68 (5%), 20.88 (10%), 18.70 (15%), 18.59 (20%), 13.29 (25%)",N/mm²,TABLE,Table 3: Compressive Strength of Concrete Cubes with various percentages of RHA,NULL,NULL,NULL,NULL,NULL,NULL,NULL,NULL,NULL,NULL,NULL,NULL,NULL,NULL,NULL,NULL,NULL,NULL,NULL,NULL,NULL,NULL,NULL,NULL,NULL,NULL,NULL,NULL,NULL,NULL,NULL,NULL,NULL,NULL,NULL,NULL
Use of Rice Husk Ash as Partial Replacement with Cement In Concrete- A Review,"Sourav Ghosal, S.C.Moulik",International Journal of Engineering Research,2015,NULL,"Rice Husk Ash (RHA), rice husk ash",NULL,TEXT,Use of Rice Husk Ash as Partial Replacement with Cement In Concrete- A Review,Rice husk,NULL,TEXT,Ash from rice is obtained as a result of combustion of rice husk at suitable temperature.,Combustion / Burning,NULL,TEXT,Ash from rice is obtained as a result of combustion of rice husk at suitable temperature.,Burning temperature between 600°C-700°C for 2 hours,NULL,TEXT,RHA produced by burning rice husk between 600^0C-700^0C for 2 hours contains 90-95% SiO2,Thermal Treatment,NULL,TEXT,RHA produced by burning rice husk between 600^0C-700^0C for 2 hours...,600°C-700°C for 2 hours,NULL,TEXT,RHA produced by burning rice husk between 600^0C-700^0C for 2 hours...,NULL,NULL,TEXT,NULL,600°C-700°C,°C,TEXT,RHA produced by burning rice husk between 600^0C-700^0C for 2 hours...,2,hours,TEXT,RHA produced by burning rice husk between 600^0C-700^0C for 2 hours...,Grounding / Grinding,NULL,TEXT,Malhotra and Mehta (2004) reported that ground RHA with fine particle size than OPC improves concrete properties...,NULL,NULL,TEXT,NULL,NULL,NULL,TEXT,NULL,NULL,NULL,TEXT,NULL,NULL,NULL,TEXT,NULL,NULL,NULL,TEXT,NULL,NULL,NULL,TEXT,NULL,NULL,NULL,TEXT,NULL,NULL,NULL,TEXT,NULL,NULL,NULL,TEXT,NULL,50-1000,m²/g,TEXT,RHA contains silica in amorphous form and are cellular in nature with 50-1000 m²/g surface area.,NULL,NULL,TEXT,NULL,NULL,NULL,TEXT,NULL,NULL,NULL,TEXT,NULL,NULL,NULL,TEXT,NULL,NULL,NULL,TEXT,NULL,90-95 (or 90-96),%,TEXT,RHA produced by burning rice husk between 600^0C-700^0C for 2 hours contains 90-95% SiO2 and The silica content is in between 90-96%.,NULL,NULL,TEXT,NULL,NULL,NULL,TEXT,NULL,NULL,NULL,TEXT,NULL,NULL,NULL,TEXT,NULL,NULL,NULL,TEXT,NULL,NULL,NULL,TEXT,NULL,1-3,%,TEXT,"...contains 90-95% SiO2, 1-3% K2O <5% unburnt carbon.",NULL,NULL,TEXT,NULL,Unburnt carbon: <5,%,TEXT,"...contains 90-95% SiO2, 1-3% K2O <5% unburnt carbon.",Amorphous materials / Amorphous silica,NULL,TEXT,"Some particular chemical and physical properties shows diffraction analysis, which indicates that the RHA mainly consists of amorphous materials.",NULL,NULL,TEXT,NULL,Amorphous form / Mainly consists of amorphous materials,NULL,TEXT,"RHA contains silica in amorphous form... and ...diffraction analysis, which indicates that the RHA mainly consists of amorphous materials.",Good pozzolanic material,NULL,TEXT,RHA which has been reported to be a good pozzolanic material by numerous researchers.,NULL,NULL,TEXT,NULL,NULL,NULL,TEXT,NULL,Reduces heat evolution,NULL,TEXT,"So use of RHA with cements improves workability and stability, reduces heat evolution, thermal cracking and plastic shrinkage.",Capacity of the pozzolana towards fixing Ca(OH)2 generated during hydration,NULL,TEXT,...due to the capacity of the pozzolana towards fixing Ca(OH)2 generated during the reactions of hydration of cement.,"7, 10, 15, 20",%,TEXT,"Literature citations report individual replacement levels: ""For a 7% of RHA..."", ""RHA replacing 10% Portland cement..."", ""Adding 15% of RHA to the concrete..."", ""...replacement of cement upto 20%"".",NULL,NULL,TEXT,NULL,"15.2-31.3 (7 days), 18.1-37.5 (28 days), 17-26 (7 days)",MPa,TEXT,"""The compressive strength of the samples at 7 and 28 days ranged from 15.2-31.3 MPa and 18.1-37.5 MPa respectively."" and ""The concrete mixes under consideration produced strength in the range of 17-26 MPa at 7 days...""","115 (7% RHA replacement), 170-180 (up to 20% replacement)",%,TEXT,"""For a 7% of RHA, 15% of increment in compressive strength is observed."" and ""Compressive strength of Rice Husk Concrete was found to be 70-80% more than that of conventional concrete for a replacement of cement upto 20%""",NULL,NULL,TEXT,NULL,NULL,NULL,TEXT,NULL,NULL,NULL,TEXT,NULL,NULL,NULL,TEXT,NULL,NULL,NULL,TEXT,NULL,NULL,NULL,TEXT,NULL,Decreases with increase in RHA percentage,NULL,TEXT,"""As the percentage of RHA increased, there is decrease in drying shrinkage.""",NULL,NULL,TEXT,NULL
Use of Rice Husk Ash in Concrete: A Review,"Mr. Amitkumar I. Gupta, Dr. Abhay S. Wayal",IOSR Journal of Mechanical and Civil Engineering (IOSR-JMCE),2015,10.9790/1684-12412931,"Rice Husk Ash (RHA), rice husk ash, RHA, controlled combustion (CRHA), partially crystalline RHA (RRHA)",NULL,TEXT,"""rice husk ash (RHA)..."" / ""amorphous RHA produced by controlled combustion (CRHA)... partially crystalline RHA optimized by dry milling not produced by controlled burning (RRHA)""","Rice husk, Rice hulls",NULL,TEXT,"""Rice hulls (rice husks) are the coatings of seeds, or grains, of rice.""","Controlled incineration, controlled combustion, dry milling",NULL,TEXT,"""controlled incineration of rice husk"", ""controlled combustion (CRHA)"", ""dry milling""",NULL,NULL,TEXT,NULL,Dry milling,NULL,TEXT,"""\...optimized by dry milling not produced by controlled burning (RRHA)\...""",NULL,NULL,TEXT,NULL,NULL,NULL,TEXT,NULL,NULL,NULL,TEXT,NULL,NULL,NULL,TEXT,NULL,Dry milling,NULL,TEXT,"""\...optimized by dry milling...""",NULL,NULL,TEXT,NULL,NULL,NULL,TEXT,NULL,NULL,NULL,TEXT,NULL,0.50,NULL,TEXT,"""\...concretes with water/cementitious materials ratio of 0.50...""",NULL,NULL,TEXT,NULL,NULL,NULL,TEXT,NULL,NULL,NULL,TEXT,NULL,NULL,NULL,TEXT,NULL,NULL,NULL,TEXT,NULL,NULL,NULL,TEXT,NULL,NULL,NULL,TEXT,NULL,NULL,NULL,TEXT,NULL,NULL,NULL,TEXT,NULL,NULL,NULL,TEXT,NULL,NULL,NULL,TEXT,NULL,"86.81, 91.00, 95.04, 90.90, 87.40, 87.32",Wt. %,TABLE,Table 1: Chemical properties of RHA (Wt. %) - SiO2 column,"1.04, NULL, 1.25, 0.80, 0.90, 0.48",Wt. %,TABLE,Table 1: Chemical properties of RHA (Wt. %) - CaO column,"0.50, 0.35, 0.30, 0.80, 0.40, 0.22",Wt. %,TABLE,Table 1: Chemical properties of RHA (Wt. %) - Al2O3 column,"0.87, 0.41, 0.44, 0.60, 0.30, 0.28",Wt. %,TABLE,Table 1: Chemical properties of RHA (Wt. %) - Fe2O3 column,"0.85, 0.81, 0.45, 0.56, 0.60, 0.28",Wt. %,TABLE,Table 1: Chemical properties of RHA (Wt. %) - MgO column,"NULL, 1.21, 0.01, NULL, 0.40, NULL",Wt. %,TABLE,Table 1: Chemical properties of RHA (Wt. %) - SO3 column,"0.69, 0.08, 0.09, NULL, NULL, 1.02",Wt. %,TABLE,Table 1: Chemical properties of RHA (Wt. %) - Na2O column,"3.16, 3.21, 1.40, 1.55, 0.04, 3.14",Wt. %,TABLE,Table 1: Chemical properties of RHA (Wt. %) - K2O column,"4.60, 8.50, 0.51, NULL, 3.39, 4.60",Wt. %,TABLE,Table 1: Chemical properties of RHA (Wt. %) - LOI* column,NULL,NULL,TEXT,NULL,Opaline silica,NULL,TEXT,"""\...the hull is formed from hard materials, including opaline silica and lignin.""",NULL,NULL,TEXT,NULL,"Amorphous, partially crystalline",NULL,TEXT,"""RHA contains a high amount of SiO2, most of which is in amorphous form"", ""partially crystalline RHA""","Active pozzolana, highly reactive pozzolana",NULL,TEXT,"""It is an active pozzolana..."", ""highly reactive pozzolana, such as rice husk ash...""",NULL,NULL,TEXT,NULL,NULL,NULL,TEXT,NULL,NULL,NULL,TEXT,NULL,Reacts intensively with water and calcium hydroxide,NULL,TEXT,"""RHA reacts intensively with the water and the calcium hydroxide generated from the hydration of cement...""","5 to 30, 10, 15, 20, 30",%,TEXT,"""The replacement percentages varied from 5% to 30% by weight of cement."", ""10%"", ""15%"", ""20%"", ""30%""","10 to 20 (overall); 10 (H. Thanh Le et al. 2014, H. Chao-Lung et al. 2011); 15 (Rodriguez de Sensale 2010); 20 (A. Muthadhi et al. 2013, Ganesan et al. 2007)",%,TEXT,"""The optimum replacement percentage for maximum compressive strength was 10%."", ""best resistance to chloride ion penetration is obtained with 15% substitution"", ""maximum compressive strength is found at 20% RHA level"", ""From the above literatures the optimal replacement percentage was found to be ranging from 10% to 20%.""",NULL,NULL,TEXT,NULL,NULL,NULL,TEXT,NULL,NULL,NULL,TEXT,NULL,NULL,NULL,TEXT,NULL,NULL,NULL,TEXT,NULL,NULL,NULL,TEXT,NULL,NULL,NULL,TEXT,NULL,NULL,NULL,TEXT,NULL,NULL,NULL,TEXT,NULL,NULL,NULL,TEXT,NULL
Study on Effect of Natural and Ground Rice-Husk Ash Concrete,V. Ponmalar and R. Albert Abraham,KSCE Journal of Civil Engineering,2015,10.1007/s12205-014-2019-4,Natural Rice Husk Ash (NRHA) and Ground Rice Husk Ash (GRHA),NULL,TEXT,"In this paper, the residual RHA was used as a substitute for cement firstly as Natural RHA (NRHA- without grinding) and secondly as Ground RHA (GRHA).",Rice-husk residue / Paddy rice husk,NULL,TEXT,"Modernized boiler-fired rice husk residue was collected from a rice mill in Kancheepuram district in TamilNadu, India.","Boiler-fired, industrial furnace thermal burning, and grinding / pulverizing",NULL,TEXT,Modernized boiler-fired rice husk residue was collected from a rice mill... burnt in an Industrial furnace... Residue rice husk ash was pulverized further,"Thermal burning temperature: 650°C, Duration: 1 hour","°C, hour",TEXT,The mill fired residue ash was further burnt in an Industrial furnace at temperature of 650° over a period of 1 hour and then cooled.,Thermal activation (burning) and Mechanical activation (grinding/pulverizing),NULL,TEXT,The mill fired residue ash was further burnt in an Industrial furnace at temperature of 650° over a period of 1 hour... Residue rice husk ash was pulverized further,Burning at 650°C for 1 hour; Pulverized to pass 45 µm sieve completely,"°C, hour, %",TEXT,...further burnt in an Industrial furnace at temperature of 650° over a period of 1 hour... Residue rice husk ash was pulverized further and its percentage of passing over 45 µm sieve is 100%.,NULL,NULL,NULL,NULL,650,°C,TEXT,The mill fired residue ash was further burnt in an Industrial furnace at temperature of 650° over a period of 1 hour and then cooled.,1,hour,TEXT,...burnt in an Industrial furnace at temperature of 650° over a period of 1 hour...,Pulverizing / Grinding,NULL,TEXT,Residue rice husk ash was pulverized further and its percentage of passing over 45 µm sieve is 100%.,NULL,NULL,NULL,NULL,NULL,NULL,NULL,NULL,NULL,NULL,NULL,NULL,0.5,NULL,TABLE,"Table 3: ""(w/b)*: 0.5"" for all mixes","Passing 45 µm: 60% (NRHA), 100% (GRHA); Passing 20 µm: 40% (NRHA), 80% (GRHA); Passing 10 µm: 20% (NRHA), 45% (GRHA); Passing 5 µm: 7% (NRHA), 27% (GRHA)",%,TABLE,"Table 2 Particle size distribution: ""Passing 45 µm: 60 (Natural RHA), 100 (Ground RHA); Passing 20 µm: 40 (Natural RHA), 80 (Ground RHA); Passing 10 µm: 20 (Natural RHA), 45 (Ground RHA); Passing 5 µm: 7 (Natural RHA), 27 (Ground RHA)""",NULL,NULL,NULL,NULL,NULL,NULL,NULL,NULL,NULL,NULL,NULL,NULL,240 x 140 (for Natural RHA),µm,TEXT,Natural rice husk ash average particle size is 240x140 µm.,NULL,NULL,NULL,NULL,NULL,NULL,NULL,NULL,NULL,NULL,NULL,NULL,NULL,NULL,NULL,NULL,1.4 (Natural RHA); 0.45 (Ground RHA),NULL,TABLE,"Table 2: ""Specific gravity: 1.4 (Natural RHA), 0.45 (Ground RHA)""",NULL,NULL,NULL,NULL,63.38 (Natural RHA); 92.26 (Ground RHA),%,TABLE,"Table 2: ""SiO2: 63.38 (Natural RHA), 92.26 (Ground RHA)""",0.10 (Natural RHA); 0.90 (Ground RHA),%,TABLE,"Table 2: ""CaO: 0.10 (Natural RHA), 0.90 (Ground RHA)""",2.70 (Natural RHA); 3.70 (Ground RHA),%,TABLE,"Table 2: ""Al2O3: 2.70 (Natural RHA), 3.70 (Ground RHA)""",0.32 (Natural RHA); 0.29 (Ground RHA),%,TABLE,"Table 2: ""Fe2O3: 0.32 (Natural RHA), 0.29 (Ground RHA)""",0.97 (Natural RHA); 0.95 (Ground RHA),%,TABLE,"Table 2: ""MgO: 0.97 (Natural RHA), 0.95 (Ground RHA)""",NULL,NULL,NULL,NULL,NULL,NULL,NULL,NULL,0.12 (Natural RHA); 0.11 (Ground RHA),%,TABLE,"Table 2: ""K2O: 0.12 (Natural RHA), 0.11 (Ground RHA)""",NULL,NULL,NULL,NULL,"Reactive silica: 60.30 (Natural RHA), 90.32 (Ground RHA)",%,TABLE,"Table 2: ""Reactive silica: 60.30 (Natural RHA), 90.32 (Ground RHA)""",Amorphous crystal structure with 100% intensity peak at 21.84° theta,°Theta,TEXT,...100% intensity is obtained at 21.84° theta as shown in Fig. 1.,Amorphous silica,NULL,TEXT,"From the XRD analysis, it is observed that the RHA is amorphous in nature",Amorphous in nature,NULL,TEXT,"From the XRD analysis, it is observed that the RHA is amorphous in nature which is evident from the closely spaced graph with minimum number of peaks.",High reactive pozzolan,NULL,TEXT,A high reactive pozzolan is obtained when RHA is burnt under controlled conditions.,NULL,NULL,NULL,NULL,NULL,NULL,NULL,NULL,NULL,NULL,NULL,NULL,Rapidly consuming calcium hydroxide,NULL,TEXT,"...rapid consuming calcium hydroxide, which was formed during hydration of Portland cement at early ages that is related to the high pozzolanic reactivity of Ground RHA","10, 15, 20",%,TABLE,"Table 3 Mix designations: ""NRHA-10, NRHA-15, NRHA-20, GRHA-10, GRHA-15, GRHA-20""",10 (for Natural RHA); 15 (for Ground RHA),%,TEXT,The optimum percentage of replacement of RHA was obtained as 10% by weight of cement for natural RHA replaced concrete and 15% for Ground RHA replaced concrete,GRHA-10 (28 days): 39.2,MPa,TEXT,The percentage of strength improvement is 11.4% and compressive strength is 39.2 MPa.,NRHA-10 (28 days): 104.3% (+4.3% improvement); GRHA-10 (28 days): 107.4% (+7.4% improvement); GRHA-15 (28 days): 111.4% (+11.4% improvement),%,TEXT,...corresponding improvement in strength as 4.3% and 11.4% respectively as compared to control concrete. and GRHA-10 & GRHA-15 concretes show the percentage of improvement in strength are 7.4% & 11.4%,NULL,NULL,NULL,NULL,NULL,NULL,NULL,NULL,NULL,NULL,NULL,NULL,NULL,NULL,NULL,NULL,NULL,NULL,NULL,NULL,NULL,NULL,NULL,NULL,NULL,NULL,NULL,NULL,NULL,NULL,NULL,NULL
Experimental investigation on rice husk ash as cement replacement on concrete production,"Josephin Alex, J. Dhanalakshmi, B. Ambedkar",Construction and Building Materials,2016,http://dx.doi.org/10.1016/j.conbuildmat.2016.09.150,Rice husk ash (RHA),-,TEXT,"""...rice husk ash (RHA) as cement replacement on concrete production""",Rice husk,-,TEXT,"""...rice husk collected from Bhaba rice mills, Red Hills in Tamil Nadu, India was used in the present study.""",Uncontrolled combustion,-,TEXT,"""Thermal treatment of the rice husk samples were carried out in an open atmosphere at uncontrolled conditions.""",40 kg of RHA obtained from 200 kg of rice husk,-,TEXT,"""After the combustion process, 40 kg of RHA was obtained from 200 kg of rice husk.""",Mechanical activation (grinding),-,TEXT,"""Further, the RHA was ground in a ball mill by varying the grinding time at intervals of 0 (unground), 15 and 60 min.""",Grinding in a ball mill,-,TEXT,"""Further, the RHA was ground in a ball mill...""",NULL,-,-,NULL,NULL,-,-,NULL,NULL,-,-,NULL,Ball mill grinding,-,TEXT,"""Further, the RHA was ground in a ball mill by varying the grinding time at intervals of 0 (unground), 15 and 60 min.""","0, 15, 60",min,TEXT,"""...varying the grinding time at intervals of 0 (unground), 15 and 60 min.""",NULL,-,-,NULL,NULL,-,-,NULL,0.45,-,TEXT,"""...water to binder ratio of 0.45 in order to attain a compressive strength of 25 Mpa...""",Shown in Figs. 2-4,-,MULTIPLE SOURCES,"""Size distribution analysis of the three different rice husk ash unground and corresponding two different grinding time are shown in Figs. 2-4.""",NULL,-,-,NULL,NULL,-,-,NULL,NULL,-,-,NULL,"RHA-A: 174.36 (0 min), 103.31 (15 min), 39.94 (60 min); RHA-B: 168.65 (0 min), 106.89 (15 min), 45.56 (60 min); RHA-C: 214.92 (0 min), 115.22 (15 min), 55.66 (60 min)",µm,TABLE,"""Table 4 Parameters and different levels: RHA size, microns: Level 1 (174.36, 168.65, 214.92), Level 2 (103.31, 106.89, 115.22), Level 3 (39.94, 45.56, 55.66)""","RHA-A: 25.86 (0 min), 41.52 (15 min), 109.38 (60 min); RHA-B: 25.68 (0 min), 42.66 (15 min), 96.67 (60 min); RHA-C: 20.15 (0 min), 37.52 (15 min), 77.67 (60 min)",m²/kg,GRAPH/FIGURE,"Values derived from Fig. 6 graph ""Effect of grinding time on RHA particle size and specific surface area.""",NULL,-,-,NULL,NULL,-,-,NULL,NULL,-,-,NULL,RHA-A: 2.11 ± 0.03; RHA-B: 2.10 ± 0.11; RHA-C: 2.14 ± 0.06,-,TABLE,"""Table 3 Characteristics of the materials used: RHA-A Specific gravity 2.11±0.03, RHA-B 2.10±0.11, RHA-C 2.14±0.06""","RHA-A: 0.32 (0 min), 0.59 (15 min), 0.65 (60 min); RHA-B: 0.31 (0 min), 0.57 (15 min), 0.62 (60 min); RHA-C: 0.28 (0 min), 0.55 (15 min), 0.62 (60 min)",g/cc,GRAPH/FIGURE,"Values derived from Fig. 7 graph ""Effect of grinding time on bulk density and pozzolanicity of RHA.""","RHA-A: 60.17 (Unground), 59.7 (15 min), 60.68 (60 min); RHA-B: 57.96; RHA-C: 54.08",wt%,TABLE,"""Table 6 EDX analysis of different types of RHA (Si reported as 60.17, 59.7, 60.68 for RHA-A; 57.96 for RHA-B; 54.08 for RHA-C)""",NULL,-,-,NULL,"RHA-A: 0.6 (Unground), 0.06 (15 min), 0.02 (60 min); RHA-B: 0.44; RHA-C: 0.54",wt%,TABLE,"""Table 6 EDX analysis of different types of RHA (Al reported as 0.6, 0.06, 0.02 for RHA-A; 0.44 for RHA-B; 0.54 for RHA-C)""","RHA-A: 0.55 (Unground), 0.56 (15 min), 0.1 (60 min); RHA-B: 0.49; RHA-C: 0.48",wt%,TABLE,"""Table 6 EDX analysis of different types of RHA (Fe reported as 0.55, 0.56, 0.1 for RHA-A; 0.49 for RHA-B; 0.48 for RHA-C)""",NULL,-,-,NULL,NULL,-,-,NULL,NULL,-,-,NULL,"RHA-A: 0.39 (Unground), 0.58 (15 min), 0.44 (60 min); RHA-B: 0.65; RHA-C: 0.68",wt%,TABLE,"""Table 6 EDX analysis of different types of RHA (K reported as 0.39, 0.58, 0.44 for RHA-A; 0.65 for RHA-B; 0.68 for RHA-C)""",RHA-A: 2.26 ± 0.06; RHA-B: 2.23 ± 0.13; RHA-C: 2.46 ± 0.04,%,TABLE,"""Table 3 Characteristics of the materials used: LOI (%) RHA-A 2.26±0.06, RHA-B 2.23±0.13, RHA-C 2.46±0.04""","Carbon (C): RHA-A: 3.28 (Unground), 3.86 (15 min), 3.64 (60 min); RHA-B: 4.01; RHA-C: 4.84. Oxygen (O): RHA-A: 35.01 (Unground), 35.24 (15 min), 35.12 (60 min); RHA-B: 36.45; RHA-C: 39.38",wt%,TABLE,"""Table 6 EDX analysis of different types of RHA""",NULL,-,-,NULL,Amorphous in nature,-,TEXT,"""...their structure amorphous in nature.""",Amorphous,-,TEXT,"""...their structure amorphous in nature.""",Chapelle activity: 622.96 to 1085.46,mg Ca(OH)2/g RHA,TEXT,"""The activity of rice husk ash varying from 622.96 to 1085.46 mg Ca(OH)2/g RHA are indicative of their high reactivity.""",NULL,-,-,NULL,NULL,-,-,NULL,NULL,-,-,NULL,NULL,-,-,NULL,"10, 15, 20",wt%,TEXT,"""...amount of RHA replacement (10, 15 and 20 wt%)...""",20,wt%,TEXT,"""...20 wt% RHA replacement is optimum for 15 and 60 min grounded sample.""","Mix 1: 28.5, Mix 2: 28.1, Mix 3: 27.5, Mix 4: 26.2, Mix 5: 26.5, Mix 6: 25.8, Mix 7: 23.5, Mix 8: 24.1, Mix 9: 23.2, Mix 10: 21.0, Mix 11: 20.8, Mix 12: 20.2, Mix 13: 26.8, Mix 14: 26.5, Mix 15: 26.3, Mix 16: 28.1, Mix 17: 28.5, Mix 18: 27.9, Mix 19: 20.5, Mix 20: 20.2, Mix 21: 19.8, Mix 22: 25.2, Mix 23: 25.5, Mix 24: 24.8, Mix 25: 29.8, Mix 26: 29.4, Mix 27: 29.2",N/mm²,GRAPH/FIGURE,"Values derived from Fig. 16 graph ""Comparison on the compressive strength development of various RHA mixes and normal concrete (NC).""","7-day 10 wt% replacement: A-U (112.89%), B-U (113.92%), C-U (110.31%); 7-day 15 wt% replacement: A-60 (106.51%), B-60 (107.22%), C-60 (104.9%); 14-day 10 wt% replacement: A-15 (108.27%), B-15 (106.89%), C-15 (106.27%); 28-day 10 wt% replacement: A-60 (106.77%), B-60 (105.33%), C-60 (104.61%)",%,TEXT,"""...the percentage increase in the 7-days strength development of A-U, B-U, C-U at 10 wt% of cement replacement were 12.89, 13.92 and 10.31 respectively and the respective strength development for A-60, B-60 and C-60 at 15 wt% replacement were 6.51, 7.22, 4.9. A comparison of the 14-days compressive strength of the 10 wt% replacement by A-15, B-15 and C-15 exhibited 8.27, 6.89 and 6.27% in strength. Whereas at 28-days, the percentage increase in the strength development of A-60, B-60 and C-60 at 10 wt% cement replacement was found to be 6.77, 5.33, 4.61 respectively.""",NULL,-,-,NULL,NULL,-,-,NULL,NULL,-,-,NULL,NULL,-,-,NULL,NULL,-,-,NULL,NULL,-,-,NULL,NULL,-,-,NULL,NULL,-,-,NULL
Study on concrete with partial replacement of cement by rice husk ash,"N Kaarthik Krishna, S Sandeep, K M Mini",IOP Conference Series: Materials Science and Engineering,2016,10.1088/1757-899X/149/1/012109,Rice Husk Ash (RHA),NULL,TEXT,"In the present investigation, Rice Husk Ash has been used as an admixture to cement in concrete...",Rice Husk,NULL,TEXT,"Globally rice paddy of about 600 million tons is being produced, accounting for an annual production of 120 million tons Rice Husk. In most of the cases, the husk produced during the processing of the rice is either burnt or dumped as waste material.",NULL,NULL,NULL,NULL,NULL,NULL,NULL,NULL,NULL,NULL,NULL,NULL,NULL,NULL,NULL,NULL,NULL,NULL,NULL,NULL,NULL,NULL,NULL,NULL,NULL,NULL,NULL,NULL,NULL,NULL,NULL,NULL,NULL,NULL,NULL,NULL,NULL,NULL,NULL,NULL,NULL,NULL,NULL,NULL,0.55,NULL,TEXT,Mix ratio of 1: 1.64: 3.41 for water binder ratio of 0.55 was taken in the present investigation.,NULL,NULL,NULL,NULL,NULL,NULL,NULL,NULL,NULL,NULL,NULL,NULL,NULL,NULL,NULL,NULL,NULL,NULL,NULL,NULL,NULL,NULL,NULL,NULL,NULL,NULL,NULL,NULL,NULL,NULL,NULL,NULL,NULL,NULL,NULL,NULL,1.95,NULL,TABLE,"Table 3: ""Specific Gravity"" - ""Rice Husk Ash"": ""1.95""",530,kg/m³,TABLE,"Table 3: ""Bulk density"" - ""Rice Husk Ash"": ""530 kg/m³""",79.84,%,TABLE,"Table 2: ""Silicon dioxide (SiO2)"" - ""Concentration (Sample 1)"": ""79.84""",0.55,%,TABLE,"Table 2: ""Calcium oxide (CaO)"" - ""Concentration (Sample 1)"": ""0.55""",0.14,%,TABLE,"Table 2: ""Aluminium oxide (Al2O3)"" - ""Concentration (Sample 1)"": ""0.14""",1.16,%,TABLE,"Table 2: ""Ferric oxide (Fe203)"" - ""Concentration (Sample 1)"": ""1.16""",0.19,%,TABLE,"Table 2: ""Magnesium oxide (MgO)"" - ""Concentration (Sample 1)"": ""0.19""",NULL,NULL,TABLE,"Table 2: ""Sulphur trioxide (SO3)"" under Sample 1 is blank / unreported.",0.08,%,TABLE,"Table 2: ""Sodium oxide (Na2O)"" - ""Concentration (Sample 1)"": ""0.08""",2.90,%,TABLE,"Table 2: ""Potassium oxide (K2O)"" - ""Concentration (Sample 1)"": ""2.90""",NULL,NULL,NULL,NULL,Carbon (C): 7.75,%,TABLE,"Table 2: ""Carbon (C)"" - ""Concentration (Sample 1)"": ""7.75""",NULL,NULL,NULL,NULL,NULL,NULL,NULL,NULL,NULL,NULL,NULL,NULL,NULL,NULL,NULL,NULL,NULL,NULL,NULL,NULL,NULL,NULL,NULL,NULL,NULL,NULL,NULL,NULL,NULL,NULL,NULL,NULL,"5, 10, 15, 20",%,TEXT,"Four different replacement levels namely 5%, 10%, 15% and 20% are selected and studied with respect to the replacement method.",10,%,TEXT,From the experimental investigation it was found that optimum replacement of Rice Husk ash in cement was near to 10% in terms of workability and strength.,7-day (5% RHA): 14.3; 7-day (10% RHA): 15.6; 7-day (15% RHA): 12.9; 7-day (20% RHA): 11.5; 14-day (5% RHA): 18.4; 14-day (10% RHA): 19.5; 14-day (15% RHA): 15.9; 14-day (20% RHA): 12.4; 28-day (0% RHA): 27; 28-day (5% RHA): 24.8; 28-day (10% RHA): 29.3; 28-day (15% RHA): 17.6; 28-day (20% RHA): 16.03,N/mm²,MULTIPLE SOURCES,"Table 7: ""Compressive strength for 28 days curing period"" gives 27 (0%), 24.8 (5%), 29.3 (10%), 17.6 (15%), 16.03 (20%). Figure 1 shows 7-day strengths (~14.3, 15.6, 12.9, 11.5) and 14-day strengths (~18.4, 19.5, 15.9, 12.4).",5% RHA: -8.15%; 10% RHA: -8.51% [Note: text states +8.51% enhancement]; 15% RHA: -34.81%; 20% RHA: -40.62%,%,TABLE,"Table 7: ""Percentage change from 0% RHA"" for 28 days curing period: 5% RHA (-8.15), 10% RHA (-8.51), 15% RHA (-34.81), 20% RHA (-40.62). Section 3.2 text states: ""This 8.51% enhancement of compressive strength of concrete with RHA was attributed to the increase in pozzolanic action...""",NULL,NULL,NULL,NULL,NULL,NULL,NULL,NULL,0% RHA: 55; 5% RHA: 41; 10% RHA: 32; 15% RHA: 29; 20% RHA: 24,min,TABLE,"Table 5: ""Initial setting time (min)"": 0% (55), 5% (41), 10% (32), 15% (29), 20% (24).",0% RHA: 141; 5% RHA: 136; 10% RHA: 130; 15% RHA: 125; 20% RHA: 118,min,TABLE,"Table 5: ""Final setting time (min)"": 0% (141), 5% (136), 10% (130), 15% (125), 20% (118).",28-day (0% RHA): 2.11; 28-day (10% RHA): 2.53; 28-day (15% RHA): 1.94,N/mm²,TABLE,"Table 10: ""Flexural strength for 28 days in N/mm2"": 0% replacement (2.11), 10% replacement (2.53), 15% replacement (1.94).",10% RHA: 19.9%; 15% RHA: -8.06%,%,TABLE,"Table 10: ""Percentage change from 0% RHA"": 10% replacement (19.9%), 15% replacement (-8.06%).",NULL,NULL,NULL,NULL,NULL,NULL,NULL,NULL
Analysis of the effects of rice husk ash on the hydration of cementitious materials,"Ki-Bong Park, Seung-Jun Kwon, Xiao-Yong Wang",Construction and Building Materials,2016,http://dx.doi.org/10.1016/j.conbuildmat.2015.12.086,Rice husk ash (RHA),Unitless,TEXT,Rice husk ash (RHA) is a highly reactive pozzolanic material...,Rice husk,Unitless,TEXT,"The rice husk, which is an agricultural waste material from Vietnam...",Burning in a drum incinerator and grinding in a vibration ball mill,Unitless,TEXT,...was burned in a drum incinerator developed by the Pakistan Council of Specific and Industrial Research (PCSIR). The obtained ash was ground in a vibration ball mill for 45 min.,Burned in PCSIR drum incinerator; ground in a vibration ball mill for 45 min,Unitless,TEXT,...burned in a drum incinerator developed by the Pakistan Council of Specific and Industrial Research (PCSIR). The obtained ash was ground in a vibration ball mill for 45 min.,Mechanical activation (Grinding),Unitless,TEXT,The obtained ash was ground in a vibration ball mill for 45 min.,Ground in a vibration ball mill for 45 min,Unitless,TEXT,The obtained ash was ground in a vibration ball mill for 45 min.,NULL,NULL,TEXT,NULL,NULL,NULL,TEXT,NULL,NULL,NULL,TEXT,NULL,Vibration ball mill,Unitless,TEXT,The obtained ash was ground in a vibration ball mill for 45 min.,45,min,TEXT,...ground in a vibration ball mill for 45 min.,NULL,NULL,TEXT,NULL,NULL,NULL,TEXT,NULL,"0.18, 0.25, 0.40",Unitless,TEXT,"Three main water-binder ratios of 0.18, 0.25 and 0.40 with different amounts of rice husk ash additions, 10% and 20%, were examined...",NULL,NULL,TEXT,NULL,NULL,NULL,TEXT,NULL,NULL,NULL,TEXT,NULL,NULL,NULL,TEXT,NULL,7.3 (for w/b 0.25 and 0.4); 5.6 (for w/b 0.18),?m,TEXT / TABLE,"Table 1: ""Mean particle size (?m): 7.3""; Text: ""For the specimens with water-binder ratios of 0.4 and 0.25, the mean particle size of the used RHA is 7.3 ?m and for the specimens with water-binder ratios of 0.18, the mean particle size of used RHA is 5.6 ?m.""",NULL,NULL,TEXT,NULL,NULL,NULL,TEXT,NULL,NULL,NULL,TABLE,"Table 1 gives Blaine fineness of 4500 cm²/g specifically for Cement, while the RHA cell for Blaine fineness is empty/unreported.",NULL,NULL,TEXT,NULL,2.10,g/cm³,TABLE,"Table 1: ""Specific gravity (g/cm³): 2.10""",NULL,NULL,TEXT,NULL,87.96,% by weight,TABLE,"Table 1: ""SiO2: 87.96""",1.14,% by weight,TABLE,"Table 1: ""CaO: 1.14""",0.30,% by weight,TABLE,"Table 1: ""Al2O3: 0.30""",0.52,% by weight,TABLE,"Table 1: ""Fe2O: 0.52""",NULL,NULL,TEXT,NULL,0.47,% by weight,TABLE,"Table 1: ""SO3: 0.47""",NULL,NULL,TABLE,"Table 1 reports Na2O value only for Cement (0.3), not reported for RHA.",3.29,% by weight,TABLE,"Table 1: ""K2O: 3.29""",3.81,% by weight,TABLE,"Table 1: ""Loss on ignition (LOI): 3.81""",NULL,NULL,TEXT,NULL,Amorphous silica,Unitless,TEXT,It consists essentially of silica in the amorphous form.,Amorphous SiO2,Unitless,TEXT,The RHA is a highly pozzolanic material with a large amount of amorphous SiO2.,"80, 85, 90 (used in simulation study: ?s = 0.8, 0.85, 0.9)",%,TEXT / GRAPH/FIGURE,"...and the amorphous phase of RHA (?s) may vary between 0.8, 0.85, and 0.9.",Highly reactive pozzolanic material,Unitless,TEXT,Rice husk ash (RHA) is a highly reactive pozzolanic material...,NULL,NULL,TEXT,NULL,NULL,NULL,TEXT,NULL,NULL,NULL,TEXT,NULL,"Reaction degree of RHA (?RHA) at 2500 hours: ~0.42 (w/b 0.4, 20% RHA), ~0.36 (w/b 0.25, 20% RHA), ~0.21 (w/b 0.18, 20% RHA)",Unitless,GRAPH/FIGURE,Figure 5-1: Reaction degree curves of rice husk ash versus time up to 2500 hours for different water-binder ratios (GRAPH-DERIVED).,"0%, 10%, 20%",% by weight,TEXT / TABLE,"Table 2 & Section 4: ""Three main water-binder ratios of 0.18, 0.25 and 0.40 with different amounts of rice husk ash additions, 10% and 20%, were examined...""",NULL,NULL,TEXT,NULL,"w/b 0.18 (0% RHA): ~125 MPa (1d), ~135 MPa (3d), ~160 MPa (28d), ~172 MPa (91d); w/b 0.18 (10% RHA): ~135 MPa (1d), ~152 MPa (3d), ~165 MPa (28d), ~178 MPa (91d); w/b 0.18 (20% RHA): ~120 MPa (1d), ~141 MPa (3d), ~175 MPa (28d), ~186 MPa (91d)",MPa,GRAPH/FIGURE,Figure 9: Experimental compressive strength datapoints for w/b 0.18 mixes at different ages (GRAPH-DERIVED).,NULL,NULL,TEXT,NULL,NULL,NULL,TEXT,NULL,NULL,NULL,TEXT,NULL,NULL,NULL,TEXT,NULL,NULL,NULL,TEXT,NULL,NULL,NULL,TEXT,NULL,NULL,NULL,TEXT,NULL,NULL,NULL,TEXT,NULL,NULL,NULL,TEXT,NULL
The Effect of Incineration Temperature to the Chemical and Physical Properties of Ultrafine Treated Rice Husk Ash (UFTRHA) as Supplementary Cementing Material (SCM),"Siti Asmahani Saad, Muhd Fadhil Nuruddin, Nasir Shafiq, and Maisarah Ali",Procedia Engineering,2016,10.1016/j.proeng.2016.06.515,Ultrafine treated rice husk ash (UFTRHA) / treated rice husk ash / pretreated rice husk ash,-,TEXT,The Effect of Incineration Temperature to the Chemical and Physical Properties of Ultrafine Treated Rice Husk Ash (UFTRHA) as Supplementary Cementing Material (SCM),Raw rice husk,-,TEXT,"Raw rice husk was obtained from local rice factory (BERNAS) located in Sungai Ranggam, Perak.","Thermochemical pretreatment using 0.1N hydrochloric acid (HCl), oven drying, conventional laboratory furnace incineration, and mechanical milling using planetary ball mill",-,TEXT,"Raw rice husk was pretreated using 0.1N hydrochloric acid (HCl) and heated at 80°C. After that, the pretreated rice husk was mechanically activated by high energy planetary ball mill for 15 minutes at speed of 300rpm and ball-to-powder ratio (BPR) of 15:1.",Incineration temperatures: 700°C and 800°C; Retention time: 1 hour; Drying temperature: 110°C,-,TEXT,The samples were washed using distilled water until it neutral pH obtained and dried using laboratory oven at 110°C It was then burned by using conventional furnace in laboratory. The burning process was done at 700°C and 800°C with 1 hour retention time.,Thermochemical pretreatment and mechanical activation,-,TEXT,"In this regard, improvement on the RHA properties by introduction of thermochemical pretreatment prior to burning procedure is seen as an excellent way to reach the goal. / Raw rice husk was pretreated using 0.1N hydrochloric acid (HCl) and heated at 80°C. After that, the pretreated rice husk was mechanically activated by high energy planetary ball mill...",HCl concentration: 0.1N; Pretreatment heating temperature: 80°C; Pretreatment soaking duration: 1 to 4 hours; Milling duration: 15 minutes; Rotation speed: 300 rpm; Ball-to-powder ratio (BPR): 15:1,-,TEXT,Raw rice husk was pretreated using 0.1N hydrochloric acid (HCl) and heated at 80°C. / The ultrafine treated rice husk ash (UFTRHA) was then ground using planetary ball mill for 15 minutes with ball-to-powder ratio (BPR) of 15:1 and rotation speed at 300rpm. / Table 1. Chemical composition of ultrafine treated rice husk ash (UFTRHA) pretreated for 4 hours... / Table 2. Particle size analysis of UFTRHA at different burning temperature for 1 to 3 hours of soaking time.,NULL,NULL,NULL,NULL,"700°C, 800°C",°C,TEXT,The burning process was done at 700°C and 800°C with 1 hour retention time.,1 hour,hour,TEXT,The burning process was done at 700°C and 800°C with 1 hour retention time.,High energy planetary ball mill,-,TEXT,...the pretreated rice husk was mechanically activated by high energy planetary ball mill...,15,minutes,TEXT,...for 15 minutes at speed of 300rpm and ball-to-powder ratio (BPR) of 15:1.,300,rpm,TEXT,...for 15 minutes at speed of 300rpm and ball-to-powder ratio (BPR) of 15:1.,"Pretreatment soaking duration: 1 hour, 2 hours, 3 hours, 4 hours; Pretreatment heating temperature: 80°C; Ball-to-powder ratio (BPR): 15:1",-,TEXT,The specimens were soaked in the acid solution at specific soaking duration. / Table 1 & Table 2 evidence.,NULL,NULL,NULL,NULL,"D10: 1.434, 1.377, 1.436, 1.181, 1.417, 1.641; D50: 4.552, 4.798, 4.508, 4.521, 4.493, 4.501; D90: 13.996, 15.470, 14.334, 17.637, 14.884, 15.331",µm,TABLE,Table 2. Particle size analysis of UFTRHA at different burning temperature for 1 to 3 hours of soaking time.,"1.434 (1h soaking, 700°C); 1.377 (1h soaking, 800°C); 1.436 (2h soaking, 700°C); 1.181 (2h soaking, 800°C); 1.417 (3h soaking, 700°C); 1.641 (3h soaking, 800°C)",µm,TABLE,Table 2. Particle size analysis of UFTRHA at different burning temperature for 1 to 3 hours of soaking time.,"4.552 (1h soaking, 700°C); 4.798 (1h soaking, 800°C); 4.508 (2h soaking, 700°C); 4.521 (2h soaking, 800°C); 4.493 (3h soaking, 700°C); 4.501 (3h soaking, 800°C)",µm,TABLE,Table 2. Particle size analysis of UFTRHA at different burning temperature for 1 to 3 hours of soaking time.,"13.996 (1h soaking, 700°C); 15.470 (1h soaking, 800°C); 14.334 (2h soaking, 700°C); 17.637 (2h soaking, 800°C); 14.884 (3h soaking, 700°C); 15.331 (3h soaking, 800°C)",µm,TABLE,Table 2. Particle size analysis of UFTRHA at different burning temperature for 1 to 3 hours of soaking time.,NULL,NULL,NULL,NULL,NULL,NULL,NULL,NULL,NULL,NULL,NULL,NULL,NULL,NULL,NULL,NULL,NULL,NULL,NULL,NULL,NULL,NULL,NULL,NULL,NULL,NULL,NULL,NULL,97.00 (700°C); 80.10 (800°C),%,TABLE,Table 1. Chemical composition of ultrafine treated rice husk ash (UFTRHA) pretreated for 4 hours at various burning temperature.,0.46 (700°C); 0.48 (800°C),%,TABLE,Table 1. Chemical composition of ultrafine treated rice husk ash (UFTRHA) pretreated for 4 hours at various burning temperature.,0.09 (700°C); NULL (800°C),%,TABLE,Table 1. Chemical composition of ultrafine treated rice husk ash (UFTRHA) pretreated for 4 hours at various burning temperature.,0.25 (700°C); 13.70 (800°C),%,TABLE,Table 1. Chemical composition of ultrafine treated rice husk ash (UFTRHA) pretreated for 4 hours at various burning temperature.,NULL (700°C); 0.89 (800°C),%,TABLE,Table 1. Chemical composition of ultrafine treated rice husk ash (UFTRHA) pretreated for 4 hours at various burning temperature.,NULL,NULL,TABLE,Table 1. Chemical composition of ultrafine treated rice husk ash (UFTRHA) pretreated for 4 hours at various burning temperature.,NULL,NULL,TABLE,Table 1. Chemical composition of ultrafine treated rice husk ash (UFTRHA) pretreated for 4 hours at various burning temperature.,0.11 (700°C); 2.07 (800°C),%,TABLE,Table 1. Chemical composition of ultrafine treated rice husk ash (UFTRHA) pretreated for 4 hours at various burning temperature.,NULL,NULL,NULL,NULL,"P2O5: 1.63 (700°C), 2.12 (800°C); MnO: NULL (700°C), 0.24 (800°C); ZrO2: 0.25 (700°C), 0.12 (800°C)",%,TABLE,Table 1. Chemical composition of ultrafine treated rice husk ash (UFTRHA) pretreated for 4 hours at various burning temperature.,NULL,NULL,NULL,NULL,NULL,NULL,NULL,NULL,97.00,%,TEXT,As for amorphous silica content of the optimum sample was recorded as 97.00% incinerated at 700°C with three hours of pretreatment soaking duration.,NULL,NULL,NULL,NULL,NULL,NULL,NULL,NULL,NULL,NULL,NULL,NULL,NULL,NULL,NULL,NULL,NULL,NULL,NULL,NULL,NULL,NULL,NULL,NULL,NULL,NULL,NULL,NULL,NULL,NULL,NULL,NULL,NULL,NULL,NULL,NULL,NULL,NULL,NULL,NULL,NULL,NULL,NULL,NULL,NULL,NULL,NULL,NULL,NULL,NULL,NULL,NULL,NULL,NULL,NULL,NULL,NULL,NULL,NULL,NULL,NULL,NULL,NULL,NULL,NULL,NULL,NULL,NULL
Properties of bacterial rice husk ash concrete,"Rafat Siddique, Karambir Singh, Kunal, Malkit Singh, Valeria Corinaldesi, Anita Rajor",Construction and Building Materials,2016,http://dx.doi.org/10.1016/j.conbuildmat.2016.05.146,Rice husk ash (RHA),NULL,TEXT,Influence of bacteria on the properties of concrete made with rice husk ash (RHA) is presented in this paper.,"KGR Agro Fusions Private Limited, Ludhiana, Punjab (India)",NULL,TEXT,"Rice husk ash (RHA) was collected from KGR Agro Fusions Private Limited, Ludhiana, Punjab (India).",NULL,NULL,NULL,NULL,NULL,NULL,NULL,NULL,NULL,NULL,NULL,NULL,NULL,NULL,NULL,NULL,NULL,NULL,NULL,NULL,NULL,NULL,NULL,NULL,NULL,NULL,NULL,NULL,NULL,NULL,NULL,NULL,NULL,NULL,NULL,NULL,NULL,NULL,NULL,NULL,NULL,NULL,NULL,NULL,0.5,NULL,TABLE,"Table 1 ""Mix proportions."" W/C ratio column lists ""0.5"" for all mixes.",NULL,NULL,NULL,NULL,NULL,NULL,NULL,NULL,NULL,NULL,NULL,NULL,NULL,NULL,NULL,NULL,NULL,NULL,NULL,NULL,NULL,NULL,NULL,NULL,NULL,NULL,NULL,NULL,NULL,NULL,NULL,NULL,NULL,NULL,NULL,NULL,NULL,NULL,NULL,NULL,NULL,NULL,NULL,NULL,90.4,%,TEXT,Chemical analysis of RHA showed high content of amorphous silica (90.4%)...,NULL,NULL,NULL,NULL,1.7,%,TEXT,...consists of fine spherical particles along with small amounts of aluminum (1.7%)...,1.6,%,TEXT,...iron (1.6%)...,0.7,%,TEXT,...magnesium (0.7%)...,NULL,NULL,NULL,NULL,NULL,NULL,NULL,NULL,NULL,NULL,NULL,NULL,NULL,NULL,NULL,NULL,alkali oxides: 3.2%,%,TEXT,...alkali oxides (3.2%) and trace elements.,amorphous silica,NULL,TEXT,Chemical analysis of RHA showed high content of amorphous silica (90.4%)...,NULL,NULL,NULL,NULL,90.4,%,TEXT,Chemical analysis of RHA showed high content of amorphous silica (90.4%)...,reactive pozzolanic material,NULL,TEXT,RHA behaves as a reactive pozzolanic material because of its extreme surface fineness and high silica content,NULL,NULL,NULL,NULL,NULL,NULL,NULL,NULL,NULL,NULL,NULL,NULL,NULL,NULL,NULL,NULL,"0, 5, 10, 15, 20",%,TEXT,"In the control concrete, cement was partially replaced with (0%, 5%, 10%, 15% and 20% by weight) RHA.",10,%,TEXT,"However, best performance was achieved with 10% RHA wherein 28-d compressive strength was 36.1 MPa, and with bacteria, it was 40.0 MPa.","Without Bacteria:
• R0: 22.5 (7 d), 32.8 (28 d), 36.5 (56 d)
• R5: 23.4 (7 d), 34.2 (28 d), 39.0 (56 d)
• R10: 24.3 (7 d), 36.1 (28 d), 41.4 (56 d)
• R15: 22.5 (7 d), 35.3 (28 d), 39.9 (56 d)
• R20: 20.8 (7 d), 33.1 (28 d), 38.0 (56 d)
With Bacteria (10^5 cells/mL):
• BR0: 23.4 (7 d), 35.8 (28 d), 40.8 (56 d)
• BR5: 24.5 (7 d), 38.0 (28 d), 43.0 (56 d)
• BR10: 25.8 (7 d), 40.0 (28 d), 46.8 (56 d)
• BR15: 24.1 (7 d), 38.5 (28 d), 44.0 (56 d)
• BR20: 21.3 (7 d), 36.3 (28 d), 42.2 (56 d)",MPa,MULTIPLE SOURCES,"• Text: ""Control concrete mix was designed to have 28-d compressive strength of 32.8 MPa""
• Text: ""...wherein 28-d compressive strength was 36.1 MPa, and with bacteria, it was 40.0 MPa.""
• Figure 2(a) and 2(b): Compressive strength values at 7, 28, and 56 days for mixtures R0–R20 and BR0–BR20.","• R10 vs Control: +8.7% (7 d), +10% (28 d), +13.4% (56 d)
• BR10 vs Control (R0): +10.2% (7 d), +11.8% (28 d), +14.7% (56 d)
• BR10 vs R10: +6.2% (7 d), +10.7% (28 d), +13% (56 d)
• Bacterial concrete overall vs Control: +9% (28 d), +11.8% (56 d)",%,TEXT,"• Text: ""The increase in compressive strength of concrete mixture R10 was by 8.7%, 10% and 13.4% with respect to control concrete at the ages of 7, 28 and 56 d.""
• Text: ""Comparison to control concrete, concrete mixture containing 10% RHA and bacterial cells displayed 10.2%, 11.8% and 14.7% higher compressive strength at 7, 28 and 56 d, respectively.""
• Text: ""Similarly, increase in strength of bacterial concrete mixture BR10 was 6.2%, 10.7% and 13% with respect to concrete mixture R10 at the age of 7, 28 and 56 d, respectively.""
• Text: ""Increase in compressive strength by 9% and 11.8% at the age of 28 and 56 d was observed in bacterial concrete compared to control...""",NULL,NULL,NULL,NULL,NULL,NULL,NULL,NULL,NULL,NULL,NULL,NULL,NULL,NULL,NULL,NULL,NULL,NULL,NULL,NULL,NULL,NULL,NULL,NULL,NULL,NULL,NULL,NULL,NULL,NULL,NULL,NULL
To Study Strength Characteristics of Concrete with Rice Husk Ash,"Paramveer Singh, Tarunbir Singh, Gurpreet Singh",Indian Journal of Science and Technology,2016,10.17485/ijst/2016/v9i47/105272,Rice Husk Ash (RHA),NULL,TEXT,"In present study, RHA is replaced with cement partially to visualize the mechanical properties of concrete...",Rice Sheller,NULL,TEXT,RHA used for experimentation is collected from Rice Sheller...,Processed to size less than 45 microns,NULL,TEXT,...and processed to size less than 45 microns to be replaced with cement.,Size less than 45 microns,?m,TEXT,...processed to size less than 45 microns...,NULL,NULL,NULL,NULL,NULL,NULL,NULL,NULL,NULL,NULL,NULL,NULL,NULL,NULL,NULL,NULL,NULL,NULL,NULL,NULL,NULL,NULL,NULL,NULL,NULL,NULL,NULL,NULL,NULL,NULL,NULL,NULL,NULL,NULL,NULL,NULL,0.40,NULL,TEXT,...with 0.40 water -cement ratio.,NULL,NULL,NULL,NULL,NULL,NULL,NULL,NULL,NULL,NULL,NULL,NULL,NULL,NULL,NULL,NULL,Less than 45,?m,TEXT,...processed to size less than 45 microns...,NULL,NULL,NULL,NULL,NULL,NULL,NULL,NULL,NULL,NULL,NULL,NULL,NULL,NULL,NULL,NULL,2.3,NULL,TEXT,The specific gravity found to be 2.3.,NULL,NULL,NULL,NULL,NULL,NULL,NULL,NULL,NULL,NULL,NULL,NULL,NULL,NULL,NULL,NULL,NULL,NULL,NULL,NULL,NULL,NULL,NULL,NULL,NULL,NULL,NULL,NULL,NULL,NULL,NULL,NULL,NULL,NULL,NULL,NULL,NULL,NULL,NULL,NULL,NULL,NULL,NULL,NULL,NULL,NULL,NULL,NULL,NULL,NULL,NULL,NULL,NULL,NULL,NULL,NULL,NULL,NULL,NULL,NULL,NULL,NULL,NULL,NULL,NULL,NULL,NULL,NULL,NULL,NULL,NULL,NULL,NULL,NULL,NULL,NULL,"5, 10, 15, 20",%,TEXT,"The cement is to be replaced (by weight) with rice husk ash by 5%, 10%, 15% and 20% to get optimized results.",10 (Compressive Strength and Flexural Strength); 5 (Split Tensile Strength),%,TEXT,"Optimum content for compressive strength and flexure strength is 10% replacement with cement with rice husk ash after that strength start decreasing suddenly, for split tensile strength optimum content is 5%...","7 Days: CM = 33.24, M-RHA5 = 34.67, M-RHA10 = 32.89, M-RHA15 = 31.11, M-RHA20 = 30.22; 28 Days: CM = 47.47, M-RHA5 = 48.53, M-RHA10 = 46.8, M-RHA15 = 40.53, M-RHA20 = 33.78",N/mm²,GRAPH/FIGURE,Figure 1. Average compressive strength after 7 days and 28 days in N/mm².,28 Days: M-RHA5 increased by 2.1%; M-RHA10 decreased by 1.4%; M-RHA15 decreased by 14.6%; M-RHA20 decreased by 28.8%,%,TEXT,Compressive strength for 5% replacement i.e. M-RHA5 increased by 2.1% as compared with control mix after 28 days testing and for 10% replacement i.e. M-RHA10 decreased by 1.4% as compared with control mix after 28 days testing and it decreases for M-RHA15 and M-RHA20 mixes by 14.6% and 28.8% respectively.,NULL,NULL,NULL,NULL,NULL,NULL,NULL,NULL,NULL,NULL,NULL,NULL,NULL,NULL,NULL,NULL,"7 Days: CM = 3.9, M-RHA5 = 4.25, M-RHA10 = 3.5, M-RHA15 = 3.15, M-RHA20 = 2.5; 28 Days: CM = 4.9, M-RHA5 = 5.5, M-RHA10 = 4.72, M-RHA15 = 3.9, M-RHA20 = 3.15",N/mm²,GRAPH/FIGURE,Figure 3. Flexural Strength after 7 days and 28 days in N/mm².,28 Days: M-RHA5 increased by 10.9% (or 12%); M-RHA10 decreased by 3% (or 3.6%); M-RHA15 decreased by 20.4%; M-RHA20 decreased by 35.7%,%,TEXT,"...it is increased by 10.9% for M-RHA5 mix and then start decreasing for M-RHA10 by 3% as compared with control mix."" and ""For M-RHA5, flexure strength increases by 12 % and beyond that it starts decreasing. For M-RHA10 decreases by 3.6%... and further decreasing for M-RHA15 and M-RHA20 is 20.4% and 35.7% respectively.",NULL,NULL,NULL,NULL,NULL,NULL,NULL,NULL
Structure and properties of mortar and concrete with rice husk ash as partial replacement of ordinary Portland cement A review,"Fapohunda Christopher, Akinbile Bolatito, Shittu Ahmed",International Journal of Sustainable Built Environment,2017,http://dx.doi.org/10.1016/j.ijsbe.2017.07.004,Rice husk ash (RHA),NULL,TEXT,"""...rice husk ash (RHA)...""",Rice husk,NULL,TEXT,"""Rice husk ash (RHA) is a material produced by the burning of rice husk...""",Incineration under controlled conditions / controlled incineration,NULL,TEXT,"""...the RHA in the amorphous form of silica with has the potential to be used for structural concrete is produced through controlled incineration conditions (temperature and duration).""",Burning temperature range of 500–700 °C / 600–700 °C,°C,TEXT,"""Nair et al. (2008) were of the opinion that the highest amorphous silica could be obtained by burning the rice husk at the temperature ranges of 500–700 °C. But Hwang and Chandra (2016) concluded that the pozzolanic reaction of ash formed at temperature between 600 and 700 °C should also be greatest.""",Grinding / Mechanical grinding,NULL,TEXT,"""In addition, the specific surface area of RHA increases with fineness or degree of grinding...""",Grinding to high specific surface area up to 7000 cm²/g or median particle size below 45 µm / 8 µm,cm²/g / µm,TEXT,"""...highest pozzolanic activities were achieved when the more reactive RHA was ground to 7000 cm2/g.""",NULL,NULL,NULL,NULL,500–700 °C (also noted up to 750 °C in Table 1),°C,TABLE,"""...constant furnace combustion temperature at 500-700 °C..."" / ""The authors produced RHA at various temperatures rate such as 550, 600, 650, 700 and 750 °C...""","30, 60, and 90 min (also 2 h, 2 days batch in Table 1)",min / h / days,TABLE,"""...duration of burning time 30, 60 and 90 min, respectively.""",Los Angeles grinding machine / Grinding,NULL,TABLE,"""...improved the fineness of cooled incinerated ash using Los Angeles grinding machine""","30 min, 60 min, 360 min",min,TABLE,"""Although grinding for 30 min produced good result, grinding for 60 min or more is recommended..."" / ""...for a grinding time 360 min""",NULL,NULL,NULL,NULL,Acid pretreatment / Hydrochloric acid pretreatment,NULL,TEXT,"""Feng, Q., Yamamichi, H., Shoya, M., Sugita, S., 2004. Study on the pozzolanic properties of rice husk ash by hydrochloric acid pretreatment.""","0.18, 0.25, 0.30, 0.32, 0.33, 0.34, 0.35, 0.40, 0.43, 0.50, 0.53, 0.59, 0.60, 0.68, 0.75",NULL,MULTIPLE SOURCES,"Reported across text, figures, and Table 6 (e.g., w/b = 0.25 and 0.40 in Fig. 5; 0.18–0.75 in Table 6)","Micro-pores; micropores (<2 nm), mesopores (2–50 nm), macropores (>50 nm)",nm,TEXT,"""...pore size distribution in RHA particles determined by Barrett-Joyner-Halenda (BJH) contains macropores (> 50 nm), mesopores (2-50 nm), and micropores (< 2 nm).""",NULL,NULL,NULL,NULL,"8 µm, 5.6 µm, 5 µm, 95 µm",µm,TEXT,"""...median particle size of about 8um is required...""; ""...particle size below 5.6 µm.""; ""average particle size 5 µm"" / ""95 µm""",NULL,NULL,NULL,NULL,"<11.5 µm, <45 µm",µm,MULTIPLE SOURCES,"""...particle sizes of RHA should less than 11.5 µm...""; ""...particle size below 45 µm in size...""","0.5–2.1, 76–122, 100–150, 6–10, <5",m²/g,TABLE,Table 2 reports values ranging from 0.5 to 150 m²/g depending on temperature.,NULL,NULL,NULL,NULL,7000,cm²/g,TEXT,"""...highest pozzolanic activities were achieved when the more reactive RHA was ground to 7000 cm2/g.""",Higher water absorption / increased water demand (up to 100% higher water demand),%,TEXT,"""The water demand could be as high as 100% (Rashid, 2016).""",2.05–2.53,NULL,TEXT,"""...specific gravity of RHA varies in the range of 2.05-2.53...""",NULL,NULL,NULL,NULL,67.0–97.53 (Individual study values in Table 3 range from 73.60 to 97.53; overall range 67–97 in Table 4),%,MULTIPLE SOURCES,Table 3 and Table 4 report oxide compositions across multiple researchers and countries.,0.06–6.0 (Individual study values in Table 3 range from 0.22 to 3.30; country values in Table 4 up to 6.0),%,MULTIPLE SOURCES,Table 3 and Table 4,0.07–6.19 (Traces to 6.19 in Table 3; 0.15–5.0 in Table 4),%,MULTIPLE SOURCES,Table 3 and Table 4,0.06–3.65 (Table 3 reports 0.10 to 3.65; Table 4 reports 0.06 to 2.8),%,MULTIPLE SOURCES,Table 3 and Table 4,0.10–1.81 (Table 3 reports 0.10 to 1.58; Table 4 reports 0.1 to 1.81),%,MULTIPLE SOURCES,Table 3 and Table 4,0.01–1.54 (Table 3 reports 0.01 to 1.21; Table 4 reports 0 to 1.54),%,MULTIPLE SOURCES,Table 3 and Table 4,0.00–1.15 (Table 3 reports 0.00 to 1.12; Table 4 reports 0 to 1.15),%,MULTIPLE SOURCES,Table 3 and Table 4,0.04–4.73 (Table 3 reports 0.04 to 4.73; Table 4 reports 0 to 3.84),%,MULTIPLE SOURCES,Table 3 and Table 4,0.25–22.90 (Table 3 reports 0.25 to 22.90; Table 4 reports up to 17.78),%,MULTIPLE SOURCES,Table 3 and Table 4,Sum of SiO2+Al2O3+Fe2O3 (SAF): 70.0–98.8,%,MULTIPLE SOURCES,Table 3 and Table 4 column SAF,"Amorphous, non-crystalline, partially crystalline, crystalline (coral-shaped crystals)",NULL,TABLE,Table 2 structure descriptions,Silica ash (predominantly silica SiO2),%,TEXT,"""Initially, the rice husk contains about 50% cellulose, 25-30% lignin, and 15-20% of silica. Upon burning, cellulose and lignin are removed, leaving behind silica ash.""",High amorphous silica content of about 97.4% (or highest amorphous silica obtained at 500–700 °C),%,TABLE,"""...produce about 20-25 kg of RHA within a burning period of two days... high amount amorphous silica content about 97.4%""",High pozzolanic activity; reactive under alkaline conditions,NULL,TEXT,"""...the nature of RHA silica is predominantly amorphous, and thus reactive under alkaline conditions...""",100%,%,TEXT,"""...median particle size of about 8um is required to achieve pozzolanic activity index of 100 percent.""",SAI / Accelerated pozzolanic strength reactivity index (API) evaluated,NULL,TEXT,"""...rapid evaluation of pozzolanic activity by conductivity measurement, accelerated pozzolanic strength reactivity index (API), strength activity index (SAI) and Frattini test method...""",Heat produced at early age hydration / stimulates early hydration heat,NULL,TEXT,"""...the addition of RHA stimulates the hydration of cement at early age, and hence more heat and more CH in the RHA-blended cement paste are produced.""","Frattini test method, conductivity measurement",NULL,TEXT,"""...rapid evaluation of pozzolanic activity by conductivity measurement... and Frattini test method...""","0%, 5%, 10%, 12%, 15%, 20%, 25%, 30%, 40%, 50%",%,MULTIPLE SOURCES,"Compiled across Fig. 3, Fig. 5, Fig. 6, Fig. 7, Table 6, and Section 7.4","10% (up to 10% replacement cited as general optimal for comparable strength; individual studies report optimums of 10%, 15%, 20%, or 30% in Table 6)",%,MULTIPLE SOURCES,"""...up to 10% cement replacement with RHA will result in strength development comparable to the control specimens..."" and Table 6","Values up to >100 MPa (GRAPH-DERIVED from Fig. 6: OPC ~75–98 MPa, RHA10 ~80–110 MPa, RHA15 ~82–108 MPa, RHA20 ~80–105 MPa across 1–100 days)",MPa,GRAPH/FIGURE,"Fig. 6 ""Effect of RHA on the Compressive Strength of Concrete (Mahmud et al., 2016)""",Higher than control at later ages (90 days and above); comparable or slightly higher up to 10–20% replacement level,%,TEXT,"""...later days (curing age of 90 days and above) compressive strength of concrete with RHA is higher than the control specimens...""",NULL,NULL,NULL,NULL,NULL,NULL,NULL,NULL,"Increased with RHA (GRAPH-DERIVED from Fig. 3: IST increases from ~150–220 min at 0% RHA to ~300–450 min at 50% RHA across OPC grades 33, 43, 53)",Minutes,GRAPH/FIGURE,"Fig. 3 ""Variation of Setting Times with increase in RHA (Marthong, 2012)""","Increased with RHA (GRAPH-DERIVED from Fig. 3: FST increases from ~280–350 min at 0% RHA to ~550–850 min at 50% RHA across OPC grades 33, 43, 53)",Minutes,GRAPH/FIGURE,"Fig. 3 ""Variation of Setting Times with increase in RHA (Marthong, 2012)""",Increased by 6–15% compared to corresponding mixes without RHA,%,TEXT,"""...flexural tensile strength of the concrete mixes with RHA increased by 6-15% compared to the corresponding mixes without RHA.""",106%–115%,%,TEXT,"""...flexural tensile strength of the concrete mixes with RHA increased by 6-15% compared to the corresponding mixes without RHA.""",Drastic reduction in drying shrinkage with progressive increase in RHA replacement level,NULL,TEXT,"""...drastic reduction in drying shrinkage when RHA is used as partial replacement of cement in concrete, when compared with specimens without RHA...""",NULL,NULL,NULL,NULL
Optimal Raw Material Mix for the Production of Rice Husk Ash Blended Cement,Akeem Ayinde Raheem and Mutiu Abiodun Kareem,International Journal of Sustainable Construction Engineering & Technology,2017,NULL,Rice Husk Ash (RHA),NULL,TEXT,"""In this study, the optimization of Rice Husk Ash (RHA) blended cement in a cement factory was carried out.""",Rice husk collected from Rice Milling Industries in Ogbomoso (Oyo State),NULL,TEXT,"""Locally available rice husk in Nigeria was collected from Rice Milling Industries in Ogbomoso (Oyo State).""","Burning dried rice husks using a mud kiln, followed by cooling and sieving through a 45µm sieve",NULL,TEXT,"""RHA was produced by burning dried rice husks using the mud kiln... The ash was sieved after it has cooled down using 45µm sieve...""",Temperature increasing to 600°C in about 8 h; sieved using 45µm sieve,"°C, h, µm",TEXT,"""The burning process continued with the temperature (measured with the aid of Thermocouple) increasing to 600°C in about 8 h, when the rice husk turned to ash [21]. The ash was sieved after it has cooled down using 45µm sieve...""",Thermal (Burning in mud kiln),NULL,TEXT,"""RHA was produced by burning dried rice husks using the mud kiln...""",Temperature up to 600°C for ~8 h,"°C, h",TEXT,"""increasing to 600°C in about 8 h""",NULL,NULL,NULL,NULL,600,°C,TEXT,"""increasing to 600°C in about 8 h""",8,h,TEXT,"""increasing to 600°C in about 8 h""",NULL,NULL,NULL,NULL,NULL,NULL,NULL,NULL,NULL,NULL,NULL,NULL,Sieved using 45µm sieve,µm,TEXT,"""The ash was sieved after it has cooled down using 45µm sieve""",NULL,NULL,NULL,NULL,NULL,NULL,NULL,NULL,NULL,NULL,NULL,NULL,NULL,NULL,NULL,NULL,NULL,NULL,NULL,NULL,NULL,NULL,NULL,NULL,NULL,NULL,NULL,NULL,NULL,NULL,NULL,NULL,NULL,NULL,NULL,NULL,NULL,NULL,NULL,NULL,NULL,NULL,NULL,NULL,NULL,NULL,NULL,NULL,"81.04, 86.51, 78.87 (Average: 82.14)",%,TABLE,"Table 3: ""SiO2: Sample 1 = 81.04, Sample 2 = 86.51, Sample 3 = 78.87, Average = 82.14""","1.60, 0.71, 1.33 (Average: 1.21)",%,TABLE,"Table 3: ""CaO: Sample 1 = 1.60, Sample 2 = 0.71, Sample 3 = 1.33, Average = 1.21""","0.61, 1.80, 1.61 (Average: 1.34)",%,TABLE,"Table 3: ""Al2O3: Sample 1 = 0.61, Sample 2 = 1.80, Sample 3 = 1.61, Average = 1.34""","0.60, 1.01, 2.20 (Average: 1.27)",%,TABLE,"Table 3: ""Fe2O3: Sample 1 = 0.60, Sample 2 = 1.01, Sample 3 = 2.20, Average = 1.27""","1.53, 2.11, 2.25 (Average: 1.96)",%,TABLE,"Table 3: ""MgO: Sample 1 = 1.53, Sample 2 = 2.11, Sample 3 = 2.25, Average = 1.96""","0.03, 0.02, 0.45 (Average: 0.17)",%,TABLE,"Table 3: ""SO3: Sample 1 = 0.03, Sample 2 = 0.02, Sample 3 = 0.45, Average = 0.17""","0.16, 0.05, 0.21 (Average: 0.14)",%,TABLE,"Table 3: ""Na2O: Sample 1 = 0.16, Sample 2 = 0.05, Sample 3 = 0.21, Average = 0.14""","2.35, 1.89, 2.03 (Average: 2.09)",%,TABLE,"Table 3: ""K2O: Sample 1 = 2.35, Sample 2 = 1.89, Sample 3 = 2.03, Average = 2.09""",NULL,NULL,NULL,NULL,"P?O?: 9.87, 4.20, 5.26 (Average: 6.44)",%,TABLE,"Table 3: ""P2O5: Sample 1 = 9.87, Sample 2 = 4.20, Sample 3 = 5.26, Average = 6.44""",NULL,NULL,NULL,NULL,NULL,NULL,NULL,NULL,NULL,NULL,NULL,NULL,Combined SiO? + Al?O? + Fe?O? > 70% (Satisfies ASTM C 618 pozzolan requirement),%,TEXT,"""The requirement of ASTM C 618 for a combined SiO2+Al2O3+Fe2O3 of more than 70% was also satisfied. Thus, RHA is a suitable material for use as a pozzolan.""",NULL,NULL,NULL,NULL,NULL,NULL,NULL,NULL,NULL,NULL,NULL,NULL,NULL,NULL,NULL,NULL,"5.00, 7.00, 11.25, 15.00, 15.50, 20.25, 25.00",%,TABLE,"Table 1: RHA (%) experimental values across runs: 25.00, 5.00, 15.00, 11.25, 20.25, 7.00, 15.50",12.45,%,MULTIPLE SOURCES,"Abstract & Table 8 & Conclusion: ""12.45% RHA, 83.44% OPC-clinker and 4.11% gypsum.""","2-day: 4.95 – 11.46 (Optimum: 11.32)
7-day: 10.16 – 17.45 (Optimum: 16.36)
28-day: 15.89 – 26.82 (Optimum: 43.57)
56-day: 17.97 – 33.27 (Optimum: 39.91)
90-day: 22.65 – 37.50 (Optimum: 50.11)",N/mm²,TABLE,Table 5 (Experimental responses across runs) & Table 8 (Optimum set of condition),NULL,NULL,NULL,NULL,NULL,NULL,NULL,NULL,NULL,NULL,NULL,NULL,25 – 445 (Optimum: 180.77),min,TABLE,Table 5: Initial Setting Time range (25 to 445 min) & Table 8: Initial Setting Time (180.77 min),45 – 725 (Optimum: 401.04),min,TABLE,Table 5: Final Setting Time range (45 to 725 min) & Table 8: Final Setting Time (401.04 min),NULL,NULL,NULL,NULL,NULL,NULL,NULL,NULL,NULL,NULL,NULL,NULL,NULL,NULL,NULL,NULL
Rice husk ash as a partial replacement of cement in high strength concrete containing micro silica: Evaluating durability and mechanical properties,"Seyed Alireza Zareei, Farshad Ameri, Farzan Dorostkar, Mojtaba Ahmadi",Case Studies in Construction Materials,2017,http://dx.doi.org/10.1016/j.cscm.2017.05.001,Rice husk ash (RHA),NULL,TEXT,"""This paper presents benefits resulted from various ratios of rice husk ash (RHA) on concrete indicators...""",Rice husk,NULL,TEXT,"""Rise husk is by- product taken from rice mill process...""",Laboratory mill burning,NULL,TEXT,"""Here, RHA locally obtained from Lengan located in Isfahan. Then it was burned in laboratory mill under the temperature of 600°C for 5 h.""",Temperature of 600°C for 5 h,NULL,TEXT,"""Then it was burned in laboratory mill under the temperature of 600°C for 5 h.""",Thermal Treatment,NULL,TEXT,"""Then it was burned in laboratory mill under the temperature of 600°C for 5 h.""","Temperature: 600°C, Duration: 5 h",NULL,TEXT,"""Then it was burned in laboratory mill under the temperature of 600°C for 5 h.""",NULL,NULL,NULL,NULL,600,°C,TEXT,"""...burned in laboratory mill under the temperature of 600°C...""",5,h,TEXT,"""...for 5 h.""",NULL,NULL,NULL,NULL,NULL,NULL,NULL,NULL,NULL,NULL,NULL,NULL,NULL,NULL,NULL,NULL,0.40,NULL,TEXT / TABLE,"""w/c ratio of 40%"" / Table 5: ""w/c: 0.40""",NULL,NULL,NULL,NULL,NULL,NULL,NULL,NULL,NULL,NULL,NULL,NULL,NULL,NULL,NULL,NULL,NULL,NULL,NULL,NULL,NULL,NULL,NULL,NULL,NULL,NULL,NULL,NULL,NULL,NULL,NULL,NULL,NULL,NULL,NULL,NULL,NULL,NULL,NULL,NULL,NULL,NULL,NULL,NULL,86.73,%,TABLE,"Table 3: ""Silicon dioxide(SiO2): 86.73""",0.39,%,TABLE,"Table 3: ""Calcium oxide(CaO): 0.39""",0.04,%,TABLE,"Table 3: ""oxide(A1203): 0.04""",0.61,%,TABLE,"Table 3: ""Ferric oxide(Fe203): 0.61""",0.08,%,TABLE,"Table 3: ""Magnesium oxide(MgO): 0.08""",1.32,%,TABLE,"Table 3: ""Sulphur trioxide(SO3): 1.32""",9.76,%,TABLE,"Table 3: ""Sodium oxide (Na203): 9.76""",0.01,%,TABLE,"Table 3: ""Potassium oxide(K2O): 0.01""",0.54,%,TABLE,"Table 3: ""Loss of Ignition(LOI): 0.54""","TiO2: NULL, P2O5: NULL",%,TABLE,Table 3 lists TiO2 and P2O5 without values.,NULL,NULL,NULL,NULL,NULL,NULL,NULL,NULL,NULL,NULL,NULL,NULL,Highly pozzolanic,NULL,TEXT,"""The process produces about 25% ash containing 85% to 90% amorphous silica plus about 5% alumina, which makes it highly pozzolanic.""",NULL,NULL,NULL,NULL,NULL,NULL,NULL,NULL,NULL,NULL,NULL,NULL,NULL,NULL,NULL,NULL,"0, 5, 10, 15, 20, 25",%,TEXT / TABLE,"""...5 mixture plans with proportions of 5, 10, 15, 20 and 25% RHA by weight of cement... compared with a reference mixture..."" / Table 5",20,%,TEXT,"""The optimum level of strength and durability properties generally gain with addition up to 20%...""","CTL (7d: 50.84, 28d: 83.36); RHA 5% (7d: 51.92, 28d: 85.12); RHA 10% (7d: 53, 28d: 86.9); RHA 15% (7d: 56.43, 28d: 92.51); RHA 20% (7d: 56.67, 28d: 93.28); RHA 25% (7d: 54.35, 28d: 89.1)",MPa,TABLE,"Table 6: ""Compressive strength test (Mpa)... 7 days / 28 days""",NULL,%,NULL,NULL,NULL,NULL,NULL,NULL,NULL,%,NULL,NULL,NULL,NULL,NULL,NULL,NULL,NULL,NULL,NULL,NULL,NULL,NULL,NULL,NULL,%,NULL,NULL,NULL,NULL,NULL,NULL,NULL,%,NULL,NULL
Potential of Rice Husk Ash (RHA) as a Supplementary Cementitious Material in Concrete,Mohammad Badrul Ahsan and Zahid Hossain,Advances in Civil Engineering Materials,2018,10.1520/ACEM20170114,"Rice Husk Ash (RHA) / 600-RHA, 150-RHA, and 44-RHA",None,TEXT,"Three different graded RHA (600-RHA, 150-RHA, and 44-RHA) were incorporated in this study.",Rice husk / hull (RH),None,TEXT,"The 600-RHA and 150-RHA were collected from Riceland Foods, Inc. The 600-RHA sample is an ""as is"" agricultural by-product of the milling process. / The 44-RHA sample was obtained from a commercial industry...",Grinding,None,TEXT,The 600-RHA sample was collected from a plant site and was further ground to produce the 150-RHA sample.,"Particle sizes: 600 µm, 150 µm, and 44 µm",µm,TEXT,The 600-RHA sample was collected from a plant site and was further ground to produce the 150-RHA sample. The 44-RHA sample was obtained from a commercial industry...,Mechanical Activation (Grinding),None,TEXT,The 600-RHA sample was collected from a plant site and was further ground to produce the 150-RHA sample.,NULL,NULL,NULL,NULL,NULL,NULL,NULL,NULL,NULL,NULL,NULL,NULL,NULL,NULL,NULL,NULL,Grinding,None,TEXT,"Because 600-RHA is a very coarse material in term of its size, it was further ground to produce 150-RHA.",NULL,NULL,NULL,NULL,NULL,NULL,NULL,NULL,NULL,NULL,NULL,NULL,0.45 (concrete mixes); 0.47 (mortar bar mixes),None,TEXT,...with a water-to-cement ratio of 0.45. / The mix was prepared with a water-to-cement ratio of 0.47...,"600, 150, 44",µm,TEXT,"Three different graded RHA (600-RHA, 150-RHA, and 44-RHA)... had a particle size of 600 µm and 150 µm, respectively...",NULL,NULL,NULL,NULL,NULL,NULL,NULL,NULL,NULL,NULL,NULL,NULL,600 (600-RHA); 150 (150-RHA); 44 (44-RHA),µm,TEXT,"The particle sizes of these RHA were 600 µm, 150 µm, and 44 µm, respectively.",18.038 (600-RHA); 22.114 (150-RHA); 39.780 (44-RHA),m²/g,TABLE,"Table 2: ""BET Surface Area (m2/g): 600-RHA = 18.038; 150-RHA = 22.114; 44-RHA = 39.780""",18.038 (600-RHA); 22.114 (150-RHA); 39.780 (44-RHA),m²/g,TABLE,"Table 2: ""BET Surface Area (m2/g): 600-RHA = 18.038; 150-RHA = 22.114; 44-RHA = 39.780""",NULL,NULL,NULL,NULL,NULL,NULL,NULL,NULL,NULL,NULL,NULL,NULL,NULL,NULL,NULL,NULL,NULL,NULL,NULL,NULL,NULL,NULL,NULL,NULL,NULL,NULL,NULL,NULL,NULL,NULL,NULL,NULL,NULL,NULL,NULL,NULL,NULL,NULL,NULL,NULL,NULL,NULL,NULL,NULL,NULL,NULL,NULL,NULL,8.98 (600-RHA); 8.98 (150-RHA); 5.4 (44-RHA),%,TABLE,"Table 1: ""Loss on ignition (LOI): 600-RHA = 8.98 %; 150-RHA = 8.98%; 44-RHA = 5.4%""",Reactive oxides (SiO? + Al?O? + Fe?O?): 95.5 (600-RHA); 95.5 (150-RHA); 86.8 (44-RHA),%,TABLE,"Table 1: ""Reactive oxides (SiO2+Al2O3+Fe2O3): 600-RHA = 95.5 %; 150-RHA = 95.5%; 44-RHA = 86.8%""",NULL,NULL,NULL,NULL,Amorphous or non-crystalline silica,%,TEXT,"RHA, an agro-based waste material, contains more than 80% amorphous or non-crystalline silica if it is burnt at less than 700°C",> 80,%,TEXT,"RHA, an agro-based waste material, contains more than 80% amorphous or non-crystalline silica...",High pozzolanic activity reported for finer RHA (44-RHA),None,TEXT,"Thus, 44-RHA having higher surface area than the other RHA samples showed more pozzolanic activity...",NULL,NULL,NULL,NULL,NULL,NULL,NULL,NULL,NULL,NULL,NULL,NULL,ASTM C1567 ASR Expansion at 14 days: 10% 600-RHA = 0.26%; 20% 600-RHA = 0.33%; 10% 150-RHA = 0.18%; 20% 150-RHA = 0.22%; 10% 44-RHA = 0.024%; 20% 44-RHA = 0.078%; Control = 0.13%,%,GRAPH/FIGURE,"Figures 9, 10, 11: ASR Mortar bar expansion graphs at 14 days","10, 20",%,TEXT,Each type of RHA with two different percentages (10% and 20%) of replacement of Type I Ordinary Portland Cement (OPC) was investigated in this research.,10,%,TEXT,"Thus, 10% replacement level for 600-RHA and 150-RHA was found to be the optimum amount. / ...10% dose of 44-RHA was found to be the optimum in terms of flexural strength. / As a result, the 10% dose of 44-RHA was found to be the optimum dose from the ASR expansion perspective.",36.1 (Control); 20.1 (10% 600-RHA); 16.2 (20% 600-RHA); 22.8 (10% 150-RHA); 16.8 (20% 150-RHA); 37.7 (10% 44-RHA); 36.6 (20% 44-RHA),MPa,TEXT,"The compressive strength of the Control, 10% 600-RHA, 20% 600-RHA, 10% 150-RHA, and 20% 150-RHA was found to be 36.1 MPa, 20.1 MPa, 16.2 MPa, 22.8 MPA, and 16.8 MPa, respectively. / The 10% 44-RHA and 20% 44-RHA concrete samples provided compressive strength values of 37.7 MPa and 36.6 MPa, respectively.",56 (10% 600-RHA); 45 (20% 600-RHA); 63 (10% 150-RHA); 47 (20% 150-RHA); 104.4 (10% 44-RHA),%,TEXT,"The 10% replacement of cement by 600-RHA and 150-RHA exhibited 56% and 63% compressive strength of the Control specimen, respectively. / The compressive strengths of 20% replacement level of cement by 600-RHA and 150-RHA were found to be 45% and 47%, respectively, of that of the Control specimen. / The 10% replacement level of cement by 44-RHA yielded a 4.4% higher strength than that of the Control.",NULL,NULL,NULL,NULL,NULL,NULL,NULL,NULL,NULL,NULL,NULL,NULL,NULL,NULL,NULL,NULL,4.17 (Control); 3.14 (10% 600-RHA); 2.69 (20% 600-RHA); 3.62 (10% 150-RHA); 2.79 (20% 150-RHA); 4.72 (10% 44-RHA); 4.41 (20% 44-RHA),MPa,TEXT,"The flexural strength by 600-RHA and 150-RHA with 10% dose was found to be 3.14 MPa and 3.62 MPa, respectively... / Figure 8 shows Control = 4.17 MPa, 20% 600-RHA = 2.69 MPa, 20% 150-RHA = 2.79 MPa, 10% 44-RHA = 4.72 MPa, 20% 44-RHA = 4.41 MPa.",75 (10% 600-RHA); 87 (10% 150-RHA); 113 (10% 44-RHA),%,TEXT,"...which were 75% and 87% of the Control strength, respectively. / The 10% dose of 44-RHA-modified concrete exhibited 13% more flexural strength than that of the Control.",NULL,NULL,NULL,NULL,NULL,NULL,NULL,NULL
Supplemental use of rice husk ash (RHA) as a cementitious material in concrete industry,"Mohammad Badrul Ahsan, Zahid Hossain",Construction and Building Materials,2018,https://doi.org/10.1016/j.conbuildmat.2018.05.101,Rice husk ash (RHA),NULL,TEXT,"""use of rice husk ash (RHA) as an alternative SCM has been investigated in this study.""",Rice hull / paddy grain,NULL,TEXT,"""RHA is an agricultural by-product obtained from the burning process of rice hull... Rice hull is the outer layer of paddy grain.""",Hammer mill grinding (for RHA-2); Unmodified / As-received (for RHA-1); Commercial production (for RHA-3),NULL,TEXT,"""RHA-1 was collected after immediate production without any modification... RHA-1 was further ground by using a hammer mill... to obtain RHA-2... RHA-3 was obtained from commercial industry, Agrilectric.""",Nominal power rating: 85 hp; Rotor speed: 2000 rpm (for hammer mill processing of RHA-2),"hp, rpm",TEXT,"""The hammer mill used in this study was a small-scale commercial grinder with a nominal power rating of 85 hp and was operated at a rotor speed of 2000 rpm.""",Mechanical activation (grinding for RHA-2),NULL,TEXT,"""RHA-1 was further ground by using a hammer mill (impact crusher)... to obtain RHA-2.""",Rotor speed: 2000 rpm,rpm,TEXT,"""operated at a rotor speed of 2000 rpm.""",NULL,NULL,NULL,NULL,NULL,NULL,NULL,NULL,NULL,NULL,NULL,NULL,Hammer mill (impact crusher) grinding,NULL,TEXT,"""RHA-1 was further ground by using a hammer mill (impact crusher)""",NULL,NULL,NULL,NULL,2000,rpm,TEXT,"""operated at a rotor speed of 2000 rpm.""",NULL,NULL,NULL,NULL,0.45 (for concrete mixes); 0.47 (for mortar bars),NULL,TEXT,"""design concrete mixes with a water to cement ratio of 0.45."" and ""water to cement ratio of 0.47 according to ASTM C305-14.""",NULL,NULL,NULL,NULL,NULL,NULL,NULL,NULL,NULL,NULL,NULL,NULL,NULL,NULL,NULL,NULL,600 (RHA-1); 150 (RHA-2); 44 (RHA-3),µm,TEXT,"""Three different types of RHA (RHA-1, RHA-2, and RHA-3) were used in this study, and their nominal particle sizes were 600 ?m, 150 µm, and 44 µm, respectively.""",18.038 (RHA-1); 22.114 (RHA-2); 39.780 (RHA-3),m²/g,TEXT,"""The BET surface areas of RHA-1, RHA-2, and RHA-3 were determined as 18.038, 22.114, and 39.780 m²/g respectively.""",18.038 (RHA-1); 22.114 (RHA-2); 39.780 (RHA-3),m²/g,TEXT,"""The BET surface areas of RHA-1, RHA-2, and RHA-3 were determined as 18.038, 22.114, and 39.780 m²/g respectively.""",NULL,NULL,NULL,NULL,NULL,NULL,NULL,NULL,NULL,NULL,NULL,NULL,NULL,NULL,NULL,NULL,>75,%,TEXT,"""However, they have more than 75% silica.""",NULL,NULL,NULL,NULL,NULL,NULL,NULL,NULL,NULL,NULL,NULL,NULL,NULL,NULL,NULL,NULL,NULL,NULL,NULL,NULL,NULL,NULL,NULL,NULL,NULL,NULL,NULL,NULL,8.98 (RHA-1); 8.98 (RHA-2); 5.4 (RHA-3),%,TABLE,"Table 1: Loss on ignition (LOI) -> RHA-1: 8.98%, RHA-2: 8.98%, RHA-3: 5.4%","Reactive oxides (SiO2+Al2O3+Fe2O3): 95.5% (RHA-1), 95.5% (RHA-2), 86.8% (RHA-3)",%,TABLE,"Table 1: Reactive oxides (SiO2+Al2O3+Fe2O3) -> RHA-1: 95.5%, RHA-2: 95.5%, RHA-3: 86.8%",NULL,NULL,NULL,NULL,NULL,NULL,NULL,NULL,>80,%,TEXT,"""If RHA produced at less than 700°C it chemically possesses over 80% amorphous or non-crystalline silica""",NULL,NULL,NULL,NULL,NULL,NULL,NULL,NULL,NULL,NULL,NULL,NULL,NULL,NULL,NULL,NULL,NULL,NULL,NULL,NULL,"10, 20",%,TEXT,"""three different sizes of RHA (600 µm, 150 µm, and 44 µm) with two different percentages (10% and 20%) were used to modify concrete as a partial replacement of ASTM Type I OPC.""",10,%,TEXT,"""The 10% replacement dose was found to be the better of the two amounts evaluated in this study.""",20.1 (10% RHA-1); 16.2 (20% RHA-1); 22.8 (10% RHA-2); 16.8 (20% RHA-2); 37.7 (10% RHA-3); 36.6 (20% RHA-3); 36.1 (Control),MPa,TEXT / GRAPH/FIGURE,"TEXT: ""The 10% dose of RHA-1 and RHA-2 incorporated concrete showed a compressive strength of 20.1 MPa and 22.8 MPa, respectively, whereas the Control had a compressive strength of 36.1 MPa."" GRAPH/FIGURE: Fig. 4 reports 16.2 MPa (20% RHA-1), 16.8 MPa (20% RHA-2), 37.7 MPa (10% RHA-3), 36.6 MPa (20% RHA-3)",56 (10% RHA-1); 63 (10% RHA-2); 110.2 (10% RHA-3),%,TEXT,"""As a result, 10% RHA-1 and 10% RHA-2 incorporated concrete exhibited compressive strengths of 56% and 63%, respectively of that of the Control."" and ""Concrete samples with... 10% RHA-3 exhibited... 10.2%... more compressive strength than that of the Control.""",NULL,NULL,NULL,NULL,NULL,NULL,NULL,NULL,NULL,NULL,NULL,NULL,NULL,NULL,NULL,NULL,3.14 (10% RHA-1); 2.69 (20% RHA-1); 3.62 (10% RHA-2); 2.79 (20% RHA-2); 4.72 (10% RHA-3); 4.41 (20% RHA-3); 4.17 (Control),MPa,TEXT / GRAPH/FIGURE,"TEXT: ""Flexural strengths of 10% RHA-1- and RHA-2-modified concrete were found to be 3.14 MPa and 3.62 MPa, respectively"" GRAPH/FIGURE: Fig. 6 reports 2.69 MPa (20% RHA-1), 2.79 MPa (20% RHA-2), 4.72 MPa (10% RHA-3), 4.41 MPa (20% RHA-3), 4.17 MPa (Control)",75 (10% RHA-1); 87 (10% RHA-2); 121 (10% RHA-3),%,TEXT,"""which were about 75% and 87% of that of the Control sample... RHA-3 in concrete samples showed increased in flexural strengths of about... 21%, respectively compared to the Control sample.""",NULL,NULL,NULL,NULL,NULL,NULL,NULL,NULL
Effect of Rice Husk Ash and Water-Cement Ratio on Strength of Concrete,"Naraindas Bheel, Shanker Lal Meghwar, Sohail Ahmed Abbasi, Lal Chand Marwari, Jabbar Ahmed Mugeri, Rameez Ali Abbasi",Civil Engineering Journal,2018,10.28991/cej-03091166,Rice Husk Ash (RHA) / Rice Husk Ash,NULL,TEXT,This research focuses on the use of rice husk ash (waste stuff) in concrete to replace cement partially.,Rice husk,NULL,TEXT,Husk of rice is obtained from waste dumps of husk in rice fields nearby areas.,"Burning in closed combustion chamber, cooling, and sieving",NULL,TEXT,"Further, collected husk is then burnt in closed combustion chamber at around 600-850°C temperature to produce rice husk ash. Produced ash is left for 24 hours for cooling and then collected husk is sieved through #30 sieve for removing any unwanted materials.",Sieved through #30 sieve,NULL,TEXT,...then collected husk is sieved through #30 sieve for removing any unwanted materials.,Thermal treatment,NULL,TEXT,"Further, collected husk is then burnt in closed combustion chamber at around 600-850°C temperature to produce rice husk ash.",Controlled/uncontrolled burning temperature range,°C,TEXT,...burnt in closed combustion chamber at around 600-850°C temperature...,NULL,NULL,NULL,NULL,600-850,°C,TEXT,...burnt in closed combustion chamber at around 600-850°C temperature to produce rice husk ash.,24 (cooling duration),hours,TEXT,Produced ash is left for 24 hours for cooling...,NULL,NULL,NULL,NULL,NULL,NULL,NULL,NULL,NULL,NULL,NULL,NULL,NULL,NULL,NULL,NULL,"0.45, 0.50, 0.60",NULL,TEXT,"...various w/c ratios i.e. 0.45, 0.50 and 0.60.",NULL,NULL,NULL,NULL,NULL,NULL,NULL,NULL,NULL,NULL,NULL,NULL,NULL,NULL,NULL,NULL,NULL,NULL,NULL,NULL,NULL,NULL,NULL,NULL,NULL,NULL,NULL,NULL,NULL,NULL,NULL,NULL,NULL,NULL,NULL,NULL,NULL,NULL,NULL,NULL,NULL,NULL,NULL,NULL,NULL,NULL,NULL,NULL,NULL,NULL,NULL,NULL,NULL,NULL,NULL,NULL,NULL,NULL,NULL,NULL,NULL,NULL,NULL,NULL,NULL,NULL,NULL,NULL,NULL,NULL,NULL,NULL,NULL,NULL,NULL,NULL,NULL,NULL,NULL,NULL,NULL,NULL,NULL,NULL,NULL,NULL,NULL,NULL,NULL,NULL,NULL,NULL,NULL,NULL,NULL,NULL,NULL,NULL,NULL,NULL,NULL,NULL,NULL,NULL,NULL,NULL,NULL,NULL,NULL,NULL,NULL,NULL,NULL,NULL,NULL,NULL,10,%,TEXT,...investigate the effect of water-cement ratio on the strength of concrete at 10% partially replacement of Rice husk ash (RHA) by the weight of cement.,10,%,TEXT,To know the effect of 10% partial replacement of RHA with cement on compressive and splitting tensile strength of concrete.,"Cubical (w/c 0.45): 24.54 (7d), 27.35 (14d), 33.25 (28d), 41.68 (56d); Cubical (w/c 0.50): 21 (7d), 25.5 (14d), 30.2 (28d), 35.86 (56d); Cubical (w/c 0.60): 20.4 (7d), 23.86 (14d), 29.10 (28d), 33.5 (56d); Cylindrical (w/c 0.45): 16.89 (7d), 22.085 (14d), 28.23 (28d), 34.16 (56d); Cylindrical (w/c 0.50): 14.69 (7d), 19.66 (14d), 22.44 (28d), 26.68 (56d); Cylindrical (w/c 0.60): 13.95 (7d), 16.81 (14d), 19.53 (28d), 23.04 (56d)",N/mm^2,TABLE,"Tables 3, 4, 5, 6, 7, and 8","Cubical (w/c 0.45): +3.98% (7d), +8.10% (14d), +10.09% (28d), +14.51% (56d); Cubical (w/c 0.50): +3.45% (7d), +7.59% (14d), +9.49% (28d), +13.41% (56d); Cubical (w/c 0.60): +3.03% (7d), +6.52% (14d), +8.58% (28d), +12.04% (56d); Cylindrical (w/c 0.45): +2.98% (7d), +7.00% (14d), +8.99% (28d), +12% (56d); Cylindrical (w/c 0.50): +2.94% (7d), +6.91% (14d), +8.56% (28d), +11.54% (56d); Cylindrical (w/c 0.60): +2.27% (7d), +6.53% (14d), +7.31% (28d), +10.61% (56d)",%,TABLE,"Tables 3, 4, 5, 6, 7, and 8",NULL,NULL,NULL,NULL,NULL,NULL,NULL,NULL,NULL,NULL,NULL,NULL,NULL,NULL,NULL,NULL,NULL,NULL,NULL,NULL,NULL,NULL,NULL,NULL,NULL,NULL,NULL,NULL,NULL,NULL,NULL,NULL
Study on concrete with rice husk ash,"Ayesha Siddika, Md. Abdullah Al Mamun, Md. Hedayet Ali",Innovative Infrastructure Solutions,2018,https://doi.org/10.1007/s41062-018-0127-6,Rice Husk Ash (RHA),NULL,TEXT,This paper presents a comparative study on use of RHA as partial replacement of cement in concrete specimens.,Rice husk,NULL,TEXT,Naturally completely burnt rice husk ash as shown in Fig. 1 without further processing was grinded in a mechanical grinder and used for specimen preparation.,Grinding in a mechanical grinder,NULL,TEXT,...was grinded in a mechanical grinder and used for specimen preparation.,10 min,min,TEXT,...which is ground within short period (10 min) without any further processing.,Mechanical Activation,NULL,TEXT,RHA was collected from naturally burnt conditions and used after grinding about 10 minutes by means of mechanical grinder.,Grinding for 10 minutes,min,TEXT,...used after grinding about 10 minutes by means of mechanical grinder.,NULL,NULL,NULL,NULL,NULL,NULL,NULL,NULL,NULL,NULL,NULL,NULL,Grinding in a mechanical grinder,NULL,TEXT,RHA was collected from naturally burnt conditions and used after grinding about 10 minutes by means of mechanical grinder.,10,min,TEXT,...which is ground within short period (10 min) without any further processing.,NULL,NULL,NULL,NULL,NULL,NULL,NULL,NULL,"0.40, 0.50, 0.60",NULL,TEXT,"Specimens were prepared with ordinary Portland cement, coarse sand and crushed stone using three different water-cement ratios (0.40, 0.50 and 0.60).",NULL,NULL,NULL,NULL,NULL,NULL,NULL,NULL,NULL,NULL,NULL,NULL,NULL,NULL,NULL,NULL,NULL,NULL,NULL,NULL,NULL,NULL,NULL,NULL,NULL,NULL,NULL,NULL,NULL,NULL,NULL,NULL,NULL,NULL,NULL,NULL,2.01,NULL,TEXT,The specific gravity of RHA was 2.01 and bulk density was 106 kg/m³.,106,kg/m³,TEXT,The specific gravity of RHA was 2.01 and bulk density was 106 kg/m³.,NULL,NULL,NULL,NULL,NULL,NULL,NULL,NULL,NULL,NULL,NULL,NULL,NULL,NULL,NULL,NULL,NULL,NULL,NULL,NULL,NULL,NULL,NULL,NULL,NULL,NULL,NULL,NULL,NULL,NULL,NULL,NULL,NULL,NULL,NULL,NULL,NULL,NULL,NULL,NULL,NULL,NULL,NULL,NULL,NULL,NULL,NULL,NULL,NULL,NULL,NULL,NULL,NULL,NULL,NULL,NULL,NULL,NULL,NULL,NULL,NULL,NULL,NULL,NULL,NULL,NULL,NULL,NULL,NULL,NULL,NULL,NULL,"10, 15",%,TEXT,"...specimens with 10 and 15%, RHA of the total cement content by weight was used.",10,%,TEXT,Replacement of 10% cement by RHA is optimum and considerable with respect to compressive strength of concrete.,"23.2, 27.4, 35 (W4A10); 20.9, 25.7, 30.9 (W5A10); 18.9, 22.4, 28.8 (W6A10); 21, 26, 31 (W4A15); 17.5, 23, 28.6 (W5A15); 16.3, 20.2, 26 (W6A15)",N/mm²,TABLE,Table 5 Compressive strength of specimens,98.4% (W4A10); 97.5% (W5A10); 97.96% (W6A10); 87.1% (W4A15); 90.22% (W5A15); 88.44% (W6A15),%,MULTIPLE SOURCES,"Calculated based on Table 5 ""% Variation in compressive strength from 0% RHA concrete after 28 days curing"" (1.6%, 2.5%, 2.04%, 12.9%, 9.78%, 11.56% reduction respectively).",NULL,NULL,NULL,NULL,NULL,NULL,NULL,NULL,NULL,NULL,NULL,NULL,NULL,NULL,NULL,NULL,"1.25, 2.40, 4.85 (W4A10); 1.13, 2.18, 4.69 (W5A10); 1.06, 1.97, 4.13 (W6A10); 1.21, 2.33, 3.96 (W4A15); 1.12, 2.16, 3.87 (W5A15); 1.05, 1.95, 3.58 (W6A15)",N/mm²,TABLE,Table 6 Flexural strength of specimens,93.09% (W4A10); 91.42% (W5A10); 83.44% (W6A10); 76.01% (W4A15); 75.44% (W5A15); 72.32% (W6A15),%,MULTIPLE SOURCES,"Calculated based on Table 6 ""% Variation in flexural strength from 0% RHA after 28 days"" (6.91%, 8.58%, 16.56%, 23.99%, 24.56%, 27.68% reduction respectively).",NULL,NULL,NULL,NULL,NULL,NULL,NULL,NULL
Green concrete partially comprised of rice husk ash as a supplementary cementitious material – A comprehensive review,Blessen Skariah Thomas,Renewable and Sustainable Energy Reviews,2018,10.1016/j.rser.2017.10.081,"Rice Husk Ash (RHA), white rice husk ash, off-white rice husk ash, black rice husk ash",NULL,TEXT,"""This paper presents an overview of some of the published results on the successful utilization of rice husk ash as a supplementary cementitious material..."" / ""white rice husk ash"" / ""off-white rice husk ash"" / ""black rice husk ash""",Rice husk / Rice paddy,NULL,TEXT,"""Rice husk is an agricultural waste... One of the possible solutions for the disposal of rice husk is to convert them into rice husk ash""",Controlled combustion / Incineration / Thermal decomposition / Acid treatment prior to burning,NULL,TEXT,"""The raw rice husk will be fired in a furnace with a controlled temperature starting at 10°C per minute and increases gradually up to 700°C per minute for about six hours and then allowed to cool at room temperature."" / ""The rice husk was treated with hydrochloric acid at a concentration of 1 N for 24 h and then washed thoroughly with water... burned to ash in a muffle furnace...""",Temperature: 500–700°C; Heating rate: 10°C/min up to 700°C/min; Duration: ~6 h (or 3 h for muffle furnace); HCl treatment: 1 N for 24 h,"°C, °C/min, h, N",TEXT,"""starting at 10°C per minute and increases gradually up to 700°C per minute for about six hours"" / ""temperature of 550–700°C"" / ""treated with hydrochloric acid at a concentration of 1 N for 24 h and then... temperature of 600°C for 3 h.""",Chemical activation / Mechanical activation (Grinding) / Thermal treatment / Acid treatment,NULL,TEXT,"""...chemically activated by 1% K2SO4..."" / ""activated by 1% Na2SiO3..."" / ""...ground RHA..."" / ""The rice husk was treated with hydrochloric acid...""","Chemical activators: 1% K2SO4, 1% Na2SiO3 (by weight of cement)",%,TEXT,"""1% K2SO4 (by weight of cement, as a chemical activator)"" / ""activated by 1% Na2SiO3""",NULL,NULL,NULL,NULL,500–700 (or 600),°C,TEXT,"""When the ash is produced at a controlled temperature of 550-700°C..."" / ""burned to ash in a muffle furnace at a temperature of 600°C for 3 h.""",3 to 6,h,TEXT,"""for about six hours"" / ""for 3 h.""",Grinding,NULL,TEXT,"""...ground rice husk ash..."" / ""Fig. 1. Images showing rice husk, unground and ground RHA""",NULL,NULL,NULL,NULL,NULL,NULL,NULL,NULL,Hydrochloric acid treatment (1 N for 24 h),"N, h",TEXT,"""treated with hydrochloric acid at a concentration of 1 N for 24 h""","0.30, 0.32, 0.34, 0.35, 0.40, 0.50, 0.65",NULL,TEXT,"""water to cement ratio of 0.35, 0.50 and 0.65"" / ""low water to cement ratio of 0.30-0.34"" / ""Three different water to cement ratios (0.5, 0.4 and 0.32) were studied.""",NULL,NULL,NULL,NULL,NULL,NULL,NULL,NULL,NULL,NULL,NULL,NULL,NULL,NULL,NULL,NULL,5.0 - 7.41,µm,TABLE,"Table 3: ""Median particle size (µm): 5.0-7.41""","240.0–376.8 (Blaine) / 24.3–28.8 (Nitrogen adsorption) / 4091–5685 / 274,000 (treated RHA)","m²/kg, cm²/g",TEXT / TABLE,"Table 3: ""Blaine specific surface, m²/kg: 240.0-376.8"", ""Nitrogen adsorption, m²/kg: 24.3-28.8"", ""Surface area, cm²/g: 4091-5685"" / TEXT: ""specific surface of 274,000 m²/kg... in RHA if it is treated.""",NULL,NULL,NULL,NULL,240.0 - 376.8 (also reported as 4000 and 7000 cm²/g),"m²/kg, cm²/g",TEXT / TABLE,"Table 3: ""Blaine specific surface, m²/kg: 240.0-376.8"" / TEXT: ""Blaine fineness 4000 and 7000 cm²/g""",NULL,NULL,NULL,NULL,2.06 - 2.16,NULL,TABLE,"Table 3: ""Specific gravity: 2.06-2.16""",420.0 - 429.1,kg/m³,TABLE,"Table 3: ""Bulk density, Kg m³: 420.0-429.1""",87.4 - 93.15,%,TABLE,"Table 2: ""SiO2: 87.4-93.15""",0.80 - 1.10,%,TABLE,"Table 2: ""CaO: 0.80-1.10""",0.13 - 0.83,%,TABLE,"Table 2: ""Al2O3: 0.13-0.83""",0.1 - 0.6,%,TABLE,"Table 2: ""Fe2O3: 0.1-0.6""",0.2 - 0.6,%,TABLE,"Table 2: ""MgO: 0.2-0.6""",0.1 - 0.4,%,TABLE,"Table 2: ""SO3: 0.1-0.4""",0.04 - 0.7,%,TABLE,"Table 2: ""Na2O: 0.04-0.7""",1.32 - 3.39,%,TABLE,"Table 2: ""K2O: 1.32-3.39""",1.9 - 8.5,%,TABLE,"Table 2: ""Loss on ignition: 1.9-8.5""",MnO: 0 - 0.2,%,TABLE,"Table 2: ""MnO: 0-0.2""","Cristobalite, Tridymite, Quartz",NULL,GRAPH/FIGURE,"Fig. 11: ""Cr: Cristobalite, Tr: Tridymite, Q: Quartz""",NULL,NULL,NULL,NULL,Approximately 90 / >75,%,TEXT,"""...the silica content will be transferred to non-crystalline or amorphous silica (the silica content is approximately 90%)"" / ""...more than 75% by weight is silica...""",NULL,NULL,NULL,NULL,81.25 - 88.90,%,TABLE,"Table 3: ""Pozzolanic activity index (%): 81.25-88.90""",NULL,NULL,NULL,NULL,NULL,NULL,NULL,NULL,NULL,NULL,NULL,NULL,"5, 7.5, 10, 14.3, 15, 20, 25, 30, 40, 50",%,TEXT,"Reported across multiple sections throughout the paper (e.g., 5-30%, 14.3%, 20%, 40%).","10 to 20 (specifically cited as 10%, 14.3%, 15%, or 20% depending on study)",%,TEXT,"""...optimum cement replacement with RHA can be 20%."" / ""...optimum replacement level of RHA as 14.3%..."" / ""...use of 10% RHA can be the optimum proportion to enhance the strength...""","75.2 (at 28 days, 20% RHA, w/b 0.35)",MPa,TEXT,"""the compressive strength of the concrete containing 20% RHA with a water to cement ratio of 0.35 exhibited a compressive strength of 75.2 MPa at 28 days.""","3 days: 65%; 90 days: 96%; 180 days: 98%; 270 days: 100%; 360 days: 102% (20% RHA); 7, 28, 56 days (bacterial 10% RHA): +8.7%, +10%, +13.4%",%,TEXT,"""At the age of 3 days, the strength of RHA concrete was 65% of the normal control concrete. It increased to 96% at 90 days, 98% at 180 days, equivalent strength at 270 days and 102%... at 360 days.""",NULL,NULL,NULL,NULL,NULL,NULL,NULL,NULL,NULL,NULL,NULL,NULL,NULL,NULL,NULL,NULL,NULL,NULL,NULL,NULL,"28 days: reduced by 2%, 11%, 14% for 10%, 20%, 30% RHA respectively",%,TEXT,"""noticed a reduction in the 28-day flexural strength by 2%, 11% and 14% when RHA was replaced for 10%, 20% and 30% of cement.""",622 to 729 (drying shrinkage),microstrains,TEXT,"""...622 microstrains for the specimen containing 30% RHA...""",NULL,NULL,NULL,NULL
Use of Rice Husk Ash as Cementitious Material in Concrete,"Naraindas Bheel, Ali Aizaz Dayo, Abdul Wahab Abro, Sultan Shaikh, Irfan Ali Shar, Zubair Hussain Shaikh","Engineering, Technology & Applied Science Research",2019,NULL,Rice Husk Ash (RHA),NULL,TEXT,"""In this research, rice husk ash (RHA) was used as a partial substitute for cement in concrete...""",Rice husk from Sakrand region,NULL,TEXT,"""Rice husk was collected from the region of Sakrand...""",Uncontrolled temperature burning method,NULL,TEXT,"""RHA was acquired by using uncontrolled temperature burning method.""",Sieved through #30 sieves,NULL,TEXT,"""The desired ash was sieved through #30 sieves.""",Thermal treatment and mechanical sieving,NULL,TEXT,"""RHA was acquired by using uncontrolled temperature burning method. The desired ash was sieved through #30 sieves.""",Uncontrolled temperature burning; sieved through #30 sieves,NULL,TEXT,"""RHA was acquired by using uncontrolled temperature burning method. The desired ash was sieved through #30 sieves.""",NULL,NULL,NULL,NULL,Uncontrolled temperature,NULL,TEXT,"""...uncontrolled temperature burning method.""",NULL,NULL,NULL,NULL,Sieving through #30 sieves,NULL,TEXT,"""The desired ash was sieved through #30 sieves.""",NULL,NULL,NULL,NULL,NULL,NULL,NULL,NULL,Air-dried before burning,NULL,TEXT,"""Rice husk was collected from the region of Sakrand and it was air-dried.""",NULL,NULL,NULL,NULL,NULL,NULL,NULL,NULL,NULL,NULL,NULL,NULL,NULL,NULL,NULL,NULL,NULL,NULL,NULL,NULL,NULL,NULL,NULL,NULL,NULL,NULL,NULL,NULL,NULL,NULL,NULL,NULL,NULL,NULL,NULL,NULL,NULL,NULL,NULL,NULL,NULL,NULL,NULL,NULL,NULL,NULL,NULL,NULL,NULL,NULL,NULL,NULL,NULL,NULL,NULL,NULL,NULL,NULL,NULL,NULL,NULL,NULL,NULL,NULL,NULL,NULL,NULL,NULL,NULL,NULL,NULL,NULL,NULL,NULL,NULL,NULL,NULL,NULL,NULL,NULL,NULL,NULL,NULL,NULL,NULL,NULL,NULL,NULL,NULL,NULL,NULL,NULL,NULL,NULL,NULL,NULL,NULL,NULL,NULL,NULL,NULL,NULL,NULL,NULL,NULL,NULL,NULL,NULL,NULL,NULL,NULL,NULL,NULL,NULL,NULL,NULL,NULL,NULL,NULL,NULL,"0, 5, 10, 15, 20",%,TEXT,"""...using RHA at 0%, 5%, 10%, 15% and 20% by weight.""",10,%,TEXT,"""The results showed that the compressive and tensile strength of the concrete specimens increased by 11.8% and 7.31%, respectively by using 10% RHA at 28 days curing.""","7-day: 23.5 (0%), 24.0 (5%), 24.5 (10%), 22.5 (15%), 21.5 (20%); 14-day: 26.8 (0%), 28.2 (5%), 29.4 (10%), 25.6 (15%), 23.6 (20%); 28-day: 31.8 (0%), 33.9 (5%), 35.6 (10%), 30.4 (15%), 25.9 (20%)",N/mm²,GRAPH/FIGURE,"Values estimated from Fig. 2 ""Compressive strength of concrete at 7, 14, and 28 days""",111.8,%,TEXT,"""The results showed that the compressive and tensile strength of the concrete specimens increased by 11.8% and 7.31%, respectively by using 10% RHA at 28 days curing.""",NULL,NULL,NULL,NULL,NULL,NULL,NULL,NULL,NULL,NULL,NULL,NULL,NULL,NULL,NULL,NULL,NULL,NULL,NULL,NULL,NULL,NULL,NULL,NULL,NULL,NULL,NULL,NULL,NULL,NULL,NULL,NULL
A STUDY ON USE OF RICE HUSK ASH IN CONCRETE,"Ankit Gautam, Rahul Batra, Nishant Singh",Engineering Heritage Journal (GWK),2019,http://doi.org/10.26480/gwk.01.2019.01.04,Rice Husk Ash (RHA),NULL,TEXT,This ash consists of amorphous silica which can be used as pozzolana in making concrete and cement... known as rice husk ash (RHA),Rice husk / Paddy,NULL,TEXT,"The rice husk is an agricultural waste which is obtained from milling process of paddy... and Rice Husk Ash used in the present experimental study was obtained from KRBL rice mill Ghaziabad, U.P.",Burning of husk in boiler or ferrocement furnace,NULL,TEXT,The RHA produce from the burning of husk in boiler at controlled temperature... and The rice husk is burn into ferrocement furnace or sometimes in boilers to produce RHA at controlled temperature.,Temperature around 500–800°C for 24 hours; air ducts provided to control temperature and reduce carbon content,°C / hours,TEXT,In the burning process of RHA the temperature of boiler or furnace is around 500-800°C for 24 hours. and In furnace air ducts are provide... controlling commotion temperature.,Thermal treatment (controlled burning),NULL,TEXT,The RHA produce from the burning of husk in boiler at controlled temperature that fulfils the physical characteristics...,"Controlled burning at 500–800°C for 24 hours, cooled to ~52°C after 24 hours and ~25°C after 48 hours",°C / hours,TEXT,In the burning process of RHA the temperature of boiler or furnace is around 500-800°C for 24 hours. After the 24 hours the temperature is about 52°C. After the 48 hours the temperature of ash is about 25°C.,NULL,NULL,NULL,NULL,500–800,°C,TEXT,In the burning process of RHA the temperature of boiler or furnace is around 500-800°C for 24 hours.,24,hours,TEXT,In the burning process of RHA the temperature of boiler or furnace is around 500-800°C for 24 hours.,NULL,NULL,NULL,NULL,NULL,NULL,NULL,NULL,NULL,NULL,NULL,NULL,Air ducts with electric fans attached to control combustion temperature and reduce carbon content,NULL,TEXT,Air ducts are controlling commotion temperature. Electric fans are attached to air ducts which control the combustion temperature.,0.40,NULL,TEXT,The trial mix is obtained as 1:0.865:2.59 for water cement ratio of 0.40.,NULL,NULL,NULL,NULL,NULL,NULL,NULL,NULL,NULL,NULL,NULL,NULL,NULL,NULL,NULL,NULL,25,microns,TABLE,"Table 2: ""Particle Size | 25 microns mean""",NULL,NULL,NULL,NULL,NULL,NULL,NULL,NULL,NULL,NULL,NULL,NULL,NULL,NULL,NULL,NULL,2.3,NULL,TABLE,"Table 2: ""Specific Gravity | 2.3""",NULL,NULL,NULL,NULL,80–90,%,TEXT,The RHA contains about 80-90% amorphous silica.,NULL,NULL,NULL,NULL,NULL,NULL,NULL,NULL,NULL,NULL,NULL,NULL,NULL,NULL,NULL,NULL,NULL,NULL,NULL,NULL,NULL,NULL,NULL,NULL,NULL,NULL,NULL,NULL,NULL,NULL,NULL,NULL,NULL,NULL,NULL,NULL,NULL,NULL,NULL,NULL,NULL,NULL,NULL,NULL,80–90% amorphous silica,%,TEXT,The RHA contains about 80-90% amorphous silica. and At 500-800°C temperature the silica is remain in amorphous state.,"Pozzolanic behavior depends upon silica crystallization phase, silica content, size, and surface area of ash",NULL,TEXT,"The pozzolanic behavior of RHA depends upon the silica crystallization phase, silica content and size and surface area of ash.",NULL,NULL,NULL,NULL,NULL,NULL,NULL,NULL,NULL,NULL,NULL,NULL,NULL,NULL,NULL,NULL,"0, 5, 7.5, 10, 12.5, 15",%,TABLE,"Table 4 & Table 5: ""0% RHA"", ""5% RHA"", ""7.5% RHA"", ""10% RHA"", ""12.5% RHA"", ""15% RHA""",7.5,%,TEXT,"Optimum cement replacement level (by RHA) is 7.5%, for which the compressive strength and split tensile strength is maximum.","7-day: 27.8 (0%), 26.6 (5%), 28.3 (7.5%), 27.3 (10%), 26.2 (12.5%), 25.9 (15%);
28-day: 41.70 (0%), 39.90 (5%), 42.45 (7.5%), 40.95 (10%), 39.30 (12.5%), 38.85 (15%)",MPa,TABLE,"Table 5: ""Compressive strength of M-40 mix""",NULL,NULL,NULL,NULL,NULL,NULL,NULL,NULL,NULL,NULL,NULL,NULL,NULL,NULL,NULL,NULL,NULL,NULL,NULL,NULL,NULL,NULL,NULL,NULL,NULL,NULL,NULL,NULL,NULL,NULL,NULL,NULL,NULL,NULL,NULL,NULL
OPTIMIZED PREPARATION OF RICE HUSK ASH (RHA) AS A SUPPLEMENTARY CEMENTITIOUS MATERIAL,"Carmela Denise Isberto, Krystoffer Lloyd Labra, Jan Marielle B. Landicho and Richard De Jesus",International Journal of GEOMATE,2019,https://doi.org/10.21660/2019.57.4628,Rice Husk Ash (RHA),NULL,TEXT,...use of rice husk ash (RHA)...,Rice Husk (RH),NULL,TEXT,"...rice husk (RHA), a by-product of rice husk (RH) which exists abundantly in the Philippines...",Controlled burning in a custom-built muffle furnace and grinding using a Los Angeles machine,NULL,TEXT,"A custom-built muffle furnace, with chimney and an air inlet, was used to burn the RH... Grinding of RHA was done using a Los Angeles machine.",12kgs of RH loaded per batch; 20% recovered as RHA; RH laid flat 2-3cm thick on 28 ceramic hearth plates,NULL,TEXT,"The RHs were laid flat, measuring about 2-3cm in thickness, on 28 ceramic hearth plates... About 12kgs of RH could be loaded in the oven every burning but only about 20% of which are recovered as high-quality RHA.",Thermal treatment (controlled combustion) and Mechanical activation (grinding),NULL,TEXT,...convert RH into optimized and highly reactive RHA by controlled burning and grinding...,Free air supply through 4 holes during burning; slow cooling for 6-8 hours with furnace door ajar,NULL,TEXT,"During burning, fresh air continuously flows into the furnace through the 4 holes, this condition was defined as a free air supply. After the burning process, RHA is cooled to room temperature by leaving the furnace door ajar. This step usually takes 6-8 hours...",NULL,NULL,NULL,NULL,400 - 600,°C,TEXT,...the temperature was strictly limited within the range of 400-600°C,10,hours,TEXT,...the burning duration was prolonged to 10 hours...,Ball milling using a Los Angeles machine,NULL,TEXT,"Grinding of RHA was done using a Los Angeles machine... 12 pieces of 2"" steel balls were used for grinding.",2 (also 1 hour investigated),hours,TEXT,...operated for 2hrs in each grinding. and SSA for RHA ground for 2 hours... while that of RHA ground for only 1 hour...,36,rpm,TEXT,The machine had a rate of 36rpm...,"2.4kgs RHA placed into LA machine per batch; 12 pieces of 2"" steel balls used",NULL,TEXT,"About 2.4kgs of RHA is placed into the LA machine for each batch; 12 pieces of 2"" steel balls were used for grinding.",NULL,NULL,NULL,NULL,84.78% passing through sieve no. 325 (for 2 hrs grinding); 70.85% (for 1 hr grinding),%,TEXT,Percent passing through sieve no. 325 for the former is 84.78% while the latter got 70.85%.,NULL,NULL,NULL,NULL,NULL,NULL,NULL,NULL,NULL,NULL,NULL,NULL,NULL,NULL,NULL,NULL,NULL,NULL,NULL,NULL,NULL,NULL,NULL,NULL,365 (for 2 hrs grinding); 286.3 (for 1 hr grinding),m2/kg,TEXT,"SSA for RHA ground for 2 hours was 365m2/kg, while that of RHA ground for only 1 hour was 286.3 m2/kg.",NULL,NULL,NULL,NULL,NULL,NULL,NULL,NULL,NULL,NULL,NULL,NULL,93.47,%,TABLE,Table 2: Silicon dioxide (SiO2) in RHA is 93.47%,0.87,%,TABLE,Table 2: Calcium oxide (CaO) in RHA is 0.87%,0.92,%,TABLE,Table 2: Aluminum oxide (Al2O3) in RHA is 0.92%,1.08,%,TABLE,Table 2: Ferric oxide (Fe2O3) in RHA is 1.08%,3.18,%,TABLE,Table 2: Magnesium oxide (MgO) in RHA is 3.18%,NULL,NULL,NULL,NULL,NULL,NULL,NULL,NULL,NULL,NULL,NULL,NULL,NULL,NULL,NULL,NULL,Titanium oxide (TiO2): 0.04,%,TABLE,Table 2: Titanium oxide (TiO2) in RHA is 0.04%,Amorphous,NULL,TEXT,The broadband on 2? around 22° represented the RHA as mainly amorphous in form.,NULL,NULL,NULL,NULL,Mainly amorphous,NULL,TEXT,The broadband on 2? around 22° represented the RHA as mainly amorphous in form.,High pozzolanic activity,NULL,TEXT,...convert RH into optimized and highly reactive RHA...,NULL,NULL,NULL,NULL,NULL,NULL,NULL,NULL,NULL,NULL,NULL,NULL,Reacts with Ca(OH)2 to form C-S-H gel (SiO2 + 3Ca(OH)2 + H2O ? 2CaO·1.5SiO3.5·2H2O),NULL,TEXT,This Ca(OH)2 will further react with the amorphous silica (SiO2) found in high-quality RHA to form a second type of C-S-H gel.,"0, 5, 10, 15, 20",%,TEXT,"...proportions of 5, 10, 15, and 20% RHA by weight replacement of cement. and Table 1 (0%, 5%, 10%, 15%, 20%)",10,%,TEXT,...concrete containing up to 10% RHA replacement is optimal in maximizing the strength of cement mortar...,"0RHA: 32.808 (7d), 40.228 (28d); 5RHA: 31.192 (7d), 35.48 (28d); 10RHA: 33.972 (7d), 52.768 (28d); 15RHA: 24.448 (7d), 35.576 (28d); 20RHA: 20.184 (7d), 13.128 (28d)",MPa,GRAPH/FIGURE,Fig. 5: Average Compressive Strength (MPa) graph values explicitly labeled for 7 and 28 days for each mix.,NULL,NULL,NULL,NULL,NULL,NULL,NULL,NULL,NULL,NULL,NULL,NULL,NULL,NULL,NULL,NULL,NULL,NULL,NULL,NULL,NULL,NULL,NULL,NULL,NULL,NULL,NULL,NULL,NULL,NULL,NULL,NULL,NULL,NULL,NULL,NULL
Rice husk ash as a sustainable supplementary cementitious material for improved concrete properties,"Nsesheye Susan Msinjili, Wolfram Schmidt, Andreas Rogge & Hans-Carsten Kühne","African Journal of Science, Technology, Innovation and Development",2019,10.1080/20421338.2018.1513895,Rice husk ash (RHA),NULL,TEXT,...the use of rice husk ash (RHA) as a sustainable replacement for cement.,Rice husks,NULL,TEXT,...whilst the rice husks came from Tanzania...,Incineration and grinding,NULL,TEXT,...were incinerated in Germany in a controlled environment at a maximum temperature of 650 °C for 90 min and then ground to a particle size of approximately 30 µm.,"Incineration temperature: 650, Duration: 90, Target particle size: 30","°C, min, µm",TEXT,...incinerated in Germany in a controlled environment at a maximum temperature of 650 °C for 90 min and then ground to a particle size of approximately 30 µm.,Thermal treatment and mechanical grinding,NULL,TEXT,...incinerated in Germany in a controlled environment at a maximum temperature of 650 °C for 90 min and then ground...,"Incineration temperature: 650 °C, Duration: 90 min","°C, min",TEXT,...at a maximum temperature of 650 °C for 90 min...,NULL,NULL,NULL,NULL,650,°C,TEXT,...at a maximum temperature of 650 °C for 90 min...,90,min,TEXT,...at a maximum temperature of 650 °C for 90 min...,Grinding,NULL,TEXT,...and then ground to a particle size of approximately 30 µm.,NULL,NULL,NULL,NULL,NULL,NULL,NULL,NULL,NULL,NULL,NULL,NULL,0.5,NULL,TEXT,All mixtures were fixed at a specific water to binder ratio (w/b) of 0.5.,~30,µm,TEXT,...and then ground to a particle size of approximately 30 µm.,NULL,NULL,NULL,NULL,NULL,NULL,NULL,NULL,NULL,NULL,NULL,NULL,~30,µm,TEXT,...and then ground to a particle size of approximately 30 µm.,9040,cm²/g,TABLE,"Table 2: Property ""Surface area [cm²/g]"", RHA value ""9040""",NULL,NULL,NULL,NULL,NULL,NULL,NULL,NULL,NULL,NULL,NULL,NULL,2.31,g/cm³,TABLE,"Table 2: Property ""Density [g/cm³]"", RHA value ""2.31""",NULL,NULL,NULL,NULL,88.84,%,TABLE,"Table 2: SiO2 [%], RHA value ""88.84""",1.78,%,TABLE,"Table 2: CaO [%], RHA value ""1.78""",0.80,%,TABLE,"Table 2: Al2O3 [%], RHA value ""0.80""",0.39,%,TABLE,"Table 2: Fe2O3 [%], RHA value ""0.39""",0.92,%,TABLE,"Table 2: MgO [%], RHA value ""0.92""",0.35,%,TABLE,"Table 2: SO3 [%], RHA value ""0.35""",1.10,%,TABLE,"Table 2: Na2O [%], RHA value ""1.10""",2.80,%,TABLE,"Table 2: K2O [%], RHA value ""2.80""",2.02,%,TABLE,"Table 2: LOI [%], RHA value ""2.02""","TiO2: 0.04, P2O5: 0.61",%,TABLE,"Table 2: TiO2 [%] = 0.04, P2O5 [%] = 0.61",NULL,NULL,NULL,NULL,Amorphous silica,NULL,TEXT,...generates rice husk ash (RHA) rich in amorphous silica content as high as 90%,High as 90,%,TEXT,...generates rice husk ash (RHA) rich in amorphous silica content as high as 90%,Pozzolanic properties,NULL,TEXT,"...such as fly ash, slag and silica fumes that have pozzolanic properties...",NULL,NULL,NULL,NULL,NULL,NULL,NULL,NULL,NULL,NULL,NULL,NULL,Reactive silica,NULL,TEXT,...high amount of amorphous silica (classified as reactive silica) in the range of 90-96%,"10, 15, 20, 25, 30 (Preliminary); 10, 15 (Main Study)",% by weight,MULTIPLE SOURCES,"Figure 1 legend (10%, 15%, 20%, 25%, 30%); Table 3 (RHA mix proportions corresponding to 10% and 15% replacement)",15,% by weight,TEXT,"Hence, maximizing replacement of RHA at 15% was suggested for this paper.",7-day: 44.2 - 52.7; 28-day: 51.7 - 65.2; 90-day: 56.1 - 71.3,MPa,GRAPH/FIGURE,"Figure 6, Figure 7, Figure 8 (7, 28, and 90 days compressive strength bar values across mixes)",GRAPH-DERIVED,%,GRAPH/FIGURE,Figure 1 shows relative strength comparisons of 10-30% RHA mixes against 0% RHA control,NULL,NULL,NULL,NULL,NULL,NULL,NULL,NULL,NULL,NULL,NULL,NULL,NULL,NULL,NULL,NULL,NULL,NULL,NULL,NULL,NULL,NULL,NULL,NULL,NULL,NULL,NULL,NULL,NULL,NULL,NULL,NULL
Optimization of mechanical properties of rice husk ash concrete using Scheffe’s theory,"Imoh Christopher Attah, Roland Kufre Etim, George Uwadiegwu Alaneme, Okon Bassey Bassey",SN Applied Sciences,2020,https://doi.org/10.1007/s42452-020-2727-y,Rice Husk Ash (RHA),NULL,TEXT,"""In this research study, Scheffe's second degree polynomial based model was adapted for the optimization of the mechanical properties of a five component concrete. Here, rice husk ash which is derived from solid waste...""",Rice husk,NULL,TEXT,"""Rice husk is an agricultural waste obtained during rice processing and production. The Rice husk ash (RHA) was obtained from a rice processing mill in Obubra Local Government Area, Cross River State...""",Burning,NULL,TEXT,"""...and physical observation showed that RHA is greyish in colour after burning.""",NULL,NULL,NULL,NULL,NULL,NULL,NULL,NULL,NULL,NULL,NULL,NULL,NULL,NULL,NULL,NULL,NULL,NULL,NULL,NULL,NULL,NULL,NULL,NULL,NULL,NULL,NULL,NULL,NULL,NULL,NULL,NULL,NULL,NULL,NULL,NULL,NULL,NULL,NULL,NULL,NULL,NULL,NULL,NULL,NULL,NULL,NULL,NULL,NULL,NULL,NULL,NULL,NULL,NULL,NULL,NULL,NULL,NULL,NULL,NULL,NULL,NULL,NULL,NULL,NULL,NULL,NULL,NULL,NULL,NULL,NULL,NULL,NULL,NULL,NULL,NULL,NULL,NULL,NULL,NULL,2.10,NULL,TEXT,"""The specific gravity of RHA was found to be 2.10 which falls within the range of 1.9 and 2.4 specified for pulverized fuel ash (PFA) as reported by Neville [25]...""",NULL,NULL,NULL,NULL,75.30,%,TABLE,"Table 3: ""Silica (SiO2)"" under ""Rice husk ash"" is ""75.30"" (Test result by mass (%))",2.95,%,TABLE,"Table 3: ""Calcium Oxide (CaO)"" under ""Rice husk ash"" is ""2.95"" (Test result by mass (%))",1.4,%,TABLE,"Table 3: ""Aluminium Oxide (Al2O3)"" under ""Rice husk ash"" is ""1.4"" (Test result by mass (%))",1.98,%,TABLE,"Table 3: ""Iron Oxide (Fe2O3)"" under ""Rice husk ash"" is ""1.98"" (Test result by mass (%))",2.1,%,TABLE,"Table 3: ""Magnesium Oxide (MgO)"" under ""Rice husk ash"" is ""2.1"" (Test result by mass (%))",NULL,NULL,NULL,NULL,0.98,%,TABLE,"Table 3: ""Sodium oxide (Na2O)"" under ""Rice husk ash"" is ""0.98"" (Test result by mass (%))",5.55,%,TABLE,"Table 3: ""Potassium oxide (K2O)"" under ""Rice husk ash"" is ""5.55"" (Test result by mass (%))",5.61,%,TABLE,"Table 3: ""LOI"" under ""Rice husk ash"" is ""5.61"" (Test result by mass (%))",NULL,NULL,NULL,NULL,NULL,NULL,NULL,NULL,NULL,NULL,NULL,NULL,NULL,NULL,NULL,NULL,Highly reactive pozzolana,NULL,TEXT,"""The chemical composition of RHA portrays that it is a highly reactive pozzolana due to a combined Al2O3, Fe2O3 and SiO2 content of 78.68%...""",NULL,NULL,NULL,NULL,NULL,NULL,NULL,NULL,NULL,NULL,NULL,NULL,"Combined Al2O3, Fe2O3 and SiO2 content of 78.68%",%,TEXT,"""...due to a combined Al2O3, Fe2O3 and SiO2 content of 78.68%, which is higher than the minimum value of 70% as stipulated in ASTM C 618 [24].""",NULL,NULL,NULL,NULL,NULL,NULL,NULL,NULL,"24.000, 27.350, 33.450, 21.000, 16.950, 31.500, 29.000, 27.850, 26.000, 26.550, 25.000, 23.500, 23.000, 19.250, 18.000, 29.000, 28.500, 26.950, 25.000, 24.150, 26.000, 25.850, 25.250, 24.000, 23.000, 23.650, 24.000, 24.950, 27.100, 27.000",N/mm²,TABLE,"Table 4 lists 30 lab responses for 28 days compressive strength in N/mm² (e.g., Y1 = 24.000, Y2 = 27.350, Y3 = 33.450, Y4 = 21.000, Y5 = 16.950, etc.).",NULL,NULL,NULL,NULL,NULL,NULL,NULL,NULL,NULL,NULL,NULL,NULL,NULL,NULL,NULL,NULL,NULL,NULL,NULL,NULL,NULL,NULL,NULL,NULL,NULL,NULL,NULL,NULL,NULL,NULL,NULL,NULL,NULL,NULL,NULL,NULL
Sustainable use of rice husk ash in cement-based materials: Environmental evaluation and performance improvement,"Lingling Hu, Zhen He, Shipeng Zhang",Journal of Cleaner Production,2020,https://doi.org/10.1016/j.jclepro.2020.121744,Rice husk ash (RHA) / highly reactive rice husk ash,N/A,TEXT,"""feasibility of using agricultural waste of rice husk to prepare highly reactive rice husk ash for sustainable cement-based material""",As-received rice husk from Mongolia Xing'an Rabbit (China),N/A,TEXT,"""As-received rice husk was collected from a rice factory named Mongolia Xing'an Rabbit (China).""",HCl acid pretreatment followed by combustion in a self-designed furnace and grinding,N/A,TEXT,"""Pretreatment process was performed first... 5 mol/L of dilute hydrochloric acid (HCl) solution... The combustion system was then designed... Testing samples were ground in a planetary high energy pulverizing mill""",Soaking in 5 mol/L HCl for 7 days; combusted in furnace; ground in planetary mill for 20 min,N/A,TEXT,"""The whole soaking duration was 7 days."" / ""Testing samples were ground in a planetary high energy pulverizing mill... for about 20 min.""",Thermal treatment and mechanical grinding,N/A,TEXT,"""sintered rice husk ash with low energy consumption: 600 °C combustion temperature with 2h... Testing samples were ground in a planetary high energy pulverizing mill... for about 20 min.""",600 °C for 2 h; ground for 20 min,N/A,TEXT,"""600 °C combustion temperature with 2h"" / ""ground in a planetary high energy pulverizing mill... for about 20 min.""",NULL,NULL,NULL,NULL,600,°C,TEXT,"""600 °C combustion temperature with 2h""",2,h,TEXT,"""600 °C combustion temperature with 2h""",Grinding in planetary high energy pulverizing mill,N/A,TEXT,"""Testing samples were ground in a planetary high energy pulverizing mill (FFRITSCH of Germany, model Pulverisette 7 Premium Line)""",20,min,TEXT,"""ground in a planetary high energy pulverizing mill... for about 20 min.""",NULL,NULL,NULL,NULL,Acid pretreatment in 5 mol/L HCl solution for 7 days,N/A,TEXT,"""put into a big container with a 5 mol/L of dilute hydrochloric acid (HCl) solution... soaking duration was 7 days.""",0.5,N/A,TEXT,"""The water-to-binder ratio for the test was 0.5 for both batches.""","d10: ~1.8 µm, d50: ~5.0 µm, d90: ~11.0 µm",µm,GRAPH/FIGURE,"Values estimated from Fig. 9 ""Particle size distribution of rice husk ash.""",1.8,µm,GRAPH/FIGURE,Graph-derived from Fig. 9,5.0,µm,TEXT,"""RHA had an average particle size of 5.0 µm""",11.0,µm,GRAPH/FIGURE,Graph-derived from Fig. 9,5.0,µm,TEXT,"""RHA had an average particle size of 5.0 µm""",122.9,m²/g,TEXT,"""and a specific surface area of 122.9 m²/g.""",122.9,m²/g,TEXT,"""and a specific surface area of 122.9 m²/g.""",NULL,NULL,NULL,NULL,NULL,NULL,NULL,NULL,NULL,NULL,NULL,NULL,NULL,NULL,NULL,NULL,94.38,wt.%,TABLE,Table 6 (RHA-2 column),1.20,wt.%,TABLE,Table 6 (RHA-2 column),0.30,wt.%,TABLE,Table 6 (RHA-2 column),0.07,wt.%,TABLE,Table 6 (RHA-2 column),0.82,wt.%,TABLE,Table 6 (RHA-2 column),1.19,wt.%,TABLE,Table 6 (RHA-2 column),0.10,wt.%,TABLE,Table 6 (RHA-2 column),1.06,wt.%,TABLE,Table 6 (RHA-2 column),NULL,NULL,NULL,NULL,NULL,NULL,NULL,NULL,Amorphous SiO2,N/A,TEXT,"""essentially amorphous structure of SiO2 uncovered by the occurrence of wide peaks from XRD analysis (Fig. 8)""",Amorphous silica,N/A,TEXT,"""essentially amorphous structure of SiO2""",High / essentially amorphous,N/A,TEXT,"""The high amount of amorphous SiO2 in RHA""",High pozzolanic activity,N/A,TEXT,"""The optimum rice husk ash using improved combustion technique had high pozzolanic activity""",Lime-ash compressive strength: 14.5,MPa,TEXT,"""RHA mortar showed the highest compressive strength of 14.5 MPa at 7 d""",NULL,NULL,NULL,NULL,Heat flow peak: 4.1 µW/g; 5 d cumulative heat: 187 J/g,µW/g / J/g,TEXT,"""The peak value of the heat flow was up to 4.1 µW/g for RHA specimen... a moderate cumulative heat of 187 J/g at 5 d""",Ca(OH)2 consumption: 57.4% reduction at 1 d,%,TEXT,"""At 1 d, the highest reduction percentage of CH recorded from batch RHA was 57.4%""","5, 10, 15",%,TEXT,"""Cement replacement ratios by RHA were 5%, 10% and 15%""",15,%,TEXT / GRAPH-DERIVED,"""mortar with 15% RHA recorded an 11.3% higher strength than straight OPC control at 28 d."" / ""addition of high dosage of RHA will have a positive effect on the improvement of sulfate resistance""","Control: 3d = 40.5, 7d = 50.2, 28d = 69.8; 5%-RHA: 3d = 42.1, 7d = 51.5, 28d = 70.5; 10%-RHA: 3d = 43.8, 7d = 53.2, 28d = 73.1; 15%-RHA: 3d = 45.2, 7d = 55.0, 28d = 77.7",MPa,MULTIPLE SOURCES,28d values from Table 9; 3d and 7d values graph-derived from Fig. 14,5%-RHA: 101.0%; 10%-RHA: 104.7%; 15%-RHA: 111.3% (at 28d),%,TEXT,"""mortar with 15% RHA recorded an 11.3% higher strength than straight OPC control at 28 d.""",NULL,NULL,NULL,NULL,NULL,NULL,NULL,NULL,NULL,NULL,NULL,NULL,NULL,NULL,NULL,NULL,NULL,NULL,NULL,NULL,NULL,NULL,NULL,NULL,NULL,NULL,NULL,NULL,NULL,NULL,NULL,NULL
Acid leached rice husk ash (ARHA) in concrete: A review,"Wai Hoe Kwan, Yong Seng Wong",Materials Science for Energy Technologies,2020,https://doi.org/10.1016/j.mset.2020.05.001,Acid leached rice husk ash (ARHA) / Acid treated rice husk ash,NULL,TEXT,"""acid leached rice husk ash (ARHA)""",Rice husk (RH) / Paddy residues,NULL,TEXT,"""...acid leaching treatment on the rice husk prior to the combustion stage...""",Acid leaching followed by combustion / incineration,NULL,TEXT,"""...acid leaching treatment on the rice husk prior to the combustion stage...""",Combustion temperature: 500 °C to 1400 °C (controlled temperature range 600 °C~800 °C); Duration: 2 h,NULL,TEXT,"""...thermal treatment with controlled temperature range between 500 °C and 1400 °C..."", ""The combustion process under the controlled temperature range between (600 °C~800 °C) for 2 h...""",Acid leaching treatment,NULL,TEXT,"""...effectiveness of acid leaching treatment on the rice husk before the incineration process...""","Leaching agents: Hydrochloric acid (HCl), Nitric acid (HNO3), Sulfuric acid (H2SO4); Acid concentration: 0.01 M to 5 M (or 0.01 N to 1 N)",NULL,TEXT,"""...acid solution such as hydrochloric acid (HCl), nitric acid (HNO3), sulfuric acid (H2SO4)..."", ""...hydrochloric acid (HCl) with the concentration between (0.01 M~5 M)...""",NULL,NULL,NULL,NULL,500 °C - 1400 °C (Recommended secondary treatment < 700 °C; general controlled range 600 °C~800 °C),°C,TEXT,"""...controlled temperature range between 500 °C and 1400 °C..."", ""...recommended temperature for the secondary thermal treatment of the RHA is below 700 °C...""","0.5 h, 1 h, or 2 h",h,TEXT / TABLE,"""...combusted into ashes at various temperature... for 2 h."", Table 3 heading: ""ARHA (0.5 h)"", ""ARHA (1 h)""",Grinding / milling (after combustion),NULL,TEXT,"""...or proceed to grinding process after combustion...""",NULL,NULL,NULL,NULL,NULL,NULL,NULL,NULL,Acid leaching duration: 0.5 h (30 min) to 1 h; Leaching temperature: boiled / 60 °C with constant stirring,NULL,TEXT,"""...boiling the acid solution for 0.5 h and 1 h."", ""...at 60 °C for 30 min with constant stirring.""",NULL,NULL,NULL,NULL,NULL,NULL,NULL,NULL,NULL,NULL,NULL,NULL,NULL,NULL,NULL,NULL,NULL,NULL,NULL,NULL,45,µm,TEXT,"""...median particle size of the RHA is 45 µm.""",9.24,m²/kg,TABLE,"Table 6: ""Specific surface area, m²/kg"" for ARHA = 9.24",218 (at 600 °C); ~260,m²/g / m²/kg,TEXT / TABLE,"Table 7: ""BET surface area, m²/g"" for ARHA = 218; Section 3.2: ""...high specific surface area (approximately 260 m²/kg).""",NULL,NULL,NULL,NULL,NULL,NULL,NULL,NULL,2.10,g/cm³,TABLE,"Table 6: ""Specific gravity, g/cm³"" for ARHA = 2.10",NULL,NULL,NULL,NULL,"97.59 (0.5 h), 97.89 (1 h), 96.00, 99.58 (HCl), 99.08 (H2SO4)",%,TABLE,"Table 3, Table 4, Table 5","0.22 (0.5 h), 0.27 (1 h), 0.20, 0.04 (HCl), 0.05 (H2SO4)",%,TABLE,"Table 3, Table 4, Table 5","0.03 (0.5 h), 0.02 (1 h), 0.10, 0.02 (HCl), 0.61 (H2SO4)",%,TABLE,"Table 3, Table 4, Table 5","0.11 (0.5 h), 0.16 (1 h), 0.20, 0.03 (HCl), 0.02 (H2SO4)",%,TABLE,"Table 3, Table 4, Table 5","0.13 (0.5 h), 0.09 (1 h), <0.10, 0.02 (HCl), 0.04 (H2SO4)",%,TABLE,"Table 3, Table 4, Table 5","0.01, 0.02 (HCl), 0.05 (H2SO4)",%,TABLE,"Table 4, Table 5","0.02 (0.5 h), 0.03 (1 h), 0.03",%,TABLE,"Table 3, Table 4","0.17 (0.5 h), 0.18 (1 h), 0.16, 0.02 (HCl), 0.02 (H2SO4)",%,TABLE,"Table 3, Table 4, Table 5",2.31,%,TABLE,"Table 6: ""Loss on ignition (%)"" for ARHA = 2.31","Cl: 0.02; P2O5: 0.08 (0.5 h), 0.13 (1 h), 0.18, 0.11 (HCl), 0.13 (H2SO4)",%,TABLE,"Table 3, Table 4, Table 5",Amorphous silica (absence of crystalline peak between 22° and 38° 2?),NULL,TEXT,"""...the crystalline peak was absence within the same 2? spectrum range as in the NARHA specimen.""",Amorphous phase,NULL,TEXT,"""...SiO2 presents in the amorphous phase as evidenced in the diffractogram...""",98.5 to 99.5,%,TEXT,"""...produce approximately 99.5% of pure silica content..."", ""...gave high purity of amorphous silica content, approximately 98.5% of the RHA.""",High / Enhanced pozzolanic reactivity,NULL,TEXT,"""...ARHA has enhanced the pozzolanic reactivity...""",NULL,NULL,NULL,NULL,NULL,NULL,NULL,NULL,Increases hydration heat of cement and shortens dormant period,NULL,TEXT,"""...ARHA increases the hydration heat of cement and shorten the dormant period of cement.""",Secondary calcium silicate hydrates (C-S-H) formation via reaction with Ca(OH)2,NULL,TEXT,"""The pozzolanic reactions produce high amount of secondary calcium silicate hydrates (C-S-H)...""","5, 10, 15, 20, 30, 40",%,TEXT / TABLE,"Table 9, Table 10, Table 12, and Sections 5.2, 5.4",10 (or range of 5-15),%,TEXT,"""10% replacement with the ARHA demonstrates the most drastic increment in compressive strength..."", ""The optimum replacement level is reported to be in the range of 5-15% based on the weight of cement.""","Mortar (10% ARHA): 3-day = 28.7, 7-day = 48.4, 28-day = 56.3; Concrete/Mixes (28-day): 5% ARHA = 43.10, 10% ARHA = 59.68, 15% ARHA = 54.55",MPa,TABLE,Table 9 and Table 10,"Mortar (10% ARHA): 3-day = 131.05%, 7-day = 149.38%, 28-day = 143.26%; Mixes: RT-5-ALR = 94.08%, RT-10-ALR = 130.28%, RT-15-ALR = 119.08%",%,TABLE,"Table 9 (Control: 21.9, 32.4, 39.3 vs ARHA: 28.7, 48.4, 56.3); Table 10 (Control: 45.81 MPa)",NULL,NULL,NULL,NULL,NULL,NULL,NULL,NULL,NULL,NULL,NULL,NULL,NULL,NULL,NULL,NULL,"10% ARHA: 3-day = 6.21, 7-day = 8.03, 28-day = 9.82, 91-day = 10.80",MPa,TABLE,Table 11,"10% ARHA: 3-day = 120.35%, 7-day = 125.47%, 28-day = 121.23%, 91-day = 127.81%",%,TABLE,Table 11 (Control vs ARHA values),NULL,NULL,NULL,NULL,NULL,NULL,NULL,NULL
Utilizing Rice Husk Ash as Supplement to Cementitious Materials on Performance of Ultra High Performance Concrete: A review,"M.A. Mosaberpanah, S.A. Umar",Materials Today Sustainability,2020,https://doi.org/10.1016/j.mtsust.2019.100030,Rice Husk Ash (RHA),NULL,TEXT,"""Mineral admixtures such as rice husk ash (RHA) are natural pozzolanic materials...""",Rice husk / Rice kernel,NULL,TEXT,"""Rice husk is a natural outer cover part of rice kernel...""",Combustion / Incineration,NULL,TEXT,"""The RHA are obtained during the combustion process of rice husk...""",Combusted at approximately 900°C inclined temperature,°C,TEXT,"""...soluble amorphous silica is obtained at approximately 900°C inclined temperature.""",Mechanical activation (Grinding),NULL,TEXT,"""...RHA can undergo further pulverization process to reduce its particle size...""","Grinding for 5 min, 30 min, and 120 min",min,TABLE,"""Table 4: Variation of physical and chemical properties due to different grinding times [61] ... Grinding time: 5 min, 30 min, 120 min""",NULL,NULL,NULL,NULL,NULL,NULL,NULL,NULL,NULL,NULL,NULL,NULL,Grinding / Pulverization,NULL,TEXT,"""...RHA can undergo further pulverization process...""","5, 30, 120",min,TABLE,"""Table 4: Variation of physical and chemical properties due to different grinding times [61] ... Grinding time: 5 min, 30 min, 120 min""",NULL,NULL,NULL,NULL,Thermal treatment / Combustion under controlled furnace or atmospheric temperature,NULL,TEXT,"""The burning process of RHA could be in the control incinerator/furnace or atmospheric temperature...""","0.18, 0.19",NULL,TABLE,"""Table 6: Water/binder ratio: 0.19""; ""Table 7: w/b ratio (by weight): 0.18""",5 to 10,µm,TEXT,"""Generally, RHA has a fine particle size ranging from 5 µm to 10 µm...""",NULL,NULL,NULL,NULL,NULL,NULL,NULL,NULL,NULL,NULL,NULL,NULL,"45 (or 8.61, 5.45, 6.95 for different grinding times; or 3.6, 5.6, 9.0)",µm,TEXT / TABLE,"""...with the mean particle size of 45 µm."" / ""Table 4: Particle mean size (µm): 8.61, 5.45, 6.95"" / ""Table 7: The mean particle size of RHA (µm): 3.6, 5.6, 9.0""",20 to 270 (or up to 100),m²/g,TEXT,"""RHA has extremely high surface area ranging from 20 to 270 m²/g..."" / ""...specific surface area of up to 100 m²/g...""","2.765 (Raw), 6.388 (5 min), 19.558 (30 min), 7.546 (120 min)",m²/g,TABLE,"""Table 4: Surface area m²/g: 2.765, 6.388, 19.558, 7.546""",NULL,NULL,NULL,NULL,Specific pore volume of about 0.13,cm³/g,TEXT,"""...specific pore volume of about 0.13 cm³/g which requires high amount of water to fill...""",NULL,NULL,NULL,NULL,NULL,NULL,NULL,NULL,80–95.9 (Table 5) / 81.4–83.0 (Table 4) / 85–95 (Table 3),%,TABLE,"""Table 3: 85–95%""; ""Table 4: 81.4%, 82.9%, 83%""; ""Table 5: 80–95.9%""",0.25–1.5 (Table 3) / 2.16–2.42 (Table 4) / 1.1–1.5 (Table 5),%,TABLE,"""Table 3: 0.25–1.5%""; ""Table 4: 2.16–2.42%""; ""Table 5: 1.1–1.5%""",0.1–0.9 (Table 3) / 0.26–0.34 (Table 4) / 0.4–0.4 (Table 5),%,TABLE,"""Table 3: 0.1–0.9%""; ""Table 4: 0.26–0.34%""; ""Table 5: 0.4–0.4%""",0.20–0.75 (Table 3) / 0.93–1.83 (Table 4) / 0.2–2.9 (Table 5),%,TABLE,"""Table 3: 0.20–0.75%""; ""Table 4: 0.93–1.83%""; ""Table 5: 0.2–2.9%""",0.20–1.6 (Table 3) / 0.93–1.07 (Table 4) / 0.3–0.9 (Table 5),%,TABLE,"""Table 3: 0.20–1.6%""; ""Table 4: 0.93–1.07%""; ""Table 5: 0.3–0.9%""",0–0.15 (Table 3) / 1.34–1.58 (Table 4) / 0.7–1.2 (Table 5),%,TABLE,"""Table 3: 0–0.15%""; ""Table 4: 1.34–1.58%""; ""Table 5: 0.7–1.2%""",0–0.8 (Table 3) / 0.01–0.18 (Table 4) / 0.8–2.1 (Table 5),%,TABLE,"""Table 3: 0–0.8%""; ""Table 4: 0.01–0.18%""; ""Table 5: 0.8–2.1%""",0.7–4.0 (Table 3) / 6.79–6.83 (Table 4) / 2.8–6.6 (Table 5),%,TABLE,"""Table 3: 0.7–4.0%""; ""Table 4: 6.79–6.83%""; ""Table 5: 2.8–6.6%""",up to 12 (Table 5) / 3.13–3.14 (Table 4) / 2.36–5.14 (Table 3),%,TABLE,"""Table 3: LOI 2.36–5.14%""; ""Table 4: LOI 3.13–3.14%""; ""Table 5: LOI up to 12%""","Alkalis (0.95–4.61%), Carbon (0.41–5.91%)",%,TEXT,"""...alkalis (0.95–4.61%), and carbon (0.41–5.91%) [49,50].""",Amorphous SiO2,NULL,GRAPH/FIGURE,"""Fig. 2. XRD patterns of RHA and SF [63] ... They contain mainly amorphous SiO2...""",Silica (80–90%),%,TEXT,"""...mineralogical components such as silica (80–90%)...""",Up to 90 (or 90–96),%,TEXT,"""...pozzolanic material should have up to 90% amorphous silica content [67]."" / ""...contains about 90-96% silica in an amorphous form...""",Reactive due to large surface area and high amorphous silica content,NULL,TEXT,"""RHA is very reactive owing to its large surface and high content of amorphous silica...""",NULL,NULL,NULL,NULL,NULL,NULL,NULL,NULL,"Exothermal curve delayed, secondary exothermal peak increased",NULL,TEXT,"""...RHA can be considered as a factor which will delay the period of hydration and increase the maximum secondary exothermal curve [67,92-94].""",Secondary C-S-H gel formation with Ca(OH)2,NULL,TEXT,"""The formation of C-S-H gel in RHA concrete was probably due to the reaction of SiO2 present in the RHA and the Ca(OH)2...""","5% to 30% (general text); 10%, 20%, 30%, 40%, 50% (Table 6); 20% (Table 7 & Table 8)",%,MULTIPLE SOURCES,"""Text: ...use or RHA as a cement replacement ranging from 5% to 30%...""; ""Table 6: 10%, 20%, 30%, 40%, 50%""; ""Table 7 & 8: 20%""",10% (for compressive strength); 30% (for flexural and splitting tensile strength when substituting SF),%,MULTIPLE SOURCES,"""Fig. 7: 10% RHA gives maximum compressive strength""; ""Section 4.2 & Fig. 9: 30% RHA substitution (R30) shows maximum flexural and splitting tensile strength""",>150 (up to >200),MPa,MULTIPLE SOURCES,"""Text: ...compressive strength of UHPC incorporating RHA could reach in excess of 150 MPa...""; ""Fig. 7: compressive strength ranges up to ~205 MPa""",Increased up to 12% at 28 days and 18% at 91 days (for 20% replacement),%,TEXT,"""...compressive strength of UHPC with 20% replacement is increased up to 12% and 18% at 28 and 91 days, respectively [96].""",NULL,NULL,NULL,NULL,NULL,NULL,NULL,NULL,Increases with RHA addition (or decreases depending on particle size),NULL,TEXT,"""The initial setting time is increased with an increase in RHA, whereas sometimes the setting time may decrease...""",Decreases with an increase in RHA content,NULL,TEXT,"""The final setting time of the paste decreases with an increase in RHA content [67,95].""","38.5 (Normal curing), 41.7 (Steam curing)",MPa,TEXT,"""R30 shows 38.5 MPa under normal curing... and 41.7 MPa under steam curing...""",12% to 44% increase under normal curing; 11% to 38% increase under steam curing,%,TEXT,"""...about 12-44% and 11-38% increase in flexural strength for with RHA compared with the control concrete under normal curing and steam curing...""",Reduced autogenous shrinkage,NULL,TEXT,"""The addition of 20% of RHA in UHPC reduces autogenous shrinkage effectively...""",NULL,NULL,NULL,NULL
Compressive Strength of Concrete using Fly Ash and Rice Husk Ash: A Review,Sam Joel,Civil Engineering Journal,2020,http://dx.doi.org/10.28991/cej-2020-03091556,Rice Husk Ash (RHA),NULL,TEXT,This paper reviewed the work that has been done on the use of fly ash and rice husk ash as partial replacements for concrete...,Rice husk,NULL,TEXT,The milling of paddy in a rice mill is the way in which rice husk is made and rice husk ash is obtained after rice husk has been burnt the rice husk in boiler,Burning / Incineration,NULL,TEXT,...rice husk ash is obtained after rice husk has been burnt the rice husk in boiler,Burning temperature below 1440,°C,TEXT,Rice husk ash is recommended to be burnt below 1440°C is its melting point...,NULL,NULL,NULL,NULL,NULL,NULL,NULL,NULL,NULL,NULL,NULL,NULL,NULL,NULL,NULL,NULL,NULL,NULL,NULL,NULL,NULL,NULL,NULL,NULL,NULL,NULL,NULL,NULL,NULL,NULL,NULL,NULL,NULL,NULL,NULL,NULL,NULL,NULL,NULL,NULL,NULL,NULL,NULL,NULL,NULL,NULL,NULL,NULL,NULL,NULL,NULL,NULL,NULL,NULL,NULL,NULL,NULL,NULL,NULL,NULL,NULL,NULL,NULL,NULL,NULL,NULL,NULL,NULL,NULL,NULL,NULL,NULL,NULL,NULL,NULL,NULL,NULL,NULL,NULL,NULL,NULL,NULL,NULL,NULL,96.7; 86.0; 89.61; 87.4; 85.58; 97.5; 93.4; 90.0; 96.7,weight (%),TABLE,Table 2,0.49; 1.26; 0.91; 0.9; 1.83; 0.18; 0.31; 1.10; 0.49,weight (%),TABLE,Table 2,1.01; 5.12; 0.04; 0.4; 0.25; 0.73; 0.05; 0.46; 1.01,weight (%),TABLE,Table 2,0.05; 1.12; 0.22; 0.3; 0.21; 1.18; 0.06; 0.43; 0.05,weight (%),TABLE,Table 2,0.19; 0.48; 0.42; 0.6; 0.50; ND; 0.35; 0.77; 0.19,weight (%),TABLE,Table 2,ND; 2.79; ND; 0.4; 0.26; 0.49; ND; ND; ND,weight (%),TABLE,Table 2,0.16; 0.05; 0.07; 0.04; ND; 0.10; 0.1; ND; 0.26,weight (%),TABLE,Table 2,0.91; 1.82; 1.58; 3.39; 3.39; 1.39; 1.4; 4.60; 0.91,weight (%),TABLE,Table 2,4.81; ND; 5.91; 4.60; 6.99; ND; ND; 3.90; 4.81,weight (%),TABLE,Table 2,"P2O5: ND; 0.48; ND; ND; 0.67; ND; 0.8; 2.43; ND
TiO2: ND; 0.17; ND; ND; ND; ND; ND; ND; 0.16",weight (%),TABLE,Table 2,NULL,NULL,NULL,NULL,NULL,NULL,NULL,NULL,NULL,NULL,NULL,NULL,Active pozzolanic material,NULL,TEXT,...in order to make the ash an active pozzolanic material,NULL,NULL,NULL,NULL,NULL,NULL,NULL,NULL,NULL,NULL,NULL,NULL,NULL,NULL,NULL,NULL,"0, 5, 7.5, 10, 12.5, 15",%,TABLE,Table 4,7.5,%,MULTIPLE SOURCES,It was seen that... the optimal percentage partial replacement of fly ash and rice husk ash for a strong compressive concrete strength is 30% of fly ash and 7.5% of rice husk ash. / Table 4,"7 days: 27.8, 26.6, 28.3, 27.3, 26.2, 25.9
28 days: 41.70, 39.90, 42.45, 40.95, 39.30, 38.85",MPa,TABLE,Table 4,NULL,NULL,NULL,NULL,NULL,NULL,NULL,NULL,NULL,NULL,NULL,NULL,NULL,NULL,NULL,NULL,NULL,NULL,NULL,NULL,NULL,NULL,NULL,NULL,NULL,NULL,NULL,NULL,NULL,NULL,NULL,NULL,NULL,NULL,NULL,NULL
Performance of Rice Husk Ash as Supplementary Cementitious Material after Production in the Field and in the Lab,"Mareike Thiedeitz, Wolfram Schmidt, Michelle Härder, Thomas Kränkel",Materials,2020,10.3390/ma13194319,Rice Husk Ash (RHA) / Rice husk ash,-,TEXT,"""Performance of Rice Husk Ash as Supplementary Cementitious Material after Production in the Field and in the Lab""",Rice husks,-,TEXT,"""Rice husks were collected by the authors in Bagamoyo, Tanzania.""",Uncontrolled combustion in a self-made furnace (field/rural) and controlled combustion in a muffle oven (laboratory),-,TEXT,"""RH were burnt both under uncontrolled conditions with a self-made furnace... and for comparison under controlled conditions in a muffle oven in a laboratory""",U1: Burnt with timber; U2: Burnt with charcoal; C450/C650: Burnt in muffle oven,-,TABLE,"""Table 1. Combustion temperatures.""",Mechanical grinding,-,TEXT,"""The RHA were ground in a ball mill (Cryomill, Retsch, Germany)...""","Frequency: 15 Hz, 20 Hz, 25 Hz; Grinding time: 10 s, 20 s, 40 s","Hz, sec",TABLE,"""Table 2. Grinding values.""",NULL,-,TEXT,NULL,U1: 500; U2: >800; C450: 450; C650: 650,°C,TABLE,"""Table 1. Combustion temperatures.""",U1: 3; U2: 3; C450: 0.5; C650: 0.5,h,TABLE,"""Table 1. Combustion temperatures.""",Grinding in a ball mill,-,TEXT,"""The RHA were ground in a ball mill (Cryomill, Retsch, Germany)...""","10, 20, 40",sec,TABLE,"""Table 2. Grinding values.""","15, 20, 25",Hz,TABLE,"""Table 2. Grinding values.""",Washed with pure water and sundried,-,TEXT,"""They were washed with pure water, sundried and not treated further.""",0.5,-,TABLE,"""Table 4. Cement paste mixtures.""",RHA_f15: 1.0–50.0; RHA_f20: 0.8–260.0; RHA_f25: 0.9–200.0,µm,TABLE,"""Table 5. Grinding values.""",NULL,-,TEXT,NULL,RHA_f15: 32.0; RHA_f20: 20.0; RHA_f25: 9.5,µm,TABLE,"""Table 5. Grinding values.""",NULL,-,TEXT,NULL,NULL,-,TEXT,NULL,NULL,-,TEXT,NULL,128 (for RHA_f20),m²/g,TABLE,"""Table 5. Grinding values.""",RHA_f15: 1920; RHA_f20: 2690; RHA_f25: 3880,cm²/g,TABLE,"""Table 5. Grinding values.""",NULL,-,TEXT,NULL,U1: 2.25; U2: 2.32; C450: 2.25; C650: 2.29,g/cm³,TABLE,"""Table 3. Physical and chemical material properties.""",NULL,-,TEXT,NULL,U1: 93.78; U2: 93.90; C450: 93.15; C650: 94.97,%,TABLE,"""Table 3. Physical and chemical material properties.""",U1: 2.07; U2: 0.84; C450: 0.60; C650: 0.83,%,TABLE,"""Table 3. Physical and chemical material properties.""",U1: 0.48; U2: 0.20; C450: 0.36; C650: 0.97,%,TABLE,"""Table 3. Physical and chemical material properties.""",U1: 0.72; U2: 0.43; C450: 0.26; C650: 0.58,%,TABLE,"""Table 3. Physical and chemical material properties.""",U1: 0.52; U2: 0.37; C450: 0.37; C650: 0.57,%,TABLE,"""Table 3. Physical and chemical material properties.""",NULL,-,TEXT,NULL,U1: 0.38; U2: 0.38; C450: 0.43; C650: 0.58,%,TABLE,"""Table 3. Physical and chemical material properties.""",U1: 1.89; U2: 1.69; C450: 1.81; C650: 1.66,%,TABLE,"""Table 3. Physical and chemical material properties.""",NULL,-,TEXT,NULL,Total Carbon (TC): U1: 0.88; U2: 0.56; C450: 0.66; C650: 0.59,%,TABLE,"""Table 3. Physical and chemical material properties.""","U1: Amorphous, Crystalline Quartz, Crystalline Sylvite, Crystalline Hydrophilite; U2: Amorphous, Crystalline Quartz, Crystalline Hydrophilite, Crystalline Hematite; C450: Amorphous, Crystalline Quartz, Crystalline Calcite; C650: Amorphous, Crystalline Quartz",-,GRAPH/FIGURE,"""Figure 6. X-ray diffraction (XRD) patterns of RHA samples""","Quartz, Sylvite, Hydrophilite, Hematite, Calcite",-,GRAPH/FIGURE,"""Figure 6. X-ray diffraction (XRD) patterns of RHA samples""",U1: >99.9; U2: >99.0; C450: >98.8; C650: >99.5,%,TABLE,"""Table 3. Physical and chemical material properties.""",High reactivity,-,TEXT,"""controlled burning conditions around 650 °C lead to high reactivity of silica""",NULL,-,TEXT,NULL,NULL,-,TEXT,NULL,NULL,-,TEXT,NULL,"Percental cement reactivity reference lines (60%, 80%, 90%, 100%)",-,GRAPH/FIGURE,"""Figure 7. Compressive strength values after (a) 28 days and (b) 56 days for all test series.""","10%, 20%, 40%",-,TABLE,"""Table 4. Cement paste mixtures.""",20% (GRAPH-DERIVED),%,GRAPH/FIGURE,"""20% replacement can even improve the performance."" / Figure 7","28-day: 90CEM_10C450: ~61.5; 80CEM_20C450: ~59.5; 60CEM_40C450: ~64.5; 90CEM_10C650: ~57.5; 80CEM_20C650: ~59.0; 60CEM_40C650: ~48.0; 90CEM_10U1: ~58.0; 80CEM_20U1: ~56.0; 60CEM_40U1: ~52.5; 90CEM_10U2: ~53.0; 80CEM_20U2: ~52.5; 60CEM_40U2: ~50.0.
56-day: 90CEM_10C450: ~66.5; 80CEM_20C450: ~60.5; 60CEM_40C450: ~63.5; 90CEM_10C650: ~58.0; 80CEM_20C650: ~56.5; 60CEM_40C650: ~60.5; 90CEM_10U1: ~59.5; 80CEM_20U1: ~56.5; 60CEM_40U1: ~55.0; 90CEM_10U2: ~54.0; 80CEM_20U2: ~53.5; 60CEM_40U2: ~52.0 (GRAPH-DERIVED)",MPa,GRAPH/FIGURE,"""Figure 7. Compressive strength values after (a) 28 days and (b) 56 days for all test series.""","Reference lines given for 60%, 80%, 90%, 100% of control cement strength (100CEM control: 62.5 MPa at 28d, 69.0 MPa at 56d)",%,GRAPH/FIGURE,"""Figure 7. Compressive strength values after (a) 28 days and (b) 56 days for all test series."" / Section 4.2",NULL,-,TEXT,NULL,NULL,-,TEXT,NULL,NULL,-,TEXT,NULL,NULL,-,TEXT,NULL,NULL,-,TEXT,NULL,NULL,-,TEXT,NULL,NULL,-,TEXT,NULL,NULL,-,TEXT,NULL
"Effect of particle size, porous structure and content of rice husk ash on the hydration process and compressive strength evolution of concrete","Amanda Pereira Vieira, Romildo Dias Toledo Filho, Luís Marcelo Tavares, Guilherme Chagas Cordeiro",Construction and Building Materials,2020,https://doi.org/10.1016/j.conbuildmat.2019.117553,Rice husk ash (RHA),NULL,TEXT,Compressive strength evolution of high strength concrete with rice husk ash (RHA) was evaluated...,Rice plant / Rice husk,NULL,TEXT,"High carbon content RHA was collected from a rice plant located in the state of Santa Catarina, Brazil.",Recalcination and Grinding,NULL,TEXT,...RHA was submitted to a re-calcination procedure aiming to reduce the loss on ignition... Distinct grinding procedures were performed to produce three different ashes.,"Recalcination: 10°C/min heating rate, step 1 at 350°C for 3 h, step 2 at 600°C for 3 h; Grinding: Tumbling ball mill (300 rpm, 30 min) for RHA20; Vibratory mill (5 min) for RHA14; Vibratory mill (1 h) for RHA7",NULL,TEXT,"First, a target temperature of 350°C was used with a residence time of 3 h... Then, the burning was completed at 600°C for another 3 h... RHA20 was obtained with 30 min of grinding using a tumbling ball mill... operating at a frequency of 300 rpm... RHA14 was produced in a Palla vibratory mill... Grinding time in this case was only 5 min. The third ash (named RHA7... was obtained using the same procedure... except for the grinding time of 1 h.",Thermal treatment and mechanical grinding,NULL,TEXT,...RHA was submitted to a re-calcination procedure... Distinct grinding procedures were performed to produce three different ashes.,"Thermal: 350°C for 3 h then 600°C for 3 h; Mechanical: Tumbling ball mill for 30 min, Vibratory mill for 5 min or 1 h",NULL,TEXT,"First, a target temperature of 350°C was used with a residence time of 3 h... Then, the burning was completed at 600°C for another 3 h... 30 min of grinding using a tumbling ball mill... Palla vibratory mill... 5 min... 1 h.",NULL,NULL,NULL,NULL,350 and 600,°C,TEXT,"First, a target temperature of 350°C was used... Then, the burning was completed at 600°C...",3 and 3,h,TEXT,...residence time of 3 h... for another 3 h...,Tumbling ball mill; Vibratory mill,NULL,TEXT,...tumbling ball mill... Palla vibratory mill...,30 (RHA20); 5 (RHA14); 60 (RHA7),min,TEXT,...30 min of grinding using a tumbling ball mill... Grinding time in this case was only 5 min. The third ash... grinding time of 1 h.,300,rpm,TEXT,...operating at a frequency of 300 rpm (89.7% of critical speed)...,NULL,NULL,NULL,NULL,0.36,NULL,TEXT,The water-cementitious material ratio was maintained constant at 0.36.,D50 = 20 µm (RHA20); D50 = 14 µm (RHA14); D50 = 7 µm (RHA7),µm,TEXT,"...RHA with D50 (50% passing particle size) of about 20 µm (named here by RHA20)... The second RHA (named RHA14, D50 ? 14 µm)... The third ash (named RHA7 due to its 7 µm D50)...",NULL,NULL,NULL,NULL,20 (RHA20); 14 (RHA14); 7 (RHA7),µm,TEXT,...D50... of about 20 µm... D50 ? 14 µm... 7 µm D50...,NULL,NULL,NULL,NULL,NULL,NULL,NULL,NULL,"131,867 (Unground RHA); 106,811 (RHA20); 106,712 (RHA14); 92,042 (RHA7)",m²/kg,TABLE,"Table 4: BET specific surface area (m²/kg): Unground RHA: 131,867; RHA20: 106,811; RHA14: 106,712; RHA7: 92,042","131,867 (Unground RHA); 106,811 (RHA20); 106,712 (RHA14); 92,042 (RHA7)",m²/kg,TABLE,"Table 4: BET specific surface area (m²/kg): Unground RHA: 131,867; RHA20: 106,811; RHA14: 106,712; RHA7: 92,042",n.a.,NULL,TABLE,Table 3: Blaine specific surface area (m²/kg): RHA: n.a.,NULL,NULL,NULL,NULL,2.44,g/cm³,TABLE,Table 3: Density (g/cm³): RHA: 2.44,NULL,NULL,NULL,NULL,89.85,wt.%,TABLE,Table 3: SiO2 (wt.%) RHA: 89.85,0.79,wt.%,TABLE,Table 3: CaO (wt.%) RHA: 0.79,4.79,wt.%,TABLE,Table 3: Al2O3 (wt.%) RHA: 4.79,0.86,wt.%,TABLE,Table 3: Fe2O3 (wt.%) RHA: 0.86,NULL,NULL,NULL,NULL,1.34,wt.%,TABLE,Table 3: SO3 (wt.%) RHA: 1.34,NULL,NULL,NULL,NULL,1.38,wt.%,TABLE,Table 3: K2O (wt.%) RHA: 1.38,0.53,wt.%,TABLE,Table 3: Loss on ignition (wt.%) RHA: 0.53,P2O5: 0.22; MnO: 0.24,wt.%,TABLE,Table 3: P2O5: 0.22; MnO: 0.24,"Amorphous silica, Quartz",NULL,TEXT,"The X-ray diffraction pattern (Fig. 1) indicated that RHA contained mostly amorphous silica, but also some quartz contamination.",Quartz,NULL,TEXT,...quartz contamination.,88.4 (RHA20); 87.6 (RHA14); 85.4 (RHA7),%,TABLE,Table 5: Soluble fraction (%): RHA20: 88.4; RHA14: 87.6; RHA7: 85.4 (Measured via soluble fraction test to estimate content of amorphous phase),High / Good pozzolanicity,NULL,TEXT,...all ashes were classified with good pozzolanicity since the mean values of electrical conductivity variation after 2 min were higher than 1.2 mS/cm...,NULL,NULL,NULL,NULL,NULL,NULL,NULL,NULL,Curves of specific heat rate (mW/g) over 72 h are reported in Fig. 6a-c,mW/g,GRAPH/FIGURE,"Fig. 6. Specific heat flow curves of reference and pastes with RHA20, RHA14 and RHA7 with 8% replacement (a), 10% replacement (b) and 12% replacement (c).",Electrical conductivity variation (?C): 2.92 (RHA20); 2.90 (RHA14); 2.78 (RHA7),mS/cm,TABLE,Table 5: ?C (mS/cm): RHA20: 2.92; RHA14: 2.90; RHA7: 2.78,"8, 10, 12",wt%,TEXT,...cement replacement level (8-12%)... 8 and 12% were the low and the high levels for cement replacement... The central point corresponded to... 10%...,12 (at 91 days for coarse RHA / RHA20),wt%,TEXT,The results indicated that RHA with D50 around 14 µm and 20 µm in high level of replacement content can better improve cement hydration and generate high strength concrete at 91 days.,"3 days: 55.51 (C-RHA7-8%), 54.46 (C-RHA7-12%), 50.47 (C-RHA20-8%), 52.17 (C-RHA20-12%), 50.9 (C-RHA14-10%)
7 days: 62.05 (C-RHA7-8%), 63.12 (C-RHA7-12%), 54.29 (C-RHA20-8%), 57.32 (C-RHA20-12%), 54.4 (C-RHA14-10%)
28 days: 67.68 (C-RHA7-8%), 67.70 (C-RHA7-12%), 62.53 (C-RHA20-8%), 61.01 (C-RHA20-12%), 57.98 (C-RHA14-10%)
91 days: 72.24 (C-RHA7-8%), 72.69 (C-RHA7-12%), 68.59 (C-RHA20-8%), 73.12 (C-RHA20-12%), 68.79 (C-RHA14-10%)",MPa,TABLE,"Table 6: Compressive strength (MPa) at 3, 7, 28, and 91 days",NULL,NULL,NULL,NULL,NULL,NULL,NULL,NULL,NULL,NULL,NULL,NULL,NULL,NULL,NULL,NULL,NULL,NULL,NULL,NULL,NULL,NULL,NULL,NULL,NULL,NULL,NULL,NULL,NULL,NULL,NULL,NULL,NULL,NULL,NULL,NULL
"Eco-friendly high strength, high ductility engineered cementitious composites (ECC) with substitution of fly ash by rice husk ash","Zhigang Zhang, Fan Yang, Jin-Cheng Liu, Shuping Wang",Cement and Concrete Research,2020,10.1016/j.cemconres.2020.106200,Pulverized rice husk ash (RHA),-,TEXT,"""In this study, the ingredients in the production of ECC include ordinary Portland cement of CEM 1-52.5 N, silica fume (Elkem 940 U), Class F fly ash (FA), pulverized rice husk ash, silica sand...""",Rice husk (protecting outer cover of paddy),-,TEXT,"""RHA is a kind of agricultural waste; it is obtained from burning protecting the outer cover of rice husk.""",Burning and ball milling,-,TEXT,"""The pulverized RHA with fine and uniform particle size distribution was obtained from grinding pristine RHA using ball mill at a speed of 300 rpm for 5 min.""",Ball milling speed: 300; Grinding duration: 5,rpm; min,TEXT,"""...grinding pristine RHA using ball mill at a speed of 300 rpm for 5 min.""",Mechanical activation (grinding/ball milling),-,TEXT,"""...obtained from grinding pristine RHA using ball mill at a speed of 300 rpm for 5 min.""",Ball mill speed: 300; Duration: 5,rpm; min,TEXT,"""...grinding pristine RHA using ball mill at a speed of 300 rpm for 5 min.""",NULL,-,-,NULL,NULL,-,-,NULL,NULL,-,-,NULL,Grinding / Ball milling,-,TEXT,"""...obtained from grinding pristine RHA using ball mill at a speed of 300 rpm for 5 min.""",5,min,TEXT,"""...grinding pristine RHA using ball mill at a speed of 300 rpm for 5 min.""",300,rpm,TEXT,"""...grinding pristine RHA using ball mill at a speed of 300 rpm for 5 min.""",NULL,-,-,NULL,0.2,-,TEXT,"""The ratio of water to binder and silica sand to binder was kept constant at 0.2 and 0.3, respectively.""",NULL,-,-,NULL,NULL,-,-,NULL,NULL,-,-,NULL,NULL,-,-,NULL,NULL,-,-,NULL,NULL,-,-,NULL,NULL,-,-,NULL,NULL,-,-,NULL,NULL,-,-,NULL,NULL,-,-,NULL,2.0,g/cm³,TEXT,"""The bulk density of the RHA is 2.0 g/cm³, which is lower than that of fly ash (2.4 g/cm³).""",Non-crystalline silicon dioxide (SiO2),-,TEXT,"""...it consists of non-crystalline silicon dioxide (SiO2) and is of high specific surface area...""",NULL,-,-,NULL,NULL,-,-,NULL,NULL,-,-,NULL,NULL,-,-,NULL,NULL,-,-,NULL,NULL,-,-,NULL,NULL,-,-,NULL,NULL,-,-,NULL,NULL,-,-,NULL,Cristobalite,-,TEXT,"""It is also noted that the peak intensity of cristobalite (2? near 21.8°) in ECC mixtures shows evident rise as RHA content increases, which attributes to the crystalline phase in RHA.""",Cristobalite,-,TEXT,"""...which attributes to the crystalline phase in RHA.""",Non-crystalline / amorphous SiO2,-,TEXT,"""...it consists of non-crystalline silicon dioxide (SiO2)...""",High pozzolanic reactivity (superior to fly ash),-,TEXT,"""...which indicates that the RHA possesses a superior pozzolanic reactivity to fly ash...""",NULL,-,-,NULL,NULL,-,-,NULL,"Hydration heat flow peak time: 19 (M-25, M-50), 27.6 (M-100); 72 h cumulative heat release: 125",h; J/g,TEXT,"""...the peak time decreased from 26 h for M-C to 19 h for M-25 and M-50... M-100 with complete replacement of FA by RHA delays the peak time to 27.6 h... the heat release of ECC mixtures has a tendency to increase (from 120 J/g of M-C to 125 J/g of M-100)...""","CH / Portlandite consumption (weight loss at 440°C–520°C): 0.85% (M-25), 0.94% (M-50), 0.58% (M-100) vs 0.93% (M-C)",%,TEXT,"""...the percentage of weight loss of M-C, M-25, M-50, and M-100 within this range, due to the consumption of CH by pozzolanic reaction, is 0.93%, 0.85%, 0.94%, and 0.58%, respectively...""","Substitution ratio of fly ash by RHA: 0%, 25%, 50%, 100% by equal volume",%,TEXT,"""The M-25, M-50, and M-100 mean that the fly ash is replaced by RHA at 25%, 50% and 100% by equal volume, respectively.""",50% replacement of fly ash by RHA (for 28-day compressive strength and ultimate tensile strength); 25% replacement of fly ash by RHA (for 3-day compressive strength and tensile strain capacity),%,TEXT,"""Among the four ECC mixtures, the highest compressive strength is reached in M-50...""; ""In terms of tensile strength... M-50 with the value of 13.04 MPa exhibited the highest...""; ""At 3 curing days, the M-25 exhibits the highest compressive strength of 68.78 MPa...""; ""...tensile strain capacity of ECC mixtures was improved by nearly 50% in M-25 and M-100...""","3-Day: M-C: 47.88, M-25: 68.78;
28-Day: M-C: 82.06, M-25: 98.08, M-50: 108.57, M-100: 97.24",MPa,TEXT,"""At 3 curing days, the M-25 exhibits the highest compressive strength of 68.78 MPa which increased by 44% as compared with 47.88 MPa of M-C...""; ""At 28 curing days... the compressive strength of M-25, M-50, and M-100 are 98.08 MPa, 108.57 MPa, and 97.24 MPa, respectively, which increased by 20%, 32%, and 18% as compared with the compressive strength of 82.06 in M-C.""","3-Day: M-25: 144%, M-50: 132%, M-100: 129%;
28-Day: M-25: 120%, M-50: 132%, M-100: 118%",%,TEXT,"""...increased by 44% as compared with 47.88 MPa of M-C, while the compressive strength of M-50 and M-100 increased by 32% and 29%, respectively.""; ""...increased by 20%, 32%, and 18% as compared with the compressive strength of 82.06 in M-C.""",NULL,-,-,NULL,NULL,-,-,NULL,NULL,-,-,NULL,NULL,-,-,NULL,NULL,-,-,NULL,NULL,-,-,NULL,NULL,-,-,NULL,NULL,-,-,NULL
Assessment of strength properties of concrete made with rice husk ash,"RA.B. Depaa, V. Priyadarshini, A. Hemamalinie, J Francis Xavier, K Surendrababu",Materials Today: Proceedings,2021,10.1016/j.matpr.2020.12.605,Rice husk ash,NULL,TEXT,...rice husk ash has been used as an admixture and the strength properties have been studied.,NULL,NULL,NULL,NULL,NULL,NULL,NULL,NULL,NULL,NULL,NULL,NULL,NULL,NULL,NULL,NULL,NULL,NULL,NULL,NULL,NULL,NULL,NULL,NULL,NULL,NULL,NULL,NULL,NULL,NULL,NULL,NULL,NULL,NULL,NULL,NULL,NULL,NULL,NULL,NULL,NULL,NULL,NULL,NULL,NULL,NULL,NULL,NULL,0.45,NULL,TEXT,The water cement ratio has been kept constant as 0.45.,NULL,NULL,NULL,NULL,NULL,NULL,NULL,NULL,NULL,NULL,NULL,NULL,NULL,NULL,NULL,NULL,NULL,NULL,NULL,NULL,NULL,NULL,NULL,NULL,NULL,NULL,NULL,NULL,NULL,NULL,NULL,NULL,NULL,NULL,NULL,NULL,NULL,NULL,NULL,NULL,NULL,NULL,NULL,NULL,NULL,NULL,NULL,NULL,NULL,NULL,NULL,NULL,NULL,NULL,NULL,NULL,NULL,NULL,NULL,NULL,NULL,NULL,NULL,NULL,NULL,NULL,NULL,NULL,NULL,NULL,NULL,NULL,NULL,NULL,NULL,NULL,NULL,NULL,NULL,NULL,NULL,NULL,NULL,NULL,NULL,NULL,NULL,NULL,NULL,NULL,NULL,NULL,NULL,NULL,NULL,NULL,NULL,NULL,NULL,NULL,NULL,NULL,NULL,NULL,NULL,NULL,NULL,NULL,NULL,NULL,NULL,NULL,NULL,NULL,NULL,NULL,15,%,TEXT,The influence of 15% rice husk ash on strength properties has been compared with normal M30 concrete.,15,%,TEXT,The optimum percentage of rice husk ash has been found as 15%...,47,MPa,TEXT,...and the 28th day compressive strength (Fig. 1) yielded a value of 47 MPa.,NULL,NULL,NULL,NULL,NULL,NULL,NULL,NULL,NULL,NULL,NULL,NULL,NULL,NULL,NULL,NULL,NULL,NULL,NULL,NULL,4.56,MPa,TEXT,"The 28 days flexural strength results of conventional M30 mix, and 15% rice husk ash replaced mix gave the values of 4.58 MPa, and 4.56 MPa respectively.",NULL,NULL,NULL,NULL,NULL,NULL,NULL,NULL,NULL,NULL,NULL,NULL
Strength performance of high-grade concrete using rice husk ash (RHA) as cement replacement material,"Kurrae Rajashekhar Reddy, M. Harihanandh, K. Murali",Materials Today: Proceedings,2021,10.1016/j.matpr.2021.04.332,Rice husk ash (RHA),NULL,TEXT,"""The waste is used as a gas in leaching steps to produce streams.25% of the size of husk is turned into particles acknowledged as rice husk waste (RHA)...""",Rice husk,NULL,TEXT,"""Rice husk are agricultural waste acquired through the rice remedy method, whilst rice husk is about 22% of the weight of rice.""",Charring in a ferrocation oven or boilers with air pipes/electrical ventilators,NULL,TEXT,"""To generate RHA at a regulated temperature, In a ferrocation oven or occasionally in boilers, the rice husk is charred. In warm air pipes with two purposes, one offers the husk with air and a 2nd acts as the husk of heat.""","Burned at about 50°-800°C for 24 h, around 52°C after 24 h, and around 25°C after 48 h","°C, h",TEXT,"""For 24 h, the boiler or oven temperature in the RHA burning method is about 50°-800°C. The temperature after 24 h is around 52°C. The temperature of the ash after 48 h is around 25°C""",NULL,NULL,NULL,NULL,NULL,NULL,NULL,NULL,NULL,NULL,NULL,NULL,NULL,NULL,NULL,NULL,NULL,NULL,NULL,NULL,NULL,NULL,NULL,NULL,NULL,NULL,NULL,NULL,NULL,NULL,NULL,NULL,NULL,NULL,NULL,NULL,0.39,NULL,TEXT,"""The concrete of M40 has been arrived as per IS 10262-2009 for the water cement ratio of 0.39.""",NULL,NULL,NULL,NULL,NULL,NULL,NULL,NULL,NULL,NULL,NULL,NULL,NULL,NULL,NULL,NULL,NULL,NULL,NULL,NULL,NULL,NULL,NULL,NULL,NULL,NULL,NULL,NULL,NULL,NULL,NULL,NULL,NULL,NULL,NULL,NULL,2.3,NULL,TABLE,"Table 3: ""Relative density | 2.3""",NULL,NULL,NULL,NULL,86.94,%,TABLE,"Table 3: ""Sio2 | 86.94%""",0.3 to 2.2,%,TABLE,"Table 3: ""Cao | 0.3 to 2.2%""",0.20,%,TABLE,"Table 3: ""A1203 | 0.20%""",0.10,%,TABLE,"Table 3: ""Fe203 | 0.10%""",0.2 to 0.6,%,TABLE,"Table 3: ""Mgo | 0.2 to 0.6%""",NULL,NULL,NULL,NULL,0.1 to 0.8,%,TABLE,"Table 3: ""Na2o | 0.1 to 0.8%""",2.15 to 2.30,%,TABLE,"Table 3: ""K20 | 2.15 to 2.30%""",NULL,NULL,NULL,NULL,NULL,NULL,NULL,NULL,NULL,NULL,NULL,NULL,Non crystalline,NULL,TABLE,"Table 3: ""Minerals | Non crystalline""",NULL,NULL,NULL,NULL,Highly pozzolonic,NULL,TEXT,"""The test results show that RHA is highly pozzolonic at 5%,7.5%, 10%, 12.5% and 15%...""",NULL,NULL,NULL,NULL,NULL,NULL,NULL,NULL,NULL,NULL,NULL,NULL,NULL,NULL,NULL,NULL,"0, 5, 7.5, 10, 12.5, 15",%,TABLE,"Table 6: ""0"", ""5"", ""7.5"", ""10"", ""12.5"", ""15""",7.5,%,TEXT,"""The concrete with RHA of 7.5% replacement attains maximum strength of 43.45 N/mm².""","42.2 (0% / 28 days), 38.45 (5% / 28 days), 43.45 (7.5% / 28 days), 40.9 (10% / 28 days), 39.6 (12.5% / 28 days), 38.6 (15% / 28 days), 28.2 (0% / 7 days), 27.5 (5% / 7 days), 28.5 (7.5% / 7 days), 27.9 (10% / 7 days), 26 (12.5% / 7 days), 25.6 (15% / 7 days)",N/mm²,TABLE,Table 6: Compressive strength of M-40 cubes values,3,%,TEXT,"""When compared with the conventional specimen, this strength is 3% high.""",NULL,NULL,NULL,NULL,NULL,NULL,NULL,NULL,NULL,NULL,NULL,NULL,NULL,NULL,NULL,NULL,"4.9 (0% / 28 days), 5.5 (5% / 28 days), 5 (7.5% / 28 days), 4.7 (10% / 28 days), 4.3 (12.5% / 28 days), 3.9 (15% / 28 days), 3.9 (0% / 7 days), 4.2 (5% / 7 days), 3.7 (7.5% / 7 days), 3.5 (10% / 7 days), 3.25 (12.5% / 7 days), 3.15 (15% / 7 days)",N/mm²,TABLE,Table 8: Flexural strength of concrete (7&28) days values,12,%,TEXT,"""The maximum strength of the concrete with 7.5% RHA substitution is 5.5 N/mm² This strength is 12 percent high compared to the conventional specimen.""",NULL,NULL,NULL,NULL,NULL,NULL,NULL,NULL
State-of-the-art-review on rice husk ash: A supplementary cementitious material in concrete,"Ayesha Siddika, Md. Abdullah Al Mamun, Rayed Alyousef, Hossein Mohammadhosseini",Journal of King Saud University - Engineering Sciences,2021,https://doi.org/10.1016/j.jksues.2020.10.006,Rice husk ash (RHA),NULL,TEXT,"""Rice husk ash (RHA) is a good supplementary cementitious material for concrete production...""",Rice husk / Rice husks,NULL,TEXT,"""...during milling of rice, each kg of rice would leave 0.28 kg of rice husk... After full combustion of rice husk, 20–25% RHA by weight is produced""","Open field burning or controlled incineration, followed by separation/sieving and grinding",NULL,TEXT,"""To produce RHA, open field burning or controlled incineration of rice husk can be applied."" / ""Additionally, after incineration, the separation of RHA is needed..."" / ""...mechanical grinding is important to achieve high specific surface area...""",Incineration temperature: 500°C - 700°C / Yield: 20–25% by weight of rice husk,°C / %,TEXT,"""Complete burning at temperatures of 500°C–700°C is recommended in previous studies..."" / ""After full combustion of rice husk, 20–25% RHA by weight is produced...""","Thermal treatment (controlled incineration), Mechanical activation (grinding/milling), Acid-leaching pre-treatment",NULL,TEXT,"""The pozzolanic reactivity of RHA... can be improved by adopting controlled combustion and grinding..."" / ""Metallic ions can be separated from the rice husk using pre-treatment, such as acid-leaching...""","Incineration at 500°C-700°C, Mechanical grinding in vibratory mill for up to 360 min",°C / min,TEXT,"""Complete burning at temperatures of 500°C–700°C is recommended..."" / Table 1 reports grinding times up to 360 min",NULL,NULL,NULL,NULL,500°C-700°C (700°C-800°C also noted for controlled incineration),°C,TEXT,"""Complete burning at temperatures of 500°C–700°C is recommended in previous studies..."" / ""...controlled incineration of RHA with around 700–800°C temperature...""",NULL,NULL,NULL,NULL,Mechanical grinding / Vibratory milling,NULL,TEXT,"""...mechanical grinding is important..."" / ""...ground RHAs produced by vibratory grinding...""","8, 15, 30, 60, 90, 120, 180, 270, 360",min,TABLE,"Table 1 lists grinding times of 6, 8, 15, 30, 60, 90, 120, 180, 270, 360 min from various studies",NULL,NULL,NULL,NULL,Acid-leaching pre-treatment,NULL,TEXT,"""Metallic ions can be separated from the rice husk using pre-treatment, such as acid-leaching""","0.25, 0.40, 0.50",NULL,MULTIPLE SOURCES,Fig. 6 reports w/b = 0.25 and w/b = 0.40; Fig. 8 reports w/b = 0.50.,>80% coarser than 100 µm (as-received); <45 µm passing fineness: 99%,µm / %,MULTIPLE SOURCES,"""...in its as-received condition, more than 80% of the RHA particles are coarser than 100 µm."" / Table 1: Fineness: passing 45 µm (%) = 99",NULL,NULL,NULL,NULL,14 - 20,µm,TEXT,"""...Vieira et al... concluded that RHA with 50% particle size 14–20 µm can effectively improve...""",NULL,NULL,NULL,NULL,"3.80, 5.8, 11.5, 18.3, 31.3, 63.8",µm,MULTIPLE SOURCES,"Table 1 reports mean particle sizes of 3.80, 63.8, 31.3, 18.3, 11.5 µm; Text reports 5.8 µm for 120 min grinding.","36.47, 150",m²/g,MULTIPLE SOURCES,"Table 1 reports 36.47 m²/g; Text reports ""...maximum specific surface area of up to 150 m²/g""","33,670",m²/kg,TEXT,"""...120 min was sufficient to generate ultrafine ash with... 33670 m²/kg BET specific surface area...""",NULL,NULL,NULL,NULL,NULL,NULL,NULL,NULL,"2.06, 2.1, 2.11 (Typical range: 2.0 - 2.5)",g/cm³,MULTIPLE SOURCES,"Table 1 reports 2.06, 2.1, 2.11 g/cm³; Text states ""The specific gravity of RHA powder is between 2 and 2.5...""",180 - 200,kg/m³,TEXT,"""As-received RHA is a lightweight, bulky, and highly porous material with a density of around 180–200 kg/m³""",77.19 - 94.0 (Typical: >85%),wt%,TABLE,Table 2 reports SiO2 range from 77.19% to 94.0% across multiple references.,0.28 - 2.93,wt%,TABLE,Table 2 reports CaO range from 0.28% to 2.93% across multiple references.,0.04 - 6.19,wt%,TABLE,Table 2 reports Al2O3 range from 0.04% to 6.19% across multiple references.,0.18 - 1.4,wt%,TABLE,Table 2 reports Fe2O3 range from 0.18% to 1.4% across multiple references.,0.31 - 2.1,wt%,TABLE,Table 2 reports MgO range from 0.31% to 2.1% across multiple references.,0.04 - 0.69,wt%,TABLE,Table 2 reports SO3 range from 0.04% to 0.69% across multiple references.,0.05 - 0.66,wt%,TABLE,Table 2 reports Na2O range from 0.05% to 0.66% across multiple references.,0.50 - 3.76,wt%,TABLE,Table 2 reports K2O range from 0.50% to 3.76% across multiple references.,1.06 - 11.9,wt%,TABLE,Table 2 reports Loss on Ignition range from 1.06% to 11.9% across multiple references.,0.12 - 0.46,wt%,TABLE,"Table 2 reports ""Others"" ranging from 0.12% to 0.46%.","Cristobalite, Sylvite, Amorphous silica",NULL,TEXT,"""X-ray diffraction (XRD) analysis specifies that RHA comprises a significant amount of amorphous constituents with a very trivial quantity of crystalline parts such as cristobalite and sylvite...""","Amorphous silica, Cristobalite, Sylvite",NULL,TEXT,"""X-ray diffraction (XRD) analysis specifies that RHA comprises a significant amount of amorphous constituents with a very trivial quantity of crystalline parts such as cristobalite and sylvite...""",85 - 95,%,TEXT,"""...RHA, which contains approximately 85–95% of amorphous silica...""",High pozzolanic reactivity; drop in electrical conductivity in saturated Ca(OH)2 solution,NULL,TEXT,"""The drop in electrical conductivity of a saturated solution of Ca(OH)2 when a RHA sample is added can be taken as a measure of the pozzolanic activity...""","80, 88, 93, 97, 109, 110",%,MULTIPLE SOURCES,"Fig. 1b reports values of 80%, 93%, 97%, 109%, 110% at different grinding times; Text reports ""...pozzolanic activity index up to 88% at 7 days"".",>75,%,TEXT,"""According to ASTM C 618, any materials with 75% or better pozzolanic index can be used as SCM in concrete.""",Accelerated hydration and increased heat evolution during C-S-H formation,NULL,TEXT,"""When the particles of RHA starts to participate by reacting with the CH products, heat evolution increases tremendously...""",Chapelle activity: 736,mg/g,TEXT,"""...120 min was sufficient to generate ultrafine ash with... 736 mg/g Chapelle activity.""","5, 7, 10, 14, 15, 18, 20, 25, 30, 40, 50, 60, 100",%,MULTIPLE SOURCES,"Reported across text, Table 3, Fig. 4, Fig. 6, Fig. 8, and Fig. 9-13.",10 – 30 (recommended general optimum: 20 – 30%),%,TEXT,"""...for successful strength development, around 10–25% replacement of OPC is recommended..."" / ""...the optimum cement replacement level is considered to be around 20–30% for RHA""",1.2 – 62.3,N/mm² (or MPa),TABLE,"Table 3 lists compressive strength ranges for 0% to 30% RHA replacements across 7, 28, and 200 days of curing.","Increment of 25% (7d), 33% (28d), 36% (56d) at 15% replacement over control; boosted by 4–14% using graded aggregates",%,TEXT,"""Increments in the strength of approximately 25%, 33%, and 36% (for 7, 28, and 56 days respectively) were observed with the increments in RHA content (up to 15% cement replacement), as compared to the control mix.""",NULL,NULL,NULL,NULL,NULL,NULL,NULL,NULL,"0 – 350 (Graph-derived: 0% RHA = 145 min, 30% RHA = 150 min)",min,GRAPH/FIGURE,Fig. 4 displays initial setting times for 0% to 30% replacement levels.,"232 (for 30% RHA), 300 (for 0% OPC control)",min,TEXT,"""...the final setting time of OPC is 300 min, while 232 min are required for the OPC with 30% RHA.""",~4.5 – 8.5 (GRAPH-DERIVED from Fig. 10a),MPa,GRAPH/FIGURE,"Fig. 10a plots flexural strength for Control, 7%, 10%, and 15% RHA mixes at 3, 7, and 28 days.",10 – 30 improvement,%,TEXT,"""...it was reported that with fine RHA particles of up to 20%, the flexural strength of concrete improved by approximately 10–30%""",50 – 750 × 10?? (GRAPH-DERIVED from Fig. 8 strain values),mm/mm (Microstrain),GRAPH/FIGURE,"Fig. 8 plots shrinkage strain (mm/mm × 10??) over time up to 365 days for REF, 5RHA, 10RHA, 20RHA, 30RHA.",Reduced relative to control up to 20% RHA; increased shrinkage beyond 20% RHA,%,TEXT,"""A significant reduction in the shrinkage of concrete by using RHA was reported... but a greater replacement level (>20%) lead to increased shrinkage"""
"Sustainable high strength, high ductility engineered cementitious composites (ECC) with substitution of cement by rice husk ash","Zhigang Zhang, Siyu Liu, Fan Yang, Yiwei Weng, Shunzhi Qian",Journal of Cleaner Production,2021,https://doi.org/10.1016/j.jclepro.2021.128379,Rice husk ash (RHA),NULL,TEXT,"""To deal with this issue, a sustainable ECC was designed using rice husk ash to partially replace cement up to 40%.""",Rice husk,NULL,TEXT,"""It can be obtained from the combustion of rice husk, which is the residue from the rice milling process.""",Ball mill grinding,NULL,TEXT,"""The pulverized RHA was ground by ball mill at a speed of 300 rpm for 5 min to achieve finer and more uniform size distribution.""",300 rpm for 5 min,NULL,TEXT,"""The pulverized RHA was ground by ball mill at a speed of 300 rpm for 5 min to achieve finer and more uniform size distribution.""",Mechanical activation,NULL,TEXT,"""The pulverized RHA was ground by ball mill at a speed of 300 rpm for 5 min to achieve finer and more uniform size distribution.""",Ground by ball mill at 300 rpm for 5 min,NULL,TEXT,"""The pulverized RHA was ground by ball mill at a speed of 300 rpm for 5 min to achieve finer and more uniform size distribution.""",NULL,NULL,NULL,NULL,NULL,NULL,NULL,NULL,NULL,NULL,NULL,NULL,Ball milling,NULL,TEXT,"""The pulverized RHA was ground by ball mill at a speed of 300 rpm for 5 min to achieve finer and more uniform size distribution.""",5,min,TEXT,"""...ground by ball mill at a speed of 300 rpm for 5 min...""",300,rpm,TEXT,"""...ground by ball mill at a speed of 300 rpm for 5 min...""",Ball miller with power of 750 Watt,NULL,TEXT,"""There will be a grinding stage for RHA using ball miller with power of 750 Watt.""",NULL,NULL,NULL,NULL,Shown in Fig. 3,NULL,GRAPH/FIGURE,"""The size distributions of the powdered raw materials were displayed in Fig. 3.""",NULL,NULL,NULL,NULL,NULL,NULL,NULL,NULL,NULL,NULL,NULL,NULL,NULL,NULL,NULL,NULL,High specific surface area (exact numerical value not reported),NULL,TEXT,"""...even though RHA possesses a finer size and therefore higher specific surface area compared to the cement particle.""",NULL,NULL,NULL,NULL,NULL,NULL,NULL,NULL,NULL,NULL,NULL,NULL,2.0,NULL,TEXT,"""The RHA has a relatively lower bulk density (2.0 g/cm3) to cement (3.15 g/cm3).""",2.0,g/cm³,TEXT,"""The RHA has a relatively lower bulk density (2.0 g/cm3) to cement (3.15 g/cm3).""",87.51,%,TABLE,"""Table 1 Chemical composition of cementitious materials... RHA (%) SiO2 87.51""",0.71,%,TABLE,"""Table 1 Chemical composition of cementitious materials... RHA (%) CaO 0.71""",0.61,%,TABLE,"""Table 1 Chemical composition of cementitious materials... RHA (%) Al2O3 0.61""",0.63,%,TABLE,"""Table 1 Chemical composition of cementitious materials... RHA (%) Fe2O3 0.63""",0.52,%,TABLE,"""Table 1 Chemical composition of cementitious materials... RHA (%) MgO 0.52""",NULL,NULL,NULL,NULL,0.05,%,TABLE,"""Table 1 Chemical composition of cementitious materials... RHA (%) Na2O 0.05""",1.87,%,TABLE,"""Table 1 Chemical composition of cementitious materials... RHA (%) K2O 1.87""",NULL,NULL,NULL,NULL,TiO?: NULL; P?O?: NULL,NULL,TABLE,"""Table 1 Chemical composition of cementitious materials... RHA (%) TiO2 – P2O5 –""",Quartz,NULL,TEXT,"""The evidently rising of the peak intensity of the quartz (2? near 22.2° and 26.8°) in RHA-ECC can be ascribed to the crystalline phase in RHA.""",Crystal and amorphous silica dioxide,NULL,TEXT,"""Rice husk ash (RHA) is one of such promising materials that can be adopted as SCMs which includes crystal and amorphous silica dioxide as major components.""",NULL,NULL,NULL,NULL,Superior pozzolanic reactivity,NULL,TEXT,"""...the pozzolanic reaction of RHA also consume large amount of portlandite as RHA exhibits a superior pozzolanic reactivity as compared to fly ash...""",NULL,NULL,NULL,NULL,NULL,NULL,NULL,NULL,Shown in Fig. 7(a) and 7(b),NULL,GRAPH/FIGURE,"""Fig. 7. Results of (a) Heat flow and (b) cumulative heat from isothermal calorimetry test.""",NULL,NULL,NULL,NULL,"15%, 25%, 40% (by equal volume)",%,TEXT,"""In RHA-ECC (M-15, M-25, M40), Portland cement is substituted by RHA with 15%, 25% and 40% by equal volume, respectively.""",25%,%,TEXT,"GRAPH-DERIVED: ""the compressive strength of the newly designed ECC at 28 days increased from 80 MPa to 111 MPa... the compressive strengths of M-15, M-25 are 94.67 MPa and 111.3 MPa, respectively... average compressive strength of M-40 is 90.42 MPa... peak compressive strength is reached at around 30% cement replacement ratio""",3-day: M-C = 61.2; M-15 = 63.8; M-25 = 52.1; M-40 = 47.9; 28-day: M-C = 80.0; M-15 = 94.67; M-25 = 111.3; M-40 = 90.42,MPa,MULTIPLE SOURCES,"TEXT / GRAPH/FIGURE: ""Compared with that of 80 MPa in M-C at 28 days, the compressive strengths of M-15, M-25 are 94.67 MPa and 111.3 MPa, respectively... average compressive strength of M-40 is 90.42 MPa"" and Fig. 10.",28-day: M-15 = 118.3%; M-25 = 139.1%; M-40 = 113.0%,%,TEXT,"""...the compressive strengths of M-15, M-25 are 94.67 MPa and 111.3 MPa, respectively, which enhanced by 18.3% and 39.1%...""",NULL,NULL,NULL,NULL,3-day (72 h) cumulative heat reduction: M-15 = 22.6% lower; M-25 = 36.4% lower; M-40 = 36.7% lower,%,TEXT,"""In comparison with M-C, the cumulative heat of M-15, M-25, and M-40 is 22.6%, 36.4%, 36.7% lower, respectively.""",NULL,NULL,NULL,NULL,NULL,NULL,NULL,NULL,NULL,NULL,NULL,NULL,NULL,NULL,NULL,NULL,NULL,NULL,NULL,NULL,NULL,NULL,NULL,NULL
Strength Performance of Concrete Produced with Rice Husk Ash as Partial Replacement of Cement,"Agboola Shamsudeen Abdulazeez, Umar Yunusa, Tukur Mohammed and Bappah Hamza",African Journal of Environmental Sciences & Renewable Energy,2022,NULL,Rice Husk Ash (RHA),NULL,TEXT,One of such material is Rice Husk Ash (RHA).,Rice husk,NULL,TEXT,"Rice husk ash was gotten from farmers within Bauchi, Bauchi state, Nigeria.",Controlled temperature burning,NULL,TEXT,The rice husk ash was burnt at a controlled temperature of 650°C.,650,°C,TEXT,The rice husk ash was burnt at a controlled temperature of 650°C.,Thermal treatment,NULL,TEXT,The rice husk ash was burnt at a controlled temperature of 650°C.,650,°C,TEXT,The rice husk ash was burnt at a controlled temperature of 650°C.,NULL,NULL,TEXT,NULL,650,°C,TEXT,The rice husk ash was burnt at a controlled temperature of 650°C.,NULL,NULL,TEXT,NULL,NULL,NULL,TEXT,NULL,NULL,NULL,TEXT,NULL,NULL,NULL,TEXT,NULL,NULL,NULL,TEXT,NULL,0.5,NULL,TEXT,...mix ratio of 1:2:4 and water-cement ratio of 0.5 were examined and compared.,NULL,NULL,TEXT,NULL,NULL,NULL,TEXT,NULL,NULL,NULL,TEXT,NULL,NULL,NULL,TEXT,NULL,NULL,NULL,TEXT,NULL,NULL,NULL,TEXT,NULL,NULL,NULL,TEXT,NULL,NULL,NULL,TEXT,NULL,NULL,NULL,TEXT,NULL,2.06,NULL,TABLE,Average Specific Gravity 2.06 in Table 2: Specific Gravity Test on Rice Husk Ash,NULL,NULL,TEXT,NULL,81.47,%,TABLE,Silicon Oxide (SiO2) 81.47,1.22,%,TABLE,Calcium Oxide (CaO) 1.22,1.61,%,TABLE,Aluminum Oxide (Al2O3) 1.61,1.34,%,TABLE,Iron Oxide (Fe2O3) 1.34,1.46,%,TABLE,Magnesium Oxide (MgO) 1.46,NULL,NULL,TEXT,NULL,0.08,%,TABLE,Sodium Oxide (Na2O) 0.08,0.32,%,TABLE,Potassium Oxide (K2O) 0.32,4.92,%,TABLE,Loss on Ignition (LOI) 4.92,Manganese Oxide (MnO): 0.03,%,TABLE,Manganese Oxide (MnO) 0.03,NULL,NULL,TEXT,NULL,NULL,NULL,TEXT,NULL,81.47,%,TEXT,it is rich in amorphous silica (81.47).,"Combined silica, alumina and ferric-oxides: 84.42",%,TEXT,"The total combined content of silica, alumina and ferric-oxides was 84.42%.",NULL,NULL,TEXT,NULL,NULL,NULL,TEXT,NULL,NULL,NULL,TEXT,NULL,NULL,NULL,TEXT,NULL,"0, 5, 10, 15, 20, 25, 30",%,TEXT,"RHA partially replace cement in the order of 0%, 5%, 10%, 15%, 20%, 25% and 30% were cast.",10,%,TEXT,The optimal cement replacement was found to be at 10% RHA.,"0% (7d: 13.7, 14d: 16.4, 21d: 22.7, 28d: 26.9); 5% (7d: 13.5, 14d: 16.2, 21d: 22.4, 28d: 26.6); 10% (7d: 13.6, 14d: 16.4, 21d: 22.7, 28d: 26.8); 15% (7d: 12.8, 14d: 15.6, 21d: 21.2, 28d: 24.8); 20% (7d: 11.8, 14d: 14.1, 21d: 18.1, 28d: 23.1); 25% (7d: 10.4, 14d: 13.1, 21d: 16.4, 28d: 21.2); 30% (7d: 9.8, 14d: 11.4, 21d: 13.8, 28d: 16.8)",N/mm²,TEXT,"Text and Figure 10: ""...attained 13.7 N/mm² as compared to 5% and 10% replacement of cement with RHA in concrete which attained 13.5 N/mm² and 13.6 N/mm² respectively at 7 days' hydration period.""",NULL,NULL,TEXT,NULL,NULL,NULL,TEXT,NULL,NULL,NULL,TEXT,NULL,NULL,NULL,TEXT,NULL,NULL,NULL,TEXT,NULL,"7 days: 0% (4.35), 5% (4.34), 10% (4.37), 15% (4.21), 20% (4.12), 25% (3.56), 30% (3.23); 28 days: 0% (4.47), 5% (4.49), 10% (4.49), 15% (4.33), 20% (4.26), 25% (3.73), 30% (3.51)",N/mm²,TEXT,"The values of flexural strength were 4.35 N/mm², 4.34 N/mm², 4.37 N/mm², 4.21 N/mm², 4.12 N/mm², 3.56 N/mm², and 3.23 N/mm² form 0%, 5%, 10%, 15%, 20% 25% and 30% respectively... While, at 28 days' hydration period, concrete strength achieved 4.47 N/mm², 4.49 N/mm², 4.49 N/mm², 4.33 N/mm², 4.26 N/mm², 3.73 N/mm², and 3.51 N/mm²...",NULL,NULL,TEXT,NULL,NULL,NULL,TEXT,NULL,NULL,NULL,TEXT,NULL
Strength and durability of concrete using Rice Husk ash as a partial replacement of cement,"Guguloth Bixapathi, M. Saravanan",Materials Today: Proceedings,2022,https://doi.org/10.1016/j.matpr.2021.11.267,Rice husk ash,NULL,TEXT,In the current research the rice husk ash is used as a substitute for the cement in M20 grade concrete.,Rice husk / Paddy grains,NULL,TEXT,The rice husk is the by product which is obtained from agriculture. / Around 22% weight of paddy grains is retained in the form of rice husk.,Blazing,NULL,TEXT,In rice husk approximately 25% weight is converted into ash after blazing,NULL,NULL,NULL,NULL,NULL,NULL,NULL,NULL,NULL,NULL,NULL,NULL,NULL,NULL,NULL,NULL,NULL,NULL,NULL,NULL,NULL,NULL,NULL,NULL,NULL,NULL,NULL,NULL,NULL,NULL,NULL,NULL,NULL,NULL,NULL,NULL,NULL,NULL,NULL,NULL,0.40,NULL,TEXT,W/C ratio is 0.40 is used for concrete mixing.,NULL,NULL,NULL,NULL,NULL,NULL,NULL,NULL,NULL,NULL,NULL,NULL,NULL,NULL,NULL,NULL,NULL,NULL,NULL,NULL,NULL,NULL,NULL,NULL,NULL,NULL,NULL,NULL,NULL,NULL,NULL,NULL,NULL,NULL,NULL,NULL,NULL,NULL,NULL,NULL,NULL,NULL,NULL,NULL,85-90,%,TEXT,this RHA contains about 85-90% amorphous silica,NULL,NULL,NULL,NULL,NULL,NULL,NULL,NULL,NULL,NULL,NULL,NULL,NULL,NULL,NULL,NULL,NULL,NULL,NULL,NULL,NULL,NULL,NULL,NULL,NULL,NULL,NULL,NULL,NULL,NULL,NULL,NULL,NULL,NULL,NULL,NULL,NULL,NULL,NULL,NULL,NULL,NULL,NULL,NULL,85-90,%,TEXT,this RHA contains about 85-90% amorphous silica,NULL,NULL,NULL,NULL,NULL,NULL,NULL,NULL,NULL,NULL,NULL,NULL,NULL,NULL,NULL,NULL,NULL,NULL,NULL,NULL,"0, 5, 10, 15, 20, 25",%,TEXT,"In this study the rice husk ash is used as a replacement of Ordinary Portland Cement (OPC) with 0%, 5%, 10%, 15%, 20% and 25%",15,%,TEXT,"From the experimental results it was noted that the highest values of compressive, split tensile and flexural strength for 7 days, 14 days and 28 days curing are obtained at 15% rice husk ash proportion","7 Days: ~16.3 (0%), ~16.8 (5%), ~17.2 (10%), ~17.8 (15%), ~16.5 (20%), ~15.8 (25%)
14 Days: ~23.3 (0%), ~22.8 (5%), ~24.5 (10%), ~25.5 (15%), ~23.5 (20%), ~22.7 (25%)
28 Days: ~26.0 (0%), ~26.5 (5%), ~27.2 (10%), ~28.0 (15%), ~26.1 (20%), ~25.2 (25%)",MPa,GRAPH/FIGURE,"Derived from Fig. 3 ""Comparison of Compressive strength""",107.836,%,TEXT,up to 15% of RHA the strength is increased by 7.836% for 28 days curing,NULL,NULL,NULL,NULL,NULL,NULL,NULL,NULL,NULL,NULL,NULL,NULL,NULL,NULL,NULL,NULL,"7 Days: ~2.2 (0%), ~2.4 (5%), ~2.45 (10%), ~2.62 (15%), ~2.33 (20%), ~2.25 (25%)
14 Days: ~3.15 (0%), ~3.31 (5%), ~3.48 (10%), ~3.62 (15%), ~3.36 (20%), ~3.13 (25%)
28 Days: ~3.36 (0%), ~3.64 (5%), ~3.75 (10%), ~3.97 (15%), ~3.65 (20%), ~3.43 (25%)",MPa,GRAPH/FIGURE,"Derived from Fig. 5 ""Comparison of Flexural strength""",115.57,%,TEXT,The flexural strength is increased by 15.57% at 28 days curing for 15% of RHA.,NULL,NULL,NULL,NULL,NULL,NULL,NULL,NULL
Rice Husk Ash in Concrete,"Solomon Asrat Endale, Woubishet Zewdu Taffese, Duy-Hai Vo, Mitiku Damtie Yehualaw",Sustainability,2022,10.3390/su15010137,Rice Husk Ash (RHA) / Rice Hull Ash (RHA) / Rice Husk Ash Powder,NULL,TEXT,"""...rice husk ash (RHA)..."" / ""...rice hull ash (RHA)...""",Rice husk / Paddy field,NULL,TEXT,"""When burned, each ton of paddy field yields about 0.2 tons of rice husks, which yields about 0.05 tons of rice hull ash (RHA)...""",Open field burning or controlled incineration,NULL,TEXT,"""To produce RHA, open field burning or controlled incineration of rice husks can be applied""",Burning temperature 400°C to 1100°C,°C,TEXT,"""...burning rice husks at temperatures ranging from 400 °C to 1100 °C produces RHA...""",Controlled combustion and grinding / Mechanical grinding / Acid leaching,NULL,TEXT,"""...improving the pozzolanic properties of RHA... adopts controlled combustion and grinding..."" / ""...mechanical grinding being more efficient..."" / ""...combustion of rice husks after acid leaching...""","Grinding time: 10 min, 30 min, 120 min",min,MULTIPLE SOURCES,"""Figure 1. SEM images of RHA grounded for varying lengths of time... (a) Grinding time: 10 min; (b) Grinding time: 30 min; (c) Grinding time: 120 min.""",NULL,NULL,NULL,NULL,400°C to 1100°C,°C,TEXT,"""...burning rice husks at temperatures ranging from 400 °C to 1100 °C...""",NULL,NULL,NULL,NULL,Grinding (manual or mechanical grinding),NULL,TEXT,"""...grinding strategies of RHA have an additional effect on fineness, with mechanical grinding being more efficient than the recommended method (manual grinding).""","10 min, 30 min, 120 min",min,GRAPH/FIGURE,"""Figure 1. SEM images of RHA grounded for varying lengths of time, adapted from [28]. (a) Grinding time: 10 min; (b) Grinding time: 30 min; (c) Grinding time: 120 min.""",NULL,NULL,NULL,NULL,Acid leaching,NULL,TEXT,"""...combustion of rice husks after acid leaching can produce rice husk ash with high purity silica content""",NULL,NULL,NULL,NULL,NULL,NULL,NULL,NULL,NULL,NULL,NULL,NULL,NULL,NULL,NULL,NULL,NULL,NULL,NULL,NULL,NULL,NULL,NULL,NULL,56,m²/g,TEXT,"""As the specific surface area of RHA after 30 min of grinding is around 56 m²/g...""",NULL,NULL,NULL,NULL,NULL,NULL,NULL,NULL,NULL,NULL,NULL,NULL,NULL,NULL,NULL,NULL,NULL,NULL,NULL,NULL,>70% (in some cases up to 97%),%,TEXT,"""...the silica content of RHA in all studies is generally greater than 70%."" / ""The chemical composition of RHA comprises a high amount of silica content, which is well above 70%, in some cases reaching up to 97%...""",NULL,NULL,NULL,NULL,NULL,NULL,NULL,NULL,NULL,NULL,NULL,NULL,NULL,NULL,NULL,NULL,NULL,NULL,NULL,NULL,NULL,NULL,NULL,NULL,NULL,NULL,NULL,NULL,NULL,NULL,NULL,NULL,NULL,NULL,NULL,NULL,"Quartz (SiO?), Cristobalite (SiO?)",NULL,TEXT,"""The silica is mainly present as an amorphous phase with Quartz (SiO?) and Cristobalite (SiO?).""","Quartz, Cristobalite",NULL,TEXT,"""The silica is mainly present as an amorphous phase with Quartz (SiO?) and Cristobalite (SiO?).""",High / Non-crystalline,NULL,TEXT,"""The morphology of almost all RHA samples reviewed in this paper is amorphous (non-crystalline).""",High pozzolanic activity,NULL,TEXT,"""...produces RHA with high pozzolanic activity...""",?70,%,TEXT,"""According to ASTM C618-19, any substances with a pozzolanic index of 70% or higher could be used as a supplementary cementitious material.""",NULL,NULL,NULL,NULL,NULL,NULL,NULL,NULL,NULL,NULL,NULL,NULL,10% to 20%,%,TEXT,"""RHA has the potential to replace cement by up to 10% to 20% without compromising the concrete performance...""",10% to 20%,%,TEXT,"""RHA has the potential to replace cement by up to 10% to 20% without compromising the concrete performance due to its high pozzolanic properties.""",NULL,NULL,NULL,NULL,NULL,NULL,NULL,NULL,NULL,NULL,NULL,NULL,NULL,NULL,NULL,NULL,NULL,NULL,NULL,NULL,NULL,NULL,NULL,NULL,NULL,NULL,NULL,NULL,NULL,NULL,NULL,NULL,NULL,NULL,NULL,NULL,NULL,NULL,NULL,NULL
Integration of Rice Husk Ash as Supplementary Cementitious Material in the Production of Sustainable High-Strength Concrete,"Noor Md. Sadiqul Hasan, Md. Habibur Rahman Sobuz, Md. Munir Hayet Khan, Nusrat Jahan Mim, Md. Montaseer Meraz, Shuvo Dip Datta, Md. Jewel Rana, Ayan Saha, Abu Sayed Mohammad Akid, Md. Tanjid Mehedi, Moustafa Houda, Norsuzailina Mohamed Sutan",Materials,2022,10.3390/ma15228171,Rice Husk Ash (RHA),N/A,TEXT,"""Along with OPC, rice husk ash (RHA) is employed as a subsidiary cementitious agent...""",Rice husk,N/A,TEXT,"""Rice husk was gathered from a mill located in Kuala Selangor, Malaysia...""",Incineration in ferrocement furnace followed by grinding in Los Angeles machine,N/A,TEXT,"""...incinerated inside a ferrocement furnace at the University of Malaya to generate RHA... before being extracted and pulverized with a Los Angeles machine.""","Flame kept for ~1 h, smoldering for ~24 h, settling inside furnace for 24 h",N/A,TEXT,"""After about an hour of keeping the flame beneath the furnace, the husk began to smolder itself for around 24 h. Then, the ash was kept for settling within the furnace for the next 24 h...""",NULL,NULL,NULL,NULL,NULL,NULL,NULL,NULL,NULL,NULL,NULL,NULL,NULL,NULL,NULL,NULL,NULL,NULL,NULL,NULL,NULL,NULL,NULL,NULL,NULL,NULL,NULL,NULL,NULL,NULL,NULL,NULL,NULL,NULL,NULL,NULL,0.35,N/A,TEXT / TABLE,"""The water-binder ratio and the superplasticizer remained constant at 0.35 for all concrete mixes...""",Ranges from 1.0 µm to around 60 µm,µm,TEXT / GRAPH/FIGURE,"""Values for the particle distribution curve re taken from the hydrometer test analysis. The result ranges from 1.0 µm to around 60 µm""",0.003,mm,GRAPH/FIGURE,"GRAPH-DERIVED: Read from Figure 3 ""Particle size distribution of RHA"" at 10% passing",0.02,mm,GRAPH/FIGURE,"GRAPH-DERIVED: Read from Figure 3 ""Particle size distribution of RHA"" at 50% passing",0.055,mm,GRAPH/FIGURE,"GRAPH-DERIVED: Read from Figure 3 ""Particle size distribution of RHA"" at 90% passing",NULL,NULL,NULL,NULL,NULL,NULL,NULL,NULL,NULL,NULL,NULL,NULL,NULL,NULL,NULL,NULL,NULL,NULL,NULL,NULL,NULL,NULL,NULL,NULL,NULL,NULL,NULL,NULL,75.24,%,TABLE,"Table 1 ""Chemical constituents (%) of RHA and OPC"": RHA SiO2 = 75.24",2.42,%,TABLE,"Table 1 ""Chemical constituents (%) of RHA and OPC"": RHA CaO = 2.42",2.18,%,TABLE,"Table 1 ""Chemical constituents (%) of RHA and OPC"": RHA Al2O3 = 2.18",2.24,%,TABLE,"Table 1 ""Chemical constituents (%) of RHA and OPC"": RHA Fe2O3 = 2.24",2.28,%,TABLE,"Table 1 ""Chemical constituents (%) of RHA and OPC"": RHA MgO = 2.28",0.12,%,TABLE,"Table 1 ""Chemical constituents (%) of RHA and OPC"": RHA SO3 = 0.12",0.86,%,TABLE,"Table 1 ""Chemical constituents (%) of RHA and OPC"": RHA Na2O = 0.86",1.72,%,TABLE,"Table 1 ""Chemical constituents (%) of RHA and OPC"": RHA K2O = 1.72",12.99,%,TABLE,"Table 1 ""Chemical constituents (%) of RHA and OPC"": RHA LOI = 12.99",NULL,NULL,NULL,NULL,NULL,NULL,NULL,NULL,NULL,NULL,NULL,NULL,NULL,NULL,NULL,NULL,NULL,NULL,NULL,NULL,NULL,NULL,NULL,NULL,NULL,NULL,NULL,NULL,NULL,NULL,NULL,NULL,NULL,NULL,NULL,NULL,"5, 10, 15, 20",%,TEXT / TABLE,"""RHA was employed to partially replace the cement at 5%, 10%, 15%, and 20% by weight.""",10,%,TEXT,"""Moreover, incorporating 10% of RHA provides the highest compressive strength, splitting tensile, and flexural strength...""","46.00 (7d), 65.01 (28d), 67.05 (56d) [RHA0]; 46.76 (7d), 67.73 (28d), 69.13 (56d) [RHA5]; 47.04 (7d), 68.92 (28d), 71.85 (56d) [RHA10]; 43.61 (7d), 63.95 (28d), 65.35 (56d) [RHA15]; 41.48 (7d), 61.50 (28d), 63.77 (56d) [RHA20]",MPa,TABLE,"Table 4 ""Summary of the compressive strength test outcomes""","101.65 (7d), 104.18 (28d), 103.10 (56d) [RHA5]; 102.26 (7d), 106.01 (28d), 107.16 (56d) [RHA10]; 94.80 (7d), 98.37 (28d), 97.46 (56d) [RHA15]; 90.17 (7d), 94.60 (28d), 95.11 (56d) [RHA20]",%,TEXT / GRAPH/FIGURE,"Text Section 4.2.1 and Figure 8 (""Compressive strength change (%) of the concrete mixes, in comparison to reference concrete""): RHA10 maintained improvements of 2.25%, 6.01%, and 7.16% (relative: 102.25%, 106.01%, 107.16%); RHA20 showed 9.83%, 5.39%, and 4.88% reduction.",NULL,NULL,NULL,NULL,NULL,NULL,NULL,NULL,NULL,NULL,NULL,NULL,NULL,NULL,NULL,NULL,"5.18 (7d), 7.94 (28d), 9.10 (56d) [RHA0]; 5.23 (7d), 8.06 (28d), 9.29 (56d) [RHA5]; 5.33 (7d), 8.15 (28d), 9.45 (56d) [RHA10]; 4.96 (7d), 7.81 (28d), 8.98 (56d) [RHA15]; 4.87 (7d), 7.70 (28d), 8.97 (56d) [RHA20]",MPa,TABLE,"Table 6 ""Summary of the flexure strength test outcomes""","100.97 (7d), 101.51 (28d), 102.09 (56d) [RHA5]; 102.72 (7d), 102.71 (28d), 103.82 (56d) [RHA10]; 95.75 (7d), 98.36 (28d), 98.68 (56d) [RHA15]; 93.91 (7d), 96.98 (28d), 98.51 (56d) [RHA20]",%,TEXT / GRAPH/FIGURE,"Text Section 4.2.3 and Figure 12 (""Flexural strength change (%) of the concrete mixes""): RHA10 surpassed reference mix by 2.72%, 2.71%, and 3.82%; RHA20 drifted by -6.09%, -3.02%, and -1.49%.",NULL,NULL,NULL,NULL,NULL,NULL,NULL,NULL
Rice husk ash as a potential supplementary cementitious material in concrete solution towards sustainable construction,"Ganta Mounika, Ramesh Baskar, Jyosyula Sri Kalyana Rama",Innovative Infrastructure Solutions,2022,https://doi.org/10.1007/s41062-021-00643-5,"Rice Husk Ash (RHA), Rice husk ash, Rice husk ash concrete (RHAC), Acid Leached Rice Husk Ash (ARHA), ground rice husk ash (GRHA), low carbon RHA, high carbon RHA, coarse RHA, fine RHA, ultrafine rice husk ash, unground rice husk ash",N/A,TEXT,"""Rice husk ash (RHA)""; ""RHAC (Rice Husk Ash Concrete)""; ""Acid Leached Rice Husk Ash (ARHA)""; ""ground rice husk ash (GRHA)""; ""low carbon RHA was less than... high carbon RHA""; ""coarser RHA... finer RHA""; ""ultrafine rice husk ash""; ""unground rice husk ash""","Rice husk, Rice hulls",N/A,TEXT,"""Rice husk or hull is the outer shell of a rice grain""","Controlled combustion, Uncontrolled combustion, Open air burning, Charcoal-powered incinerator, Ferrocement incinerator, Incineration in furnace with vents",N/A,TEXT / TABLE,"""Controlled combustion is the burning of rice husk in a furnace or incinerators""; ""Uncontrolled combustion is the burning of rice husk in a furnace or openly in a field""; ""obtained from a charcoal-powered incinerator""; ""produced by controlled combustion of rice hulls in a ferrocement incinerator""",Controlled burning temperature: 500 to 700 °C; Burning between 600 and 700 °C for 2 h; Burning temperature range across studies: 600–850 °C; Uncontrolled burning temperature: above 700–800 °C; Charcoal-powered incinerator burning duration: 24 h; Incinerator batch size / duration: 25 kg in 48 h; Ferrocement incinerator batch capacity: 60 kg burned more than a day,"°C, h, kg",TEXT / TABLE,"""burning the rice husk in between 600 and 700 °C for 2 h""; ""temperatures ranging from 500 to 700 °C""; ""Controlled Combustion at temperature of 600–850 °C""; ""temperatures of above 700–800 °C""; ""charcoal ignition for 24 h""; ""manufacture nearly 25 kg of RHA under uncontrolled combustion in a duration of 48 h""; ""About 60 kg of rice husk can be accommodated in this furnace and allowed to burn more than a day""",Mechanical grinding / pulverization / ball milling,N/A,TEXT / TABLE,"""pulverised in a ball mill""; ""ground in a Los Angeles abrasion machine""; ""minimum grinding time of 1 hour""","Minimum grinding time: 1 h; Grinding durations: 90, 180, 270, 360 min; Los Angeles abrasion machine batch: 5 kg with forty rods of length 500 mm and diameter 10 mm made of mild steel; Ball mill grinding speed: 67 rpm with 21 kg steel balls for 1 kg RHA","min, h, rpm, kg, mm",TEXT / TABLE,"""minimum grinding time of 1 hour""; ""crushed at various grinding times of 90, 180, 270 and 360 min""; ""consisting of forty steel rods of length 500 mm and diameter 10 mm... 5 kg of ash was ground""; ""weighing around 21 kg at a speed of 67 rpm""",NULL,NULL,NULL,NULL,500–700; 600–700; 600–850; 700–800,°C,TEXT / TABLE,"""temperatures ranging from 500 to 700 °C""; ""between 600 and 700 °C""; ""600–850 °C""; ""above 700–800 °C""",2; 24; 48; > 24,h,TEXT / TABLE,"""for 2 h""; ""charcoal ignition for 24 h""; ""duration of 48 h""; ""allowed to burn more than a day""","Ball mill grinding, Los Angeles abrasion machine grinding",N/A,TABLE,"""pulverised in a ball mill""; ""ground in a Los Angeles abrasion machine""",60; 90; 150; 180; 270; 360,min,TEXT / TABLE,"""minimum grinding time of 1 hour""; ""duration of 150 min""; ""grinding times of 90, 180, 270 and 360 min""",67,rpm,TABLE,"""at a speed of 67 rpm""",Acid leaching (for ARHA); NaOH solution (10 M) alkaline activation in geopolymer paste,M,TEXT,"""Acid Leached Rice Husk Ash (ARHA)""; ""RHA with 10 M sodium hydroxide (NaOH) solution as alkaline activator""",0.3 to 0.34; 0.30; 0.35; 0.4; 0.45; 0.5; 0.55,N/A,TEXT / GRAPH/FIGURE,"""water to cementitious ration was varied from 0.3 to 0.34""; ""water/binder ratio of 0.35""; ""water/binder ratio of 0.45""; ""water/binder ratio of 0.4""; ""water/cement ratio of 0.4 and 0.45""; ""water/cement ratio of 0.5 and 0.55""; ""0.30 water-to-binder""; ""0.35 water-to-binder""",NULL,NULL,NULL,NULL,NULL,NULL,NULL,NULL,NULL,NULL,NULL,NULL,NULL,NULL,NULL,NULL,8; < 5.6; < 45,µm,TEXT,"""average size of RHA particle which is of almost 8 µm""; ""average particle size of less than 5.6 µm""; ""average size of RHA particles should be below 45 µm""",7000,cm²/g,TEXT,"""highest pozzolanic activity was achieved when the RHA particle surface area was 7000 cm²/g""",NULL,NULL,NULL,NULL,NULL,NULL,NULL,NULL,NULL,NULL,NULL,NULL,2.05 to 2.53,N/A,TEXT,"""specific gravity of rice husk ash lies in between 2.05 and 2.53""",NULL,NULL,NULL,NULL,88–96 (China); 70–95 (India); 82–99 (Malaysia); 90–98 (Vietnam); 85–98.5 (Brazil); 90–95 (USA); 86–93 (Egypt); ? 70,%,TEXT / TABLE,"""The silica composition should not be less than 70%""; ""Table 2: China (88-96), India (70-95), Malaysia (82-99), Vietnam (90-98), Brazil (85-98.5), USA (90-95), Egypt (86-93)""",1–3 (China); 0–5 (India); 0.1–2 (Malaysia); 0–1.5 (Vietnam); 0.01–2 (Brazil); 0.25–0.7 (USA); 0–3 (Egypt),%,TABLE,"""Table 2: China (1-3), India (0-5), Malaysia (0.1-2), Vietnam (0-1.5), Brazil (0.01-2), USA (0.25-0.7), Egypt (0-3)""",0.15–0.9 (China); 0–6 (India); 0–0.5 (Malaysia); 0–5 (Vietnam); 0.1–2 (Brazil); 0–1 (USA); 0–2 (Egypt),%,TABLE,"""Table 2: China (0.15-0.9), India (0-6), Malaysia (0-0.5), Vietnam (0-5), Brazil (0.1-2), USA (0-1), Egypt (0-2)""",0.2–0.7 (China); 0–2.5 (India); 0–5 (Malaysia); 0–0.5 (Vietnam); 0.01–0.25 (Brazil); 0–0.3 (USA); 0–2 (Egypt),%,TABLE,"""Table 2: China (0.2-0.7), India (0-2.5), Malaysia (0-5), Vietnam (0-5), Brazil (0.01-0.25), USA (0-0.3), Egypt (0-2)""",0–0.9 (China); 0–2 (India); 0–1 (Malaysia); 0–1 (Vietnam); 0.01–0.5 (Brazil); 0–0.6 (USA); 0–8 (Egypt),%,TABLE,"""Table 2: China (0-0.9), India (0-2), Malaysia (0-1), Vietnam (0-1), Brazil (0-0.5), USA (0-0.6), Egypt (0-8)""",0.1–2.5 (China); 0–3 (India); 0–0.5 (Malaysia); 0–1.25 (Vietnam); 0–2 (Brazil); 0–1.5 (USA); 0–1 (Egypt),%,TABLE,"""Table 2: China (0.1-2.5), India (0-3), Malaysia (0-0.5), Vietnam (0-1.25), Brazil (0-2), USA (0-1.5), Egypt (0-1)""",0–0.4 (China); 0–0.2 (India); 0–0.1 (Malaysia); 0–0.1 (Vietnam); 0–0.5 (Brazil); 0–1 (USA); 0–1.5 (Egypt),%,TABLE,"""Table 2: China (0-0.4), India (0-0.2), Malaysia (0-0.1), Vietnam (0-0.1), Brazil (0-0.5), USA (0-1), Egypt (0-1.5)""",0.1–6 (China); 0–4 (India); 0–4 (Malaysia); 2–3.5 (Vietnam); 0.01–4 (Brazil); 0–7 (USA); 1–3 (Egypt),%,TABLE,"""Table 2: China (0.1-6), India (0-4), Malaysia (0-4), Vietnam (2-3.5), Brazil (0.01-4), USA (0-7), Egypt (1-3)""",0.1–8 (China); 0–9 (India); 0–4 (Malaysia); 0–9 (Vietnam); 0–7 (Brazil); 0–5 (USA); 0–25 (Egypt); < 10,%,TEXT / TABLE,"""Loss on Ignition (LOI) to be less than 10%""; ""Table 2: China (0.1-8), India (0-9), Malaysia (0-4), Vietnam (0-9), Brazil (0-7), USA (0-5), Egypt (0-25)""",SAF (SiO? + Al?O? + Fe?O?): 88–98 (China); 70–98 (India); 82–99 (Malaysia); 91–98 (Vietnam); 85–99 (Brazil); 90–96 (USA); 86–97 (Egypt),%,TABLE,"""Table 2: SAF = SiO? + Al?O? + Fe?O?""",Amorphous halo / hump around 22° 2?; presence of amorphous silica; crystalline silica under uncontrolled combustion,N/A,TEXT / GRAPH/FIGURE,"""contains huge amount of non-crystalline silica dioxide""; ""Figure 4 XRD pattern of CKD, SF and RHA"" showing broad amorphous peak centered at ~22° 2?; ""uncontrolled combustion yields crystalline silica""",Amorphous silica; Crystalline silica,N/A,TEXT,"""yielding ash with amorphous silica""; ""uncontrolled combustion yields crystalline silica""",Huge amount / non-crystalline,N/A,TEXT,"""contains huge amount of non-crystalline silica dioxide""",High pozzolanic reactivity; Highest pozzolanic activity achieved at particle surface area of 7000 cm²/g,N/A,TEXT,"""high pozzolanic reactivity""; ""highest pozzolanic activity was achieved when the RHA particle surface area was 7000 cm²/g""",NULL,NULL,NULL,NULL,NULL,NULL,NULL,NULL,NULL,NULL,NULL,NULL,"Measure of extent of chemical reaction between active functional constituents of pozzolana, lime, and water",N/A,TEXT,"""Pozzolanic property is explained as the measure of extent of a chemical reaction that occurs in between the active functional constituents of pozzolana, lime and water""","Up to 30%; 5, 10, 15, 20, 25, 30, 35, 40, 50",%,TEXT / TABLE,"""smaller replacement (for up to 30%)""; ""replacement of 5, 10, 15 and 20% for cement""; ""30% replacement of RHA""; ""25% with RHA""; ""35% replacement""; ""40% replacement of cement by RHA""; ""50% ground rice husk ash""; ""Table 3: 5, 10, 15, 20, 25, 30, 35%""","10 to 15 (General mechanical & durability optimization across reviewed literature); 10 (Compressive strength optimization in Habeeb & Mahmud [46] and Rafat et al. [50, 51]); 15 (Flexural strength and elastic modulus optimization in Farshad et al. [66]); 12 to 15 (Alkali-silica reaction mitigation in Hasparyk et al. [78])",%,TEXT,"""replacement of cement with RHA by 10% yielded higher compressive strength at 28 days by 31%""; ""concrete blended with 10% RHA is yielding higher compressive strengths""; ""concrete containing 15% RHA displayed greater 28-day flexural strength values""; ""mix with 15% RHA gave maximum modulus of elasticity""; ""percentage of RHA between 12 and 15% helps in controlling the alkali silica reaction""","21 (at 28 days for 15% RHA in Farshad et al. [66]); 28-day compressive strength increased by 31% over control for 10% RHA (Habeeb and Mahmud [46]); Gain of 9% at 7 days, 10% at 28 days, 13% at 56 days for 10% RHA (Rafat et al. [50, 51]); Increased by 18% at 7 days for 30% RHA (Saraswathy and Song [47]); Decreased by 28% for 25% RHA without superplasticizer (Rawaid [48])",MPa / % relative to control,TEXT,"""nearly 21 MPa""; ""10% yielded higher compressive strength at 28 days by 31% in comparison with control specimen""; ""gain in compression was nearly 9% at 7 days, 10% for 28 days and 13% for 56 days""; ""7 days with 30% replacement of RHA was more than the control specimen by 18%""; ""28-day compressive strength of concrete decreased by 28% for RHA replacement by 25%""","131% (10% RHA, 28-day, Habeeb & Mahmud [46]); 109% (7-day, 10% RHA, Rafat et al. [50, 51]); 110% (28-day, 10% RHA, Rafat et al. [50, 51]); 113% (56-day, 10% RHA, Rafat et al. [50, 51]); 118% (7-day, 30% RHA, Saraswathy & Song [47]); 72% (28-day, 25% RHA without SP, Rawaid [48]); 100% (at all ages for 20% RHA, Habeeb & Mahmud [46])",%,TEXT,"""yielded higher compressive strength at 28 days by 31% in comparison with control specimen""; ""gain in compression was nearly 9% at 7 days, 10% for 28 days and 13% for 56 days with respect to the reference specimen""; ""more than the control specimen by 18%""; ""decreased by 28% for RHA replacement by 25%""; ""strengths were equal to that of the control specimens at all ages""",NULL,NULL,NULL,NULL,NULL,NULL,NULL,NULL,Retarded / Increased with RHA inclusion (retarded by unfavorable hydration of silica); Increased for 15–20% replacement followed by decrease with higher replacement levels,min / h,TEXT,"""initial and final setting times increase with the increase in replacement of RHA""; ""initial setting time of cement increased for 15–20% replacement followed by decrease""; ""inclusion of RHA retarded the setting time""",Increased with the increase in replacement of RHA,min / h,TEXT,"""initial and final setting times increase with the increase in replacement of RHA regardless of the cement grade used""","Increased by 12–44% under normal curing and 11–38% under steam curing at 28 days for RPC with RHA vs without RHA (Vigneshwari et al. [26]); Increased by 13% for 10% fine RHA (Mohammad et al. [65]); Increased by 6–15% for 15% RHA (Foong et al. [33]); Increased by 24%, 30%, and 36% for 15% RHA with bacteria concentrations 10³, 10?, and 10? cells/ml respectively over control (Farshad et al. [66])",% relative to control,TEXT,"""flexural strength of RPC made with RHA increased by 12–44%... under normal curing conditions and by 11–38% under steam curing conditions""; ""10% replacement by fine RHA increased by 13% in comparison with the control specimen""; ""flexural strength of concrete with 15% RHA increased by 6–15% in comparison with the control mix""; ""contributed in improving the flexural strength by 24, 30 and 36% in comparison with the control mix""","112–144% (RPC under normal curing, Vigneshwari et al. [26]); 111–138% (RPC under steam curing, Vigneshwari et al. [26]); 113% (10% fine RHA, Mohammad et al. [65]); 106–115% (15% RHA, Foong et al. [33]); 124%, 130%, 136% (15% RHA + bacteria concentrations, Farshad et al. [66])",%,TEXT,"""increased by 12–44%""; ""increased by 11–38%""; ""increased by 13%""; ""increased by 6–15%""; ""improving the flexural strength by 24, 30 and 36%""",Drying shrinkage reduced enormously with inclusion of RHA as partial cement replacement; Small autogenous shrinkage in UHPC with RHA and SF,microstrain / % reduction,TEXT,"""inclusion of RHA as partial replacement of cement in concrete reduces the drying shrinkage enormously""; ""small quantity of autogenous shrinkage is observed in ultra-high-performance concrete""",Reduced compared to control mix,%,TEXT,"""reduces the drying shrinkage enormously"""
Strength Performance of Concrete using Rice Husk Ash as Supplementary Cementitious Materials (SCM),"Dahlia Patah, Amry Dasar",Journal of The Civil Engineering Forum,2022,10.22146/jcef.3488,Rice Husk Ash (RHA) / RHA,None,TEXT,"""Strength Performance of Concrete using Rice Husk Ash as Supplementary Cementitious Materials (SCM)""",Rice field / Rice husk,None,TEXT,"""The sample was directly collected from the rice field after the natural combusting process...""",Natural combusting process,None,TEXT,"""The sample was directly collected from the rice field after the natural combusting process without additional treatment, controlled burning temperature, or time.""",Uncontrolled burning temperature and time; sieved through No. 50 sieve,None,TEXT,"""...without additional treatment, controlled burning temperature, or time."" / ""The RHA that had been dried was sieved through No. 50 sieve as shown in Figure 1.""",NULL,NULL,TEXT,"""The sample was directly collected from the rice field after the natural combusting process without additional treatment...""",NULL,NULL,TEXT,No activation parameters reported in the paper.,NULL,NULL,TEXT,No carbonation conditions reported in the paper.,NULL,NULL,TEXT,"""...without additional treatment, controlled burning temperature, or time.""",NULL,NULL,TEXT,"""...without additional treatment, controlled burning temperature, or time.""",NULL,NULL,TEXT,No mechanical activation reported in the paper.,NULL,NULL,TEXT,No grinding duration reported in the paper.,NULL,NULL,TEXT,No grinding speed reported in the paper.,NULL,NULL,TEXT,No other activation conditions reported in the paper.,0.40,None,TABLE,"""Water to binder ratio (by weight): 0.4"" (Table 4)",Passing sieve No. 50,None,TABLE,"""RHA: Passing sieve No.50"" (Table 1)",NULL,NULL,TEXT,No d10 value reported for RHA under investigation.,NULL,NULL,TEXT,No d50 value reported for RHA under investigation.,NULL,NULL,TEXT,No d90 value reported for RHA under investigation.,NULL,NULL,TEXT,No mean particle size reported for RHA under investigation.,87,m²/g,TABLE,"""Specific surface area (m²/g): 87"" (Table 1)",NULL,NULL,TEXT,No BET surface area specified for RHA under investigation.,NULL,NULL,TEXT,No Blaine fineness reported for RHA under investigation.,NULL,NULL,TEXT,No water absorption capacity reported for RHA under investigation.,2.24,None,TABLE,"""Specific gravity (g/cm³): 2.24"" (Table 1)",NULL,NULL,TEXT,No bulk density reported for RHA under investigation.,NULL,NULL,TEXT,"Table 2 reports literature values (Houston et al., 1972), not chemical composition of RHA under investigation.",NULL,NULL,TEXT,"Table 2 reports literature values (Houston et al., 1972), not chemical composition of RHA under investigation.",NULL,NULL,TEXT,"Table 2 reports literature values (Houston et al., 1972), not chemical composition of RHA under investigation.",NULL,NULL,TEXT,"Table 2 reports literature values (Houston et al., 1972), not chemical composition of RHA under investigation.",NULL,NULL,TEXT,"Table 2 reports literature values (Houston et al., 1972), not chemical composition of RHA under investigation.",NULL,NULL,TEXT,"Table 2 reports literature values (Houston et al., 1972), not chemical composition of RHA under investigation.",NULL,NULL,TEXT,"Table 2 reports literature values (Houston et al., 1972), not chemical composition of RHA under investigation.",NULL,NULL,TEXT,"Table 2 reports literature values (Houston et al., 1972), not chemical composition of RHA under investigation.",NULL,NULL,TEXT,No Loss on Ignition reported in the paper.,NULL,NULL,TEXT,"Table 2 reports literature values (Houston et al., 1972), not chemical composition of RHA under investigation.",NULL,NULL,TEXT,No XRD phases reported in the paper.,NULL,NULL,TEXT,No mineral composition reported in the paper.,NULL,NULL,TEXT,No amorphous content percentage reported in the paper.,NULL,NULL,TEXT,No pozzolanic reactivity value reported for RHA under investigation.,NULL,NULL,TEXT,No Pozzolanic Activity Index reported for RHA under investigation.,NULL,NULL,TEXT,No Strength Activity Index reported in the paper.,NULL,NULL,TEXT,No heat release data reported in the paper.,NULL,NULL,TEXT,No other reactivity indicators reported in the paper.,"0, 2.5, 5, 7.5, 10",%,MULTIPLE SOURCES,"""RHA can replace the amount of cement partially from 0-10% with 2.5% of interval addition by weight."" (TEXT) / Table 4 (TABLE)",7.5 (Compressive strength); 10 (Split tensile strength),%,TEXT,"""The results showed that RHA with a replacement ratio of 7.5% obtained an optimum compressive strength of 40.65 MPa and 48.79 MPa at 28 and 91 days, respectively. The split tensile test also gave an optimum replacement ratio of RHA is 10% with 4.57 MPa at 28 days.""","7-day: RHA-0: 29.26, RHA-2.5: 29.17, RHA-5: 32.54, RHA-7.5: 31.05, RHA-10: 29.40;
14-day: RHA-0: 38.06, RHA-2.5: 35.35, RHA-5: 39.19, RHA-7.5: 38.71, RHA-10: 36.36;
28-day: RHA-0: 39.33, RHA-2.5: 38.78, RHA-5: 39.98, RHA-7.5: 40.65, RHA-10: 40.02;
91-day: RHA-0: 45.30, RHA-2.5: 39.30, RHA-5: 40.82, RHA-7.5: 48.79, RHA-10: 41.62",MPa,TABLE,"Table 6: ""Compressive strength and modulus of elasticity of concrete at different age""",NULL,NULL,TEXT,Not explicitly reported in the paper.,NULL,NULL,TEXT,Not reported in the paper.,NULL,NULL,TEXT,Not reported in the paper.,NULL,NULL,TEXT,Not reported in the paper.,NULL,NULL,TEXT,Not reported in the paper.,NULL,NULL,TEXT,Not reported in the paper.,NULL,NULL,TEXT,Not reported in the paper.,NULL,NULL,TEXT,Not reported in the paper.,NULL,NULL,TEXT,Not reported in the paper.
Review paper: Performance of rice husk ash as a material for partial cement replacement in concrete,"Zaidatul Syahida Adnan, Nur Farhayu Ariffin, Sharifah Maszura Syed Mohsin, Nor Hasanah Abdul Shukor Lim",Materials Today: Proceedings,2022,https://doi.org/10.1016/j.matpr.2021.02.400,"Rice Husk Ash (RHA), rice husk ash, rice husk ash powder, ground rice husk ash",NULL,TEXT,"""This paper will review related literature that employs rice husk ash as a material for partial cement replacement..."" / Fig. 3",Rice husk,NULL,TEXT,"""Rice husk ash is the outer shell of rice grain..."" / ""...produced in millions of tonnes per year by burning of rice husk...""","Burning, Incineration, Combustion, Grinding",NULL,TEXT,"""...produced in millions of tonnes per year by burning of rice husk either through open field burning or under incineration conditions..."" / Table 3 / Fig. 3","Temp: 500–750 °C, Duration: 30 min to 2 days, Grinding duration: 30 to 360 min","°C, min, hours, days",TABLE,"Table 3: ""constant furnace combustion temperature at 500–700 °C for 2 h"", ""grinding for 30 min... 60 min or more"", ""burning temperature... 550, 600, 650, 700 and 750 °C with duration of burning time 30, 60 and 90 min"", ""grinding time 360 min""","Thermal treatment (Incineration/Combustion), Mechanical activation (Grinding)",NULL,TEXT,"Section 3.1 & Table 3: ""incineration or combustion"", ""improved the fineness of cooled incinerated ash using Los Angeles grinding machine.""","Incineration temperature 500–750 °C, grinding time 30–360 min","°C, min",TABLE,Table 3,NULL,NULL,NULL,NULL,500–750,°C,TABLE,"Table 3: ""500–700 °C"", ""550, 600, 650, 700 and 750 °C""","30 min to 2 days (30 min, 60 min, 90 min, 2 h, 24 h, 2 days)","min, h, days",TABLE,"Table 3: ""burning period two day"", ""2 h"", ""30, 60 and 90 min"", ""cool for 24 h""",Grinding (including Los Angeles grinding machine),NULL,TABLE,"Table 3: ""improved the fineness of cooled incinerated ash using Los Angeles grinding machine.""","30 to 360 (30, 60, 360)",min,TABLE,"Table 3: ""grinding for 30 min"", ""grinding for 60 min or more"", ""grinding time 360 min""",NULL,NULL,NULL,NULL,Fluidized bed burning using Torbed reactor with gas velocities of 3–12 m/s,m/s,TABLE,"Table 3: ""burned of rice husk using fluidized beds which based on a different technique Torbed reactor. The Torbed reactor can operate with gas velocities of 3-12 m/s.""",NULL,NULL,NULL,NULL,NULL,NULL,NULL,NULL,NULL,NULL,NULL,NULL,NULL,NULL,NULL,NULL,NULL,NULL,NULL,NULL,< 8; < 11.5; 3.80,µm,MULTIPLE SOURCES,"Section 3.1: ""...particle size of rice husk ash should be less than 8 µm""; Table 3: ""particle sizes of rice husk ash should less than 11.5 µm""; Table 2: ""3.80""",183.3,m²/kg,TABLE,"Table 2: ""Specific surface area (m²/Kg): 183.3""",NULL,NULL,NULL,NULL,NULL,NULL,NULL,NULL,NULL,NULL,NULL,NULL,"2.00, 2.06, 2.11",NULL,TABLE,"Table 2: ""Specific gravity: 2.11, 2.00, 2.06""",NULL,NULL,NULL,NULL,"86.49, 87.32, 88.32, 92.95",%,TABLE,Table 2,"0.48, 0.50, 0.53, 0.67",%,TABLE,Table 2,"0.01, 0.22, 0.31, 0.46",%,TABLE,Table 2,"0.26, 0.28, 0.67, 0.91",%,TABLE,Table 2,"0.13, 0.28, 0.44, 0.55",%,TABLE,Table 2,NULL,NULL,NULL,NULL,"0.05, 0.08, 1.02",%,TABLE,Table 2,"1.97, 2.1, 2.70, 2.91",%,TABLE,Table 2,"2.06, 3.14, 5.81, 8.83",%,TABLE,Table 2,"Organic matter (75–90%), Ash silica (87–97%), Amorphous silica (85–90%, 97.4%)",%,MULTIPLE SOURCES,"Section 3.1 & Table 3: ""Rice husk contains 75-90% of organic matter"", ""The ash contains 87-97% of silica"", ""85-90% of amorphous silica"", ""high amount amorphous silica content about 97.4%""",Amorphous silica / non-crystalline silica,NULL,TEXT,"Section 3.1: ""...contain non-crystalline silica."" / Table 3",NULL,NULL,NULL,NULL,"85–90, 97.4",%,MULTIPLE SOURCES,"Section 3.1: ""...contains approximately 85-90% of amorphous silica""; Table 3: ""...high amount amorphous silica content about 97.4%""",High pozzolanic activity / reactive,NULL,TEXT,"Section 3.1: ""...possesses high pozzolanic activities because of the presence of amorphous silica...""",NULL,NULL,NULL,NULL,NULL,NULL,NULL,NULL,NULL,NULL,NULL,NULL,Chemically reacts with calcium hydroxide at ordinary temperature,NULL,TEXT,"Section 3: ""...chemically reacts with calcium hydroxide at ordinary temperature during the hydration of Portland cement""","5, 10, 15, 16, 20, 25, 30, 35",%,MULTIPLE SOURCES,"Section 3.2, 3.3, 3.4; Figs. 4, 5, 6, 7, 8","5 to 15 (Text-stated general), 10 (Text-stated for flexural / Paramveer Singh study), 20 (Graph-Derived / Adnan & Jamallodin study)",%,MULTIPLE SOURCES,"Section 4: ""...maximum replacement is only 5% up to 15%...""; Section 3.4: ""Thus, 10% with rice husk ash replacement is adopted as optimum content for this case study.""; GRAPH-DERIVED from Fig. 4 and Fig. 8 (Adnan & Jamallodin [24]): highest 28-day compressive (50.06 MPa) and flexural (6.66 MPa) strength at 20% RHA.","10.4, 11.1, 11.6, 11.7, 12.0, 12.2, 12.8, 13.8, 17.08, 18.4, 20.7, 20.9, 22.1, 23.6, 24.4, 24.8, 26.4, 26.42, 26.65, 27.2, 27.4, 27.6, 27.8, 28.13, 28.3, 28.9, 29.3, 36.0, 37.0, 38.3, 38.9, 39.73, 39.8, 42.8, 43.08, 46.7, 50.06",MPa,GRAPH/FIGURE,"Values explicitly plotted in Fig. 4 (7 and 28 days) and Fig. 5 (1, 3, 7, and 28 days)","102, 103, 126",%,TEXT,"Section 3.2: ""...using 15% of rice husk ash as cement replacement showed an increase by 26% of compressive strength at 28 days of curing. While 20% of rice husk ash replacement showed equivalent or slightly higher about 2% and 3% increase in strength at 56 and 91 days of curing respectively.""",NULL,NULL,NULL,NULL,NULL,NULL,NULL,NULL,NULL,NULL,NULL,NULL,NULL,NULL,NULL,NULL,"2.50, 2.58, 3.15, 3.15, 3.50, 3.59, 3.90, 3.90, 3.9, 4.25, 4.37, 4.55, 4.62, 4.72, 4.90, 5.29, 5.50, 6.66",MPa,GRAPH/FIGURE,Values explicitly plotted in Fig. 7 and Fig. 8 at 7 and 28 days,112,%,TEXT,"Section 3.4: ""...5% with rice husk ash replacement would increase 12% strength.""",Low shrinkage,NULL,TEXT,"Section 3.1: ""...improved strength, low shrinkage and higher durability in concrete""",NULL,NULL,NULL,NULL
"Rice husk ash as an additive in mortar – Contribution to microstructural, strength and durability performance","Mareike Thiedeitz, Benjamin Ostermaier, Thomas Kränkel","Resources, Conservation & Recycling",2022,https://doi.org/10.1016/j.resconrec.2022.106389,Rice Husk Ash (RHA),NULL,TEXT,"""mortars containing the agricultural by-product Rice Husk Ash (RHA) as supplementary cementitious material (SCM) were investigated.""","Sundried RHA collected in Bagamoyo, Tanzania",NULL,TEXT,"""Sundried RHA was collected in Bagamoyo, Tanzania.""",Burning in a muffle oven and grinding in a ball mill,NULL,TEXT,"""RHA was burned at 650°C for 30 min under controlled laboratory conditions in a muffle oven... The RHA were ground in a ball mill""",Burned in small amounts to ensure homogeneous combustion and oxidizing environment; ground in small batches of 10 g,NULL,TEXT,"""For each combustion process, only a small amount of husks were burnt, to ensure homogeneous combustion and oxidizing environment... Small batches of 10 g RHA were taken for each grinding step.""",Thermal treatment and mechanical activation,NULL,TEXT,"""RHA was burned at 650°C for 30 min under controlled laboratory conditions in a muffle oven... The RHA were ground in a ball mill""",Controlled laboratory muffle oven burning and ball mill grinding,NULL,TEXT,"""RHA was burned at 650°C for 30 min under controlled laboratory conditions in a muffle oven... The RHA were ground in a ball mill (Cryomill, Retsch, Germany).""",NULL,NULL,NULL,NULL,650,°C,TEXT,"""RHA was burned at 650°C for 30 min under controlled laboratory conditions in a muffle oven""",30,min,TEXT,"""RHA was burned at 650°C for 30 min under controlled laboratory conditions in a muffle oven""","Grinding in a ball mill (Cryomill, Retsch, Germany)",NULL,TEXT,"""The RHA were ground in a ball mill (Cryomill, Retsch, Germany).""",20,s,TEXT,"""a grinding process of 20 s grinding in a ball mill using a frequency of 20 Hz were chosen""",20,Hz,TEXT,"""a grinding process of 20 s grinding in a ball mill using a frequency of 20 Hz were chosen""",Direct cooling after combustion without monitoring the cooling rate; husks stored in muffle oven after reaching combustion temperature,NULL,TEXT,"""The husks were only stored in the muffle oven after it reached the combustion temperature... After combustion, the RHA was directly cooled down without monitoring the cooling rate""",0.5,NULL,TABLE,"Table 3: ""w/b Ratio"" column gives 0.5 for B_RHA (and all series).",1.0-50.0,µm,TABLE,"Table 2: PSD (µm) for RHA is reported as ""1.0-50.0"".",NULL,NULL,NULL,NULL,32.0,µm,TABLE,"Table 2: d50 (um) for RHA is reported as ""32.0"".",NULL,NULL,NULL,NULL,NULL,NULL,NULL,NULL,128.13,m²/g,TABLE,"Table 2: BET SSA (m²/g) for RHA is reported as ""128.13"".",128.13,m²/g,TABLE,"Table 2: BET SSA (m²/g) for RHA is reported as ""128.13"".",1920,cm²/g,TABLE,"Table 2: Blaine SSA (cm²/g) for RHA is reported as ""1920"".",NULL,NULL,NULL,NULL,2.29,g/cm³,TABLE,"Table 2: Specific gravity ?(g/cm³) for RHA is reported as ""2.29"".",NULL,NULL,NULL,NULL,94.97,%,TABLE,"Table 2: SiO2 (%) for RHA is reported as ""94.97"".",0.83,%,TABLE,"Table 2: CaO (%) for RHA is reported as ""0.83"".",0.97,%,TABLE,"Table 2: Al2O3 (%) for RHA is reported as ""0.97"".",0.58,%,TABLE,"Table 2: Fe2O3 (%) for RHA is reported as ""0.58"".",0.57,%,TABLE,"Table 2: MgO (%) for RHA is reported as ""0.57"".",NULL,NULL,NULL,NULL,0.58,%,TABLE,"Table 2: Na2O (%) for RHA is reported as ""0.58"".",1.66,%,TABLE,"Table 2: K2O (%) for RHA is reported as ""1.66"".",NULL,NULL,NULL,NULL,NULL,NULL,NULL,NULL,"Quartz, microlin, C3S, C2S, C3A, Portlandite, Ettringite",NULL,TEXT,"""sand particles led to the highest amounts of quartz phases and additional microlin phases within the specimens... Remaining clinker phases like C3S, C2S and C3A... ettringite... portlandite""",Crystalline phases and back-calculated amorphous phases (C-S-H),NULL,TEXT,"""As XRD can only detect crystalline phases, the amorphous phase content, i.e. C-S-H, was estimated by measuring the crystalline phases and back-calculating the non-measurable amount.""","13.9 (at 1d), 18.2 (at 7d), 18.7 (at 28d)",%,TABLE,"Table 4: Amorphous (%) for B_RHA reported as 13.9 (1d), 18.2 (7d), and 18.7 (28d).",Highly reactive pozzolanic additive; converts portlandite with amorphous silica to C-S-H phases,NULL,TEXT,"""The pozzolanic reaction converts the portlandite with the amorphous silica to C-S-H phases... an optimized combustion process... leads to a highly reactive additive for mortar and concrete""",Exceeds 100% after 7 days,%,GRAPH/FIGURE,"Fig 9(a) & TEXT: ""The activity index of the RHA is already above 100% after 7 days"" (Graph-derived values: ~0.80 at 2d, ~1.14 at 7d, ~1.15 at 28d, ~1.01 at 90d)",Exceeds 100% after 7 days,%,GRAPH/FIGURE,"Fig 9(a) & TEXT: ""The activity index of the RHA is already above 100% after 7 days""",Maximum heat flux of 15.2 mW/g reached after 5.6 h; highest hydration energy in early stage up to ~40 h,mW/g,TEXT,"""B_RHA reached its maximum heat flux already after 5.6 h with a significantly higher value of 15.2 mW/g. Fig. 4(b) shows that the test series B_RHA exhibited the highest hydration energy in the early stage up to an age of approx. 40 h""",Accelerated hydration reaction rate during first hours; high early heat release,NULL,TEXT,"""an accelerated reaction rate of the RHA mortars led to an increased heat flow and thus build-up of hydration products.""",25,wt.-%,TEXT,"""Series B RHA... contained 25 wt.-% of the OPC were substituted by either RHA, FA or LS.""",25,wt.-%,TEXT,"""It was found that mortar samples with a cement substitution of 25 wt.-% by RHA showed a higher strength than the comparison samples at hydration ages of 7 to 90 days.""","25.1 (2d), 51.2 (7d), 60.3 (28d), 66.1 (90d)",MPa,GRAPH/FIGURE,"Fig 7 & TEXT: ""After seven days, series B_RHA showed highest strengths values with 51.2 MPa... Graph-derived/plotted values for B_RHA in Fig 7: ~25.1 MPa (2d), 51.2 MPa (7d), ~60.3 MPa (28d), ~66.1 MPa (90d).""","~70.7% (2d), ~114.3% (7d), ~115.1% (28d), ~101.4% (90d)",%,GRAPH/FIGURE,Fig 9(a) & TEXT: Activity index plotted in Fig 9(a) comparing B_RHA compressive strength to control A_OPC.,NULL,NULL,NULL,NULL,NULL,NULL,NULL,NULL,NULL,NULL,NULL,NULL,NULL,NULL,NULL,NULL,NULL,NULL,NULL,NULL,NULL,NULL,NULL,NULL,NULL,NULL,NULL,NULL,NULL,NULL,NULL,NULL
Production of new generation and sustainable concrete using Rice Husk Ash (RHA): A review,"Sayed Ali Farid, Mohd Moonis Zaheer",Materials Today: Proceedings,2023,https://doi.org/10.1016/j.matpr.2023.06.034,Rice Husk Ash (RHA),NULL,TEXT,"""This paper discussed the state-of-the-art pozzolanic behavior of RHA...""",Rice husk,NULL,TEXT,"""Rice husk is an agricultural by-product available in huge quantities, particularly in India.""",Controlled burning / calcination and mechanical grinding,NULL,TEXT,"""...surface area of rice husk ash is what determines its pozzolanic action, amorphous content, and fineness of particles, all of which can be boosted by using grinding and contained calcination...""",Combustion temperature 500 °C to 700 °C; Minimum grinding duration 10–30 min,"°C, min",TEXT,"""...the highest amounts of amorphous silica with the largest potential specific surface area of 150 m2/g of RHA particles are produced by total combustion between 500 °C and 700 °C..."" and ""The minimum suggested grinding period for RHA is 10–30 min using an automatic grinder.""",Thermal treatment and mechanical activation (grinding),NULL,TEXT,"""...boosted by using grinding and contained calcination for structural concrete...""",Thermal treatment: 500–700 °C; Grinding: 10–30 min (or up to 120 min in vibrating mill),"°C, min",TEXT,"""...total combustion between 500 °C and 700 °C..."" and ""...after grinding in a vibrating mill for around 120 min...""",NULL,NULL,TEXT,NULL,500–700,°C,TEXT,"""...total combustion between 500 °C and 700 °C...""",NULL,NULL,TEXT,NULL,Mechanical grinding (automatic grinder / vibrating mill),NULL,TEXT,"""...mechanical grinding is necessary to produce RHA with fine particles... using an automatic grinder."" and ""...after grinding in a vibrating mill for around 120 min...""","10–30 (suggested minimum); 120 (for ultrafine / vibrating mill); 90, 180",min,TABLE,"Table 2 reports grinding periods of 90 min and 180 min; Text reports ""10–30 min"" and ""120 min"".",NULL,NULL,TEXT,NULL,Pre-curing / acid leaching (to extract metallic ions),NULL,TEXT,"""Pre-curing, such as the leaching of acid, may be used to extract metallic ions from rice husk""",NULL,NULL,TEXT,NULL,Particle sizes from ~0.5 µm to 800 µm depending on grinding duration,µm,GRAPH/FIGURE,Fig. 2(a) shows particle size cumulative distributions for as-received and ground RHA samples (8 to 240 min) ranging from sub-micron to ~800 µm.,NULL,NULL,TEXT,NULL,NULL,NULL,TEXT,NULL,NULL,NULL,TEXT,NULL,6.8 (for 120 min grinding); 3.6–9 (endorsed range for HPC); 6; 3.80; 63.8; 31.3; 8,µm,MULTIPLE SOURCES,"Text: ""...120 min of grinding was appropriate to fabricate ultrafine ash with a mean molecule size of 6.8 mm [µm]...""; Table 2: 6 µm, 3.80 µm, 63.8 µm, 31.3 µm; Text: ""...average particle size of roughly 8 µm is required.""",0.5–2.1 (up to 500 °C); 76–122 (500–600 °C); 100–150 (600–700 °C); 6–10 (700–800 °C); <5 (800–900 °C); 36.47,m²/g,MULTIPLE SOURCES,Table 1 lists specific surface areas ranging from <5 to 150 m²/g across burning temperatures; Table 2 lists 36.47 m²/g.,NULL,NULL,TEXT,NULL,NULL,NULL,TEXT,NULL,NULL,NULL,TEXT,NULL,2–2.5; 2.1; 2.06; 2.11,NULL,MULTIPLE SOURCES,"Text: ""...specific gravity ranging from 2-2.5.""; Table 2: 2.1, 2.06, 2.11.",180–200,kg/m³,TEXT,"""...bulky material that has a density of about 180–200 kg/m³""",87.89; 82.6; 93.44; 87.32; 85.76; 86.81; 77.19; 93.20,wt%,TABLE,Table 3 lists SiO2 content ranging from 77.19% to 93.44% across cited studies.,0.73; 0.9; 0.76; 0.48; 0.74; 1.04; 2.88; 1.10,wt%,TABLE,Table 3 lists CaO content ranging from 0.48% to 2.88% across cited studies.,0.19; 0.4; 0.21; 0.22; 0.25; 0.50; 6.19; 0.40,wt%,TABLE,Table 3 lists Al2O3 content ranging from 0.19% to 6.19% across cited studies.,0.28; 0.5; 0.18; 0.28; 1.15; 0.87; 3.65; 0.10,wt%,TABLE,Table 3 lists Fe2O3 content ranging from 0.10% to 3.65% across cited studies.,0.47; 0.43; 0.28; 0.81; 0.85; 1.45; 0.10,wt%,TABLE,Table 3 lists MgO content ranging from 0.10% to 1.45% across cited studies.,NULL,NULL,TEXT,NULL,0.66; 0.1; 0.05; 1.02; 0.69; 0.0; 0.10,wt%,TABLE,Table 3 lists Na2O content ranging from 0.0% to 1.02% across cited studies.,3.43; 1.8; 1.98; 3.14; 3.61; 1.81; 1.30,wt%,TABLE,Table 3 lists K2O content ranging from 1.30% to 3.61% across cited studies.,~12% loss on ignition associated with grinding,%,TEXT,"""...grinding was correlated to a loss of roughly 12% in the ignition of RHA.""",NULL,NULL,TEXT,NULL,"Cristobalite, amorphous silica (SiO2)",NULL,TEXT,"""...negligible amount of crystalline compounds like cristobalite..."" and ""...composed of amorphous and cristobalite chemicals""",Amorphous silica and minor cristobalite,NULL,TEXT,"""RHA comprises 85–95% amorphous silica in cement concrete...""",85–95; 85,%,TEXT,"""RHA comprises 85–95% amorphous silica in cement concrete..."" and ""RHA typically includes more than 85% amorphous SiO2""",High pozzolanic activity (exceeds ASTM C 618 75% limit); Chapelle activity of 736 mg/g (at 120 min grinding),mg/g,TEXT,"""...Chapelle activity of 736 mg/g..."" and ""ASTM C 618 states that any material having a pozzolanic index of 75% or more may be used as SCM in concrete.""","109 (at 120 min grinding); 80, 93, 97, 97, 109, 110 (at 8, 15, 30, 60, 120, 240 min grinding); 88 (at 7 days)",%,MULTIPLE SOURCES,"Text: ""...109% pozzolanic activity index...""; Fig. 2(b): 80% (8 min), 93% (15 min), 97% (30 min), 97% (60 min), 109% (120 min), 110% (240 min); Text: ""...pozzolanic activity index of 88% after seven days.""",NULL,NULL,TEXT,NULL,NULL,NULL,TEXT,NULL,Decreased electrical conductivity of Ca(OH)2 solution used to compute pozzolanic activity,NULL,TEXT,"""...a decreased electrical conductivity of Ca(OH)2 solution can be used to compute the samples' pozzolanic activity...""","0, 5, 7, 10, 15, 20, 25, 30, 40, 50, 60",wt%,MULTIPLE SOURCES,"Text & Tables: Replacement levels of 0–30%, 40%, and up to 50–60% reported in various reviewed studies.",10–25 (general recommended range); 15–20 (for durability/splitting tensile); 30 (stated in conclusions),wt%,TEXT,"""...it is recommended to replace OPC by 10-25% with RHA for its successful strength development""; ""...optimum range that is about 15-20%""; ""...optimum substitution level of cement by RHA particles is 30%...""","7–28 days: 31.32–36.49 (0%), 27.22–36.45 (5%), 30.45–37.43 (10%), 31.64–37.71 (20%), 33.53–37.80 (30%); 28 days: 54 (0%), 55.4 (5%), 62.3 (10%), 60.2 (20%); 7–200 days: 8.5–40 (0%), 9.4–22 (5%), 7.2–27.2 (10%)",N/mm² (MPa),TABLE,"Table 4 lists compressive strength ranges for OPC substituted by RHA (0%, 5%, 10%, 20%, 30%) across various curing ages and studies.","Strength enhanced by about 25% (7 days), 33% (28 days), and 36% (56 days) over control; Enhanced by 4–14% with graded aggregates",%,TEXT,"""...strength is improved by about 25%, 33%, and 36% (for 7, 28, and 56 days, respectively) with the increment in RHA concentration."" and ""...strength in concrete with RHA can be enhanced by 4-14%...""",NULL,NULL,TEXT,NULL,NULL,NULL,TEXT,NULL,NULL,NULL,TEXT,NULL,NULL,NULL,TEXT,NULL,Improved by approximately 10–30% with every 20% fineness increase,%,TEXT,"""...with every 20% fineness in the RHA particles, approximately 10-30% flexural strength of concrete is improved""",10–30% improvement,%,TEXT,"""...approximately 10-30% flexural strength of concrete is improved""",Drying shrinkage reported as influenced by RHA average particle size,NULL,TEXT,"Section references title: ""...the effect of RHA average particle size on mechanical properties and drying shrinkage...""",NULL,NULL,TEXT,NULL
"Natural and recycled aggregate concrete containing rice husk ash as replacement of cement: Mechanical properties, microstructure, strength model and statistical analysis","Wenzhuo Ma, Yutong Wang, Liang Huang, Libo Yan, Bohumil Kasal",Journal of Building Engineering,2023,10.1016/j.jobe.2023.105917,Rice husk ash (RHA),NULL,TEXT,"""This study investigated the effects of... the replacement ratio of cement by rice husk ash (RHA)...""",Rice husk,NULL,TEXT,"""RHA can be obtained from agricultural waste rice husk...""",Combustion of rice husk followed by grinding in a planetary ball mill,NULL,TEXT,"""...obtained from the combustion of rice husk under 600 °C for 4 h... ground in a planetary ball mill at 300 rpm for 20 min.""",Combustion at 600 °C for 4 h; grinding at 300 rpm for 20 min,NULL,TEXT,"""...combustion of rice husk under 600 °C for 4 h... ground in a planetary ball mill at 300 rpm for 20 min.""",Thermal treatment and mechanical activation (grinding),NULL,TEXT,"""...combustion of rice husk under 600 °C for 4 h... original RHA was then ground in a planetary ball mill at 300 rpm for 20 min.""",Thermal treatment at 600 °C for 4 h; grinding at 300 rpm for 20 min,NULL,TEXT,"""...combustion of rice husk under 600 °C for 4 h... ground in a planetary ball mill at 300 rpm for 20 min.""",NULL,NULL,NULL,NULL,600,°C,TEXT,"""...combustion of rice husk under 600 °C for 4 h...""",4,h,TEXT,"""...combustion of rice husk under 600 °C for 4 h...""",Planetary ball mill grinding,NULL,TEXT,"""...ground in a planetary ball mill at 300 rpm for 20 min.""",20,min,TEXT,"""...ground in a planetary ball mill at 300 rpm for 20 min.""",300,rpm,TEXT,"""...ground in a planetary ball mill at 300 rpm for 20 min.""",NULL,NULL,NULL,NULL,0.43,NULL,TEXT,"""Water to binder (w/b) ratio was kept constant at 0.43...""",>70% < 10 µm,%,TEXT,"""...with more than 70% of the particles smaller than 10 µm, as measured by laser diffraction particle size analyser.""",NULL,NULL,NULL,NULL,NULL,NULL,NULL,NULL,NULL,NULL,NULL,NULL,8.45,µm,TEXT,"""The average particle size of ground RHA was 8.45 µm...""",NULL,NULL,NULL,NULL,NULL,NULL,NULL,NULL,NULL,NULL,NULL,NULL,NULL,NULL,NULL,NULL,NULL,NULL,NULL,NULL,NULL,NULL,NULL,NULL,83.93,%,TABLE,"Table 3: ""SiO2: 83.93""",0.70,%,TABLE,"Table 3: ""CaO: 0.70""",0.53,%,TABLE,"Table 3: ""Al2O3: 0.53""",0.63,%,TABLE,"Table 3: ""Fe2O3: 0.63""",0.50,%,TABLE,"Table 3: ""MgO: 0.50""",0.20,%,TABLE,"Table 3: ""SO3: 0.20""",0.12,%,TABLE,"Table 3: ""Na2O: 0.12""",2.85,%,TABLE,"Table 3: ""K2O: 2.85""",9.44,%,TABLE,"Table 3: ""LOI: 9.44""",P2O5: 0.53,%,TABLE,"Table 3: ""P2O5: 0.53""","Tridymite, Cristobalite, Amorphous silica",NULL,TEXT,"""...except for the amorphous silica, the RHA still contained some amount of crystalline silica in the tridymite and cristobalite phases.""","Tridymite, Cristobalite",NULL,TEXT / FIGURE,"""Fig. 5. XRD pattern of ground RHA... Cristobalite, Tridymite""",NULL,NULL,NULL,NULL,Highly pozzolanic active,NULL,TEXT,"""...which makes RHA highly pozzolanic active for concrete.""",NULL,NULL,NULL,NULL,86,%,TEXT,"""The result showed that the SAI at 28 days was 86%...""",NULL,NULL,NULL,NULL,NULL,NULL,NULL,NULL,"0, 10, 20, 30",%,TEXT,"""...the replacement ratio (wt.%) of RHA with four levels (0%, 10%, 20% and 30%).""",10,%,TEXT,"""For the four different replacement ratios (0%, 10%, 20% and 30%) of RHA considered in this study, the optimised ratio was 10%...""",35 (RC-K0-G0); 35 (RC-K10-G0); 33 (RC-K20-G0); 31 (RC-K30-G0); 33 (RC-K0-G30); 34 (RC-K10-G30); 33 (RC-K20-G30); 31 (RC-K30-G30); 31 (RC-K0-G50); 33 (RC-K10-G50); 31 (RC-K20-G50); 27 (RC-K30-G50); 28 (RC-K0-G70); 28 (RC-K10-G70); 28 (RC-K20-G70); 25 (RC-K30-G70); 26 (RC-K0-G100); 27 (RC-K10-G100); 26 (RC-K20-G100); 25 (RC-K30-G100),MPa,TABLE,"Table 9: ""Maximum stress ?_u (MPa)"" for 28-day prismatic samples",G0 group with 10% RHA: +0.4%; G30 group with 10% RHA: +4.0%; G50 group with 10% RHA: +8.0%; G100 group with 10% RHA: +4.9%,%,TEXT,"""...resulted in 0.4% and 4.9% increases in compressive strength of NAC and RAC (RA replacement ratio = 100%), respectively."" / ""...there were improvements of 0.4%, 4.0%, 8.0% and 4.9% in compressive strength for groups G0... G30... G50... and G100...""",NULL,NULL,NULL,NULL,NULL,NULL,NULL,NULL,NULL,NULL,NULL,NULL,NULL,NULL,NULL,NULL,NULL,NULL,NULL,NULL,NULL,NULL,NULL,NULL,NULL,NULL,NULL,NULL,NULL,NULL,NULL,NULL
An experimental study on rice husk ash concrete,"Sandeep Sathe, Mohd Zain Kangda, Shahbaz Dandin",Materials Today: Proceedings,2023,https://doi.org/10.1016/j.matpr.2022.11.366,Rice Husk Ash (RHA),NULL,TEXT,...partially replacing cement with RHA with an increment of 5%.,Rice husk,NULL,TEXT,Rice husk consists of a huge amount of silica when it is burned properly...,Controlled burning in a furnace,NULL,TEXT,The locally available RHA used for the present research was produced by burning rice husks in a controlled manner in the furnace.,"Temperature increasing gradually from 20°C/min up to 600°C/min for six hours, then allowed to cool at room temperature",NULL,TEXT,The temperature of furnace increasing gradually from 20°C/min up to 600°C/min for six hours and then at room temperature the ash produced was allowed to cool.,Thermal treatment,NULL,TEXT,The locally available RHA used for the present research was produced by burning rice husks in a controlled manner in the furnace.,Temperature increasing gradually from 20°C/min up to 600°C/min for 6 hours,NULL,TEXT,The temperature of furnace increasing gradually from 20°C/min up to 600°C/min for six hours...,NULL,NULL,NULL,NULL,600,°C/min,TEXT,...up to 600°C/min...,6,hours,TEXT,...for six hours and then at room temperature the ash produced was allowed to cool.,NULL,NULL,NULL,NULL,NULL,NULL,NULL,NULL,NULL,NULL,NULL,NULL,NULL,NULL,NULL,NULL,0.55,NULL,TEXT,"The water-cement ratio is 0.55, which is maintained constant.",45 to 75,µm,TEXT,The ash was particle size 45 µm to 75 µm (µm).,NULL,NULL,NULL,NULL,NULL,NULL,NULL,NULL,NULL,NULL,NULL,NULL,NULL,NULL,NULL,NULL,NULL,NULL,NULL,NULL,NULL,NULL,NULL,NULL,NULL,NULL,NULL,NULL,NULL,NULL,NULL,NULL,2.12,NULL,TEXT,"...having a bulk density and SP of 711 kg/m3 and 2.12, respectively.",711,kg/m³,TEXT,"...having a bulk density and SP of 711 kg/m3 and 2.12, respectively.",92.76,%,TABLE,Table 1: Content in RHA (%) for SiO2 is 92.76,3.85,%,TABLE,Table 1: Content in RHA (%) for CaO is 3.85,0.79,%,TABLE,Table 1: Content in RHA (%) for Al2O3 is 0.79,1.98,%,TABLE,Table 1: Content in RHA (%) for Fe2O3 is 1.98,NULL,NULL,NULL,NULL,NULL,NULL,NULL,NULL,0.40,%,TABLE,Table 1: Content in RHA (%) for Na2O is 0.40,0.22,%,TABLE,Table 1: Content in RHA (%) for K2O is 0.22,NULL,NULL,NULL,NULL,NULL,NULL,NULL,NULL,NULL,NULL,NULL,NULL,NULL,NULL,NULL,NULL,NULL,NULL,NULL,NULL,NULL,NULL,NULL,NULL,82.80,%,TEXT,The pozzolanic index of RHA is 82.80%.,NULL,NULL,NULL,NULL,NULL,NULL,NULL,NULL,NULL,NULL,NULL,NULL,"0, 5, 10, 15, 20",%,TEXT,"Three cubes each with 0%, 5%, 10%, 15% and 20% RHA were tested...",15,%,TEXT,The findings of the experimental research show that the optimum percentage of RHA was 15%...,"0% RHA: 20.25 (7D), 28.45 (14D), 33.45 (28D); 5% RHA: 21.23 (7D), 29.25 (14D), 34.50 (28D); 10% RHA: 22.23 (7D), 30.78 (14D), 35.70 (28D); 15% RHA: 23.72 (7D), 32.85 (14D), 37.12 (28D); 20% RHA: 21.25 (7D), 29.85 (14D), 34.90 (28D)",MPa,TABLE,"Table 4: CS values at 7 D, 14 D, and 28 D across RHA percentages 0, 5, 10, 15, 20","7D: 104.61% (5%), 108.90% (10%), 114.62% (15%), 104.70% (20%); 14D: 102.73% (5%), 107.56% (10%), 113.39% (15%), 104.69% (20%); 28D: 103.04% (5%), 106.30% (10%), 109.88% (15%), 104.15% (20%)",%,TEXT,"Table 4 shows The CS of a concrete cube with 5%, 10%, 15%, and 20% RHA shows an increase in CS of about 4.61 %. 8.90%, 14.62%, and 4.70%, respectively... at 7 days... 2.73 %. 7.56%, 13.39 %, and 4.69%, respectively... at 14 days... 3.04 %. 6.30 %, 9.88%, and 4.15%, respectively... at 28 days...",NULL,NULL,NULL,NULL,NULL,NULL,NULL,NULL,NULL,NULL,NULL,NULL,NULL,NULL,NULL,NULL,"0% RHA: 2.75 (7D), 3.10 (14D), 3.80 (28D); 5% RHA: 2.85 (7D), 3.20 (14D), 3.90 (28D); 10% RHA: 3.00 (7D), 3.30 (14D), 4.00 (28D); 15% RHA: 3.20 (7D), 3.40 (14D), 4.20 (28D); 20% RHA: 2.60 (7D), 3.25 (14D), 3.90 (28D)",MPa,TABLE,"Table 4: FS values at 7 D, 14 D, and 28 D across RHA percentages 0, 5, 10, 15, 20","7D: 103.50% (5%), 108.33% (10%), 114.06% (15%), 94.24% (20%); 14D: 103.13% (5%), 106.06% (10%), 108.82% (15%), 104.61% (20%); 28D: 102.56% (5%), 105.00% (10%), 109.52% (15%), 102.56% (20%)",%,TEXT,"Also, the FS of concrete beams at 7 days increased by 3.50%, 8.33 %, 14.06%, and -5.76%, respectively... 14 days increased by 3.13%, 6.06 %, 8.82%, and 4.61%, respectively... 28 days increased by 2.56%, 5%, 9.52 % and 2.56 % respectively...",NULL,NULL,NULL,NULL,NULL,NULL,NULL,NULL
Optimization of rice husk ash concrete design towards economic and environmental assessment,"Bin Xi, Ning Zhang, Huabo Duan, Jintao He, Guanghan Song, Huanyu Li, Xiong Shi",Environmental Impact Assessment Review,2023,10.1016/j.eiar.2023.107229,"Rice Husk Ash (RHA), RHA",NULL,TEXT,"""Rice husk ash (RHA) is one of the main agricultural wastes that holds great potential for utilization in concrete production.""",Rice husks,NULL,TEXT,"""Rice husks, comprising around 20% of the rice mass and reaching an annual production of 150 Mt., are a prevalent agricultural waste""",High-temperature treatment,NULL,TEXT,"""RHA has been extensively studied since the late 1960s as a constituent of concrete, exhibiting properties similar to volcanic ash due to high-temperature treatment""",NULL,NULL,NULL,NULL,NULL,NULL,NULL,NULL,NULL,NULL,NULL,NULL,NULL,NULL,NULL,NULL,NULL,NULL,NULL,NULL,NULL,NULL,NULL,NULL,NULL,NULL,NULL,NULL,NULL,NULL,NULL,NULL,NULL,NULL,NULL,NULL,NULL,NULL,NULL,NULL,0.24–0.53,NULL,TEXT,"""0.24 <= Ww / (Wc + WRHA) <= 0.53""",NULL,NULL,NULL,NULL,NULL,NULL,NULL,NULL,NULL,NULL,NULL,NULL,NULL,NULL,NULL,NULL,NULL,NULL,NULL,NULL,NULL,NULL,NULL,NULL,NULL,NULL,NULL,NULL,NULL,NULL,NULL,NULL,NULL,NULL,NULL,NULL,NULL,NULL,NULL,NULL,2.11,g/cm3 / kg/m3,TABLE,"""Table 4 Characterization parameters of RHAC mixture components... RHA Density (kg/m3): 2.11"" (Note: value given in table header as kg/m3 / standard material density of 2.11 g/cm3)",NULL,NULL,NULL,NULL,NULL,NULL,NULL,NULL,NULL,NULL,NULL,NULL,NULL,NULL,NULL,NULL,NULL,NULL,NULL,NULL,NULL,NULL,NULL,NULL,NULL,NULL,NULL,NULL,NULL,NULL,NULL,NULL,NULL,NULL,NULL,NULL,"Amorphous silica, carbon, and small quantities of other mineral components",NULL,TEXT,"""However, RHA contains valuable components such as amorphous silica, carbon, and small quantities of other mineral components...""",NULL,NULL,NULL,NULL,NULL,NULL,NULL,NULL,Amorphous silica,NULL,TEXT,"""However, RHA contains valuable components such as amorphous silica, carbon, and small quantities of other mineral components...""",Strong volcanic ash properties / Pozzolanic properties,NULL,TEXT,"""The content of RHA 0--120 kg/m3 has an enhancing effect on the CS, which mainly comes from the silica of RHA activity, making RHA with strong volcanic ash properties""",NULL,NULL,NULL,NULL,NULL,NULL,NULL,NULL,NULL,NULL,NULL,NULL,NULL,NULL,NULL,NULL,"5%, 10%, 20%, 30%, 40%",%,TEXT,"""...partially replacing cement with RHA (20%)... Incorporating 5%-10% RHA... it is recommended to use RHA in I concrete with a large scale (30-40%), and the rate can be controlled to 20% or less for II and III.""","10% (GRAPH-DERIVED) / 30–40% (Type I), <=20% (Type II & III)",%,GRAPH/FIGURE,"Fig. 9(a) shows peak compressive strength for Scenario I at ~10% replacement level. Text states: ""it is recommended to use RHA in I concrete with a large scale (30-40%), and the the rate can be controlled to 20% or less for I [II] and III.""","39.4, 48.0, 59.6",MPa,TABLE,"""Table 5 Optimal solutions for three strength ranges... Predicted CS (MPa): I: 39.4, II: 48, III: 59.6""",65% (at 3 days for 20% replacement),%,TEXT,"""...observed that partially replacing cement with RHA (20%) resulted in RHA concrete (RHAC) with 65% of the strength enhancement at 3 days of age, while achieving equivalent compressive strength after 270 days...""",NULL,NULL,NULL,NULL,NULL,NULL,NULL,NULL,NULL,NULL,NULL,NULL,NULL,NULL,NULL,NULL,NULL,NULL,NULL,NULL,NULL,NULL,NULL,NULL,NULL,NULL,NULL,NULL,NULL,NULL,NULL,NULL
The impact of using rice husk ash as a replacement material in concrete: An experimental study,"Asad A. Khedheyer Al-Alwan, Mustafa Al-Bazoon, Faten I.Mussa, Hayder A. Alalwan, Mohanad Hatem Shadhar, Malik M. Mohammed, Mohammed Fakhri Mohammed",Journal of King Saud University - Engineering Sciences,2024,10.1016/j.jksues.2022.03.002,rice husk ash (RHA),NULL,TEXT,"""Rice husk ash (RHA) is a promising pozzolanic alternative material for partial replacement of ordinary Portland cement...""",Rice husk,NULL,TEXT,"""The supplied RHA was prepared by a controlled combustion process... obtained... from Misan Paper Factory.""",Controlled combustion process and mechanical grinding,NULL,TEXT,"""The supplied RHA was prepared by a controlled combustion process at 550 °C... As received (without processing), RHA was ground in a mechanical grinder (Gidding and Lewis T-Bed HBMs)...""",Combustion at 550 °C; Ground for 30 min,"°C, min",TEXT,"""...controlled combustion process at 550 °C."" and ""...ground for a long time (30 min) without any other processing.""",Mechanical grinding,NULL,TEXT,"""...ground for a long time (30 min) without any other processing."" and ""As received (without processing), RHA was ground in a mechanical grinder (Gidding and Lewis T-Bed HBMs)...""",30 min grinding duration,min,TEXT,"""...ground for a long time (30 min) without any other processing.""",NULL,NULL,NULL,NULL,550,°C,TEXT,"""The supplied RHA was prepared by a controlled combustion process at 550 °C.""",NULL,NULL,NULL,NULL,Mechanical grinding in a mechanical grinder,NULL,TEXT,"""As received (without processing), RHA was ground in a mechanical grinder (Gidding and Lewis T-Bed HBMs)...""",30,min,TEXT,"""...ground for a long time (30 min) without any other processing.""",NULL,NULL,NULL,NULL,NULL,NULL,NULL,NULL,"0.3, 0.5, 0.7",NULL,TEXT,"""...water-cement ratios (0.3, 0.5, and 0.7)...""",NULL,NULL,NULL,NULL,NULL,NULL,NULL,NULL,NULL,NULL,NULL,NULL,NULL,NULL,NULL,NULL,7 ± 2,µm,TEXT,"""The particle size of RHA was calculated from SEM images (Fig. 1a as an example) and found to be 7±2 µm...""",165,m²/g,TEXT,"""The BET surface area of RHA was found to be 165 m²/g""",165,m²/g,TEXT,"""The BET surface area of RHA was found to be 165 m²/g""",NULL,NULL,NULL,NULL,NULL,NULL,NULL,NULL,2.45,g/cm³,TEXT,"""The mean specific gravity of RHA, sand, and Portland cement was 2.45, 1.74, and 3.11 g/cm³, respectively.""",NULL,NULL,NULL,NULL,83.10,%,TABLE,"""SiO2 ... 83.10"" (Table 1)",4.70,%,TABLE,"""CaO ... 4.70"" (Table 1)",2.15,%,TABLE,"""Al2O3 ... 2.15"" (Table 1)",1.10,%,TABLE,"""Fe2O3 ... 1.10"" (Table 1)",1.50,%,TABLE,"""MgO ... 1.50"" (Table 1)",1.20,%,TABLE,"""SO3 ... 1.20"" (Table 1)",0.10,%,TABLE,"""Na2O3 ... 0.10"" (Table 1)",2.96,%,TABLE,"""K2O ... 2.96"" (Table 1)",1.13,%,TABLE,"""LOI ... 1.13"" (Table 1)",P2O5: 2.05,%,TABLE,"""P2O5 ... 2.05"" (Table 1)",Amorphous SiO2 (broad peak at 2? = 22°),NULL,TEXT,"""XRD scan of RHA (Fig. 1b) shows only one broad peak at 2? = 22° assigned to SiO2, which confirms its amorphous phase...""",Amorphous SiO2,NULL,TEXT,"""XRD scan of RHA (Fig. 1b) shows only one broad peak at 2? = 22° assigned to SiO2, which confirms its amorphous phase...""",High amorphous percentage / amorphous phase confirmed,NULL,TEXT,"""...XRD scan of RHA (Fig. 1b) shows only one broad peak at 2? = 22° assigned to SiO2, which confirms its amorphous phase...""",Highly pozzolanic,NULL,TEXT,"""RHA contains amorphous silicon oxide (SiO2), or silica, and it is a highly pozzolanic material...""",NULL,NULL,NULL,NULL,NULL,NULL,NULL,NULL,NULL,NULL,NULL,NULL,NULL,NULL,NULL,NULL,"0, 7, 14",%,TEXT,"""...adding RHA in different ratios (0%, 7%, and 14%) as a replacement of ordinary Portland cement...""",7,%,TEXT,"""This indicates that 7% of RHA was enough to cover most of the specimen's porosity and any further increase in the RHA content would have no significant impact on the strength.""","10 days: 22 (W0.5R7), 20 (W0.7R7), 25 (W0.3R14), 23.5 (W0.5R14), 21.5 (W0.7R14); 20 days: 29 (W0.5R7), 26 (W0.7R7), 31 (W0.3R14), 28 (W0.5R14), 26 (W0.7R14); 30 days: 35.7 (W0.3R7), 32 (W0.5R7), 30 (W0.7R7), 36.5 (W0.3R14), 32 (W0.5R14), 30 (W0.7R14)",MPa,MULTIPLE SOURCES,"""Table 3 ... Experimental results: 0.3 w/c, 7% RHA: 35.7; 14% RHA: 36.5; 0.5 w/c, 7% RHA: 32; 14% RHA: 32; 0.7 w/c, 7% RHA: 30; 14% RHA: 30"" and ""Fig. 3""",30 days: 7% RHA increases strength by ~10%; 14% RHA increases strength by ~12% (2% beyond 7%),%,TEXT,"""Comparing the increase in the strength of the specimens cured in water for 30 days shows that increasing RHA from 0% to 7% increases the strength by around 10%. However, a further increase in the RHA content to 14% resulted only in a 2% increase in the strength.""",NULL,NULL,NULL,NULL,NULL,NULL,NULL,NULL,NULL,NULL,NULL,NULL,NULL,NULL,NULL,NULL,"10 days: 1.32 (W0.3R7), 1.25 (W0.5R7), 1.15 (W0.7R7), 1.35 (W0.3R14), 1.30 (W0.5R14), 1.20 (W0.7R14); 20 days: 3.70 (W0.3R7), 3.30 (W0.5R7), 3.20 (W0.7R7), 3.80 (W0.3R14), 3.40 (W0.5R14), 3.30 (W0.7R14); 30 days: 5.3 (W0.3R7), 5.2 (W0.5R7), 5.1 (W0.7R7), 5.4 (W0.3R14), 5.3 (W0.5R14), 5.2 (W0.7R14)",MPa,MULTIPLE SOURCES,"""Table 4 ... Experimental results: 0.3 w/c, 7% RHA: 5.3; 14% RHA: 5.4; 0.5 w/c, 7% RHA: 5.2; 14% RHA: 5.3; 0.7 w/c, 7% RHA: 5.1; 14% RHA: 5.2"" and ""Fig. 4""","10 days, 14% RHA: +3% (w/c=0.3) to +9% (w/c=0.7); 30 days, 14% RHA: 3-4%; 10 days, 7% RHA: +1.5% (w/c=0.3) to +4% (w/c=0.7); 30 days, 7% RHA: +2%",%,TEXT,"""For the 10-day specimens, adding 14% of RHA enhances the flexural strength by 3% for the lowest w/c ratio and 9% for the highest water content. This ratio decreases with time to reach 3-4% for the 30-day specimens... Specifically, only 1.5% of the gain was observed when 7% of RHA was added at the lowest water ratio and 4% at the highest water ratio for the 10-day specimens. However, the improvement increased by 2% for the 30-day specimens...""",NULL,NULL,NULL,NULL,NULL,NULL,NULL,NULL
Use of recycled concrete and rice husk ash for concrete: A review,"S. P. Muñoz-Pérez, E. Sánchez-Díaz, D. Barboza-Culqui, J. M. Garcia-Chumacero",Journal of Applied Research and Technology,2024,NULL,"Rice Husk Ash (RHA), RHA, NRHA, GRHA",NULL,TEXT,"""...rice husk ash (RHA) have been identified as possible alternative binders...""; ""...unprocessed rice husk ash concrete...""; ""...ground rice husk ash (GRHA)...""",Rice husks / Rice husk waste,NULL,TEXT,"""...obtained by burning rice husks which is rich in amorphous reactive silica...""; ""Recycling of rice husk waste for a sustainable concrete...""","Uncontrolled burning, controlled incineration, charcoal-powered incinerator, calcining, grinding",NULL,TEXT,"""...collected from uncontrolled burning and without previous grinding...""; ""...controlled incineration is necessary to produce RHA...""; ""...prepared from charcoal-powered incinerator...""; ""...calcining rice husks at temperatures of 300, 500, 700 and 900 °C...""; ""...ground to a high fineness...""","Burning time: 3 h; Cooling rate: 10 °C/min; Cooling duration: 9, 7, 5, 3 h",NULL,TEXT,"""...calcining rice husks at temperatures of 300, 500, 700 and 900 °C at a constant burning time (for 3h). Then, it was kept cooling at a constant rate of 10-/ min and different burning times of (9, 7, 5 and 3 h, respectively).""",Mechanical activation (milling/grinding),NULL,TEXT,"""After that, the product was milled to nanometer size...""; ""...ground to a high fineness...""",NULL,NULL,NULL,NULL,NULL,NULL,NULL,NULL,"300, 500, 700, 900",°C,TEXT,"""...calcining rice husks at temperatures of 300, 500, 700 and 900 °C...""",3,h,TEXT,"""...at a constant burning time (for 3h).""",Milling / Grinding,NULL,TEXT,"""...the product was milled to nanometer size...""; ""...ground to a high fineness...""",NULL,NULL,NULL,NULL,NULL,NULL,NULL,NULL,NULL,NULL,NULL,NULL,"0.33, 0.41, 0.44, 0.45, 0.60, 0.65",NULL,TABLE,"Table 7 (w/c ratio: 0.33, 0.41, 0.44, 0.65); Table 8 (w/c ratio: 0.45, 0.60)",NULL,NULL,NULL,NULL,NULL,NULL,NULL,NULL,NULL,NULL,NULL,NULL,NULL,NULL,NULL,NULL,Nanometer size,NULL,TEXT,"""...milled to nanometer size...""",NULL,NULL,NULL,NULL,NULL,NULL,NULL,NULL,NULL,NULL,NULL,NULL,NULL,NULL,NULL,NULL,NULL,NULL,NULL,NULL,NULL,NULL,NULL,NULL,90,%,TEXT,"""...rich in amorphous reactive silica containing approximately 90% silica.""",NULL,NULL,NULL,NULL,NULL,NULL,NULL,NULL,NULL,NULL,NULL,NULL,NULL,NULL,NULL,NULL,NULL,NULL,NULL,NULL,NULL,NULL,NULL,NULL,NULL,NULL,NULL,NULL,NULL,NULL,NULL,NULL,NULL,NULL,NULL,NULL,NULL,NULL,NULL,NULL,Amorphous reactive silica,NULL,TEXT,"""...rich in amorphous reactive silica...""",90,%,TEXT,"""...rich in amorphous reactive silica containing approximately 90% silica.""",Highly pozzolanic / highly reactive pozzolan,NULL,TEXT,"""It has also been shown to be highly pozzolanic...""; ""...RHA is classified as a highly reactive pozzolan.""",NULL,NULL,NULL,NULL,NULL,NULL,NULL,NULL,NULL,NULL,NULL,NULL,Pozzolanic strength,NULL,TEXT,"""...partial replacement for cement and have high pozzolanic strength...""","1, 2.5, 3, 5, 7.5, 10, 12.5, 15, 20, 25, 30, 50",%,MULTIPLE SOURCES,"""...1% NRHA and at 500 °C and 300 °C for 3% and 5% NRHA.""; ""...5%, 7.5%, 12.5% and 15%...""; ""...10% to 20%...""; ""...0, 2.5, 5, 7.5, 10, 12.5 and 15%.""; ""...5%, 10%, 15%, 20% and 25% RHA...""; ""...20% to 50% by weight of cementitious materials...""; Table 7 (10%, 5%, 15%, 20%, 3%, 30%, 12.5%)",10 to 15 / 8,%,TEXT,"""...most authors agree that the optimum replacement percentage of RHA for cement would be between 10% to 15%...""; ""...when 8% RHA is added, the concrete reaches a compressive strength of up to 70 MPa...""","120, 100, 62, 55, 48.8, 43.4, 40.2, 38.9, 36.2, 30.3, 20.8",MPa,TABLE,"Table 7 (""120 MPa"", ""100 MPa"", ""62 MPa"", ""55 MPa"", ""48.8 MPa"", ""43.4 MPa"", ""40.2 MPa"", ""38.9 MPa"", ""36.2 MPa"", ""30.3 MPa"", ""20.8 MPa"")",9.4 (increase for 3% RHA); 5.6 (increase for 5% RHA); 22.16 (increase for 10% RHA),%,MULTIPLE SOURCES,"Table 7 (""Increased its compressive strength by 9.4% to 120 MPa."" / ""Increased its compressive strength by 5.6% to 100 MPa.""); ""...compressive strength was 22.16%... higher than the control mix...""",NULL,NULL,NULL,NULL,NULL,NULL,NULL,NULL,NULL,NULL,NULL,NULL,NULL,NULL,NULL,NULL,"70, 60, 27.68, 16.56",MPa,TABLE,"Table 8 (""70 MPa"", ""60 MPa"", ""27.68 MPa"", ""16.56 MPa"")","9.9, 14.4, 18.9, 22.31",%,MULTIPLE SOURCES,"Table 8 (""An average strength improvement of 9.9 %, 14.4 % and 18.9% was observed for 5%, 10% and 15% cement substitution with RHA""); Table 8 (""A flexural strength of 22.31% was achieved, superior to that of the control mix..."")",NULL,NULL,NULL,NULL,NULL,NULL,NULL,NULL
Mechanical and durability-based life cycle assessment of rice husk ash containing concrete,"Parvin Montazeri, Omid Bamshad, Milad Aghililotf, Priyanka Singh",Case Studies in Construction Materials,2025,10.1016/j.cscm.2025.e05241,Rice husk ash (RHA),NULL,TEXT,"""The pursuit of sustainable construction materials has intensified interest in rice husk ash (RHA) as a supplementary cementitious material for concrete.""",Rice husk (RH),NULL,TEXT,"""According to the requirements of ASTM C 618 [96], raw RH was obtained from a rice processing plant located in Alamut, Qazvin, Iran.""","Washing, drying, controlled incineration, secondary heat treatment, and sieving",NULL,TEXT,"""The treatment of RHA began with the collection of raw RHs from a rice processing plant, followed by thorough washing to remove impurities. The cleaned RHs were then dried to reduce moisture content before undergoing controlled incineration... After 48 h, a secondary heat treatment was applied by heating the ash in an oven... Finally, the ash was passed from sieve #100...""",Incineration temperature: 650–700 °C for ~2 hours; Secondary heat treatment: 200 °C in oven; Sieve size: #100,°C / hours,TEXT,"""...undergoing controlled incineration at temperatures ranging from 650 °C to 700 °C for approximately two hours... heating the ash in an oven at around 200 °C... Finally, the ash was passed from sieve #100...""",Thermal treatment and Mechanical activation,NULL,TEXT,"""...controlled incineration at temperatures ranging from 650 °C to 700 °C for approximately two hours... secondary heat treatment was applied by heating the ash in an oven at around 200 °C... Finally, the ash was passed from sieve #100 to ensure a uniform grain size.""",Thermal: 650–700 °C (2 h) and 200 °C; Mechanical: sieving through sieve #100,°C / hours,TEXT,"""...controlled incineration at temperatures ranging from 650 °C to 700 °C for approximately two hours... secondary heat treatment was applied by heating the ash in an oven at around 200 °C... Finally, the ash was passed from sieve #100...""",NULL,NULL,NULL,NULL,"650–700 (incineration), 200 (secondary treatment)",°C,TEXT,"""...controlled incineration at temperatures ranging from 650 °C to 700 °C... secondary heat treatment was applied by heating the ash in an oven at around 200 °C...""",2,hours,TEXT,"""...undergoing controlled incineration at temperatures ranging from 650 °C to 700 °C for approximately two hours...""",Sieving,NULL,TEXT,"""Finally, the ash was passed from sieve #100 to ensure a uniform grain size.""",NULL,NULL,NULL,NULL,NULL,NULL,NULL,NULL,NULL,NULL,NULL,NULL,"0.35, 0.45, 0.50",NULL,TEXT / TABLE,"""across three water to binder (W/B) ratios (0.35, 0.45, and 0.50)."" / Table 3",Figure 5,µm,GRAPH/FIGURE,"""Particle size distribution of the cement and RHA was determined according to ASTM C430 standard [98], and is presented in Fig. 5.""",NULL,NULL,NULL,NULL,NULL,NULL,NULL,NULL,NULL,NULL,NULL,NULL,9,µm,TEXT,"""As shown, the average size of cement and RHA was 20 µm and 9 µm, respectively.""",NULL,NULL,NULL,NULL,NULL,NULL,NULL,NULL,16500,cm²/g,TABLE,"""Blaine (cm²/g)... RHA: 16500"" (Table 2)",NULL,NULL,NULL,NULL,2.02,g/cm³,TABLE,"""Specific gravity (g/cm³)... RHA: 2.02"" (Table 2)",NULL,NULL,NULL,NULL,90.80,%,TABLE,"""SiO2 (%)... RHA: 90.80"" (Table 2)",0.07,%,TABLE,"""CaO (%)... RHA: 0.07"" (Table 2)",0.11,%,TABLE,"""Al2O3 (%)... RHA: 0.11"" (Table 2)",0.60,%,TABLE,"""Fe2O3 (%)... RHA: 0.60"" (Table 2)",1.70,%,TABLE,"""MgO (%)... RHA: 1.70"" (Table 2)",0.03,%,TABLE,"""SO3-2 (%)... RHA: 0.03"" (Table 2)",0.76,%,TABLE,"""Na2O (%)... RHA: 0.76"" (Table 2)",NULL,NULL,TABLE,"""K2O (%)... RHA: [blank]"" (Table 2 reports K2O as 0.58% for PC, but value for RHA is not provided)",NULL,NULL,TABLE,"""LOI (%)... RHA: [blank]"" (Table 2 reports LOI as 1.36% for PC, but value for RHA is not provided)",NULL,NULL,NULL,NULL,"Quartz, graphite, coquimbite",NULL,TEXT / GRAPH/FIGURE,"""...miscellaneous inorganic components identified by quartz, graphite and coquimbite minerals..."" / Fig. 7","Amorphous SiO2, Quartz, Graphite, Coquimbite",NULL,TEXT / GRAPH/FIGURE,"""...showing, only one broad peak at 22° (2?), indicating that SiO2 was a major component of RHA... low intensity sharp peaks correspond to miscellaneous inorganic components identified by quartz, graphite and coquimbite minerals..."" / Fig. 7",High (85–95% reported in general background text; RHA under study characterized by broad amorphous hump at 15°–30° 2?),%,TEXT,"""This process yields RHA with a high content (85-95%) of amorphous silica..."" / ""...as evidenced by the broad band of amorphous hump region that typically appears between about 15° and 30° 2? [103].""",High / Strong pozzolanic activity,NULL,TEXT,"""RHA... offers high amorphous silica content with strong pozzolanic properties..."" / ""RHA has been recognized for its high pozzolanic activity...""",NULL,NULL,NULL,NULL,NULL,NULL,NULL,NULL,NULL,NULL,NULL,NULL,Pozzolanic reaction with Ca(OH)2 forming C-S-H gel (SiO2 + Ca(OH)2 -> C-S-H),NULL,TEXT,"""The pozzolanic reaction between RHA and calcium hydroxide involves amorphous silica (SiO2) from RHA reacting with calcium hydroxide (Ca(OH)2) from cement hydration to form calcium silicate hydrate (C-S-H) gel, as presented in Eq. 1""","0, 10, 15, 20",wt%,TEXT / TABLE,"""...featuring varying levels of RHA replacement at 0%, 10%, 15%, and 20% by weight (wt%)..."" / Table 3","15 wt% (for compressive strength maximization); 20 wt% (for service life, durability, and overall sustainability / LCA optimization)",wt%,TEXT,"""The optimal RHA replacement level for strength enhancement was found to be 15 wt%."" / ""While it was observed that a 15 wt% RHA replacement maximized compressive strength, the 20 wt% RHA presented superior service life characteristics and a reduced environmental footprint. Consequently, the incorporation of 20 wt% RHA was regarded as the most sustainable scenario.""","28-day:
R0W35: 31.0 | R0W45: 26.0 | R0W50: 23.6
R10W35: 37.8 | R10W45: 35.0 | R10W50: 29.4
R15W35: 44.6 | R15W45: 37.5 | R15W50: 30.8
R20W35: 41.8 | R20W45: 33.4 | R20W50: 28.2

56-day:
R0W35: 45.6 | R0W45: 36.2 | R0W50: 27.3
R10W35: 52.4 | R10W45: 38.1 | R10W50: 27.5
R15W35: 54.4 | R15W45: 41.9 | R15W50: 36.3
R20W35: 48.2 | R20W45: 36.3 | R20W50: 35.1

90-day:
R0W35: 47.1 | R0W45: 41.4 | R0W50: 34.2
R10W35: 59.3 | R10W45: 51.2 | R10W50: 41.7
R15W35: 61.0 | R15W45: 51.7 | R15W50: 45.3
R20W35: 56.8 | R20W45: 48.7 | R20W50: 40.0

120-day:
R0W35: 58.1 | R0W45: 53.7 | R0W50: 40.6
R10W35: 65.2 | R10W45: 55.6 | R10W50: 46.7
R15W35: 68.0 | R15W45: 59.0 | R15W50: 50.2
R20W35: 63.5 | R20W45: 51.8 | R20W50: 45.5",MPa,TABLE,Appendix Table A1,NULL,NULL,NULL,NULL,NULL,NULL,NULL,NULL,NULL,NULL,NULL,NULL,NULL,NULL,NULL,NULL,NULL,NULL,NULL,NULL,NULL,NULL,NULL,NULL,NULL,NULL,NULL,NULL,NULL,NULL,NULL,NULL,NULL,NULL,NULL,NULL
,,,,,,,,,,,,,,,,,,,,,,,,,,,,,,,,,,,,,,,,,,,,,,,,,,,,,,,,,,,,,,,,,,,,,,,,,,,,,,,,,,,,,,,,,,,,,,,,,,,,,,,,,,,,,,,,,,,,,,,,,,,,,,,,,,,,,,,,,,,,,,,,,,,,,,,,,,,,,,,,,,,,,,,,,,,,,,,,,,,,,,,,,,,,,,,,,,,,,,,,,,,,,,,,,,,,,,,,,,,,,,,,
,,,,,,,,,,,,,,,,,,,,,,,,,,,,,,,,,,,,,,,,,,,,,,,,,,,,,,,,,,,,,,,,,,,,,,,,,,,,,,,,,,,,,,,,,,,,,,,,,,,,,,,,,,,,,,,,,,,,,,,,,,,,,,,,,,,,,,,,,,,,,,,,,,,,,,,,,,,,,,,,,,,,,,,,,,,,,,,,,,,,,,,,,,,,,,,,,,,,,,,,,,,,,,,,,,,,,,,,,,,,,,,,
,,,,,,,,,,,,,,,,,,,,,,,,,,,,,,,,,,,,,,,,,,,,,,,,,,,,,,,,,,,,,,,,,,,,,,,,,,,,,,,,,,,,,,,,,,,,,,,,,,,,,,,,,,,,,,,,,,,,,,,,,,,,,,,,,,,,,,,,,,,,,,,,,,,,,,,,,,,,,,,,,,,,,,,,,,,,,,,,,,,,,,,,,,,,,,,,,,,,,,,,,,,,,,,,,,,,,,,,,,,,,,,,
,,,,,,,,,,,,,,,,,,,,,,,,,,,,,,,,,,,,,,,,,,,,,,,,,,,,,,,,,,,,,,,,,,,,,,,,,,,,,,,,,,,,,,,,,,,,,,,,,,,,,,,,,,,,,,,,,,,,,,,,,,,,,,,,,,,,,,,,,,,,,,,,,,,,,,,,,,,,,,,,,,,,,,,,,,,,,,,,,,,,,,,,,,,,,,,,,,,,,,,,,,,,,,,,,,,,,,,,,,,,,,,,
,,,,,,,,,,,,,,,,,,,,,,,,,,,,,,,,,,,,,,,,,,,,,,,,,,,,,,,,,,,,,,,,,,,,,,,,,,,,,,,,,,,,,,,,,,,,,,,,,,,,,,,,,,,,,,,,,,,,,,,,,,,,,,,,,,,,,,,,,,,,,,,,,,,,,,,,,,,,,,,,,,,,,,,,,,,,,,,,,,,,,,,,,,,,,,,,,,,,,,,,,,,,,,,,,,,,,,,,,,,,,,,,
,,,,,,,,,,,,,,,,,,,,,,,,,,,,,,,,,,,,,,,,,,,,,,,,,,,,,,,,,,,,,,,,,,,,,,,,,,,,,,,,,,,,,,,,,,,,,,,,,,,,,,,,,,,,,,,,,,,,,,,,,,,,,,,,,,,,,,,,,,,,,,,,,,,,,,,,,,,,,,,,,,,,,,,,,,,,,,,,,,,,,,,,,,,,,,,,,,,,,,,,,,,,,,,,,,,,,,,,,,,,,,,,
,,,,,,,,,,,,,,,,,,,,,,,,,,,,,,,,,,,,,,,,,,,,,,,,,,,,,,,,,,,,,,,,,,,,,,,,,,,,,,,,,,,,,,,,,,,,,,,,,,,,,,,,,,,,,,,,,,,,,,,,,,,,,,,,,,,,,,,,,,,,,,,,,,,,,,,,,,,,,,,,,,,,,,,,,,,,,,,,,,,,,,,,,,,,,,,,,,,,,,,,,,,,,,,,,,,,,,,,,,,,,,,,
,,,,,,,,,,,,,,,,,,,,,,,,,,,,,,,,,,,,,,,,,,,,,,,,,,,,,,,,,,,,,,,,,,,,,,,,,,,,,,,,,,,,,,,,,,,,,,,,,,,,,,,,,,,,,,,,,,,,,,,,,,,,,,,,,,,,,,,,,,,,,,,,,,,,,,,,,,,,,,,,,,,,,,,,,,,,,,,,,,,,,,,,,,,,,,,,,,,,,,,,,,,,,,,,,,,,,,,,,,,,,,,,
,,,,,,,,,,,,,,,,,,,,,,,,,,,,,,,,,,,,,,,,,,,,,,,,,,,,,,,,,,,,,,,,,,,,,,,,,,,,,,,,,,,,,,,,,,,,,,,,,,,,,,,,,,,,,,,,,,,,,,,,,,,,,,,,,,,,,,,,,,,,,,,,,,,,,,,,,,,,,,,,,,,,,,,,,,,,,,,,,,,,,,,,,,,,,,,,,,,,,,,,,,,,,,,,,,,,,,,,,,,,,,,,
,,,,,,,,,,,,,,,,,,,,,,,,,,,,,,,,,,,,,,,,,,,,,,,,,,,,,,,,,,,,,,,,,,,,,,,,,,,,,,,,,,,,,,,,,,,,,,,,,,,,,,,,,,,,,,,,,,,,,,,,,,,,,,,,,,,,,,,,,,,,,,,,,,,,,,,,,,,,,,,,,,,,,,,,,,,,,,,,,,,,,,,,,,,,,,,,,,,,,,,,,,,,,,,,,,,,,,,,,,,,,,,,
,,,,,,,,,,,,,,,,,,,,,,,,,,,,,,,,,,,,,,,,,,,,,,,,,,,,,,,,,,,,,,,,,,,,,,,,,,,,,,,,,,,,,,,,,,,,,,,,,,,,,,,,,,,,,,,,,,,,,,,,,,,,,,,,,,,,,,,,,,,,,,,,,,,,,,,,,,,,,,,,,,,,,,,,,,,,,,,,,,,,,,,,,,,,,,,,,,,,,,,,,,,,,,,,,,,,,,,,,,,,,,,,
,,,,,,,,,,,,,,,,,,,,,,,,,,,,,,,,,,,,,,,,,,,,,,,,,,,,,,,,,,,,,,,,,,,,,,,,,,,,,,,,,,,,,,,,,,,,,,,,,,,,,,,,,,,,,,,,,,,,,,,,,,,,,,,,,,,,,,,,,,,,,,,,,,,,,,,,,,,,,,,,,,,,,,,,,,,,,,,,,,,,,,,,,,,,,,,,,,,,,,,,,,,,,,,,,,,,,,,,,,,,,,,,
,,,,,,,,,,,,,,,,,,,,,,,,,,,,,,,,,,,,,,,,,,,,,,,,,,,,,,,,,,,,,,,,,,,,,,,,,,,,,,,,,,,,,,,,,,,,,,,,,,,,,,,,,,,,,,,,,,,,,,,,,,,,,,,,,,,,,,,,,,,,,,,,,,,,,,,,,,,,,,,,,,,,,,,,,,,,,,,,,,,,,,,,,,,,,,,,,,,,,,,,,,,,,,,,,,,,,,,,,,,,,,,,
,,,,,,,,,,,,,,,,,,,,,,,,,,,,,,,,,,,,,,,,,,,,,,,,,,,,,,,,,,,,,,,,,,,,,,,,,,,,,,,,,,,,,,,,,,,,,,,,,,,,,,,,,,,,,,,,,,,,,,,,,,,,,,,,,,,,,,,,,,,,,,,,,,,,,,,,,,,,,,,,,,,,,,,,,,,,,,,,,,,,,,,,,,,,,,,,,,,,,,,,,,,,,,,,,,,,,,,,,,,,,,,,
,,,,,,,,,,,,,,,,,,,,,,,,,,,,,,,,,,,,,,,,,,,,,,,,,,,,,,,,,,,,,,,,,,,,,,,,,,,,,,,,,,,,,,,,,,,,,,,,,,,,,,,,,,,,,,,,,,,,,,,,,,,,,,,,,,,,,,,,,,,,,,,,,,,,,,,,,,,,,,,,,,,,,,,,,,,,,,,,,,,,,,,,,,,,,,,,,,,,,,,,,,,,,,,,,,,,,,,,,,,,,,,,
,,,,,,,,,,,,,,,,,,,,,,,,,,,,,,,,,,,,,,,,,,,,,,,,,,,,,,,,,,,,,,,,,,,,,,,,,,,,,,,,,,,,,,,,,,,,,,,,,,,,,,,,,,,,,,,,,,,,,,,,,,,,,,,,,,,,,,,,,,,,,,,,,,,,,,,,,,,,,,,,,,,,,,,,,,,,,,,,,,,,,,,,,,,,,,,,,,,,,,,,,,,,,,,,,,,,,,,,,,,,,,,,
,,,,,,,,,,,,,,,,,,,,,,,,,,,,,,,,,,,,,,,,,,,,,,,,,,,,,,,,,,,,,,,,,,,,,,,,,,,,,,,,,,,,,,,,,,,,,,,,,,,,,,,,,,,,,,,,,,,,,,,,,,,,,,,,,,,,,,,,,,,,,,,,,,,,,,,,,,,,,,,,,,,,,,,,,,,,,,,,,,,,,,,,,,,,,,,,,,,,,,,,,,,,,,,,,,,,,,,,,,,,,,,,
,,,,,,,,,,,,,,,,,,,,,,,,,,,,,,,,,,,,,,,,,,,,,,,,,,,,,,,,,,,,,,,,,,,,,,,,,,,,,,,,,,,,,,,,,,,,,,,,,,,,,,,,,,,,,,,,,,,,,,,,,,,,,,,,,,,,,,,,,,,,,,,,,,,,,,,,,,,,,,,,,,,,,,,,,,,,,,,,,,,,,,,,,,,,,,,,,,,,,,,,,,,,,,,,,,,,,,,,,,,,,,,,
,,,,,,,,,,,,,,,,,,,,,,,,,,,,,,,,,,,,,,,,,,,,,,,,,,,,,,,,,,,,,,,,,,,,,,,,,,,,,,,,,,,,,,,,,,,,,,,,,,,,,,,,,,,,,,,,,,,,,,,,,,,,,,,,,,,,,,,,,,,,,,,,,,,,,,,,,,,,,,,,,,,,,,,,,,,,,,,,,,,,,,,,,,,,,,,,,,,,,,,,,,,,,,,,,,,,,,,,,,,,,,,,
,,,,,,,,,,,,,,,,,,,,,,,,,,,,,,,,,,,,,,,,,,,,,,,,,,,,,,,,,,,,,,,,,,,,,,,,,,,,,,,,,,,,,,,,,,,,,,,,,,,,,,,,,,,,,,,,,,,,,,,,,,,,,,,,,,,,,,,,,,,,,,,,,,,,,,,,,,,,,,,,,,,,,,,,,,,,,,,,,,,,,,,,,,,,,,,,,,,,,,,,,,,,,,,,,,,,,,,,,,,,,,,,
,,,,,,,,,,,,,,,,,,,,,,,,,,,,,,,,,,,,,,,,,,,,,,,,,,,,,,,,,,,,,,,,,,,,,,,,,,,,,,,,,,,,,,,,,,,,,,,,,,,,,,,,,,,,,,,,,,,,,,,,,,,,,,,,,,,,,,,,,,,,,,,,,,,,,,,,,,,,,,,,,,,,,,,,,,,,,,,,,,,,,,,,,,,,,,,,,,,,,,,,,,,,,,,,,,,,,,,,,,,,,,,,
,,,,,,,,,,,,,,,,,,,,,,,,,,,,,,,,,,,,,,,,,,,,,,,,,,,,,,,,,,,,,,,,,,,,,,,,,,,,,,,,,,,,,,,,,,,,,,,,,,,,,,,,,,,,,,,,,,,,,,,,,,,,,,,,,,,,,,,,,,,,,,,,,,,,,,,,,,,,,,,,,,,,,,,,,,,,,,,,,,,,,,,,,,,,,,,,,,,,,,,,,,,,,,,,,,,,,,,,,,,,,,,,
,,,,,,,,,,,,,,,,,,,,,,,,,,,,,,,,,,,,,,,,,,,,,,,,,,,,,,,,,,,,,,,,,,,,,,,,,,,,,,,,,,,,,,,,,,,,,,,,,,,,,,,,,,,,,,,,,,,,,,,,,,,,,,,,,,,,,,,,,,,,,,,,,,,,,,,,,,,,,,,,,,,,,,,,,,,,,,,,,,,,,,,,,,,,,,,,,,,,,,,,,,,,,,,,,,,,,,,,,,,,,,,,
,,,,,,,,,,,,,,,,,,,,,,,,,,,,,,,,,,,,,,,,,,,,,,,,,,,,,,,,,,,,,,,,,,,,,,,,,,,,,,,,,,,,,,,,,,,,,,,,,,,,,,,,,,,,,,,,,,,,,,,,,,,,,,,,,,,,,,,,,,,,,,,,,,,,,,,,,,,,,,,,,,,,,,,,,,,,,,,,,,,,,,,,,,,,,,,,,,,,,,,,,,,,,,,,,,,,,,,,,,,,,,,,
,,,,,,,,,,,,,,,,,,,,,,,,,,,,,,,,,,,,,,,,,,,,,,,,,,,,,,,,,,,,,,,,,,,,,,,,,,,,,,,,,,,,,,,,,,,,,,,,,,,,,,,,,,,,,,,,,,,,,,,,,,,,,,,,,,,,,,,,,,,,,,,,,,,,,,,,,,,,,,,,,,,,,,,,,,,,,,,,,,,,,,,,,,,,,,,,,,,,,,,,,,,,,,,,,,,,,,,,,,,,,,,,
,,,,,,,,,,,,,,,,,,,,,,,,,,,,,,,,,,,,,,,,,,,,,,,,,,,,,,,,,,,,,,,,,,,,,,,,,,,,,,,,,,,,,,,,,,,,,,,,,,,,,,,,,,,,,,,,,,,,,,,,,,,,,,,,,,,,,,,,,,,,,,,,,,,,,,,,,,,,,,,,,,,,,,,,,,,,,,,,,,,,,,,,,,,,,,,,,,,,,,,,,,,,,,,,,,,,,,,,,,,,,,,,
,,,,,,,,,,,,,,,,,,,,,,,,,,,,,,,,,,,,,,,,,,,,,,,,,,,,,,,,,,,,,,,,,,,,,,,,,,,,,,,,,,,,,,,,,,,,,,,,,,,,,,,,,,,,,,,,,,,,,,,,,,,,,,,,,,,,,,,,,,,,,,,,,,,,,,,,,,,,,,,,,,,,,,,,,,,,,,,,,,,,,,,,,,,,,,,,,,,,,,,,,,,,,,,,,,,,,,,,,,,,,,,,
,,,,,,,,,,,,,,,,,,,,,,,,,,,,,,,,,,,,,,,,,,,,,,,,,,,,,,,,,,,,,,,,,,,,,,,,,,,,,,,,,,,,,,,,,,,,,,,,,,,,,,,,,,,,,,,,,,,,,,,,,,,,,,,,,,,,,,,,,,,,,,,,,,,,,,,,,,,,,,,,,,,,,,,,,,,,,,,,,,,,,,,,,,,,,,,,,,,,,,,,,,,,,,,,,,,,,,,,,,,,,,,,
,,,,,,,,,,,,,,,,,,,,,,,,,,,,,,,,,,,,,,,,,,,,,,,,,,,,,,,,,,,,,,,,,,,,,,,,,,,,,,,,,,,,,,,,,,,,,,,,,,,,,,,,,,,,,,,,,,,,,,,,,,,,,,,,,,,,,,,,,,,,,,,,,,,,,,,,,,,,,,,,,,,,,,,,,,,,,,,,,,,,,,,,,,,,,,,,,,,,,,,,,,,,,,,,,,,,,,,,,,,,,,,,
,,,,,,,,,,,,,,,,,,,,,,,,,,,,,,,,,,,,,,,,,,,,,,,,,,,,,,,,,,,,,,,,,,,,,,,,,,,,,,,,,,,,,,,,,,,,,,,,,,,,,,,,,,,,,,,,,,,,,,,,,,,,,,,,,,,,,,,,,,,,,,,,,,,,,,,,,,,,,,,,,,,,,,,,,,,,,,,,,,,,,,,,,,,,,,,,,,,,,,,,,,,,,,,,,,,,,,,,,,,,,,,,
,,,,,,,,,,,,,,,,,,,,,,,,,,,,,,,,,,,,,,,,,,,,,,,,,,,,,,,,,,,,,,,,,,,,,,,,,,,,,,,,,,,,,,,,,,,,,,,,,,,,,,,,,,,,,,,,,,,,,,,,,,,,,,,,,,,,,,,,,,,,,,,,,,,,,,,,,,,,,,,,,,,,,,,,,,,,,,,,,,,,,,,,,,,,,,,,,,,,,,,,,,,,,,,,,,,,,,,,,,,,,,,,
,,,,,,,,,,,,,,,,,,,,,,,,,,,,,,,,,,,,,,,,,,,,,,,,,,,,,,,,,,,,,,,,,,,,,,,,,,,,,,,,,,,,,,,,,,,,,,,,,,,,,,,,,,,,,,,,,,,,,,,,,,,,,,,,,,,,,,,,,,,,,,,,,,,,,,,,,,,,,,,,,,,,,,,,,,,,,,,,,,,,,,,,,,,,,,,,,,,,,,,,,,,,,,,,,,,,,,,,,,,,,,,,
,,,,,,,,,,,,,,,,,,,,,,,,,,,,,,,,,,,,,,,,,,,,,,,,,,,,,,,,,,,,,,,,,,,,,,,,,,,,,,,,,,,,,,,,,,,,,,,,,,,,,,,,,,,,,,,,,,,,,,,,,,,,,,,,,,,,,,,,,,,,,,,,,,,,,,,,,,,,,,,,,,,,,,,,,,,,,,,,,,,,,,,,,,,,,,,,,,,,,,,,,,,,,,,,,,,,,,,,,,,,,,,,
,,,,,,,,,,,,,,,,,,,,,,,,,,,,,,,,,,,,,,,,,,,,,,,,,,,,,,,,,,,,,,,,,,,,,,,,,,,,,,,,,,,,,,,,,,,,,,,,,,,,,,,,,,,,,,,,,,,,,,,,,,,,,,,,,,,,,,,,,,,,,,,,,,,,,,,,,,,,,,,,,,,,,,,,,,,,,,,,,,,,,,,,,,,,,,,,,,,,,,,,,,,,,,,,,,,,,,,,,,,,,,,,
,,,,,,,,,,,,,,,,,,,,,,,,,,,,,,,,,,,,,,,,,,,,,,,,,,,,,,,,,,,,,,,,,,,,,,,,,,,,,,,,,,,,,,,,,,,,,,,,,,,,,,,,,,,,,,,,,,,,,,,,,,,,,,,,,,,,,,,,,,,,,,,,,,,,,,,,,,,,,,,,,,,,,,,,,,,,,,,,,,,,,,,,,,,,,,,,,,,,,,,,,,,,,,,,,,,,,,,,,,,,,,,,
,,,,,,,,,,,,,,,,,,,,,,,,,,,,,,,,,,,,,,,,,,,,,,,,,,,,,,,,,,,,,,,,,,,,,,,,,,,,,,,,,,,,,,,,,,,,,,,,,,,,,,,,,,,,,,,,,,,,,,,,,,,,,,,,,,,,,,,,,,,,,,,,,,,,,,,,,,,,,,,,,,,,,,,,,,,,,,,,,,,,,,,,,,,,,,,,,,,,,,,,,,,,,,,,,,,,,,,,,,,,,,,,
,,,,,,,,,,,,,,,,,,,,,,,,,,,,,,,,,,,,,,,,,,,,,,,,,,,,,,,,,,,,,,,,,,,,,,,,,,,,,,,,,,,,,,,,,,,,,,,,,,,,,,,,,,,,,,,,,,,,,,,,,,,,,,,,,,,,,,,,,,,,,,,,,,,,,,,,,,,,,,,,,,,,,,,,,,,,,,,,,,,,,,,,,,,,,,,,,,,,,,,,,,,,,,,,,,,,,,,,,,,,,,,,
,,,,,,,,,,,,,,,,,,,,,,,,,,,,,,,,,,,,,,,,,,,,,,,,,,,,,,,,,,,,,,,,,,,,,,,,,,,,,,,,,,,,,,,,,,,,,,,,,,,,,,,,,,,,,,,,,,,,,,,,,,,,,,,,,,,,,,,,,,,,,,,,,,,,,,,,,,,,,,,,,,,,,,,,,,,,,,,,,,,,,,,,,,,,,,,,,,,,,,,,,,,,,,,,,,,,,,,,,,,,,,,,
,,,,,,,,,,,,,,,,,,,,,,,,,,,,,,,,,,,,,,,,,,,,,,,,,,,,,,,,,,,,,,,,,,,,,,,,,,,,,,,,,,,,,,,,,,,,,,,,,,,,,,,,,,,,,,,,,,,,,,,,,,,,,,,,,,,,,,,,,,,,,,,,,,,,,,,,,,,,,,,,,,,,,,,,,,,,,,,,,,,,,,,,,,,,,,,,,,,,,,,,,,,,,,,,,,,,,,,,,,,,,,,,
,,,,,,,,,,,,,,,,,,,,,,,,,,,,,,,,,,,,,,,,,,,,,,,,,,,,,,,,,,,,,,,,,,,,,,,,,,,,,,,,,,,,,,,,,,,,,,,,,,,,,,,,,,,,,,,,,,,,,,,,,,,,,,,,,,,,,,,,,,,,,,,,,,,,,,,,,,,,,,,,,,,,,,,,,,,,,,,,,,,,,,,,,,,,,,,,,,,,,,,,,,,,,,,,,,,,,,,,,,,,,,,,
,,,,,,,,,,,,,,,,,,,,,,,,,,,,,,,,,,,,,,,,,,,,,,,,,,,,,,,,,,,,,,,,,,,,,,,,,,,,,,,,,,,,,,,,,,,,,,,,,,,,,,,,,,,,,,,,,,,,,,,,,,,,,,,,,,,,,,,,,,,,,,,,,,,,,,,,,,,,,,,,,,,,,,,,,,,,,,,,,,,,,,,,,,,,,,,,,,,,,,,,,,,,,,,,,,,,,,,,,,,,,,,,
,,,,,,,,,,,,,,,,,,,,,,,,,,,,,,,,,,,,,,,,,,,,,,,,,,,,,,,,,,,,,,,,,,,,,,,,,,,,,,,,,,,,,,,,,,,,,,,,,,,,,,,,,,,,,,,,,,,,,,,,,,,,,,,,,,,,,,,,,,,,,,,,,,,,,,,,,,,,,,,,,,,,,,,,,,,,,,,,,,,,,,,,,,,,,,,,,,,,,,,,,,,,,,,,,,,,,,,,,,,,,,,,
,,,,,,,,,,,,,,,,,,,,,,,,,,,,,,,,,,,,,,,,,,,,,,,,,,,,,,,,,,,,,,,,,,,,,,,,,,,,,,,,,,,,,,,,,,,,,,,,,,,,,,,,,,,,,,,,,,,,,,,,,,,,,,,,,,,,,,,,,,,,,,,,,,,,,,,,,,,,,,,,,,,,,,,,,,,,,,,,,,,,,,,,,,,,,,,,,,,,,,,,,,,,,,,,,,,,,,,,,,,,,,,,
,,,,,,,,,,,,,,,,,,,,,,,,,,,,,,,,,,,,,,,,,,,,,,,,,,,,,,,,,,,,,,,,,,,,,,,,,,,,,,,,,,,,,,,,,,,,,,,,,,,,,,,,,,,,,,,,,,,,,,,,,,,,,,,,,,,,,,,,,,,,,,,,,,,,,,,,,,,,,,,,,,,,,,,,,,,,,,,,,,,,,,,,,,,,,,,,,,,,,,,,,,,,,,,,,,,,,,,,,,,,,,,,
,,,,,,,,,,,,,,,,,,,,,,,,,,,,,,,,,,,,,,,,,,,,,,,,,,,,,,,,,,,,,,,,,,,,,,,,,,,,,,,,,,,,,,,,,,,,,,,,,,,,,,,,,,,,,,,,,,,,,,,,,,,,,,,,,,,,,,,,,,,,,,,,,,,,,,,,,,,,,,,,,,,,,,,,,,,,,,,,,,,,,,,,,,,,,,,,,,,,,,,,,,,,,,,,,,,,,,,,,,,,,,,,
,,,,,,,,,,,,,,,,,,,,,,,,,,,,,,,,,,,,,,,,,,,,,,,,,,,,,,,,,,,,,,,,,,,,,,,,,,,,,,,,,,,,,,,,,,,,,,,,,,,,,,,,,,,,,,,,,,,,,,,,,,,,,,,,,,,,,,,,,,,,,,,,,,,,,,,,,,,,,,,,,,,,,,,,,,,,,,,,,,,,,,,,,,,,,,,,,,,,,,,,,,,,,,,,,,,,,,,,,,,,,,,,
,,,,,,,,,,,,,,,,,,,,,,,,,,,,,,,,,,,,,,,,,,,,,,,,,,,,,,,,,,,,,,,,,,,,,,,,,,,,,,,,,,,,,,,,,,,,,,,,,,,,,,,,,,,,,,,,,,,,,,,,,,,,,,,,,,,,,,,,,,,,,,,,,,,,,,,,,,,,,,,,,,,,,,,,,,,,,,,,,,,,,,,,,,,,,,,,,,,,,,,,,,,,,,,,,,,,,,,,,,,,,,,,
,,,,,,,,,,,,,,,,,,,,,,,,,,,,,,,,,,,,,,,,,,,,,,,,,,,,,,,,,,,,,,,,,,,,,,,,,,,,,,,,,,,,,,,,,,,,,,,,,,,,,,,,,,,,,,,,,,,,,,,,,,,,,,,,,,,,,,,,,,,,,,,,,,,,,,,,,,,,,,,,,,,,,,,,,,,,,,,,,,,,,,,,,,,,,,,,,,,,,,,,,,,,,,,,,,,,,,,,,,,,,,,,
,,,,,,,,,,,,,,,,,,,,,,,,,,,,,,,,,,,,,,,,,,,,,,,,,,,,,,,,,,,,,,,,,,,,,,,,,,,,,,,,,,,,,,,,,,,,,,,,,,,,,,,,,,,,,,,,,,,,,,,,,,,,,,,,,,,,,,,,,,,,,,,,,,,,,,,,,,,,,,,,,,,,,,,,,,,,,,,,,,,,,,,,,,,,,,,,,,,,,,,,,,,,,,,,,,,,,,,,,,,,,,,,
,,,,,,,,,,,,,,,,,,,,,,,,,,,,,,,,,,,,,,,,,,,,,,,,,,,,,,,,,,,,,,,,,,,,,,,,,,,,,,,,,,,,,,,,,,,,,,,,,,,,,,,,,,,,,,,,,,,,,,,,,,,,,,,,,,,,,,,,,,,,,,,,,,,,,,,,,,,,,,,,,,,,,,,,,,,,,,,,,,,,,,,,,,,,,,,,,,,,,,,,,,,,,,,,,,,,,,,,,,,,,,,,
,,,,,,,,,,,,,,,,,,,,,,,,,,,,,,,,,,,,,,,,,,,,,,,,,,,,,,,,,,,,,,,,,,,,,,,,,,,,,,,,,,,,,,,,,,,,,,,,,,,,,,,,,,,,,,,,,,,,,,,,,,,,,,,,,,,,,,,,,,,,,,,,,,,,,,,,,,,,,,,,,,,,,,,,,,,,,,,,,,,,,,,,,,,,,,,,,,,,,,,,,,,,,,,,,,,,,,,,,,,,,,,,
,,,,,,,,,,,,,,,,,,,,,,,,,,,,,,,,,,,,,,,,,,,,,,,,,,,,,,,,,,,,,,,,,,,,,,,,,,,,,,,,,,,,,,,,,,,,,,,,,,,,,,,,,,,,,,,,,,,,,,,,,,,,,,,,,,,,,,,,,,,,,,,,,,,,,,,,,,,,,,,,,,,,,,,,,,,,,,,,,,,,,,,,,,,,,,,,,,,,,,,,,,,,,,,,,,,,,,,,,,,,,,,,
,,,,,,,,,,,,,,,,,,,,,,,,,,,,,,,,,,,,,,,,,,,,,,,,,,,,,,,,,,,,,,,,,,,,,,,,,,,,,,,,,,,,,,,,,,,,,,,,,,,,,,,,,,,,,,,,,,,,,,,,,,,,,,,,,,,,,,,,,,,,,,,,,,,,,,,,,,,,,,,,,,,,,,,,,,,,,,,,,,,,,,,,,,,,,,,,,,,,,,,,,,,,,,,,,,,,,,,,,,,,,,,,
,,,,,,,,,,,,,,,,,,,,,,,,,,,,,,,,,,,,,,,,,,,,,,,,,,,,,,,,,,,,,,,,,,,,,,,,,,,,,,,,,,,,,,,,,,,,,,,,,,,,,,,,,,,,,,,,,,,,,,,,,,,,,,,,,,,,,,,,,,,,,,,,,,,,,,,,,,,,,,,,,,,,,,,,,,,,,,,,,,,,,,,,,,,,,,,,,,,,,,,,,,,,,,,,,,,,,,,,,,,,,,,,
,,,,,,,,,,,,,,,,,,,,,,,,,,,,,,,,,,,,,,,,,,,,,,,,,,,,,,,,,,,,,,,,,,,,,,,,,,,,,,,,,,,,,,,,,,,,,,,,,,,,,,,,,,,,,,,,,,,,,,,,,,,,,,,,,,,,,,,,,,,,,,,,,,,,,,,,,,,,,,,,,,,,,,,,,,,,,,,,,,,,,,,,,,,,,,,,,,,,,,,,,,,,,,,,,,,,,,,,,,,,,,,,
,,,,,,,,,,,,,,,,,,,,,,,,,,,,,,,,,,,,,,,,,,,,,,,,,,,,,,,,,,,,,,,,,,,,,,,,,,,,,,,,,,,,,,,,,,,,,,,,,,,,,,,,,,,,,,,,,,,,,,,,,,,,,,,,,,,,,,,,,,,,,,,,,,,,,,,,,,,,,,,,,,,,,,,,,,,,,,,,,,,,,,,,,,,,,,,,,,,,,,,,,,,,,,,,,,,,,,,,,,,,,,,,
,,,,,,,,,,,,,,,,,,,,,,,,,,,,,,,,,,,,,,,,,,,,,,,,,,,,,,,,,,,,,,,,,,,,,,,,,,,,,,,,,,,,,,,,,,,,,,,,,,,,,,,,,,,,,,,,,,,,,,,,,,,,,,,,,,,,,,,,,,,,,,,,,,,,,,,,,,,,,,,,,,,,,,,,,,,,,,,,,,,,,,,,,,,,,,,,,,,,,,,,,,,,,,,,,,,,,,,,,,,,,,,,
,,,,,,,,,,,,,,,,,,,,,,,,,,,,,,,,,,,,,,,,,,,,,,,,,,,,,,,,,,,,,,,,,,,,,,,,,,,,,,,,,,,,,,,,,,,,,,,,,,,,,,,,,,,,,,,,,,,,,,,,,,,,,,,,,,,,,,,,,,,,,,,,,,,,,,,,,,,,,,,,,,,,,,,,,,,,,,,,,,,,,,,,,,,,,,,,,,,,,,,,,,,,,,,,,,,,,,,,,,,,,,,,
,,,,,,,,,,,,,,,,,,,,,,,,,,,,,,,,,,,,,,,,,,,,,,,,,,,,,,,,,,,,,,,,,,,,,,,,,,,,,,,,,,,,,,,,,,,,,,,,,,,,,,,,,,,,,,,,,,,,,,,,,,,,,,,,,,,,,,,,,,,,,,,,,,,,,,,,,,,,,,,,,,,,,,,,,,,,,,,,,,,,,,,,,,,,,,,,,,,,,,,,,,,,,,,,,,,,,,,,,,,,,,,,
,,,,,,,,,,,,,,,,,,,,,,,,,,,,,,,,,,,,,,,,,,,,,,,,,,,,,,,,,,,,,,,,,,,,,,,,,,,,,,,,,,,,,,,,,,,,,,,,,,,,,,,,,,,,,,,,,,,,,,,,,,,,,,,,,,,,,,,,,,,,,,,,,,,,,,,,,,,,,,,,,,,,,,,,,,,,,,,,,,,,,,,,,,,,,,,,,,,,,,,,,,,,,,,,,,,,,,,,,,,,,,,,
,,,,,,,,,,,,,,,,,,,,,,,,,,,,,,,,,,,,,,,,,,,,,,,,,,,,,,,,,,,,,,,,,,,,,,,,,,,,,,,,,,,,,,,,,,,,,,,,,,,,,,,,,,,,,,,,,,,,,,,,,,,,,,,,,,,,,,,,,,,,,,,,,,,,,,,,,,,,,,,,,,,,,,,,,,,,,,,,,,,,,,,,,,,,,,,,,,,,,,,,,,,,,,,,,,,,,,,,,,,,,,,,
,,,,,,,,,,,,,,,,,,,,,,,,,,,,,,,,,,,,,,,,,,,,,,,,,,,,,,,,,,,,,,,,,,,,,,,,,,,,,,,,,,,,,,,,,,,,,,,,,,,,,,,,,,,,,,,,,,,,,,,,,,,,,,,,,,,,,,,,,,,,,,,,,,,,,,,,,,,,,,,,,,,,,,,,,,,,,,,,,,,,,,,,,,,,,,,,,,,,,,,,,,,,,,,,,,,,,,,,,,,,,,,,
,,,,,,,,,,,,,,,,,,,,,,,,,,,,,,,,,,,,,,,,,,,,,,,,,,,,,,,,,,,,,,,,,,,,,,,,,,,,,,,,,,,,,,,,,,,,,,,,,,,,,,,,,,,,,,,,,,,,,,,,,,,,,,,,,,,,,,,,,,,,,,,,,,,,,,,,,,,,,,,,,,,,,,,,,,,,,,,,,,,,,,,,,,,,,,,,,,,,,,,,,,,,,,,,,,,,,,,,,,,,,,,,
,,,,,,,,,,,,,,,,,,,,,,,,,,,,,,,,,,,,,,,,,,,,,,,,,,,,,,,,,,,,,,,,,,,,,,,,,,,,,,,,,,,,,,,,,,,,,,,,,,,,,,,,,,,,,,,,,,,,,,,,,,,,,,,,,,,,,,,,,,,,,,,,,,,,,,,,,,,,,,,,,,,,,,,,,,,,,,,,,,,,,,,,,,,,,,,,,,,,,,,,,,,,,,,,,,,,,,,,,,,,,,,,
,,,,,,,,,,,,,,,,,,,,,,,,,,,,,,,,,,,,,,,,,,,,,,,,,,,,,,,,,,,,,,,,,,,,,,,,,,,,,,,,,,,,,,,,,,,,,,,,,,,,,,,,,,,,,,,,,,,,,,,,,,,,,,,,,,,,,,,,,,,,,,,,,,,,,,,,,,,,,,,,,,,,,,,,,,,,,,,,,,,,,,,,,,,,,,,,,,,,,,,,,,,,,,,,,,,,,,,,,,,,,,,,
,,,,,,,,,,,,,,,,,,,,,,,,,,,,,,,,,,,,,,,,,,,,,,,,,,,,,,,,,,,,,,,,,,,,,,,,,,,,,,,,,,,,,,,,,,,,,,,,,,,,,,,,,,,,,,,,,,,,,,,,,,,,,,,,,,,,,,,,,,,,,,,,,,,,,,,,,,,,,,,,,,,,,,,,,,,,,,,,,,,,,,,,,,,,,,,,,,,,,,,,,,,,,,,,,,,,,,,,,,,,,,,,
,,,,,,,,,,,,,,,,,,,,,,,,,,,,,,,,,,,,,,,,,,,,,,,,,,,,,,,,,,,,,,,,,,,,,,,,,,,,,,,,,,,,,,,,,,,,,,,,,,,,,,,,,,,,,,,,,,,,,,,,,,,,,,,,,,,,,,,,,,,,,,,,,,,,,,,,,,,,,,,,,,,,,,,,,,,,,,,,,,,,,,,,,,,,,,,,,,,,,,,,,,,,,,,,,,,,,,,,,,,,,,,,
,,,,,,,,,,,,,,,,,,,,,,,,,,,,,,,,,,,,,,,,,,,,,,,,,,,,,,,,,,,,,,,,,,,,,,,,,,,,,,,,,,,,,,,,,,,,,,,,,,,,,,,,,,,,,,,,,,,,,,,,,,,,,,,,,,,,,,,,,,,,,,,,,,,,,,,,,,,,,,,,,,,,,,,,,,,,,,,,,,,,,,,,,,,,,,,,,,,,,,,,,,,,,,,,,,,,,,,,,,,,,,,,
,,,,,,,,,,,,,,,,,,,,,,,,,,,,,,,,,,,,,,,,,,,,,,,,,,,,,,,,,,,,,,,,,,,,,,,,,,,,,,,,,,,,,,,,,,,,,,,,,,,,,,,,,,,,,,,,,,,,,,,,,,,,,,,,,,,,,,,,,,,,,,,,,,,,,,,,,,,,,,,,,,,,,,,,,,,,,,,,,,,,,,,,,,,,,,,,,,,,,,,,,,,,,,,,,,,,,,,,,,,,,,,,
,,,,,,,,,,,,,,,,,,,,,,,,,,,,,,,,,,,,,,,,,,,,,,,,,,,,,,,,,,,,,,,,,,,,,,,,,,,,,,,,,,,,,,,,,,,,,,,,,,,,,,,,,,,,,,,,,,,,,,,,,,,,,,,,,,,,,,,,,,,,,,,,,,,,,,,,,,,,,,,,,,,,,,,,,,,,,,,,,,,,,,,,,,,,,,,,,,,,,,,,,,,,,,,,,,,,,,,,,,,,,,,,
,,,,,,,,,,,,,,,,,,,,,,,,,,,,,,,,,,,,,,,,,,,,,,,,,,,,,,,,,,,,,,,,,,,,,,,,,,,,,,,,,,,,,,,,,,,,,,,,,,,,,,,,,,,,,,,,,,,,,,,,,,,,,,,,,,,,,,,,,,,,,,,,,,,,,,,,,,,,,,,,,,,,,,,,,,,,,,,,,,,,,,,,,,,,,,,,,,,,,,,,,,,,,,,,,,,,,,,,,,,,,,,,
,,,,,,,,,,,,,,,,,,,,,,,,,,,,,,,,,,,,,,,,,,,,,,,,,,,,,,,,,,,,,,,,,,,,,,,,,,,,,,,,,,,,,,,,,,,,,,,,,,,,,,,,,,,,,,,,,,,,,,,,,,,,,,,,,,,,,,,,,,,,,,,,,,,,,,,,,,,,,,,,,,,,,,,,,,,,,,,,,,,,,,,,,,,,,,,,,,,,,,,,,,,,,,,,,,,,,,,,,,,,,,,,
,,,,,,,,,,,,,,,,,,,,,,,,,,,,,,,,,,,,,,,,,,,,,,,,,,,,,,,,,,,,,,,,,,,,,,,,,,,,,,,,,,,,,,,,,,,,,,,,,,,,,,,,,,,,,,,,,,,,,,,,,,,,,,,,,,,,,,,,,,,,,,,,,,,,,,,,,,,,,,,,,,,,,,,,,,,,,,,,,,,,,,,,,,,,,,,,,,,,,,,,,,,,,,,,,,,,,,,,,,,,,,,,
,,,,,,,,,,,,,,,,,,,,,,,,,,,,,,,,,,,,,,,,,,,,,,,,,,,,,,,,,,,,,,,,,,,,,,,,,,,,,,,,,,,,,,,,,,,,,,,,,,,,,,,,,,,,,,,,,,,,,,,,,,,,,,,,,,,,,,,,,,,,,,,,,,,,,,,,,,,,,,,,,,,,,,,,,,,,,,,,,,,,,,,,,,,,,,,,,,,,,,,,,,,,,,,,,,,,,,,,,,,,,,,,
,,,,,,,,,,,,,,,,,,,,,,,,,,,,,,,,,,,,,,,,,,,,,,,,,,,,,,,,,,,,,,,,,,,,,,,,,,,,,,,,,,,,,,,,,,,,,,,,,,,,,,,,,,,,,,,,,,,,,,,,,,,,,,,,,,,,,,,,,,,,,,,,,,,,,,,,,,,,,,,,,,,,,,,,,,,,,,,,,,,,,,,,,,,,,,,,,,,,,,,,,,,,,,,,,,,,,,,,,,,,,,,,
,,,,,,,,,,,,,,,,,,,,,,,,,,,,,,,,,,,,,,,,,,,,,,,,,,,,,,,,,,,,,,,,,,,,,,,,,,,,,,,,,,,,,,,,,,,,,,,,,,,,,,,,,,,,,,,,,,,,,,,,,,,,,,,,,,,,,,,,,,,,,,,,,,,,,,,,,,,,,,,,,,,,,,,,,,,,,,,,,,,,,,,,,,,,,,,,,,,,,,,,,,,,,,,,,,,,,,,,,,,,,,,,
,,,,,,,,,,,,,,,,,,,,,,,,,,,,,,,,,,,,,,,,,,,,,,,,,,,,,,,,,,,,,,,,,,,,,,,,,,,,,,,,,,,,,,,,,,,,,,,,,,,,,,,,,,,,,,,,,,,,,,,,,,,,,,,,,,,,,,,,,,,,,,,,,,,,,,,,,,,,,,,,,,,,,,,,,,,,,,,,,,,,,,,,,,,,,,,,,,,,,,,,,,,,,,,,,,,,,,,,,,,,,,,,
,,,,,,,,,,,,,,,,,,,,,,,,,,,,,,,,,,,,,,,,,,,,,,,,,,,,,,,,,,,,,,,,,,,,,,,,,,,,,,,,,,,,,,,,,,,,,,,,,,,,,,,,,,,,,,,,,,,,,,,,,,,,,,,,,,,,,,,,,,,,,,,,,,,,,,,,,,,,,,,,,,,,,,,,,,,,,,,,,,,,,,,,,,,,,,,,,,,,,,,,,,,,,,,,,,,,,,,,,,,,,,,,
,,,,,,,,,,,,,,,,,,,,,,,,,,,,,,,,,,,,,,,,,,,,,,,,,,,,,,,,,,,,,,,,,,,,,,,,,,,,,,,,,,,,,,,,,,,,,,,,,,,,,,,,,,,,,,,,,,,,,,,,,,,,,,,,,,,,,,,,,,,,,,,,,,,,,,,,,,,,,,,,,,,,,,,,,,,,,,,,,,,,,,,,,,,,,,,,,,,,,,,,,,,,,,,,,,,,,,,,,,,,,,,,
,,,,,,,,,,,,,,,,,,,,,,,,,,,,,,,,,,,,,,,,,,,,,,,,,,,,,,,,,,,,,,,,,,,,,,,,,,,,,,,,,,,,,,,,,,,,,,,,,,,,,,,,,,,,,,,,,,,,,,,,,,,,,,,,,,,,,,,,,,,,,,,,,,,,,,,,,,,,,,,,,,,,,,,,,,,,,,,,,,,,,,,,,,,,,,,,,,,,,,,,,,,,,,,,,,,,,,,,,,,,,,,,
,,,,,,,,,,,,,,,,,,,,,,,,,,,,,,,,,,,,,,,,,,,,,,,,,,,,,,,,,,,,,,,,,,,,,,,,,,,,,,,,,,,,,,,,,,,,,,,,,,,,,,,,,,,,,,,,,,,,,,,,,,,,,,,,,,,,,,,,,,,,,,,,,,,,,,,,,,,,,,,,,,,,,,,,,,,,,,,,,,,,,,,,,,,,,,,,,,,,,,,,,,,,,,,,,,,,,,,,,,,,,,,,
,,,,,,,,,,,,,,,,,,,,,,,,,,,,,,,,,,,,,,,,,,,,,,,,,,,,,,,,,,,,,,,,,,,,,,,,,,,,,,,,,,,,,,,,,,,,,,,,,,,,,,,,,,,,,,,,,,,,,,,,,,,,,,,,,,,,,,,,,,,,,,,,,,,,,,,,,,,,,,,,,,,,,,,,,,,,,,,,,,,,,,,,,,,,,,,,,,,,,,,,,,,,,,,,,,,,,,,,,,,,,,,,
,,,,,,,,,,,,,,,,,,,,,,,,,,,,,,,,,,,,,,,,,,,,,,,,,,,,,,,,,,,,,,,,,,,,,,,,,,,,,,,,,,,,,,,,,,,,,,,,,,,,,,,,,,,,,,,,,,,,,,,,,,,,,,,,,,,,,,,,,,,,,,,,,,,,,,,,,,,,,,,,,,,,,,,,,,,,,,,,,,,,,,,,,,,,,,,,,,,,,,,,,,,,,,,,,,,,,,,,,,,,,,,,
,,,,,,,,,,,,,,,,,,,,,,,,,,,,,,,,,,,,,,,,,,,,,,,,,,,,,,,,,,,,,,,,,,,,,,,,,,,,,,,,,,,,,,,,,,,,,,,,,,,,,,,,,,,,,,,,,,,,,,,,,,,,,,,,,,,,,,,,,,,,,,,,,,,,,,,,,,,,,,,,,,,,,,,,,,,,,,,,,,,,,,,,,,,,,,,,,,,,,,,,,,,,,,,,,,,,,,,,,,,,,,,,
,,,,,,,,,,,,,,,,,,,,,,,,,,,,,,,,,,,,,,,,,,,,,,,,,,,,,,,,,,,,,,,,,,,,,,,,,,,,,,,,,,,,,,,,,,,,,,,,,,,,,,,,,,,,,,,,,,,,,,,,,,,,,,,,,,,,,,,,,,,,,,,,,,,,,,,,,,,,,,,,,,,,,,,,,,,,,,,,,,,,,,,,,,,,,,,,,,,,,,,,,,,,,,,,,,,,,,,,,,,,,,,,
,,,,,,,,,,,,,,,,,,,,,,,,,,,,,,,,,,,,,,,,,,,,,,,,,,,,,,,,,,,,,,,,,,,,,,,,,,,,,,,,,,,,,,,,,,,,,,,,,,,,,,,,,,,,,,,,,,,,,,,,,,,,,,,,,,,,,,,,,,,,,,,,,,,,,,,,,,,,,,,,,,,,,,,,,,,,,,,,,,,,,,,,,,,,,,,,,,,,,,,,,,,,,,,,,,,,,,,,,,,,,,,,
,,,,,,,,,,,,,,,,,,,,,,,,,,,,,,,,,,,,,,,,,,,,,,,,,,,,,,,,,,,,,,,,,,,,,,,,,,,,,,,,,,,,,,,,,,,,,,,,,,,,,,,,,,,,,,,,,,,,,,,,,,,,,,,,,,,,,,,,,,,,,,,,,,,,,,,,,,,,,,,,,,,,,,,,,,,,,,,,,,,,,,,,,,,,,,,,,,,,,,,,,,,,,,,,,,,,,,,,,,,,,,,,
,,,,,,,,,,,,,,,,,,,,,,,,,,,,,,,,,,,,,,,,,,,,,,,,,,,,,,,,,,,,,,,,,,,,,,,,,,,,,,,,,,,,,,,,,,,,,,,,,,,,,,,,,,,,,,,,,,,,,,,,,,,,,,,,,,,,,,,,,,,,,,,,,,,,,,,,,,,,,,,,,,,,,,,,,,,,,,,,,,,,,,,,,,,,,,,,,,,,,,,,,,,,,,,,,,,,,,,,,,,,,,,,
,,,,,,,,,,,,,,,,,,,,,,,,,,,,,,,,,,,,,,,,,,,,,,,,,,,,,,,,,,,,,,,,,,,,,,,,,,,,,,,,,,,,,,,,,,,,,,,,,,,,,,,,,,,,,,,,,,,,,,,,,,,,,,,,,,,,,,,,,,,,,,,,,,,,,,,,,,,,,,,,,,,,,,,,,,,,,,,,,,,,,,,,,,,,,,,,,,,,,,,,,,,,,,,,,,,,,,,,,,,,,,,,
,,,,,,,,,,,,,,,,,,,,,,,,,,,,,,,,,,,,,,,,,,,,,,,,,,,,,,,,,,,,,,,,,,,,,,,,,,,,,,,,,,,,,,,,,,,,,,,,,,,,,,,,,,,,,,,,,,,,,,,,,,,,,,,,,,,,,,,,,,,,,,,,,,,,,,,,,,,,,,,,,,,,,,,,,,,,,,,,,,,,,,,,,,,,,,,,,,,,,,,,,,,,,,,,,,,,,,,,,,,,,,,,
,,,,,,,,,,,,,,,,,,,,,,,,,,,,,,,,,,,,,,,,,,,,,,,,,,,,,,,,,,,,,,,,,,,,,,,,,,,,,,,,,,,,,,,,,,,,,,,,,,,,,,,,,,,,,,,,,,,,,,,,,,,,,,,,,,,,,,,,,,,,,,,,,,,,,,,,,,,,,,,,,,,,,,,,,,,,,,,,,,,,,,,,,,,,,,,,,,,,,,,,,,,,,,,,,,,,,,,,,,,,,,,,
,,,,,,,,,,,,,,,,,,,,,,,,,,,,,,,,,,,,,,,,,,,,,,,,,,,,,,,,,,,,,,,,,,,,,,,,,,,,,,,,,,,,,,,,,,,,,,,,,,,,,,,,,,,,,,,,,,,,,,,,,,,,,,,,,,,,,,,,,,,,,,,,,,,,,,,,,,,,,,,,,,,,,,,,,,,,,,,,,,,,,,,,,,,,,,,,,,,,,,,,,,,,,,,,,,,,,,,,,,,,,,,,
,,,,,,,,,,,,,,,,,,,,,,,,,,,,,,,,,,,,,,,,,,,,,,,,,,,,,,,,,,,,,,,,,,,,,,,,,,,,,,,,,,,,,,,,,,,,,,,,,,,,,,,,,,,,,,,,,,,,,,,,,,,,,,,,,,,,,,,,,,,,,,,,,,,,,,,,,,,,,,,,,,,,,,,,,,,,,,,,,,,,,,,,,,,,,,,,,,,,,,,,,,,,,,,,,,,,,,,,,,,,,,,,
,,,,,,,,,,,,,,,,,,,,,,,,,,,,,,,,,,,,,,,,,,,,,,,,,,,,,,,,,,,,,,,,,,,,,,,,,,,,,,,,,,,,,,,,,,,,,,,,,,,,,,,,,,,,,,,,,,,,,,,,,,,,,,,,,,,,,,,,,,,,,,,,,,,,,,,,,,,,,,,,,,,,,,,,,,,,,,,,,,,,,,,,,,,,,,,,,,,,,,,,,,,,,,,,,,,,,,,,,,,,,,,,
,,,,,,,,,,,,,,,,,,,,,,,,,,,,,,,,,,,,,,,,,,,,,,,,,,,,,,,,,,,,,,,,,,,,,,,,,,,,,,,,,,,,,,,,,,,,,,,,,,,,,,,,,,,,,,,,,,,,,,,,,,,,,,,,,,,,,,,,,,,,,,,,,,,,,,,,,,,,,,,,,,,,,,,,,,,,,,,,,,,,,,,,,,,,,,,,,,,,,,,,,,,,,,,,,,,,,,,,,,,,,,,,
,,,,,,,,,,,,,,,,,,,,,,,,,,,,,,,,,,,,,,,,,,,,,,,,,,,,,,,,,,,,,,,,,,,,,,,,,,,,,,,,,,,,,,,,,,,,,,,,,,,,,,,,,,,,,,,,,,,,,,,,,,,,,,,,,,,,,,,,,,,,,,,,,,,,,,,,,,,,,,,,,,,,,,,,,,,,,,,,,,,,,,,,,,,,,,,,,,,,,,,,,,,,,,,,,,,,,,,,,,,,,,,,
,,,,,,,,,,,,,,,,,,,,,,,,,,,,,,,,,,,,,,,,,,,,,,,,,,,,,,,,,,,,,,,,,,,,,,,,,,,,,,,,,,,,,,,,,,,,,,,,,,,,,,,,,,,,,,,,,,,,,,,,,,,,,,,,,,,,,,,,,,,,,,,,,,,,,,,,,,,,,,,,,,,,,,,,,,,,,,,,,,,,,,,,,,,,,,,,,,,,,,,,,,,,,,,,,,,,,,,,,,,,,,,,
,,,,,,,,,,,,,,,,,,,,,,,,,,,,,,,,,,,,,,,,,,,,,,,,,,,,,,,,,,,,,,,,,,,,,,,,,,,,,,,,,,,,,,,,,,,,,,,,,,,,,,,,,,,,,,,,,,,,,,,,,,,,,,,,,,,,,,,,,,,,,,,,,,,,,,,,,,,,,,,,,,,,,,,,,,,,,,,,,,,,,,,,,,,,,,,,,,,,,,,,,,,,,,,,,,,,,,,,,,,,,,,,
,,,,,,,,,,,,,,,,,,,,,,,,,,,,,,,,,,,,,,,,,,,,,,,,,,,,,,,,,,,,,,,,,,,,,,,,,,,,,,,,,,,,,,,,,,,,,,,,,,,,,,,,,,,,,,,,,,,,,,,,,,,,,,,,,,,,,,,,,,,,,,,,,,,,,,,,,,,,,,,,,,,,,,,,,,,,,,,,,,,,,,,,,,,,,,,,,,,,,,,,,,,,,,,,,,,,,,,,,,,,,,,,
,,,,,,,,,,,,,,,,,,,,,,,,,,,,,,,,,,,,,,,,,,,,,,,,,,,,,,,,,,,,,,,,,,,,,,,,,,,,,,,,,,,,,,,,,,,,,,,,,,,,,,,,,,,,,,,,,,,,,,,,,,,,,,,,,,,,,,,,,,,,,,,,,,,,,,,,,,,,,,,,,,,,,,,,,,,,,,,,,,,,,,,,,,,,,,,,,,,,,,,,,,,,,,,,,,,,,,,,,,,,,,,,
,,,,,,,,,,,,,,,,,,,,,,,,,,,,,,,,,,,,,,,,,,,,,,,,,,,,,,,,,,,,,,,,,,,,,,,,,,,,,,,,,,,,,,,,,,,,,,,,,,,,,,,,,,,,,,,,,,,,,,,,,,,,,,,,,,,,,,,,,,,,,,,,,,,,,,,,,,,,,,,,,,,,,,,,,,,,,,,,,,,,,,,,,,,,,,,,,,,,,,,,,,,,,,,,,,,,,,,,,,,,,,,,
,,,,,,,,,,,,,,,,,,,,,,,,,,,,,,,,,,,,,,,,,,,,,,,,,,,,,,,,,,,,,,,,,,,,,,,,,,,,,,,,,,,,,,,,,,,,,,,,,,,,,,,,,,,,,,,,,,,,,,,,,,,,,,,,,,,,,,,,,,,,,,,,,,,,,,,,,,,,,,,,,,,,,,,,,,,,,,,,,,,,,,,,,,,,,,,,,,,,,,,,,,,,,,,,,,,,,,,,,,,,,,,,
,,,,,,,,,,,,,,,,,,,,,,,,,,,,,,,,,,,,,,,,,,,,,,,,,,,,,,,,,,,,,,,,,,,,,,,,,,,,,,,,,,,,,,,,,,,,,,,,,,,,,,,,,,,,,,,,,,,,,,,,,,,,,,,,,,,,,,,,,,,,,,,,,,,,,,,,,,,,,,,,,,,,,,,,,,,,,,,,,,,,,,,,,,,,,,,,,,,,,,,,,,,,,,,,,,,,,,,,,,,,,,,,
,,,,,,,,,,,,,,,,,,,,,,,,,,,,,,,,,,,,,,,,,,,,,,,,,,,,,,,,,,,,,,,,,,,,,,,,,,,,,,,,,,,,,,,,,,,,,,,,,,,,,,,,,,,,,,,,,,,,,,,,,,,,,,,,,,,,,,,,,,,,,,,,,,,,,,,,,,,,,,,,,,,,,,,,,,,,,,,,,,,,,,,,,,,,,,,,,,,,,,,,,,,,,,,,,,,,,,,,,,,,,,,,
,,,,,,,,,,,,,,,,,,,,,,,,,,,,,,,,,,,,,,,,,,,,,,,,,,,,,,,,,,,,,,,,,,,,,,,,,,,,,,,,,,,,,,,,,,,,,,,,,,,,,,,,,,,,,,,,,,,,,,,,,,,,,,,,,,,,,,,,,,,,,,,,,,,,,,,,,,,,,,,,,,,,,,,,,,,,,,,,,,,,,,,,,,,,,,,,,,,,,,,,,,,,,,,,,,,,,,,,,,,,,,,,
,,,,,,,,,,,,,,,,,,,,,,,,,,,,,,,,,,,,,,,,,,,,,,,,,,,,,,,,,,,,,,,,,,,,,,,,,,,,,,,,,,,,,,,,,,,,,,,,,,,,,,,,,,,,,,,,,,,,,,,,,,,,,,,,,,,,,,,,,,,,,,,,,,,,,,,,,,,,,,,,,,,,,,,,,,,,,,,,,,,,,,,,,,,,,,,,,,,,,,,,,,,,,,,,,,,,,,,,,,,,,,,,
,,,,,,,,,,,,,,,,,,,,,,,,,,,,,,,,,,,,,,,,,,,,,,,,,,,,,,,,,,,,,,,,,,,,,,,,,,,,,,,,,,,,,,,,,,,,,,,,,,,,,,,,,,,,,,,,,,,,,,,,,,,,,,,,,,,,,,,,,,,,,,,,,,,,,,,,,,,,,,,,,,,,,,,,,,,,,,,,,,,,,,,,,,,,,,,,,,,,,,,,,,,,,,,,,,,,,,,,,,,,,,,,
,,,,,,,,,,,,,,,,,,,,,,,,,,,,,,,,,,,,,,,,,,,,,,,,,,,,,,,,,,,,,,,,,,,,,,,,,,,,,,,,,,,,,,,,,,,,,,,,,,,,,,,,,,,,,,,,,,,,,,,,,,,,,,,,,,,,,,,,,,,,,,,,,,,,,,,,,,,,,,,,,,,,,,,,,,,,,,,,,,,,,,,,,,,,,,,,,,,,,,,,,,,,,,,,,,,,,,,,,,,,,,,,
,,,,,,,,,,,,,,,,,,,,,,,,,,,,,,,,,,,,,,,,,,,,,,,,,,,,,,,,,,,,,,,,,,,,,,,,,,,,,,,,,,,,,,,,,,,,,,,,,,,,,,,,,,,,,,,,,,,,,,,,,,,,,,,,,,,,,,,,,,,,,,,,,,,,,,,,,,,,,,,,,,,,,,,,,,,,,,,,,,,,,,,,,,,,,,,,,,,,,,,,,,,,,,,,,,,,,,,,,,,,,,,,
,,,,,,,,,,,,,,,,,,,,,,,,,,,,,,,,,,,,,,,,,,,,,,,,,,,,,,,,,,,,,,,,,,,,,,,,,,,,,,,,,,,,,,,,,,,,,,,,,,,,,,,,,,,,,,,,,,,,,,,,,,,,,,,,,,,,,,,,,,,,,,,,,,,,,,,,,,,,,,,,,,,,,,,,,,,,,,,,,,,,,,,,,,,,,,,,,,,,,,,,,,,,,,,,,,,,,,,,,,,,,,,,
,,,,,,,,,,,,,,,,,,,,,,,,,,,,,,,,,,,,,,,,,,,,,,,,,,,,,,,,,,,,,,,,,,,,,,,,,,,,,,,,,,,,,,,,,,,,,,,,,,,,,,,,,,,,,,,,,,,,,,,,,,,,,,,,,,,,,,,,,,,,,,,,,,,,,,,,,,,,,,,,,,,,,,,,,,,,,,,,,,,,,,,,,,,,,,,,,,,,,,,,,,,,,,,,,,,,,,,,,,,,,,,,
,,,,,,,,,,,,,,,,,,,,,,,,,,,,,,,,,,,,,,,,,,,,,,,,,,,,,,,,,,,,,,,,,,,,,,,,,,,,,,,,,,,,,,,,,,,,,,,,,,,,,,,,,,,,,,,,,,,,,,,,,,,,,,,,,,,,,,,,,,,,,,,,,,,,,,,,,,,,,,,,,,,,,,,,,,,,,,,,,,,,,,,,,,,,,,,,,,,,,,,,,,,,,,,,,,,,,,,,,,,,,,,,
,,,,,,,,,,,,,,,,,,,,,,,,,,,,,,,,,,,,,,,,,,,,,,,,,,,,,,,,,,,,,,,,,,,,,,,,,,,,,,,,,,,,,,,,,,,,,,,,,,,,,,,,,,,,,,,,,,,,,,,,,,,,,,,,,,,,,,,,,,,,,,,,,,,,,,,,,,,,,,,,,,,,,,,,,,,,,,,,,,,,,,,,,,,,,,,,,,,,,,,,,,,,,,,,,,,,,,,,,,,,,,,,
,,,,,,,,,,,,,,,,,,,,,,,,,,,,,,,,,,,,,,,,,,,,,,,,,,,,,,,,,,,,,,,,,,,,,,,,,,,,,,,,,,,,,,,,,,,,,,,,,,,,,,,,,,,,,,,,,,,,,,,,,,,,,,,,,,,,,,,,,,,,,,,,,,,,,,,,,,,,,,,,,,,,,,,,,,,,,,,,,,,,,,,,,,,,,,,,,,,,,,,,,,,,,,,,,,,,,,,,,,,,,,,,
,,,,,,,,,,,,,,,,,,,,,,,,,,,,,,,,,,,,,,,,,,,,,,,,,,,,,,,,,,,,,,,,,,,,,,,,,,,,,,,,,,,,,,,,,,,,,,,,,,,,,,,,,,,,,,,,,,,,,,,,,,,,,,,,,,,,,,,,,,,,,,,,,,,,,,,,,,,,,,,,,,,,,,,,,,,,,,,,,,,,,,,,,,,,,,,,,,,,,,,,,,,,,,,,,,,,,,,,,,,,,,,,
,,,,,,,,,,,,,,,,,,,,,,,,,,,,,,,,,,,,,,,,,,,,,,,,,,,,,,,,,,,,,,,,,,,,,,,,,,,,,,,,,,,,,,,,,,,,,,,,,,,,,,,,,,,,,,,,,,,,,,,,,,,,,,,,,,,,,,,,,,,,,,,,,,,,,,,,,,,,,,,,,,,,,,,,,,,,,,,,,,,,,,,,,,,,,,,,,,,,,,,,,,,,,,,,,,,,,,,,,,,,,,,,
,,,,,,,,,,,,,,,,,,,,,,,,,,,,,,,,,,,,,,,,,,,,,,,,,,,,,,,,,,,,,,,,,,,,,,,,,,,,,,,,,,,,,,,,,,,,,,,,,,,,,,,,,,,,,,,,,,,,,,,,,,,,,,,,,,,,,,,,,,,,,,,,,,,,,,,,,,,,,,,,,,,,,,,,,,,,,,,,,,,,,,,,,,,,,,,,,,,,,,,,,,,,,,,,,,,,,,,,,,,,,,,,
,,,,,,,,,,,,,,,,,,,,,,,,,,,,,,,,,,,,,,,,,,,,,,,,,,,,,,,,,,,,,,,,,,,,,,,,,,,,,,,,,,,,,,,,,,,,,,,,,,,,,,,,,,,,,,,,,,,,,,,,,,,,,,,,,,,,,,,,,,,,,,,,,,,,,,,,,,,,,,,,,,,,,,,,,,,,,,,,,,,,,,,,,,,,,,,,,,,,,,,,,,,,,,,,,,,,,,,,,,,,,,,,
,,,,,,,,,,,,,,,,,,,,,,,,,,,,,,,,,,,,,,,,,,,,,,,,,,,,,,,,,,,,,,,,,,,,,,,,,,,,,,,,,,,,,,,,,,,,,,,,,,,,,,,,,,,,,,,,,,,,,,,,,,,,,,,,,,,,,,,,,,,,,,,,,,,,,,,,,,,,,,,,,,,,,,,,,,,,,,,,,,,,,,,,,,,,,,,,,,,,,,,,,,,,,,,,,,,,,,,,,,,,,,,,
,,,,,,,,,,,,,,,,,,,,,,,,,,,,,,,,,,,,,,,,,,,,,,,,,,,,,,,,,,,,,,,,,,,,,,,,,,,,,,,,,,,,,,,,,,,,,,,,,,,,,,,,,,,,,,,,,,,,,,,,,,,,,,,,,,,,,,,,,,,,,,,,,,,,,,,,,,,,,,,,,,,,,,,,,,,,,,,,,,,,,,,,,,,,,,,,,,,,,,,,,,,,,,,,,,,,,,,,,,,,,,,,
,,,,,,,,,,,,,,,,,,,,,,,,,,,,,,,,,,,,,,,,,,,,,,,,,,,,,,,,,,,,,,,,,,,,,,,,,,,,,,,,,,,,,,,,,,,,,,,,,,,,,,,,,,,,,,,,,,,,,,,,,,,,,,,,,,,,,,,,,,,,,,,,,,,,,,,,,,,,,,,,,,,,,,,,,,,,,,,,,,,,,,,,,,,,,,,,,,,,,,,,,,,,,,,,,,,,,,,,,,,,,,,,
,,,,,,,,,,,,,,,,,,,,,,,,,,,,,,,,,,,,,,,,,,,,,,,,,,,,,,,,,,,,,,,,,,,,,,,,,,,,,,,,,,,,,,,,,,,,,,,,,,,,,,,,,,,,,,,,,,,,,,,,,,,,,,,,,,,,,,,,,,,,,,,,,,,,,,,,,,,,,,,,,,,,,,,,,,,,,,,,,,,,,,,,,,,,,,,,,,,,,,,,,,,,,,,,,,,,,,,,,,,,,,,,
,,,,,,,,,,,,,,,,,,,,,,,,,,,,,,,,,,,,,,,,,,,,,,,,,,,,,,,,,,,,,,,,,,,,,,,,,,,,,,,,,,,,,,,,,,,,,,,,,,,,,,,,,,,,,,,,,,,,,,,,,,,,,,,,,,,,,,,,,,,,,,,,,,,,,,,,,,,,,,,,,,,,,,,,,,,,,,,,,,,,,,,,,,,,,,,,,,,,,,,,,,,,,,,,,,,,,,,,,,,,,,,,
,,,,,,,,,,,,,,,,,,,,,,,,,,,,,,,,,,,,,,,,,,,,,,,,,,,,,,,,,,,,,,,,,,,,,,,,,,,,,,,,,,,,,,,,,,,,,,,,,,,,,,,,,,,,,,,,,,,,,,,,,,,,,,,,,,,,,,,,,,,,,,,,,,,,,,,,,,,,,,,,,,,,,,,,,,,,,,,,,,,,,,,,,,,,,,,,,,,,,,,,,,,,,,,,,,,,,,,,,,,,,,,,
,,,,,,,,,,,,,,,,,,,,,,,,,,,,,,,,,,,,,,,,,,,,,,,,,,,,,,,,,,,,,,,,,,,,,,,,,,,,,,,,,,,,,,,,,,,,,,,,,,,,,,,,,,,,,,,,,,,,,,,,,,,,,,,,,,,,,,,,,,,,,,,,,,,,,,,,,,,,,,,,,,,,,,,,,,,,,,,,,,,,,,,,,,,,,,,,,,,,,,,,,,,,,,,,,,,,,,,,,,,,,,,,
,,,,,,,,,,,,,,,,,,,,,,,,,,,,,,,,,,,,,,,,,,,,,,,,,,,,,,,,,,,,,,,,,,,,,,,,,,,,,,,,,,,,,,,,,,,,,,,,,,,,,,,,,,,,,,,,,,,,,,,,,,,,,,,,,,,,,,,,,,,,,,,,,,,,,,,,,,,,,,,,,,,,,,,,,,,,,,,,,,,,,,,,,,,,,,,,,,,,,,,,,,,,,,,,,,,,,,,,,,,,,,,,
,,,,,,,,,,,,,,,,,,,,,,,,,,,,,,,,,,,,,,,,,,,,,,,,,,,,,,,,,,,,,,,,,,,,,,,,,,,,,,,,,,,,,,,,,,,,,,,,,,,,,,,,,,,,,,,,,,,,,,,,,,,,,,,,,,,,,,,,,,,,,,,,,,,,,,,,,,,,,,,,,,,,,,,,,,,,,,,,,,,,,,,,,,,,,,,,,,,,,,,,,,,,,,,,,,,,,,,,,,,,,,,,
,,,,,,,,,,,,,,,,,,,,,,,,,,,,,,,,,,,,,,,,,,,,,,,,,,,,,,,,,,,,,,,,,,,,,,,,,,,,,,,,,,,,,,,,,,,,,,,,,,,,,,,,,,,,,,,,,,,,,,,,,,,,,,,,,,,,,,,,,,,,,,,,,,,,,,,,,,,,,,,,,,,,,,,,,,,,,,,,,,,,,,,,,,,,,,,,,,,,,,,,,,,,,,,,,,,,,,,,,,,,,,,,
,,,,,,,,,,,,,,,,,,,,,,,,,,,,,,,,,,,,,,,,,,,,,,,,,,,,,,,,,,,,,,,,,,,,,,,,,,,,,,,,,,,,,,,,,,,,,,,,,,,,,,,,,,,,,,,,,,,,,,,,,,,,,,,,,,,,,,,,,,,,,,,,,,,,,,,,,,,,,,,,,,,,,,,,,,,,,,,,,,,,,,,,,,,,,,,,,,,,,,,,,,,,,,,,,,,,,,,,,,,,,,,,
,,,,,,,,,,,,,,,,,,,,,,,,,,,,,,,,,,,,,,,,,,,,,,,,,,,,,,,,,,,,,,,,,,,,,,,,,,,,,,,,,,,,,,,,,,,,,,,,,,,,,,,,,,,,,,,,,,,,,,,,,,,,,,,,,,,,,,,,,,,,,,,,,,,,,,,,,,,,,,,,,,,,,,,,,,,,,,,,,,,,,,,,,,,,,,,,,,,,,,,,,,,,,,,,,,,,,,,,,,,,,,,,
,,,,,,,,,,,,,,,,,,,,,,,,,,,,,,,,,,,,,,,,,,,,,,,,,,,,,,,,,,,,,,,,,,,,,,,,,,,,,,,,,,,,,,,,,,,,,,,,,,,,,,,,,,,,,,,,,,,,,,,,,,,,,,,,,,,,,,,,,,,,,,,,,,,,,,,,,,,,,,,,,,,,,,,,,,,,,,,,,,,,,,,,,,,,,,,,,,,,,,,,,,,,,,,,,,,,,,,,,,,,,,,,
,,,,,,,,,,,,,,,,,,,,,,,,,,,,,,,,,,,,,,,,,,,,,,,,,,,,,,,,,,,,,,,,,,,,,,,,,,,,,,,,,,,,,,,,,,,,,,,,,,,,,,,,,,,,,,,,,,,,,,,,,,,,,,,,,,,,,,,,,,,,,,,,,,,,,,,,,,,,,,,,,,,,,,,,,,,,,,,,,,,,,,,,,,,,,,,,,,,,,,,,,,,,,,,,,,,,,,,,,,,,,,,,
,,,,,,,,,,,,,,,,,,,,,,,,,,,,,,,,,,,,,,,,,,,,,,,,,,,,,,,,,,,,,,,,,,,,,,,,,,,,,,,,,,,,,,,,,,,,,,,,,,,,,,,,,,,,,,,,,,,,,,,,,,,,,,,,,,,,,,,,,,,,,,,,,,,,,,,,,,,,,,,,,,,,,,,,,,,,,,,,,,,,,,,,,,,,,,,,,,,,,,,,,,,,,,,,,,,,,,,,,,,,,,,,
,,,,,,,,,,,,,,,,,,,,,,,,,,,,,,,,,,,,,,,,,,,,,,,,,,,,,,,,,,,,,,,,,,,,,,,,,,,,,,,,,,,,,,,,,,,,,,,,,,,,,,,,,,,,,,,,,,,,,,,,,,,,,,,,,,,,,,,,,,,,,,,,,,,,,,,,,,,,,,,,,,,,,,,,,,,,,,,,,,,,,,,,,,,,,,,,,,,,,,,,,,,,,,,,,,,,,,,,,,,,,,,,
,,,,,,,,,,,,,,,,,,,,,,,,,,,,,,,,,,,,,,,,,,,,,,,,,,,,,,,,,,,,,,,,,,,,,,,,,,,,,,,,,,,,,,,,,,,,,,,,,,,,,,,,,,,,,,,,,,,,,,,,,,,,,,,,,,,,,,,,,,,,,,,,,,,,,,,,,,,,,,,,,,,,,,,,,,,,,,,,,,,,,,,,,,,,,,,,,,,,,,,,,,,,,,,,,,,,,,,,,,,,,,,,
,,,,,,,,,,,,,,,,,,,,,,,,,,,,,,,,,,,,,,,,,,,,,,,,,,,,,,,,,,,,,,,,,,,,,,,,,,,,,,,,,,,,,,,,,,,,,,,,,,,,,,,,,,,,,,,,,,,,,,,,,,,,,,,,,,,,,,,,,,,,,,,,,,,,,,,,,,,,,,,,,,,,,,,,,,,,,,,,,,,,,,,,,,,,,,,,,,,,,,,,,,,,,,,,,,,,,,,,,,,,,,,,
,,,,,,,,,,,,,,,,,,,,,,,,,,,,,,,,,,,,,,,,,,,,,,,,,,,,,,,,,,,,,,,,,,,,,,,,,,,,,,,,,,,,,,,,,,,,,,,,,,,,,,,,,,,,,,,,,,,,,,,,,,,,,,,,,,,,,,,,,,,,,,,,,,,,,,,,,,,,,,,,,,,,,,,,,,,,,,,,,,,,,,,,,,,,,,,,,,,,,,,,,,,,,,,,,,,,,,,,,,,,,,,,
,,,,,,,,,,,,,,,,,,,,,,,,,,,,,,,,,,,,,,,,,,,,,,,,,,,,,,,,,,,,,,,,,,,,,,,,,,,,,,,,,,,,,,,,,,,,,,,,,,,,,,,,,,,,,,,,,,,,,,,,,,,,,,,,,,,,,,,,,,,,,,,,,,,,,,,,,,,,,,,,,,,,,,,,,,,,,,,,,,,,,,,,,,,,,,,,,,,,,,,,,,,,,,,,,,,,,,,,,,,,,,,,
,,,,,,,,,,,,,,,,,,,,,,,,,,,,,,,,,,,,,,,,,,,,,,,,,,,,,,,,,,,,,,,,,,,,,,,,,,,,,,,,,,,,,,,,,,,,,,,,,,,,,,,,,,,,,,,,,,,,,,,,,,,,,,,,,,,,,,,,,,,,,,,,,,,,,,,,,,,,,,,,,,,,,,,,,,,,,,,,,,,,,,,,,,,,,,,,,,,,,,,,,,,,,,,,,,,,,,,,,,,,,,,,
,,,,,,,,,,,,,,,,,,,,,,,,,,,,,,,,,,,,,,,,,,,,,,,,,,,,,,,,,,,,,,,,,,,,,,,,,,,,,,,,,,,,,,,,,,,,,,,,,,,,,,,,,,,,,,,,,,,,,,,,,,,,,,,,,,,,,,,,,,,,,,,,,,,,,,,,,,,,,,,,,,,,,,,,,,,,,,,,,,,,,,,,,,,,,,,,,,,,,,,,,,,,,,,,,,,,,,,,,,,,,,,,
,,,,,,,,,,,,,,,,,,,,,,,,,,,,,,,,,,,,,,,,,,,,,,,,,,,,,,,,,,,,,,,,,,,,,,,,,,,,,,,,,,,,,,,,,,,,,,,,,,,,,,,,,,,,,,,,,,,,,,,,,,,,,,,,,,,,,,,,,,,,,,,,,,,,,,,,,,,,,,,,,,,,,,,,,,,,,,,,,,,,,,,,,,,,,,,,,,,,,,,,,,,,,,,,,,,,,,,,,,,,,,,,
,,,,,,,,,,,,,,,,,,,,,,,,,,,,,,,,,,,,,,,,,,,,,,,,,,,,,,,,,,,,,,,,,,,,,,,,,,,,,,,,,,,,,,,,,,,,,,,,,,,,,,,,,,,,,,,,,,,,,,,,,,,,,,,,,,,,,,,,,,,,,,,,,,,,,,,,,,,,,,,,,,,,,,,,,,,,,,,,,,,,,,,,,,,,,,,,,,,,,,,,,,,,,,,,,,,,,,,,,,,,,,,,
,,,,,,,,,,,,,,,,,,,,,,,,,,,,,,,,,,,,,,,,,,,,,,,,,,,,,,,,,,,,,,,,,,,,,,,,,,,,,,,,,,,,,,,,,,,,,,,,,,,,,,,,,,,,,,,,,,,,,,,,,,,,,,,,,,,,,,,,,,,,,,,,,,,,,,,,,,,,,,,,,,,,,,,,,,,,,,,,,,,,,,,,,,,,,,,,,,,,,,,,,,,,,,,,,,,,,,,,,,,,,,,,
,,,,,,,,,,,,,,,,,,,,,,,,,,,,,,,,,,,,,,,,,,,,,,,,,,,,,,,,,,,,,,,,,,,,,,,,,,,,,,,,,,,,,,,,,,,,,,,,,,,,,,,,,,,,,,,,,,,,,,,,,,,,,,,,,,,,,,,,,,,,,,,,,,,,,,,,,,,,,,,,,,,,,,,,,,,,,,,,,,,,,,,,,,,,,,,,,,,,,,,,,,,,,,,,,,,,,,,,,,,,,,,,
,,,,,,,,,,,,,,,,,,,,,,,,,,,,,,,,,,,,,,,,,,,,,,,,,,,,,,,,,,,,,,,,,,,,,,,,,,,,,,,,,,,,,,,,,,,,,,,,,,,,,,,,,,,,,,,,,,,,,,,,,,,,,,,,,,,,,,,,,,,,,,,,,,,,,,,,,,,,,,,,,,,,,,,,,,,,,,,,,,,,,,,,,,,,,,,,,,,,,,,,,,,,,,,,,,,,,,,,,,,,,,,,
,,,,,,,,,,,,,,,,,,,,,,,,,,,,,,,,,,,,,,,,,,,,,,,,,,,,,,,,,,,,,,,,,,,,,,,,,,,,,,,,,,,,,,,,,,,,,,,,,,,,,,,,,,,,,,,,,,,,,,,,,,,,,,,,,,,,,,,,,,,,,,,,,,,,,,,,,,,,,,,,,,,,,,,,,,,,,,,,,,,,,,,,,,,,,,,,,,,,,,,,,,,,,,,,,,,,,,,,,,,,,,,,
,,,,,,,,,,,,,,,,,,,,,,,,,,,,,,,,,,,,,,,,,,,,,,,,,,,,,,,,,,,,,,,,,,,,,,,,,,,,,,,,,,,,,,,,,,,,,,,,,,,,,,,,,,,,,,,,,,,,,,,,,,,,,,,,,,,,,,,,,,,,,,,,,,,,,,,,,,,,,,,,,,,,,,,,,,,,,,,,,,,,,,,,,,,,,,,,,,,,,,,,,,,,,,,,,,,,,,,,,,,,,,,,
,,,,,,,,,,,,,,,,,,,,,,,,,,,,,,,,,,,,,,,,,,,,,,,,,,,,,,,,,,,,,,,,,,,,,,,,,,,,,,,,,,,,,,,,,,,,,,,,,,,,,,,,,,,,,,,,,,,,,,,,,,,,,,,,,,,,,,,,,,,,,,,,,,,,,,,,,,,,,,,,,,,,,,,,,,,,,,,,,,,,,,,,,,,,,,,,,,,,,,,,,,,,,,,,,,,,,,,,,,,,,,,,
,,,,,,,,,,,,,,,,,,,,,,,,,,,,,,,,,,,,,,,,,,,,,,,,,,,,,,,,,,,,,,,,,,,,,,,,,,,,,,,,,,,,,,,,,,,,,,,,,,,,,,,,,,,,,,,,,,,,,,,,,,,,,,,,,,,,,,,,,,,,,,,,,,,,,,,,,,,,,,,,,,,,,,,,,,,,,,,,,,,,,,,,,,,,,,,,,,,,,,,,,,,,,,,,,,,,,,,,,,,,,,,,
,,,,,,,,,,,,,,,,,,,,,,,,,,,,,,,,,,,,,,,,,,,,,,,,,,,,,,,,,,,,,,,,,,,,,,,,,,,,,,,,,,,,,,,,,,,,,,,,,,,,,,,,,,,,,,,,,,,,,,,,,,,,,,,,,,,,,,,,,,,,,,,,,,,,,,,,,,,,,,,,,,,,,,,,,,,,,,,,,,,,,,,,,,,,,,,,,,,,,,,,,,,,,,,,,,,,,,,,,,,,,,,,
,,,,,,,,,,,,,,,,,,,,,,,,,,,,,,,,,,,,,,,,,,,,,,,,,,,,,,,,,,,,,,,,,,,,,,,,,,,,,,,,,,,,,,,,,,,,,,,,,,,,,,,,,,,,,,,,,,,,,,,,,,,,,,,,,,,,,,,,,,,,,,,,,,,,,,,,,,,,,,,,,,,,,,,,,,,,,,,,,,,,,,,,,,,,,,,,,,,,,,,,,,,,,,,,,,,,,,,,,,,,,,,,
,,,,,,,,,,,,,,,,,,,,,,,,,,,,,,,,,,,,,,,,,,,,,,,,,,,,,,,,,,,,,,,,,,,,,,,,,,,,,,,,,,,,,,,,,,,,,,,,,,,,,,,,,,,,,,,,,,,,,,,,,,,,,,,,,,,,,,,,,,,,,,,,,,,,,,,,,,,,,,,,,,,,,,,,,,,,,,,,,,,,,,,,,,,,,,,,,,,,,,,,,,,,,,,,,,,,,,,,,,,,,,,,
,,,,,,,,,,,,,,,,,,,,,,,,,,,,,,,,,,,,,,,,,,,,,,,,,,,,,,,,,,,,,,,,,,,,,,,,,,,,,,,,,,,,,,,,,,,,,,,,,,,,,,,,,,,,,,,,,,,,,,,,,,,,,,,,,,,,,,,,,,,,,,,,,,,,,,,,,,,,,,,,,,,,,,,,,,,,,,,,,,,,,,,,,,,,,,,,,,,,,,,,,,,,,,,,,,,,,,,,,,,,,,,,
,,,,,,,,,,,,,,,,,,,,,,,,,,,,,,,,,,,,,,,,,,,,,,,,,,,,,,,,,,,,,,,,,,,,,,,,,,,,,,,,,,,,,,,,,,,,,,,,,,,,,,,,,,,,,,,,,,,,,,,,,,,,,,,,,,,,,,,,,,,,,,,,,,,,,,,,,,,,,,,,,,,,,,,,,,,,,,,,,,,,,,,,,,,,,,,,,,,,,,,,,,,,,,,,,,,,,,,,,,,,,,,,
,,,,,,,,,,,,,,,,,,,,,,,,,,,,,,,,,,,,,,,,,,,,,,,,,,,,,,,,,,,,,,,,,,,,,,,,,,,,,,,,,,,,,,,,,,,,,,,,,,,,,,,,,,,,,,,,,,,,,,,,,,,,,,,,,,,,,,,,,,,,,,,,,,,,,,,,,,,,,,,,,,,,,,,,,,,,,,,,,,,,,,,,,,,,,,,,,,,,,,,,,,,,,,,,,,,,,,,,,,,,,,,,
,,,,,,,,,,,,,,,,,,,,,,,,,,,,,,,,,,,,,,,,,,,,,,,,,,,,,,,,,,,,,,,,,,,,,,,,,,,,,,,,,,,,,,,,,,,,,,,,,,,,,,,,,,,,,,,,,,,,,,,,,,,,,,,,,,,,,,,,,,,,,,,,,,,,,,,,,,,,,,,,,,,,,,,,,,,,,,,,,,,,,,,,,,,,,,,,,,,,,,,,,,,,,,,,,,,,,,,,,,,,,,,,
,,,,,,,,,,,,,,,,,,,,,,,,,,,,,,,,,,,,,,,,,,,,,,,,,,,,,,,,,,,,,,,,,,,,,,,,,,,,,,,,,,,,,,,,,,,,,,,,,,,,,,,,,,,,,,,,,,,,,,,,,,,,,,,,,,,,,,,,,,,,,,,,,,,,,,,,,,,,,,,,,,,,,,,,,,,,,,,,,,,,,,,,,,,,,,,,,,,,,,,,,,,,,,,,,,,,,,,,,,,,,,,,
,,,,,,,,,,,,,,,,,,,,,,,,,,,,,,,,,,,,,,,,,,,,,,,,,,,,,,,,,,,,,,,,,,,,,,,,,,,,,,,,,,,,,,,,,,,,,,,,,,,,,,,,,,,,,,,,,,,,,,,,,,,,,,,,,,,,,,,,,,,,,,,,,,,,,,,,,,,,,,,,,,,,,,,,,,,,,,,,,,,,,,,,,,,,,,,,,,,,,,,,,,,,,,,,,,,,,,,,,,,,,,,,
,,,,,,,,,,,,,,,,,,,,,,,,,,,,,,,,,,,,,,,,,,,,,,,,,,,,,,,,,,,,,,,,,,,,,,,,,,,,,,,,,,,,,,,,,,,,,,,,,,,,,,,,,,,,,,,,,,,,,,,,,,,,,,,,,,,,,,,,,,,,,,,,,,,,,,,,,,,,,,,,,,,,,,,,,,,,,,,,,,,,,,,,,,,,,,,,,,,,,,,,,,,,,,,,,,,,,,,,,,,,,,,,
,,,,,,,,,,,,,,,,,,,,,,,,,,,,,,,,,,,,,,,,,,,,,,,,,,,,,,,,,,,,,,,,,,,,,,,,,,,,,,,,,,,,,,,,,,,,,,,,,,,,,,,,,,,,,,,,,,,,,,,,,,,,,,,,,,,,,,,,,,,,,,,,,,,,,,,,,,,,,,,,,,,,,,,,,,,,,,,,,,,,,,,,,,,,,,,,,,,,,,,,,,,,,,,,,,,,,,,,,,,,,,,,
,,,,,,,,,,,,,,,,,,,,,,,,,,,,,,,,,,,,,,,,,,,,,,,,,,,,,,,,,,,,,,,,,,,,,,,,,,,,,,,,,,,,,,,,,,,,,,,,,,,,,,,,,,,,,,,,,,,,,,,,,,,,,,,,,,,,,,,,,,,,,,,,,,,,,,,,,,,,,,,,,,,,,,,,,,,,,,,,,,,,,,,,,,,,,,,,,,,,,,,,,,,,,,,,,,,,,,,,,,,,,,,,
,,,,,,,,,,,,,,,,,,,,,,,,,,,,,,,,,,,,,,,,,,,,,,,,,,,,,,,,,,,,,,,,,,,,,,,,,,,,,,,,,,,,,,,,,,,,,,,,,,,,,,,,,,,,,,,,,,,,,,,,,,,,,,,,,,,,,,,,,,,,,,,,,,,,,,,,,,,,,,,,,,,,,,,,,,,,,,,,,,,,,,,,,,,,,,,,,,,,,,,,,,,,,,,,,,,,,,,,,,,,,,,,
,,,,,,,,,,,,,,,,,,,,,,,,,,,,,,,,,,,,,,,,,,,,,,,,,,,,,,,,,,,,,,,,,,,,,,,,,,,,,,,,,,,,,,,,,,,,,,,,,,,,,,,,,,,,,,,,,,,,,,,,,,,,,,,,,,,,,,,,,,,,,,,,,,,,,,,,,,,,,,,,,,,,,,,,,,,,,,,,,,,,,,,,,,,,,,,,,,,,,,,,,,,,,,,,,,,,,,,,,,,,,,,,
,,,,,,,,,,,,,,,,,,,,,,,,,,,,,,,,,,,,,,,,,,,,,,,,,,,,,,,,,,,,,,,,,,,,,,,,,,,,,,,,,,,,,,,,,,,,,,,,,,,,,,,,,,,,,,,,,,,,,,,,,,,,,,,,,,,,,,,,,,,,,,,,,,,,,,,,,,,,,,,,,,,,,,,,,,,,,,,,,,,,,,,,,,,,,,,,,,,,,,,,,,,,,,,,,,,,,,,,,,,,,,,,
,,,,,,,,,,,,,,,,,,,,,,,,,,,,,,,,,,,,,,,,,,,,,,,,,,,,,,,,,,,,,,,,,,,,,,,,,,,,,,,,,,,,,,,,,,,,,,,,,,,,,,,,,,,,,,,,,,,,,,,,,,,,,,,,,,,,,,,,,,,,,,,,,,,,,,,,,,,,,,,,,,,,,,,,,,,,,,,,,,,,,,,,,,,,,,,,,,,,,,,,,,,,,,,,,,,,,,,,,,,,,,,,
,,,,,,,,,,,,,,,,,,,,,,,,,,,,,,,,,,,,,,,,,,,,,,,,,,,,,,,,,,,,,,,,,,,,,,,,,,,,,,,,,,,,,,,,,,,,,,,,,,,,,,,,,,,,,,,,,,,,,,,,,,,,,,,,,,,,,,,,,,,,,,,,,,,,,,,,,,,,,,,,,,,,,,,,,,,,,,,,,,,,,,,,,,,,,,,,,,,,,,,,,,,,,,,,,,,,,,,,,,,,,,,,
,,,,,,,,,,,,,,,,,,,,,,,,,,,,,,,,,,,,,,,,,,,,,,,,,,,,,,,,,,,,,,,,,,,,,,,,,,,,,,,,,,,,,,,,,,,,,,,,,,,,,,,,,,,,,,,,,,,,,,,,,,,,,,,,,,,,,,,,,,,,,,,,,,,,,,,,,,,,,,,,,,,,,,,,,,,,,,,,,,,,,,,,,,,,,,,,,,,,,,,,,,,,,,,,,,,,,,,,,,,,,,,,
,,,,,,,,,,,,,,,,,,,,,,,,,,,,,,,,,,,,,,,,,,,,,,,,,,,,,,,,,,,,,,,,,,,,,,,,,,,,,,,,,,,,,,,,,,,,,,,,,,,,,,,,,,,,,,,,,,,,,,,,,,,,,,,,,,,,,,,,,,,,,,,,,,,,,,,,,,,,,,,,,,,,,,,,,,,,,,,,,,,,,,,,,,,,,,,,,,,,,,,,,,,,,,,,,,,,,,,,,,,,,,,,
,,,,,,,,,,,,,,,,,,,,,,,,,,,,,,,,,,,,,,,,,,,,,,,,,,,,,,,,,,,,,,,,,,,,,,,,,,,,,,,,,,,,,,,,,,,,,,,,,,,,,,,,,,,,,,,,,,,,,,,,,,,,,,,,,,,,,,,,,,,,,,,,,,,,,,,,,,,,,,,,,,,,,,,,,,,,,,,,,,,,,,,,,,,,,,,,,,,,,,,,,,,,,,,,,,,,,,,,,,,,,,,,
,,,,,,,,,,,,,,,,,,,,,,,,,,,,,,,,,,,,,,,,,,,,,,,,,,,,,,,,,,,,,,,,,,,,,,,,,,,,,,,,,,,,,,,,,,,,,,,,,,,,,,,,,,,,,,,,,,,,,,,,,,,,,,,,,,,,,,,,,,,,,,,,,,,,,,,,,,,,,,,,,,,,,,,,,,,,,,,,,,,,,,,,,,,,,,,,,,,,,,,,,,,,,,,,,,,,,,,,,,,,,,,,
,,,,,,,,,,,,,,,,,,,,,,,,,,,,,,,,,,,,,,,,,,,,,,,,,,,,,,,,,,,,,,,,,,,,,,,,,,,,,,,,,,,,,,,,,,,,,,,,,,,,,,,,,,,,,,,,,,,,,,,,,,,,,,,,,,,,,,,,,,,,,,,,,,,,,,,,,,,,,,,,,,,,,,,,,,,,,,,,,,,,,,,,,,,,,,,,,,,,,,,,,,,,,,,,,,,,,,,,,,,,,,,,
,,,,,,,,,,,,,,,,,,,,,,,,,,,,,,,,,,,,,,,,,,,,,,,,,,,,,,,,,,,,,,,,,,,,,,,,,,,,,,,,,,,,,,,,,,,,,,,,,,,,,,,,,,,,,,,,,,,,,,,,,,,,,,,,,,,,,,,,,,,,,,,,,,,,,,,,,,,,,,,,,,,,,,,,,,,,,,,,,,,,,,,,,,,,,,,,,,,,,,,,,,,,,,,,,,,,,,,,,,,,,,,,
,,,,,,,,,,,,,,,,,,,,,,,,,,,,,,,,,,,,,,,,,,,,,,,,,,,,,,,,,,,,,,,,,,,,,,,,,,,,,,,,,,,,,,,,,,,,,,,,,,,,,,,,,,,,,,,,,,,,,,,,,,,,,,,,,,,,,,,,,,,,,,,,,,,,,,,,,,,,,,,,,,,,,,,,,,,,,,,,,,,,,,,,,,,,,,,,,,,,,,,,,,,,,,,,,,,,,,,,,,,,,,,,
,,,,,,,,,,,,,,,,,,,,,,,,,,,,,,,,,,,,,,,,,,,,,,,,,,,,,,,,,,,,,,,,,,,,,,,,,,,,,,,,,,,,,,,,,,,,,,,,,,,,,,,,,,,,,,,,,,,,,,,,,,,,,,,,,,,,,,,,,,,,,,,,,,,,,,,,,,,,,,,,,,,,,,,,,,,,,,,,,,,,,,,,,,,,,,,,,,,,,,,,,,,,,,,,,,,,,,,,,,,,,,,,
,,,,,,,,,,,,,,,,,,,,,,,,,,,,,,,,,,,,,,,,,,,,,,,,,,,,,,,,,,,,,,,,,,,,,,,,,,,,,,,,,,,,,,,,,,,,,,,,,,,,,,,,,,,,,,,,,,,,,,,,,,,,,,,,,,,,,,,,,,,,,,,,,,,,,,,,,,,,,,,,,,,,,,,,,,,,,,,,,,,,,,,,,,,,,,,,,,,,,,,,,,,,,,,,,,,,,,,,,,,,,,,,
,,,,,,,,,,,,,,,,,,,,,,,,,,,,,,,,,,,,,,,,,,,,,,,,,,,,,,,,,,,,,,,,,,,,,,,,,,,,,,,,,,,,,,,,,,,,,,,,,,,,,,,,,,,,,,,,,,,,,,,,,,,,,,,,,,,,,,,,,,,,,,,,,,,,,,,,,,,,,,,,,,,,,,,,,,,,,,,,,,,,,,,,,,,,,,,,,,,,,,,,,,,,,,,,,,,,,,,,,,,,,,,,
,,,,,,,,,,,,,,,,,,,,,,,,,,,,,,,,,,,,,,,,,,,,,,,,,,,,,,,,,,,,,,,,,,,,,,,,,,,,,,,,,,,,,,,,,,,,,,,,,,,,,,,,,,,,,,,,,,,,,,,,,,,,,,,,,,,,,,,,,,,,,,,,,,,,,,,,,,,,,,,,,,,,,,,,,,,,,,,,,,,,,,,,,,,,,,,,,,,,,,,,,,,,,,,,,,,,,,,,,,,,,,,,
,,,,,,,,,,,,,,,,,,,,,,,,,,,,,,,,,,,,,,,,,,,,,,,,,,,,,,,,,,,,,,,,,,,,,,,,,,,,,,,,,,,,,,,,,,,,,,,,,,,,,,,,,,,,,,,,,,,,,,,,,,,,,,,,,,,,,,,,,,,,,,,,,,,,,,,,,,,,,,,,,,,,,,,,,,,,,,,,,,,,,,,,,,,,,,,,,,,,,,,,,,,,,,,,,,,,,,,,,,,,,,,,
,,,,,,,,,,,,,,,,,,,,,,,,,,,,,,,,,,,,,,,,,,,,,,,,,,,,,,,,,,,,,,,,,,,,,,,,,,,,,,,,,,,,,,,,,,,,,,,,,,,,,,,,,,,,,,,,,,,,,,,,,,,,,,,,,,,,,,,,,,,,,,,,,,,,,,,,,,,,,,,,,,,,,,,,,,,,,,,,,,,,,,,,,,,,,,,,,,,,,,,,,,,,,,,,,,,,,,,,,,,,,,,,
,,,,,,,,,,,,,,,,,,,,,,,,,,,,,,,,,,,,,,,,,,,,,,,,,,,,,,,,,,,,,,,,,,,,,,,,,,,,,,,,,,,,,,,,,,,,,,,,,,,,,,,,,,,,,,,,,,,,,,,,,,,,,,,,,,,,,,,,,,,,,,,,,,,,,,,,,,,,,,,,,,,,,,,,,,,,,,,,,,,,,,,,,,,,,,,,,,,,,,,,,,,,,,,,,,,,,,,,,,,,,,,,
,,,,,,,,,,,,,,,,,,,,,,,,,,,,,,,,,,,,,,,,,,,,,,,,,,,,,,,,,,,,,,,,,,,,,,,,,,,,,,,,,,,,,,,,,,,,,,,,,,,,,,,,,,,,,,,,,,,,,,,,,,,,,,,,,,,,,,,,,,,,,,,,,,,,,,,,,,,,,,,,,,,,,,,,,,,,,,,,,,,,,,,,,,,,,,,,,,,,,,,,,,,,,,,,,,,,,,,,,,,,,,,,
,,,,,,,,,,,,,,,,,,,,,,,,,,,,,,,,,,,,,,,,,,,,,,,,,,,,,,,,,,,,,,,,,,,,,,,,,,,,,,,,,,,,,,,,,,,,,,,,,,,,,,,,,,,,,,,,,,,,,,,,,,,,,,,,,,,,,,,,,,,,,,,,,,,,,,,,,,,,,,,,,,,,,,,,,,,,,,,,,,,,,,,,,,,,,,,,,,,,,,,,,,,,,,,,,,,,,,,,,,,,,,,,
,,,,,,,,,,,,,,,,,,,,,,,,,,,,,,,,,,,,,,,,,,,,,,,,,,,,,,,,,,,,,,,,,,,,,,,,,,,,,,,,,,,,,,,,,,,,,,,,,,,,,,,,,,,,,,,,,,,,,,,,,,,,,,,,,,,,,,,,,,,,,,,,,,,,,,,,,,,,,,,,,,,,,,,,,,,,,,,,,,,,,,,,,,,,,,,,,,,,,,,,,,,,,,,,,,,,,,,,,,,,,,,,
,,,,,,,,,,,,,,,,,,,,,,,,,,,,,,,,,,,,,,,,,,,,,,,,,,,,,,,,,,,,,,,,,,,,,,,,,,,,,,,,,,,,,,,,,,,,,,,,,,,,,,,,,,,,,,,,,,,,,,,,,,,,,,,,,,,,,,,,,,,,,,,,,,,,,,,,,,,,,,,,,,,,,,,,,,,,,,,,,,,,,,,,,,,,,,,,,,,,,,,,,,,,,,,,,,,,,,,,,,,,,,,,
,,,,,,,,,,,,,,,,,,,,,,,,,,,,,,,,,,,,,,,,,,,,,,,,,,,,,,,,,,,,,,,,,,,,,,,,,,,,,,,,,,,,,,,,,,,,,,,,,,,,,,,,,,,,,,,,,,,,,,,,,,,,,,,,,,,,,,,,,,,,,,,,,,,,,,,,,,,,,,,,,,,,,,,,,,,,,,,,,,,,,,,,,,,,,,,,,,,,,,,,,,,,,,,,,,,,,,,,,,,,,,,,
,,,,,,,,,,,,,,,,,,,,,,,,,,,,,,,,,,,,,,,,,,,,,,,,,,,,,,,,,,,,,,,,,,,,,,,,,,,,,,,,,,,,,,,,,,,,,,,,,,,,,,,,,,,,,,,,,,,,,,,,,,,,,,,,,,,,,,,,,,,,,,,,,,,,,,,,,,,,,,,,,,,,,,,,,,,,,,,,,,,,,,,,,,,,,,,,,,,,,,,,,,,,,,,,,,,,,,,,,,,,,,,,
,,,,,,,,,,,,,,,,,,,,,,,,,,,,,,,,,,,,,,,,,,,,,,,,,,,,,,,,,,,,,,,,,,,,,,,,,,,,,,,,,,,,,,,,,,,,,,,,,,,,,,,,,,,,,,,,,,,,,,,,,,,,,,,,,,,,,,,,,,,,,,,,,,,,,,,,,,,,,,,,,,,,,,,,,,,,,,,,,,,,,,,,,,,,,,,,,,,,,,,,,,,,,,,,,,,,,,,,,,,,,,,,
,,,,,,,,,,,,,,,,,,,,,,,,,,,,,,,,,,,,,,,,,,,,,,,,,,,,,,,,,,,,,,,,,,,,,,,,,,,,,,,,,,,,,,,,,,,,,,,,,,,,,,,,,,,,,,,,,,,,,,,,,,,,,,,,,,,,,,,,,,,,,,,,,,,,,,,,,,,,,,,,,,,,,,,,,,,,,,,,,,,,,,,,,,,,,,,,,,,,,,,,,,,,,,,,,,,,,,,,,,,,,,,,
,,,,,,,,,,,,,,,,,,,,,,,,,,,,,,,,,,,,,,,,,,,,,,,,,,,,,,,,,,,,,,,,,,,,,,,,,,,,,,,,,,,,,,,,,,,,,,,,,,,,,,,,,,,,,,,,,,,,,,,,,,,,,,,,,,,,,,,,,,,,,,,,,,,,,,,,,,,,,,,,,,,,,,,,,,,,,,,,,,,,,,,,,,,,,,,,,,,,,,,,,,,,,,,,,,,,,,,,,,,,,,,,
,,,,,,,,,,,,,,,,,,,,,,,,,,,,,,,,,,,,,,,,,,,,,,,,,,,,,,,,,,,,,,,,,,,,,,,,,,,,,,,,,,,,,,,,,,,,,,,,,,,,,,,,,,,,,,,,,,,,,,,,,,,,,,,,,,,,,,,,,,,,,,,,,,,,,,,,,,,,,,,,,,,,,,,,,,,,,,,,,,,,,,,,,,,,,,,,,,,,,,,,,,,,,,,,,,,,,,,,,,,,,,,,
,,,,,,,,,,,,,,,,,,,,,,,,,,,,,,,,,,,,,,,,,,,,,,,,,,,,,,,,,,,,,,,,,,,,,,,,,,,,,,,,,,,,,,,,,,,,,,,,,,,,,,,,,,,,,,,,,,,,,,,,,,,,,,,,,,,,,,,,,,,,,,,,,,,,,,,,,,,,,,,,,,,,,,,,,,,,,,,,,,,,,,,,,,,,,,,,,,,,,,,,,,,,,,,,,,,,,,,,,,,,,,,,
,,,,,,,,,,,,,,,,,,,,,,,,,,,,,,,,,,,,,,,,,,,,,,,,,,,,,,,,,,,,,,,,,,,,,,,,,,,,,,,,,,,,,,,,,,,,,,,,,,,,,,,,,,,,,,,,,,,,,,,,,,,,,,,,,,,,,,,,,,,,,,,,,,,,,,,,,,,,,,,,,,,,,,,,,,,,,,,,,,,,,,,,,,,,,,,,,,,,,,,,,,,,,,,,,,,,,,,,,,,,,,,,
,,,,,,,,,,,,,,,,,,,,,,,,,,,,,,,,,,,,,,,,,,,,,,,,,,,,,,,,,,,,,,,,,,,,,,,,,,,,,,,,,,,,,,,,,,,,,,,,,,,,,,,,,,,,,,,,,,,,,,,,,,,,,,,,,,,,,,,,,,,,,,,,,,,,,,,,,,,,,,,,,,,,,,,,,,,,,,,,,,,,,,,,,,,,,,,,,,,,,,,,,,,,,,,,,,,,,,,,,,,,,,,,
,,,,,,,,,,,,,,,,,,,,,,,,,,,,,,,,,,,,,,,,,,,,,,,,,,,,,,,,,,,,,,,,,,,,,,,,,,,,,,,,,,,,,,,,,,,,,,,,,,,,,,,,,,,,,,,,,,,,,,,,,,,,,,,,,,,,,,,,,,,,,,,,,,,,,,,,,,,,,,,,,,,,,,,,,,,,,,,,,,,,,,,,,,,,,,,,,,,,,,,,,,,,,,,,,,,,,,,,,,,,,,,,
,,,,,,,,,,,,,,,,,,,,,,,,,,,,,,,,,,,,,,,,,,,,,,,,,,,,,,,,,,,,,,,,,,,,,,,,,,,,,,,,,,,,,,,,,,,,,,,,,,,,,,,,,,,,,,,,,,,,,,,,,,,,,,,,,,,,,,,,,,,,,,,,,,,,,,,,,,,,,,,,,,,,,,,,,,,,,,,,,,,,,,,,,,,,,,,,,,,,,,,,,,,,,,,,,,,,,,,,,,,,,,,,
,,,,,,,,,,,,,,,,,,,,,,,,,,,,,,,,,,,,,,,,,,,,,,,,,,,,,,,,,,,,,,,,,,,,,,,,,,,,,,,,,,,,,,,,,,,,,,,,,,,,,,,,,,,,,,,,,,,,,,,,,,,,,,,,,,,,,,,,,,,,,,,,,,,,,,,,,,,,,,,,,,,,,,,,,,,,,,,,,,,,,,,,,,,,,,,,,,,,,,,,,,,,,,,,,,,,,,,,,,,,,,,,
,,,,,,,,,,,,,,,,,,,,,,,,,,,,,,,,,,,,,,,,,,,,,,,,,,,,,,,,,,,,,,,,,,,,,,,,,,,,,,,,,,,,,,,,,,,,,,,,,,,,,,,,,,,,,,,,,,,,,,,,,,,,,,,,,,,,,,,,,,,,,,,,,,,,,,,,,,,,,,,,,,,,,,,,,,,,,,,,,,,,,,,,,,,,,,,,,,,,,,,,,,,,,,,,,,,,,,,,,,,,,,,,
,,,,,,,,,,,,,,,,,,,,,,,,,,,,,,,,,,,,,,,,,,,,,,,,,,,,,,,,,,,,,,,,,,,,,,,,,,,,,,,,,,,,,,,,,,,,,,,,,,,,,,,,,,,,,,,,,,,,,,,,,,,,,,,,,,,,,,,,,,,,,,,,,,,,,,,,,,,,,,,,,,,,,,,,,,,,,,,,,,,,,,,,,,,,,,,,,,,,,,,,,,,,,,,,,,,,,,,,,,,,,,,,
,,,,,,,,,,,,,,,,,,,,,,,,,,,,,,,,,,,,,,,,,,,,,,,,,,,,,,,,,,,,,,,,,,,,,,,,,,,,,,,,,,,,,,,,,,,,,,,,,,,,,,,,,,,,,,,,,,,,,,,,,,,,,,,,,,,,,,,,,,,,,,,,,,,,,,,,,,,,,,,,,,,,,,,,,,,,,,,,,,,,,,,,,,,,,,,,,,,,,,,,,,,,,,,,,,,,,,,,,,,,,,,,
,,,,,,,,,,,,,,,,,,,,,,,,,,,,,,,,,,,,,,,,,,,,,,,,,,,,,,,,,,,,,,,,,,,,,,,,,,,,,,,,,,,,,,,,,,,,,,,,,,,,,,,,,,,,,,,,,,,,,,,,,,,,,,,,,,,,,,,,,,,,,,,,,,,,,,,,,,,,,,,,,,,,,,,,,,,,,,,,,,,,,,,,,,,,,,,,,,,,,,,,,,,,,,,,,,,,,,,,,,,,,,,,
,,,,,,,,,,,,,,,,,,,,,,,,,,,,,,,,,,,,,,,,,,,,,,,,,,,,,,,,,,,,,,,,,,,,,,,,,,,,,,,,,,,,,,,,,,,,,,,,,,,,,,,,,,,,,,,,,,,,,,,,,,,,,,,,,,,,,,,,,,,,,,,,,,,,,,,,,,,,,,,,,,,,,,,,,,,,,,,,,,,,,,,,,,,,,,,,,,,,,,,,,,,,,,,,,,,,,,,,,,,,,,,,
,,,,,,,,,,,,,,,,,,,,,,,,,,,,,,,,,,,,,,,,,,,,,,,,,,,,,,,,,,,,,,,,,,,,,,,,,,,,,,,,,,,,,,,,,,,,,,,,,,,,,,,,,,,,,,,,,,,,,,,,,,,,,,,,,,,,,,,,,,,,,,,,,,,,,,,,,,,,,,,,,,,,,,,,,,,,,,,,,,,,,,,,,,,,,,,,,,,,,,,,,,,,,,,,,,,,,,,,,,,,,,,,
,,,,,,,,,,,,,,,,,,,,,,,,,,,,,,,,,,,,,,,,,,,,,,,,,,,,,,,,,,,,,,,,,,,,,,,,,,,,,,,,,,,,,,,,,,,,,,,,,,,,,,,,,,,,,,,,,,,,,,,,,,,,,,,,,,,,,,,,,,,,,,,,,,,,,,,,,,,,,,,,,,,,,,,,,,,,,,,,,,,,,,,,,,,,,,,,,,,,,,,,,,,,,,,,,,,,,,,,,,,,,,,,
,,,,,,,,,,,,,,,,,,,,,,,,,,,,,,,,,,,,,,,,,,,,,,,,,,,,,,,,,,,,,,,,,,,,,,,,,,,,,,,,,,,,,,,,,,,,,,,,,,,,,,,,,,,,,,,,,,,,,,,,,,,,,,,,,,,,,,,,,,,,,,,,,,,,,,,,,,,,,,,,,,,,,,,,,,,,,,,,,,,,,,,,,,,,,,,,,,,,,,,,,,,,,,,,,,,,,,,,,,,,,,,,
,,,,,,,,,,,,,,,,,,,,,,,,,,,,,,,,,,,,,,,,,,,,,,,,,,,,,,,,,,,,,,,,,,,,,,,,,,,,,,,,,,,,,,,,,,,,,,,,,,,,,,,,,,,,,,,,,,,,,,,,,,,,,,,,,,,,,,,,,,,,,,,,,,,,,,,,,,,,,,,,,,,,,,,,,,,,,,,,,,,,,,,,,,,,,,,,,,,,,,,,,,,,,,,,,,,,,,,,,,,,,,,,
,,,,,,,,,,,,,,,,,,,,,,,,,,,,,,,,,,,,,,,,,,,,,,,,,,,,,,,,,,,,,,,,,,,,,,,,,,,,,,,,,,,,,,,,,,,,,,,,,,,,,,,,,,,,,,,,,,,,,,,,,,,,,,,,,,,,,,,,,,,,,,,,,,,,,,,,,,,,,,,,,,,,,,,,,,,,,,,,,,,,,,,,,,,,,,,,,,,,,,,,,,,,,,,,,,,,,,,,,,,,,,,,
,,,,,,,,,,,,,,,,,,,,,,,,,,,,,,,,,,,,,,,,,,,,,,,,,,,,,,,,,,,,,,,,,,,,,,,,,,,,,,,,,,,,,,,,,,,,,,,,,,,,,,,,,,,,,,,,,,,,,,,,,,,,,,,,,,,,,,,,,,,,,,,,,,,,,,,,,,,,,,,,,,,,,,,,,,,,,,,,,,,,,,,,,,,,,,,,,,,,,,,,,,,,,,,,,,,,,,,,,,,,,,,,
,,,,,,,,,,,,,,,,,,,,,,,,,,,,,,,,,,,,,,,,,,,,,,,,,,,,,,,,,,,,,,,,,,,,,,,,,,,,,,,,,,,,,,,,,,,,,,,,,,,,,,,,,,,,,,,,,,,,,,,,,,,,,,,,,,,,,,,,,,,,,,,,,,,,,,,,,,,,,,,,,,,,,,,,,,,,,,,,,,,,,,,,,,,,,,,,,,,,,,,,,,,,,,,,,,,,,,,,,,,,,,,,
,,,,,,,,,,,,,,,,,,,,,,,,,,,,,,,,,,,,,,,,,,,,,,,,,,,,,,,,,,,,,,,,,,,,,,,,,,,,,,,,,,,,,,,,,,,,,,,,,,,,,,,,,,,,,,,,,,,,,,,,,,,,,,,,,,,,,,,,,,,,,,,,,,,,,,,,,,,,,,,,,,,,,,,,,,,,,,,,,,,,,,,,,,,,,,,,,,,,,,,,,,,,,,,,,,,,,,,,,,,,,,,,
,,,,,,,,,,,,,,,,,,,,,,,,,,,,,,,,,,,,,,,,,,,,,,,,,,,,,,,,,,,,,,,,,,,,,,,,,,,,,,,,,,,,,,,,,,,,,,,,,,,,,,,,,,,,,,,,,,,,,,,,,,,,,,,,,,,,,,,,,,,,,,,,,,,,,,,,,,,,,,,,,,,,,,,,,,,,,,,,,,,,,,,,,,,,,,,,,,,,,,,,,,,,,,,,,,,,,,,,,,,,,,,,
,,,,,,,,,,,,,,,,,,,,,,,,,,,,,,,,,,,,,,,,,,,,,,,,,,,,,,,,,,,,,,,,,,,,,,,,,,,,,,,,,,,,,,,,,,,,,,,,,,,,,,,,,,,,,,,,,,,,,,,,,,,,,,,,,,,,,,,,,,,,,,,,,,,,,,,,,,,,,,,,,,,,,,,,,,,,,,,,,,,,,,,,,,,,,,,,,,,,,,,,,,,,,,,,,,,,,,,,,,,,,,,,
,,,,,,,,,,,,,,,,,,,,,,,,,,,,,,,,,,,,,,,,,,,,,,,,,,,,,,,,,,,,,,,,,,,,,,,,,,,,,,,,,,,,,,,,,,,,,,,,,,,,,,,,,,,,,,,,,,,,,,,,,,,,,,,,,,,,,,,,,,,,,,,,,,,,,,,,,,,,,,,,,,,,,,,,,,,,,,,,,,,,,,,,,,,,,,,,,,,,,,,,,,,,,,,,,,,,,,,,,,,,,,,,
,,,,,,,,,,,,,,,,,,,,,,,,,,,,,,,,,,,,,,,,,,,,,,,,,,,,,,,,,,,,,,,,,,,,,,,,,,,,,,,,,,,,,,,,,,,,,,,,,,,,,,,,,,,,,,,,,,,,,,,,,,,,,,,,,,,,,,,,,,,,,,,,,,,,,,,,,,,,,,,,,,,,,,,,,,,,,,,,,,,,,,,,,,,,,,,,,,,,,,,,,,,,,,,,,,,,,,,,,,,,,,,,
,,,,,,,,,,,,,,,,,,,,,,,,,,,,,,,,,,,,,,,,,,,,,,,,,,,,,,,,,,,,,,,,,,,,,,,,,,,,,,,,,,,,,,,,,,,,,,,,,,,,,,,,,,,,,,,,,,,,,,,,,,,,,,,,,,,,,,,,,,,,,,,,,,,,,,,,,,,,,,,,,,,,,,,,,,,,,,,,,,,,,,,,,,,,,,,,,,,,,,,,,,,,,,,,,,,,,,,,,,,,,,,,
,,,,,,,,,,,,,,,,,,,,,,,,,,,,,,,,,,,,,,,,,,,,,,,,,,,,,,,,,,,,,,,,,,,,,,,,,,,,,,,,,,,,,,,,,,,,,,,,,,,,,,,,,,,,,,,,,,,,,,,,,,,,,,,,,,,,,,,,,,,,,,,,,,,,,,,,,,,,,,,,,,,,,,,,,,,,,,,,,,,,,,,,,,,,,,,,,,,,,,,,,,,,,,,,,,,,,,,,,,,,,,,,
,,,,,,,,,,,,,,,,,,,,,,,,,,,,,,,,,,,,,,,,,,,,,,,,,,,,,,,,,,,,,,,,,,,,,,,,,,,,,,,,,,,,,,,,,,,,,,,,,,,,,,,,,,,,,,,,,,,,,,,,,,,,,,,,,,,,,,,,,,,,,,,,,,,,,,,,,,,,,,,,,,,,,,,,,,,,,,,,,,,,,,,,,,,,,,,,,,,,,,,,,,,,,,,,,,,,,,,,,,,,,,,,
,,,,,,,,,,,,,,,,,,,,,,,,,,,,,,,,,,,,,,,,,,,,,,,,,,,,,,,,,,,,,,,,,,,,,,,,,,,,,,,,,,,,,,,,,,,,,,,,,,,,,,,,,,,,,,,,,,,,,,,,,,,,,,,,,,,,,,,,,,,,,,,,,,,,,,,,,,,,,,,,,,,,,,,,,,,,,,,,,,,,,,,,,,,,,,,,,,,,,,,,,,,,,,,,,,,,,,,,,,,,,,,,
,,,,,,,,,,,,,,,,,,,,,,,,,,,,,,,,,,,,,,,,,,,,,,,,,,,,,,,,,,,,,,,,,,,,,,,,,,,,,,,,,,,,,,,,,,,,,,,,,,,,,,,,,,,,,,,,,,,,,,,,,,,,,,,,,,,,,,,,,,,,,,,,,,,,,,,,,,,,,,,,,,,,,,,,,,,,,,,,,,,,,,,,,,,,,,,,,,,,,,,,,,,,,,,,,,,,,,,,,,,,,,,,
,,,,,,,,,,,,,,,,,,,,,,,,,,,,,,,,,,,,,,,,,,,,,,,,,,,,,,,,,,,,,,,,,,,,,,,,,,,,,,,,,,,,,,,,,,,,,,,,,,,,,,,,,,,,,,,,,,,,,,,,,,,,,,,,,,,,,,,,,,,,,,,,,,,,,,,,,,,,,,,,,,,,,,,,,,,,,,,,,,,,,,,,,,,,,,,,,,,,,,,,,,,,,,,,,,,,,,,,,,,,,,,,
,,,,,,,,,,,,,,,,,,,,,,,,,,,,,,,,,,,,,,,,,,,,,,,,,,,,,,,,,,,,,,,,,,,,,,,,,,,,,,,,,,,,,,,,,,,,,,,,,,,,,,,,,,,,,,,,,,,,,,,,,,,,,,,,,,,,,,,,,,,,,,,,,,,,,,,,,,,,,,,,,,,,,,,,,,,,,,,,,,,,,,,,,,,,,,,,,,,,,,,,,,,,,,,,,,,,,,,,,,,,,,,,
,,,,,,,,,,,,,,,,,,,,,,,,,,,,,,,,,,,,,,,,,,,,,,,,,,,,,,,,,,,,,,,,,,,,,,,,,,,,,,,,,,,,,,,,,,,,,,,,,,,,,,,,,,,,,,,,,,,,,,,,,,,,,,,,,,,,,,,,,,,,,,,,,,,,,,,,,,,,,,,,,,,,,,,,,,,,,,,,,,,,,,,,,,,,,,,,,,,,,,,,,,,,,,,,,,,,,,,,,,,,,,,,
,,,,,,,,,,,,,,,,,,,,,,,,,,,,,,,,,,,,,,,,,,,,,,,,,,,,,,,,,,,,,,,,,,,,,,,,,,,,,,,,,,,,,,,,,,,,,,,,,,,,,,,,,,,,,,,,,,,,,,,,,,,,,,,,,,,,,,,,,,,,,,,,,,,,,,,,,,,,,,,,,,,,,,,,,,,,,,,,,,,,,,,,,,,,,,,,,,,,,,,,,,,,,,,,,,,,,,,,,,,,,,,,
,,,,,,,,,,,,,,,,,,,,,,,,,,,,,,,,,,,,,,,,,,,,,,,,,,,,,,,,,,,,,,,,,,,,,,,,,,,,,,,,,,,,,,,,,,,,,,,,,,,,,,,,,,,,,,,,,,,,,,,,,,,,,,,,,,,,,,,,,,,,,,,,,,,,,,,,,,,,,,,,,,,,,,,,,,,,,,,,,,,,,,,,,,,,,,,,,,,,,,,,,,,,,,,,,,,,,,,,,,,,,,,,
,,,,,,,,,,,,,,,,,,,,,,,,,,,,,,,,,,,,,,,,,,,,,,,,,,,,,,,,,,,,,,,,,,,,,,,,,,,,,,,,,,,,,,,,,,,,,,,,,,,,,,,,,,,,,,,,,,,,,,,,,,,,,,,,,,,,,,,,,,,,,,,,,,,,,,,,,,,,,,,,,,,,,,,,,,,,,,,,,,,,,,,,,,,,,,,,,,,,,,,,,,,,,,,,,,,,,,,,,,,,,,,,
,,,,,,,,,,,,,,,,,,,,,,,,,,,,,,,,,,,,,,,,,,,,,,,,,,,,,,,,,,,,,,,,,,,,,,,,,,,,,,,,,,,,,,,,,,,,,,,,,,,,,,,,,,,,,,,,,,,,,,,,,,,,,,,,,,,,,,,,,,,,,,,,,,,,,,,,,,,,,,,,,,,,,,,,,,,,,,,,,,,,,,,,,,,,,,,,,,,,,,,,,,,,,,,,,,,,,,,,,,,,,,,,
,,,,,,,,,,,,,,,,,,,,,,,,,,,,,,,,,,,,,,,,,,,,,,,,,,,,,,,,,,,,,,,,,,,,,,,,,,,,,,,,,,,,,,,,,,,,,,,,,,,,,,,,,,,,,,,,,,,,,,,,,,,,,,,,,,,,,,,,,,,,,,,,,,,,,,,,,,,,,,,,,,,,,,,,,,,,,,,,,,,,,,,,,,,,,,,,,,,,,,,,,,,,,,,,,,,,,,,,,,,,,,,,
,,,,,,,,,,,,,,,,,,,,,,,,,,,,,,,,,,,,,,,,,,,,,,,,,,,,,,,,,,,,,,,,,,,,,,,,,,,,,,,,,,,,,,,,,,,,,,,,,,,,,,,,,,,,,,,,,,,,,,,,,,,,,,,,,,,,,,,,,,,,,,,,,,,,,,,,,,,,,,,,,,,,,,,,,,,,,,,,,,,,,,,,,,,,,,,,,,,,,,,,,,,,,,,,,,,,,,,,,,,,,,,,
,,,,,,,,,,,,,,,,,,,,,,,,,,,,,,,,,,,,,,,,,,,,,,,,,,,,,,,,,,,,,,,,,,,,,,,,,,,,,,,,,,,,,,,,,,,,,,,,,,,,,,,,,,,,,,,,,,,,,,,,,,,,,,,,,,,,,,,,,,,,,,,,,,,,,,,,,,,,,,,,,,,,,,,,,,,,,,,,,,,,,,,,,,,,,,,,,,,,,,,,,,,,,,,,,,,,,,,,,,,,,,,,
,,,,,,,,,,,,,,,,,,,,,,,,,,,,,,,,,,,,,,,,,,,,,,,,,,,,,,,,,,,,,,,,,,,,,,,,,,,,,,,,,,,,,,,,,,,,,,,,,,,,,,,,,,,,,,,,,,,,,,,,,,,,,,,,,,,,,,,,,,,,,,,,,,,,,,,,,,,,,,,,,,,,,,,,,,,,,,,,,,,,,,,,,,,,,,,,,,,,,,,,,,,,,,,,,,,,,,,,,,,,,,,,
,,,,,,,,,,,,,,,,,,,,,,,,,,,,,,,,,,,,,,,,,,,,,,,,,,,,,,,,,,,,,,,,,,,,,,,,,,,,,,,,,,,,,,,,,,,,,,,,,,,,,,,,,,,,,,,,,,,,,,,,,,,,,,,,,,,,,,,,,,,,,,,,,,,,,,,,,,,,,,,,,,,,,,,,,,,,,,,,,,,,,,,,,,,,,,,,,,,,,,,,,,,,,,,,,,,,,,,,,,,,,,,,
,,,,,,,,,,,,,,,,,,,,,,,,,,,,,,,,,,,,,,,,,,,,,,,,,,,,,,,,,,,,,,,,,,,,,,,,,,,,,,,,,,,,,,,,,,,,,,,,,,,,,,,,,,,,,,,,,,,,,,,,,,,,,,,,,,,,,,,,,,,,,,,,,,,,,,,,,,,,,,,,,,,,,,,,,,,,,,,,,,,,,,,,,,,,,,,,,,,,,,,,,,,,,,,,,,,,,,,,,,,,,,,,
,,,,,,,,,,,,,,,,,,,,,,,,,,,,,,,,,,,,,,,,,,,,,,,,,,,,,,,,,,,,,,,,,,,,,,,,,,,,,,,,,,,,,,,,,,,,,,,,,,,,,,,,,,,,,,,,,,,,,,,,,,,,,,,,,,,,,,,,,,,,,,,,,,,,,,,,,,,,,,,,,,,,,,,,,,,,,,,,,,,,,,,,,,,,,,,,,,,,,,,,,,,,,,,,,,,,,,,,,,,,,,,,
,,,,,,,,,,,,,,,,,,,,,,,,,,,,,,,,,,,,,,,,,,,,,,,,,,,,,,,,,,,,,,,,,,,,,,,,,,,,,,,,,,,,,,,,,,,,,,,,,,,,,,,,,,,,,,,,,,,,,,,,,,,,,,,,,,,,,,,,,,,,,,,,,,,,,,,,,,,,,,,,,,,,,,,,,,,,,,,,,,,,,,,,,,,,,,,,,,,,,,,,,,,,,,,,,,,,,,,,,,,,,,,,
,,,,,,,,,,,,,,,,,,,,,,,,,,,,,,,,,,,,,,,,,,,,,,,,,,,,,,,,,,,,,,,,,,,,,,,,,,,,,,,,,,,,,,,,,,,,,,,,,,,,,,,,,,,,,,,,,,,,,,,,,,,,,,,,,,,,,,,,,,,,,,,,,,,,,,,,,,,,,,,,,,,,,,,,,,,,,,,,,,,,,,,,,,,,,,,,,,,,,,,,,,,,,,,,,,,,,,,,,,,,,,,,
,,,,,,,,,,,,,,,,,,,,,,,,,,,,,,,,,,,,,,,,,,,,,,,,,,,,,,,,,,,,,,,,,,,,,,,,,,,,,,,,,,,,,,,,,,,,,,,,,,,,,,,,,,,,,,,,,,,,,,,,,,,,,,,,,,,,,,,,,,,,,,,,,,,,,,,,,,,,,,,,,,,,,,,,,,,,,,,,,,,,,,,,,,,,,,,,,,,,,,,,,,,,,,,,,,,,,,,,,,,,,,,,
,,,,,,,,,,,,,,,,,,,,,,,,,,,,,,,,,,,,,,,,,,,,,,,,,,,,,,,,,,,,,,,,,,,,,,,,,,,,,,,,,,,,,,,,,,,,,,,,,,,,,,,,,,,,,,,,,,,,,,,,,,,,,,,,,,,,,,,,,,,,,,,,,,,,,,,,,,,,,,,,,,,,,,,,,,,,,,,,,,,,,,,,,,,,,,,,,,,,,,,,,,,,,,,,,,,,,,,,,,,,,,,,
,,,,,,,,,,,,,,,,,,,,,,,,,,,,,,,,,,,,,,,,,,,,,,,,,,,,,,,,,,,,,,,,,,,,,,,,,,,,,,,,,,,,,,,,,,,,,,,,,,,,,,,,,,,,,,,,,,,,,,,,,,,,,,,,,,,,,,,,,,,,,,,,,,,,,,,,,,,,,,,,,,,,,,,,,,,,,,,,,,,,,,,,,,,,,,,,,,,,,,,,,,,,,,,,,,,,,,,,,,,,,,,,
,,,,,,,,,,,,,,,,,,,,,,,,,,,,,,,,,,,,,,,,,,,,,,,,,,,,,,,,,,,,,,,,,,,,,,,,,,,,,,,,,,,,,,,,,,,,,,,,,,,,,,,,,,,,,,,,,,,,,,,,,,,,,,,,,,,,,,,,,,,,,,,,,,,,,,,,,,,,,,,,,,,,,,,,,,,,,,,,,,,,,,,,,,,,,,,,,,,,,,,,,,,,,,,,,,,,,,,,,,,,,,,,
,,,,,,,,,,,,,,,,,,,,,,,,,,,,,,,,,,,,,,,,,,,,,,,,,,,,,,,,,,,,,,,,,,,,,,,,,,,,,,,,,,,,,,,,,,,,,,,,,,,,,,,,,,,,,,,,,,,,,,,,,,,,,,,,,,,,,,,,,,,,,,,,,,,,,,,,,,,,,,,,,,,,,,,,,,,,,,,,,,,,,,,,,,,,,,,,,,,,,,,,,,,,,,,,,,,,,,,,,,,,,,,,
,,,,,,,,,,,,,,,,,,,,,,,,,,,,,,,,,,,,,,,,,,,,,,,,,,,,,,,,,,,,,,,,,,,,,,,,,,,,,,,,,,,,,,,,,,,,,,,,,,,,,,,,,,,,,,,,,,,,,,,,,,,,,,,,,,,,,,,,,,,,,,,,,,,,,,,,,,,,,,,,,,,,,,,,,,,,,,,,,,,,,,,,,,,,,,,,,,,,,,,,,,,,,,,,,,,,,,,,,,,,,,,,
,,,,,,,,,,,,,,,,,,,,,,,,,,,,,,,,,,,,,,,,,,,,,,,,,,,,,,,,,,,,,,,,,,,,,,,,,,,,,,,,,,,,,,,,,,,,,,,,,,,,,,,,,,,,,,,,,,,,,,,,,,,,,,,,,,,,,,,,,,,,,,,,,,,,,,,,,,,,,,,,,,,,,,,,,,,,,,,,,,,,,,,,,,,,,,,,,,,,,,,,,,,,,,,,,,,,,,,,,,,,,,,,
,,,,,,,,,,,,,,,,,,,,,,,,,,,,,,,,,,,,,,,,,,,,,,,,,,,,,,,,,,,,,,,,,,,,,,,,,,,,,,,,,,,,,,,,,,,,,,,,,,,,,,,,,,,,,,,,,,,,,,,,,,,,,,,,,,,,,,,,,,,,,,,,,,,,,,,,,,,,,,,,,,,,,,,,,,,,,,,,,,,,,,,,,,,,,,,,,,,,,,,,,,,,,,,,,,,,,,,,,,,,,,,,
,,,,,,,,,,,,,,,,,,,,,,,,,,,,,,,,,,,,,,,,,,,,,,,,,,,,,,,,,,,,,,,,,,,,,,,,,,,,,,,,,,,,,,,,,,,,,,,,,,,,,,,,,,,,,,,,,,,,,,,,,,,,,,,,,,,,,,,,,,,,,,,,,,,,,,,,,,,,,,,,,,,,,,,,,,,,,,,,,,,,,,,,,,,,,,,,,,,,,,,,,,,,,,,,,,,,,,,,,,,,,,,,
,,,,,,,,,,,,,,,,,,,,,,,,,,,,,,,,,,,,,,,,,,,,,,,,,,,,,,,,,,,,,,,,,,,,,,,,,,,,,,,,,,,,,,,,,,,,,,,,,,,,,,,,,,,,,,,,,,,,,,,,,,,,,,,,,,,,,,,,,,,,,,,,,,,,,,,,,,,,,,,,,,,,,,,,,,,,,,,,,,,,,,,,,,,,,,,,,,,,,,,,,,,,,,,,,,,,,,,,,,,,,,,,
,,,,,,,,,,,,,,,,,,,,,,,,,,,,,,,,,,,,,,,,,,,,,,,,,,,,,,,,,,,,,,,,,,,,,,,,,,,,,,,,,,,,,,,,,,,,,,,,,,,,,,,,,,,,,,,,,,,,,,,,,,,,,,,,,,,,,,,,,,,,,,,,,,,,,,,,,,,,,,,,,,,,,,,,,,,,,,,,,,,,,,,,,,,,,,,,,,,,,,,,,,,,,,,,,,,,,,,,,,,,,,,,
,,,,,,,,,,,,,,,,,,,,,,,,,,,,,,,,,,,,,,,,,,,,,,,,,,,,,,,,,,,,,,,,,,,,,,,,,,,,,,,,,,,,,,,,,,,,,,,,,,,,,,,,,,,,,,,,,,,,,,,,,,,,,,,,,,,,,,,,,,,,,,,,,,,,,,,,,,,,,,,,,,,,,,,,,,,,,,,,,,,,,,,,,,,,,,,,,,,,,,,,,,,,,,,,,,,,,,,,,,,,,,,,
,,,,,,,,,,,,,,,,,,,,,,,,,,,,,,,,,,,,,,,,,,,,,,,,,,,,,,,,,,,,,,,,,,,,,,,,,,,,,,,,,,,,,,,,,,,,,,,,,,,,,,,,,,,,,,,,,,,,,,,,,,,,,,,,,,,,,,,,,,,,,,,,,,,,,,,,,,,,,,,,,,,,,,,,,,,,,,,,,,,,,,,,,,,,,,,,,,,,,,,,,,,,,,,,,,,,,,,,,,,,,,,,
,,,,,,,,,,,,,,,,,,,,,,,,,,,,,,,,,,,,,,,,,,,,,,,,,,,,,,,,,,,,,,,,,,,,,,,,,,,,,,,,,,,,,,,,,,,,,,,,,,,,,,,,,,,,,,,,,,,,,,,,,,,,,,,,,,,,,,,,,,,,,,,,,,,,,,,,,,,,,,,,,,,,,,,,,,,,,,,,,,,,,,,,,,,,,,,,,,,,,,,,,,,,,,,,,,,,,,,,,,,,,,,,
,,,,,,,,,,,,,,,,,,,,,,,,,,,,,,,,,,,,,,,,,,,,,,,,,,,,,,,,,,,,,,,,,,,,,,,,,,,,,,,,,,,,,,,,,,,,,,,,,,,,,,,,,,,,,,,,,,,,,,,,,,,,,,,,,,,,,,,,,,,,,,,,,,,,,,,,,,,,,,,,,,,,,,,,,,,,,,,,,,,,,,,,,,,,,,,,,,,,,,,,,,,,,,,,,,,,,,,,,,,,,,,,
,,,,,,,,,,,,,,,,,,,,,,,,,,,,,,,,,,,,,,,,,,,,,,,,,,,,,,,,,,,,,,,,,,,,,,,,,,,,,,,,,,,,,,,,,,,,,,,,,,,,,,,,,,,,,,,,,,,,,,,,,,,,,,,,,,,,,,,,,,,,,,,,,,,,,,,,,,,,,,,,,,,,,,,,,,,,,,,,,,,,,,,,,,,,,,,,,,,,,,,,,,,,,,,,,,,,,,,,,,,,,,,,
,,,,,,,,,,,,,,,,,,,,,,,,,,,,,,,,,,,,,,,,,,,,,,,,,,,,,,,,,,,,,,,,,,,,,,,,,,,,,,,,,,,,,,,,,,,,,,,,,,,,,,,,,,,,,,,,,,,,,,,,,,,,,,,,,,,,,,,,,,,,,,,,,,,,,,,,,,,,,,,,,,,,,,,,,,,,,,,,,,,,,,,,,,,,,,,,,,,,,,,,,,,,,,,,,,,,,,,,,,,,,,,,
,,,,,,,,,,,,,,,,,,,,,,,,,,,,,,,,,,,,,,,,,,,,,,,,,,,,,,,,,,,,,,,,,,,,,,,,,,,,,,,,,,,,,,,,,,,,,,,,,,,,,,,,,,,,,,,,,,,,,,,,,,,,,,,,,,,,,,,,,,,,,,,,,,,,,,,,,,,,,,,,,,,,,,,,,,,,,,,,,,,,,,,,,,,,,,,,,,,,,,,,,,,,,,,,,,,,,,,,,,,,,,,,
,,,,,,,,,,,,,,,,,,,,,,,,,,,,,,,,,,,,,,,,,,,,,,,,,,,,,,,,,,,,,,,,,,,,,,,,,,,,,,,,,,,,,,,,,,,,,,,,,,,,,,,,,,,,,,,,,,,,,,,,,,,,,,,,,,,,,,,,,,,,,,,,,,,,,,,,,,,,,,,,,,,,,,,,,,,,,,,,,,,,,,,,,,,,,,,,,,,,,,,,,,,,,,,,,,,,,,,,,,,,,,,,
,,,,,,,,,,,,,,,,,,,,,,,,,,,,,,,,,,,,,,,,,,,,,,,,,,,,,,,,,,,,,,,,,,,,,,,,,,,,,,,,,,,,,,,,,,,,,,,,,,,,,,,,,,,,,,,,,,,,,,,,,,,,,,,,,,,,,,,,,,,,,,,,,,,,,,,,,,,,,,,,,,,,,,,,,,,,,,,,,,,,,,,,,,,,,,,,,,,,,,,,,,,,,,,,,,,,,,,,,,,,,,,,
,,,,,,,,,,,,,,,,,,,,,,,,,,,,,,,,,,,,,,,,,,,,,,,,,,,,,,,,,,,,,,,,,,,,,,,,,,,,,,,,,,,,,,,,,,,,,,,,,,,,,,,,,,,,,,,,,,,,,,,,,,,,,,,,,,,,,,,,,,,,,,,,,,,,,,,,,,,,,,,,,,,,,,,,,,,,,,,,,,,,,,,,,,,,,,,,,,,,,,,,,,,,,,,,,,,,,,,,,,,,,,,,
,,,,,,,,,,,,,,,,,,,,,,,,,,,,,,,,,,,,,,,,,,,,,,,,,,,,,,,,,,,,,,,,,,,,,,,,,,,,,,,,,,,,,,,,,,,,,,,,,,,,,,,,,,,,,,,,,,,,,,,,,,,,,,,,,,,,,,,,,,,,,,,,,,,,,,,,,,,,,,,,,,,,,,,,,,,,,,,,,,,,,,,,,,,,,,,,,,,,,,,,,,,,,,,,,,,,,,,,,,,,,,,,
,,,,,,,,,,,,,,,,,,,,,,,,,,,,,,,,,,,,,,,,,,,,,,,,,,,,,,,,,,,,,,,,,,,,,,,,,,,,,,,,,,,,,,,,,,,,,,,,,,,,,,,,,,,,,,,,,,,,,,,,,,,,,,,,,,,,,,,,,,,,,,,,,,,,,,,,,,,,,,,,,,,,,,,,,,,,,,,,,,,,,,,,,,,,,,,,,,,,,,,,,,,,,,,,,,,,,,,,,,,,,,,,
,,,,,,,,,,,,,,,,,,,,,,,,,,,,,,,,,,,,,,,,,,,,,,,,,,,,,,,,,,,,,,,,,,,,,,,,,,,,,,,,,,,,,,,,,,,,,,,,,,,,,,,,,,,,,,,,,,,,,,,,,,,,,,,,,,,,,,,,,,,,,,,,,,,,,,,,,,,,,,,,,,,,,,,,,,,,,,,,,,,,,,,,,,,,,,,,,,,,,,,,,,,,,,,,,,,,,,,,,,,,,,,,
,,,,,,,,,,,,,,,,,,,,,,,,,,,,,,,,,,,,,,,,,,,,,,,,,,,,,,,,,,,,,,,,,,,,,,,,,,,,,,,,,,,,,,,,,,,,,,,,,,,,,,,,,,,,,,,,,,,,,,,,,,,,,,,,,,,,,,,,,,,,,,,,,,,,,,,,,,,,,,,,,,,,,,,,,,,,,,,,,,,,,,,,,,,,,,,,,,,,,,,,,,,,,,,,,,,,,,,,,,,,,,,,
,,,,,,,,,,,,,,,,,,,,,,,,,,,,,,,,,,,,,,,,,,,,,,,,,,,,,,,,,,,,,,,,,,,,,,,,,,,,,,,,,,,,,,,,,,,,,,,,,,,,,,,,,,,,,,,,,,,,,,,,,,,,,,,,,,,,,,,,,,,,,,,,,,,,,,,,,,,,,,,,,,,,,,,,,,,,,,,,,,,,,,,,,,,,,,,,,,,,,,,,,,,,,,,,,,,,,,,,,,,,,,,,
,,,,,,,,,,,,,,,,,,,,,,,,,,,,,,,,,,,,,,,,,,,,,,,,,,,,,,,,,,,,,,,,,,,,,,,,,,,,,,,,,,,,,,,,,,,,,,,,,,,,,,,,,,,,,,,,,,,,,,,,,,,,,,,,,,,,,,,,,,,,,,,,,,,,,,,,,,,,,,,,,,,,,,,,,,,,,,,,,,,,,,,,,,,,,,,,,,,,,,,,,,,,,,,,,,,,,,,,,,,,,,,,
,,,,,,,,,,,,,,,,,,,,,,,,,,,,,,,,,,,,,,,,,,,,,,,,,,,,,,,,,,,,,,,,,,,,,,,,,,,,,,,,,,,,,,,,,,,,,,,,,,,,,,,,,,,,,,,,,,,,,,,,,,,,,,,,,,,,,,,,,,,,,,,,,,,,,,,,,,,,,,,,,,,,,,,,,,,,,,,,,,,,,,,,,,,,,,,,,,,,,,,,,,,,,,,,,,,,,,,,,,,,,,,,
,,,,,,,,,,,,,,,,,,,,,,,,,,,,,,,,,,,,,,,,,,,,,,,,,,,,,,,,,,,,,,,,,,,,,,,,,,,,,,,,,,,,,,,,,,,,,,,,,,,,,,,,,,,,,,,,,,,,,,,,,,,,,,,,,,,,,,,,,,,,,,,,,,,,,,,,,,,,,,,,,,,,,,,,,,,,,,,,,,,,,,,,,,,,,,,,,,,,,,,,,,,,,,,,,,,,,,,,,,,,,,,,
,,,,,,,,,,,,,,,,,,,,,,,,,,,,,,,,,,,,,,,,,,,,,,,,,,,,,,,,,,,,,,,,,,,,,,,,,,,,,,,,,,,,,,,,,,,,,,,,,,,,,,,,,,,,,,,,,,,,,,,,,,,,,,,,,,,,,,,,,,,,,,,,,,,,,,,,,,,,,,,,,,,,,,,,,,,,,,,,,,,,,,,,,,,,,,,,,,,,,,,,,,,,,,,,,,,,,,,,,,,,,,,,
,,,,,,,,,,,,,,,,,,,,,,,,,,,,,,,,,,,,,,,,,,,,,,,,,,,,,,,,,,,,,,,,,,,,,,,,,,,,,,,,,,,,,,,,,,,,,,,,,,,,,,,,,,,,,,,,,,,,,,,,,,,,,,,,,,,,,,,,,,,,,,,,,,,,,,,,,,,,,,,,,,,,,,,,,,,,,,,,,,,,,,,,,,,,,,,,,,,,,,,,,,,,,,,,,,,,,,,,,,,,,,,,
,,,,,,,,,,,,,,,,,,,,,,,,,,,,,,,,,,,,,,,,,,,,,,,,,,,,,,,,,,,,,,,,,,,,,,,,,,,,,,,,,,,,,,,,,,,,,,,,,,,,,,,,,,,,,,,,,,,,,,,,,,,,,,,,,,,,,,,,,,,,,,,,,,,,,,,,,,,,,,,,,,,,,,,,,,,,,,,,,,,,,,,,,,,,,,,,,,,,,,,,,,,,,,,,,,,,,,,,,,,,,,,,
,,,,,,,,,,,,,,,,,,,,,,,,,,,,,,,,,,,,,,,,,,,,,,,,,,,,,,,,,,,,,,,,,,,,,,,,,,,,,,,,,,,,,,,,,,,,,,,,,,,,,,,,,,,,,,,,,,,,,,,,,,,,,,,,,,,,,,,,,,,,,,,,,,,,,,,,,,,,,,,,,,,,,,,,,,,,,,,,,,,,,,,,,,,,,,,,,,,,,,,,,,,,,,,,,,,,,,,,,,,,,,,,
,,,,,,,,,,,,,,,,,,,,,,,,,,,,,,,,,,,,,,,,,,,,,,,,,,,,,,,,,,,,,,,,,,,,,,,,,,,,,,,,,,,,,,,,,,,,,,,,,,,,,,,,,,,,,,,,,,,,,,,,,,,,,,,,,,,,,,,,,,,,,,,,,,,,,,,,,,,,,,,,,,,,,,,,,,,,,,,,,,,,,,,,,,,,,,,,,,,,,,,,,,,,,,,,,,,,,,,,,,,,,,,,
,,,,,,,,,,,,,,,,,,,,,,,,,,,,,,,,,,,,,,,,,,,,,,,,,,,,,,,,,,,,,,,,,,,,,,,,,,,,,,,,,,,,,,,,,,,,,,,,,,,,,,,,,,,,,,,,,,,,,,,,,,,,,,,,,,,,,,,,,,,,,,,,,,,,,,,,,,,,,,,,,,,,,,,,,,,,,,,,,,,,,,,,,,,,,,,,,,,,,,,,,,,,,,,,,,,,,,,,,,,,,,,,
,,,,,,,,,,,,,,,,,,,,,,,,,,,,,,,,,,,,,,,,,,,,,,,,,,,,,,,,,,,,,,,,,,,,,,,,,,,,,,,,,,,,,,,,,,,,,,,,,,,,,,,,,,,,,,,,,,,,,,,,,,,,,,,,,,,,,,,,,,,,,,,,,,,,,,,,,,,,,,,,,,,,,,,,,,,,,,,,,,,,,,,,,,,,,,,,,,,,,,,,,,,,,,,,,,,,,,,,,,,,,,,,
,,,,,,,,,,,,,,,,,,,,,,,,,,,,,,,,,,,,,,,,,,,,,,,,,,,,,,,,,,,,,,,,,,,,,,,,,,,,,,,,,,,,,,,,,,,,,,,,,,,,,,,,,,,,,,,,,,,,,,,,,,,,,,,,,,,,,,,,,,,,,,,,,,,,,,,,,,,,,,,,,,,,,,,,,,,,,,,,,,,,,,,,,,,,,,,,,,,,,,,,,,,,,,,,,,,,,,,,,,,,,,,,
,,,,,,,,,,,,,,,,,,,,,,,,,,,,,,,,,,,,,,,,,,,,,,,,,,,,,,,,,,,,,,,,,,,,,,,,,,,,,,,,,,,,,,,,,,,,,,,,,,,,,,,,,,,,,,,,,,,,,,,,,,,,,,,,,,,,,,,,,,,,,,,,,,,,,,,,,,,,,,,,,,,,,,,,,,,,,,,,,,,,,,,,,,,,,,,,,,,,,,,,,,,,,,,,,,,,,,,,,,,,,,,,
,,,,,,,,,,,,,,,,,,,,,,,,,,,,,,,,,,,,,,,,,,,,,,,,,,,,,,,,,,,,,,,,,,,,,,,,,,,,,,,,,,,,,,,,,,,,,,,,,,,,,,,,,,,,,,,,,,,,,,,,,,,,,,,,,,,,,,,,,,,,,,,,,,,,,,,,,,,,,,,,,,,,,,,,,,,,,,,,,,,,,,,,,,,,,,,,,,,,,,,,,,,,,,,,,,,,,,,,,,,,,,,,
,,,,,,,,,,,,,,,,,,,,,,,,,,,,,,,,,,,,,,,,,,,,,,,,,,,,,,,,,,,,,,,,,,,,,,,,,,,,,,,,,,,,,,,,,,,,,,,,,,,,,,,,,,,,,,,,,,,,,,,,,,,,,,,,,,,,,,,,,,,,,,,,,,,,,,,,,,,,,,,,,,,,,,,,,,,,,,,,,,,,,,,,,,,,,,,,,,,,,,,,,,,,,,,,,,,,,,,,,,,,,,,,
,,,,,,,,,,,,,,,,,,,,,,,,,,,,,,,,,,,,,,,,,,,,,,,,,,,,,,,,,,,,,,,,,,,,,,,,,,,,,,,,,,,,,,,,,,,,,,,,,,,,,,,,,,,,,,,,,,,,,,,,,,,,,,,,,,,,,,,,,,,,,,,,,,,,,,,,,,,,,,,,,,,,,,,,,,,,,,,,,,,,,,,,,,,,,,,,,,,,,,,,,,,,,,,,,,,,,,,,,,,,,,,,
,,,,,,,,,,,,,,,,,,,,,,,,,,,,,,,,,,,,,,,,,,,,,,,,,,,,,,,,,,,,,,,,,,,,,,,,,,,,,,,,,,,,,,,,,,,,,,,,,,,,,,,,,,,,,,,,,,,,,,,,,,,,,,,,,,,,,,,,,,,,,,,,,,,,,,,,,,,,,,,,,,,,,,,,,,,,,,,,,,,,,,,,,,,,,,,,,,,,,,,,,,,,,,,,,,,,,,,,,,,,,,,,
,,,,,,,,,,,,,,,,,,,,,,,,,,,,,,,,,,,,,,,,,,,,,,,,,,,,,,,,,,,,,,,,,,,,,,,,,,,,,,,,,,,,,,,,,,,,,,,,,,,,,,,,,,,,,,,,,,,,,,,,,,,,,,,,,,,,,,,,,,,,,,,,,,,,,,,,,,,,,,,,,,,,,,,,,,,,,,,,,,,,,,,,,,,,,,,,,,,,,,,,,,,,,,,,,,,,,,,,,,,,,,,,
,,,,,,,,,,,,,,,,,,,,,,,,,,,,,,,,,,,,,,,,,,,,,,,,,,,,,,,,,,,,,,,,,,,,,,,,,,,,,,,,,,,,,,,,,,,,,,,,,,,,,,,,,,,,,,,,,,,,,,,,,,,,,,,,,,,,,,,,,,,,,,,,,,,,,,,,,,,,,,,,,,,,,,,,,,,,,,,,,,,,,,,,,,,,,,,,,,,,,,,,,,,,,,,,,,,,,,,,,,,,,,,,
,,,,,,,,,,,,,,,,,,,,,,,,,,,,,,,,,,,,,,,,,,,,,,,,,,,,,,,,,,,,,,,,,,,,,,,,,,,,,,,,,,,,,,,,,,,,,,,,,,,,,,,,,,,,,,,,,,,,,,,,,,,,,,,,,,,,,,,,,,,,,,,,,,,,,,,,,,,,,,,,,,,,,,,,,,,,,,,,,,,,,,,,,,,,,,,,,,,,,,,,,,,,,,,,,,,,,,,,,,,,,,,,
,,,,,,,,,,,,,,,,,,,,,,,,,,,,,,,,,,,,,,,,,,,,,,,,,,,,,,,,,,,,,,,,,,,,,,,,,,,,,,,,,,,,,,,,,,,,,,,,,,,,,,,,,,,,,,,,,,,,,,,,,,,,,,,,,,,,,,,,,,,,,,,,,,,,,,,,,,,,,,,,,,,,,,,,,,,,,,,,,,,,,,,,,,,,,,,,,,,,,,,,,,,,,,,,,,,,,,,,,,,,,,,,
,,,,,,,,,,,,,,,,,,,,,,,,,,,,,,,,,,,,,,,,,,,,,,,,,,,,,,,,,,,,,,,,,,,,,,,,,,,,,,,,,,,,,,,,,,,,,,,,,,,,,,,,,,,,,,,,,,,,,,,,,,,,,,,,,,,,,,,,,,,,,,,,,,,,,,,,,,,,,,,,,,,,,,,,,,,,,,,,,,,,,,,,,,,,,,,,,,,,,,,,,,,,,,,,,,,,,,,,,,,,,,,,
,,,,,,,,,,,,,,,,,,,,,,,,,,,,,,,,,,,,,,,,,,,,,,,,,,,,,,,,,,,,,,,,,,,,,,,,,,,,,,,,,,,,,,,,,,,,,,,,,,,,,,,,,,,,,,,,,,,,,,,,,,,,,,,,,,,,,,,,,,,,,,,,,,,,,,,,,,,,,,,,,,,,,,,,,,,,,,,,,,,,,,,,,,,,,,,,,,,,,,,,,,,,,,,,,,,,,,,,,,,,,,,,
,,,,,,,,,,,,,,,,,,,,,,,,,,,,,,,,,,,,,,,,,,,,,,,,,,,,,,,,,,,,,,,,,,,,,,,,,,,,,,,,,,,,,,,,,,,,,,,,,,,,,,,,,,,,,,,,,,,,,,,,,,,,,,,,,,,,,,,,,,,,,,,,,,,,,,,,,,,,,,,,,,,,,,,,,,,,,,,,,,,,,,,,,,,,,,,,,,,,,,,,,,,,,,,,,,,,,,,,,,,,,,,,
,,,,,,,,,,,,,,,,,,,,,,,,,,,,,,,,,,,,,,,,,,,,,,,,,,,,,,,,,,,,,,,,,,,,,,,,,,,,,,,,,,,,,,,,,,,,,,,,,,,,,,,,,,,,,,,,,,,,,,,,,,,,,,,,,,,,,,,,,,,,,,,,,,,,,,,,,,,,,,,,,,,,,,,,,,,,,,,,,,,,,,,,,,,,,,,,,,,,,,,,,,,,,,,,,,,,,,,,,,,,,,,,
,,,,,,,,,,,,,,,,,,,,,,,,,,,,,,,,,,,,,,,,,,,,,,,,,,,,,,,,,,,,,,,,,,,,,,,,,,,,,,,,,,,,,,,,,,,,,,,,,,,,,,,,,,,,,,,,,,,,,,,,,,,,,,,,,,,,,,,,,,,,,,,,,,,,,,,,,,,,,,,,,,,,,,,,,,,,,,,,,,,,,,,,,,,,,,,,,,,,,,,,,,,,,,,,,,,,,,,,,,,,,,,,
,,,,,,,,,,,,,,,,,,,,,,,,,,,,,,,,,,,,,,,,,,,,,,,,,,,,,,,,,,,,,,,,,,,,,,,,,,,,,,,,,,,,,,,,,,,,,,,,,,,,,,,,,,,,,,,,,,,,,,,,,,,,,,,,,,,,,,,,,,,,,,,,,,,,,,,,,,,,,,,,,,,,,,,,,,,,,,,,,,,,,,,,,,,,,,,,,,,,,,,,,,,,,,,,,,,,,,,,,,,,,,,,
,,,,,,,,,,,,,,,,,,,,,,,,,,,,,,,,,,,,,,,,,,,,,,,,,,,,,,,,,,,,,,,,,,,,,,,,,,,,,,,,,,,,,,,,,,,,,,,,,,,,,,,,,,,,,,,,,,,,,,,,,,,,,,,,,,,,,,,,,,,,,,,,,,,,,,,,,,,,,,,,,,,,,,,,,,,,,,,,,,,,,,,,,,,,,,,,,,,,,,,,,,,,,,,,,,,,,,,,,,,,,,,,
,,,,,,,,,,,,,,,,,,,,,,,,,,,,,,,,,,,,,,,,,,,,,,,,,,,,,,,,,,,,,,,,,,,,,,,,,,,,,,,,,,,,,,,,,,,,,,,,,,,,,,,,,,,,,,,,,,,,,,,,,,,,,,,,,,,,,,,,,,,,,,,,,,,,,,,,,,,,,,,,,,,,,,,,,,,,,,,,,,,,,,,,,,,,,,,,,,,,,,,,,,,,,,,,,,,,,,,,,,,,,,,,
,,,,,,,,,,,,,,,,,,,,,,,,,,,,,,,,,,,,,,,,,,,,,,,,,,,,,,,,,,,,,,,,,,,,,,,,,,,,,,,,,,,,,,,,,,,,,,,,,,,,,,,,,,,,,,,,,,,,,,,,,,,,,,,,,,,,,,,,,,,,,,,,,,,,,,,,,,,,,,,,,,,,,,,,,,,,,,,,,,,,,,,,,,,,,,,,,,,,,,,,,,,,,,,,,,,,,,,,,,,,,,,,
,,,,,,,,,,,,,,,,,,,,,,,,,,,,,,,,,,,,,,,,,,,,,,,,,,,,,,,,,,,,,,,,,,,,,,,,,,,,,,,,,,,,,,,,,,,,,,,,,,,,,,,,,,,,,,,,,,,,,,,,,,,,,,,,,,,,,,,,,,,,,,,,,,,,,,,,,,,,,,,,,,,,,,,,,,,,,,,,,,,,,,,,,,,,,,,,,,,,,,,,,,,,,,,,,,,,,,,,,,,,,,,,
,,,,,,,,,,,,,,,,,,,,,,,,,,,,,,,,,,,,,,,,,,,,,,,,,,,,,,,,,,,,,,,,,,,,,,,,,,,,,,,,,,,,,,,,,,,,,,,,,,,,,,,,,,,,,,,,,,,,,,,,,,,,,,,,,,,,,,,,,,,,,,,,,,,,,,,,,,,,,,,,,,,,,,,,,,,,,,,,,,,,,,,,,,,,,,,,,,,,,,,,,,,,,,,,,,,,,,,,,,,,,,,,
,,,,,,,,,,,,,,,,,,,,,,,,,,,,,,,,,,,,,,,,,,,,,,,,,,,,,,,,,,,,,,,,,,,,,,,,,,,,,,,,,,,,,,,,,,,,,,,,,,,,,,,,,,,,,,,,,,,,,,,,,,,,,,,,,,,,,,,,,,,,,,,,,,,,,,,,,,,,,,,,,,,,,,,,,,,,,,,,,,,,,,,,,,,,,,,,,,,,,,,,,,,,,,,,,,,,,,,,,,,,,,,,
,,,,,,,,,,,,,,,,,,,,,,,,,,,,,,,,,,,,,,,,,,,,,,,,,,,,,,,,,,,,,,,,,,,,,,,,,,,,,,,,,,,,,,,,,,,,,,,,,,,,,,,,,,,,,,,,,,,,,,,,,,,,,,,,,,,,,,,,,,,,,,,,,,,,,,,,,,,,,,,,,,,,,,,,,,,,,,,,,,,,,,,,,,,,,,,,,,,,,,,,,,,,,,,,,,,,,,,,,,,,,,,,
,,,,,,,,,,,,,,,,,,,,,,,,,,,,,,,,,,,,,,,,,,,,,,,,,,,,,,,,,,,,,,,,,,,,,,,,,,,,,,,,,,,,,,,,,,,,,,,,,,,,,,,,,,,,,,,,,,,,,,,,,,,,,,,,,,,,,,,,,,,,,,,,,,,,,,,,,,,,,,,,,,,,,,,,,,,,,,,,,,,,,,,,,,,,,,,,,,,,,,,,,,,,,,,,,,,,,,,,,,,,,,,,
,,,,,,,,,,,,,,,,,,,,,,,,,,,,,,,,,,,,,,,,,,,,,,,,,,,,,,,,,,,,,,,,,,,,,,,,,,,,,,,,,,,,,,,,,,,,,,,,,,,,,,,,,,,,,,,,,,,,,,,,,,,,,,,,,,,,,,,,,,,,,,,,,,,,,,,,,,,,,,,,,,,,,,,,,,,,,,,,,,,,,,,,,,,,,,,,,,,,,,,,,,,,,,,,,,,,,,,,,,,,,,,,
,,,,,,,,,,,,,,,,,,,,,,,,,,,,,,,,,,,,,,,,,,,,,,,,,,,,,,,,,,,,,,,,,,,,,,,,,,,,,,,,,,,,,,,,,,,,,,,,,,,,,,,,,,,,,,,,,,,,,,,,,,,,,,,,,,,,,,,,,,,,,,,,,,,,,,,,,,,,,,,,,,,,,,,,,,,,,,,,,,,,,,,,,,,,,,,,,,,,,,,,,,,,,,,,,,,,,,,,,,,,,,,,
,,,,,,,,,,,,,,,,,,,,,,,,,,,,,,,,,,,,,,,,,,,,,,,,,,,,,,,,,,,,,,,,,,,,,,,,,,,,,,,,,,,,,,,,,,,,,,,,,,,,,,,,,,,,,,,,,,,,,,,,,,,,,,,,,,,,,,,,,,,,,,,,,,,,,,,,,,,,,,,,,,,,,,,,,,,,,,,,,,,,,,,,,,,,,,,,,,,,,,,,,,,,,,,,,,,,,,,,,,,,,,,,
,,,,,,,,,,,,,,,,,,,,,,,,,,,,,,,,,,,,,,,,,,,,,,,,,,,,,,,,,,,,,,,,,,,,,,,,,,,,,,,,,,,,,,,,,,,,,,,,,,,,,,,,,,,,,,,,,,,,,,,,,,,,,,,,,,,,,,,,,,,,,,,,,,,,,,,,,,,,,,,,,,,,,,,,,,,,,,,,,,,,,,,,,,,,,,,,,,,,,,,,,,,,,,,,,,,,,,,,,,,,,,,,
,,,,,,,,,,,,,,,,,,,,,,,,,,,,,,,,,,,,,,,,,,,,,,,,,,,,,,,,,,,,,,,,,,,,,,,,,,,,,,,,,,,,,,,,,,,,,,,,,,,,,,,,,,,,,,,,,,,,,,,,,,,,,,,,,,,,,,,,,,,,,,,,,,,,,,,,,,,,,,,,,,,,,,,,,,,,,,,,,,,,,,,,,,,,,,,,,,,,,,,,,,,,,,,,,,,,,,,,,,,,,,,,
,,,,,,,,,,,,,,,,,,,,,,,,,,,,,,,,,,,,,,,,,,,,,,,,,,,,,,,,,,,,,,,,,,,,,,,,,,,,,,,,,,,,,,,,,,,,,,,,,,,,,,,,,,,,,,,,,,,,,,,,,,,,,,,,,,,,,,,,,,,,,,,,,,,,,,,,,,,,,,,,,,,,,,,,,,,,,,,,,,,,,,,,,,,,,,,,,,,,,,,,,,,,,,,,,,,,,,,,,,,,,,,,
,,,,,,,,,,,,,,,,,,,,,,,,,,,,,,,,,,,,,,,,,,,,,,,,,,,,,,,,,,,,,,,,,,,,,,,,,,,,,,,,,,,,,,,,,,,,,,,,,,,,,,,,,,,,,,,,,,,,,,,,,,,,,,,,,,,,,,,,,,,,,,,,,,,,,,,,,,,,,,,,,,,,,,,,,,,,,,,,,,,,,,,,,,,,,,,,,,,,,,,,,,,,,,,,,,,,,,,,,,,,,,,,
,,,,,,,,,,,,,,,,,,,,,,,,,,,,,,,,,,,,,,,,,,,,,,,,,,,,,,,,,,,,,,,,,,,,,,,,,,,,,,,,,,,,,,,,,,,,,,,,,,,,,,,,,,,,,,,,,,,,,,,,,,,,,,,,,,,,,,,,,,,,,,,,,,,,,,,,,,,,,,,,,,,,,,,,,,,,,,,,,,,,,,,,,,,,,,,,,,,,,,,,,,,,,,,,,,,,,,,,,,,,,,,,
,,,,,,,,,,,,,,,,,,,,,,,,,,,,,,,,,,,,,,,,,,,,,,,,,,,,,,,,,,,,,,,,,,,,,,,,,,,,,,,,,,,,,,,,,,,,,,,,,,,,,,,,,,,,,,,,,,,,,,,,,,,,,,,,,,,,,,,,,,,,,,,,,,,,,,,,,,,,,,,,,,,,,,,,,,,,,,,,,,,,,,,,,,,,,,,,,,,,,,,,,,,,,,,,,,,,,,,,,,,,,,,,
,,,,,,,,,,,,,,,,,,,,,,,,,,,,,,,,,,,,,,,,,,,,,,,,,,,,,,,,,,,,,,,,,,,,,,,,,,,,,,,,,,,,,,,,,,,,,,,,,,,,,,,,,,,,,,,,,,,,,,,,,,,,,,,,,,,,,,,,,,,,,,,,,,,,,,,,,,,,,,,,,,,,,,,,,,,,,,,,,,,,,,,,,,,,,,,,,,,,,,,,,,,,,,,,,,,,,,,,,,,,,,,,
,,,,,,,,,,,,,,,,,,,,,,,,,,,,,,,,,,,,,,,,,,,,,,,,,,,,,,,,,,,,,,,,,,,,,,,,,,,,,,,,,,,,,,,,,,,,,,,,,,,,,,,,,,,,,,,,,,,,,,,,,,,,,,,,,,,,,,,,,,,,,,,,,,,,,,,,,,,,,,,,,,,,,,,,,,,,,,,,,,,,,,,,,,,,,,,,,,,,,,,,,,,,,,,,,,,,,,,,,,,,,,,,
,,,,,,,,,,,,,,,,,,,,,,,,,,,,,,,,,,,,,,,,,,,,,,,,,,,,,,,,,,,,,,,,,,,,,,,,,,,,,,,,,,,,,,,,,,,,,,,,,,,,,,,,,,,,,,,,,,,,,,,,,,,,,,,,,,,,,,,,,,,,,,,,,,,,,,,,,,,,,,,,,,,,,,,,,,,,,,,,,,,,,,,,,,,,,,,,,,,,,,,,,,,,,,,,,,,,,,,,,,,,,,,,
,,,,,,,,,,,,,,,,,,,,,,,,,,,,,,,,,,,,,,,,,,,,,,,,,,,,,,,,,,,,,,,,,,,,,,,,,,,,,,,,,,,,,,,,,,,,,,,,,,,,,,,,,,,,,,,,,,,,,,,,,,,,,,,,,,,,,,,,,,,,,,,,,,,,,,,,,,,,,,,,,,,,,,,,,,,,,,,,,,,,,,,,,,,,,,,,,,,,,,,,,,,,,,,,,,,,,,,,,,,,,,,,
,,,,,,,,,,,,,,,,,,,,,,,,,,,,,,,,,,,,,,,,,,,,,,,,,,,,,,,,,,,,,,,,,,,,,,,,,,,,,,,,,,,,,,,,,,,,,,,,,,,,,,,,,,,,,,,,,,,,,,,,,,,,,,,,,,,,,,,,,,,,,,,,,,,,,,,,,,,,,,,,,,,,,,,,,,,,,,,,,,,,,,,,,,,,,,,,,,,,,,,,,,,,,,,,,,,,,,,,,,,,,,,,
,,,,,,,,,,,,,,,,,,,,,,,,,,,,,,,,,,,,,,,,,,,,,,,,,,,,,,,,,,,,,,,,,,,,,,,,,,,,,,,,,,,,,,,,,,,,,,,,,,,,,,,,,,,,,,,,,,,,,,,,,,,,,,,,,,,,,,,,,,,,,,,,,,,,,,,,,,,,,,,,,,,,,,,,,,,,,,,,,,,,,,,,,,,,,,,,,,,,,,,,,,,,,,,,,,,,,,,,,,,,,,,,
,,,,,,,,,,,,,,,,,,,,,,,,,,,,,,,,,,,,,,,,,,,,,,,,,,,,,,,,,,,,,,,,,,,,,,,,,,,,,,,,,,,,,,,,,,,,,,,,,,,,,,,,,,,,,,,,,,,,,,,,,,,,,,,,,,,,,,,,,,,,,,,,,,,,,,,,,,,,,,,,,,,,,,,,,,,,,,,,,,,,,,,,,,,,,,,,,,,,,,,,,,,,,,,,,,,,,,,,,,,,,,,,
,,,,,,,,,,,,,,,,,,,,,,,,,,,,,,,,,,,,,,,,,,,,,,,,,,,,,,,,,,,,,,,,,,,,,,,,,,,,,,,,,,,,,,,,,,,,,,,,,,,,,,,,,,,,,,,,,,,,,,,,,,,,,,,,,,,,,,,,,,,,,,,,,,,,,,,,,,,,,,,,,,,,,,,,,,,,,,,,,,,,,,,,,,,,,,,,,,,,,,,,,,,,,,,,,,,,,,,,,,,,,,,,
,,,,,,,,,,,,,,,,,,,,,,,,,,,,,,,,,,,,,,,,,,,,,,,,,,,,,,,,,,,,,,,,,,,,,,,,,,,,,,,,,,,,,,,,,,,,,,,,,,,,,,,,,,,,,,,,,,,,,,,,,,,,,,,,,,,,,,,,,,,,,,,,,,,,,,,,,,,,,,,,,,,,,,,,,,,,,,,,,,,,,,,,,,,,,,,,,,,,,,,,,,,,,,,,,,,,,,,,,,,,,,,,
,,,,,,,,,,,,,,,,,,,,,,,,,,,,,,,,,,,,,,,,,,,,,,,,,,,,,,,,,,,,,,,,,,,,,,,,,,,,,,,,,,,,,,,,,,,,,,,,,,,,,,,,,,,,,,,,,,,,,,,,,,,,,,,,,,,,,,,,,,,,,,,,,,,,,,,,,,,,,,,,,,,,,,,,,,,,,,,,,,,,,,,,,,,,,,,,,,,,,,,,,,,,,,,,,,,,,,,,,,,,,,,,
,,,,,,,,,,,,,,,,,,,,,,,,,,,,,,,,,,,,,,,,,,,,,,,,,,,,,,,,,,,,,,,,,,,,,,,,,,,,,,,,,,,,,,,,,,,,,,,,,,,,,,,,,,,,,,,,,,,,,,,,,,,,,,,,,,,,,,,,,,,,,,,,,,,,,,,,,,,,,,,,,,,,,,,,,,,,,,,,,,,,,,,,,,,,,,,,,,,,,,,,,,,,,,,,,,,,,,,,,,,,,,,,
,,,,,,,,,,,,,,,,,,,,,,,,,,,,,,,,,,,,,,,,,,,,,,,,,,,,,,,,,,,,,,,,,,,,,,,,,,,,,,,,,,,,,,,,,,,,,,,,,,,,,,,,,,,,,,,,,,,,,,,,,,,,,,,,,,,,,,,,,,,,,,,,,,,,,,,,,,,,,,,,,,,,,,,,,,,,,,,,,,,,,,,,,,,,,,,,,,,,,,,,,,,,,,,,,,,,,,,,,,,,,,,,
,,,,,,,,,,,,,,,,,,,,,,,,,,,,,,,,,,,,,,,,,,,,,,,,,,,,,,,,,,,,,,,,,,,,,,,,,,,,,,,,,,,,,,,,,,,,,,,,,,,,,,,,,,,,,,,,,,,,,,,,,,,,,,,,,,,,,,,,,,,,,,,,,,,,,,,,,,,,,,,,,,,,,,,,,,,,,,,,,,,,,,,,,,,,,,,,,,,,,,,,,,,,,,,,,,,,,,,,,,,,,,,,
,,,,,,,,,,,,,,,,,,,,,,,,,,,,,,,,,,,,,,,,,,,,,,,,,,,,,,,,,,,,,,,,,,,,,,,,,,,,,,,,,,,,,,,,,,,,,,,,,,,,,,,,,,,,,,,,,,,,,,,,,,,,,,,,,,,,,,,,,,,,,,,,,,,,,,,,,,,,,,,,,,,,,,,,,,,,,,,,,,,,,,,,,,,,,,,,,,,,,,,,,,,,,,,,,,,,,,,,,,,,,,,,
,,,,,,,,,,,,,,,,,,,,,,,,,,,,,,,,,,,,,,,,,,,,,,,,,,,,,,,,,,,,,,,,,,,,,,,,,,,,,,,,,,,,,,,,,,,,,,,,,,,,,,,,,,,,,,,,,,,,,,,,,,,,,,,,,,,,,,,,,,,,,,,,,,,,,,,,,,,,,,,,,,,,,,,,,,,,,,,,,,,,,,,,,,,,,,,,,,,,,,,,,,,,,,,,,,,,,,,,,,,,,,,,
,,,,,,,,,,,,,,,,,,,,,,,,,,,,,,,,,,,,,,,,,,,,,,,,,,,,,,,,,,,,,,,,,,,,,,,,,,,,,,,,,,,,,,,,,,,,,,,,,,,,,,,,,,,,,,,,,,,,,,,,,,,,,,,,,,,,,,,,,,,,,,,,,,,,,,,,,,,,,,,,,,,,,,,,,,,,,,,,,,,,,,,,,,,,,,,,,,,,,,,,,,,,,,,,,,,,,,,,,,,,,,,,
,,,,,,,,,,,,,,,,,,,,,,,,,,,,,,,,,,,,,,,,,,,,,,,,,,,,,,,,,,,,,,,,,,,,,,,,,,,,,,,,,,,,,,,,,,,,,,,,,,,,,,,,,,,,,,,,,,,,,,,,,,,,,,,,,,,,,,,,,,,,,,,,,,,,,,,,,,,,,,,,,,,,,,,,,,,,,,,,,,,,,,,,,,,,,,,,,,,,,,,,,,,,,,,,,,,,,,,,,,,,,,,,
,,,,,,,,,,,,,,,,,,,,,,,,,,,,,,,,,,,,,,,,,,,,,,,,,,,,,,,,,,,,,,,,,,,,,,,,,,,,,,,,,,,,,,,,,,,,,,,,,,,,,,,,,,,,,,,,,,,,,,,,,,,,,,,,,,,,,,,,,,,,,,,,,,,,,,,,,,,,,,,,,,,,,,,,,,,,,,,,,,,,,,,,,,,,,,,,,,,,,,,,,,,,,,,,,,,,,,,,,,,,,,,,
,,,,,,,,,,,,,,,,,,,,,,,,,,,,,,,,,,,,,,,,,,,,,,,,,,,,,,,,,,,,,,,,,,,,,,,,,,,,,,,,,,,,,,,,,,,,,,,,,,,,,,,,,,,,,,,,,,,,,,,,,,,,,,,,,,,,,,,,,,,,,,,,,,,,,,,,,,,,,,,,,,,,,,,,,,,,,,,,,,,,,,,,,,,,,,,,,,,,,,,,,,,,,,,,,,,,,,,,,,,,,,,,
,,,,,,,,,,,,,,,,,,,,,,,,,,,,,,,,,,,,,,,,,,,,,,,,,,,,,,,,,,,,,,,,,,,,,,,,,,,,,,,,,,,,,,,,,,,,,,,,,,,,,,,,,,,,,,,,,,,,,,,,,,,,,,,,,,,,,,,,,,,,,,,,,,,,,,,,,,,,,,,,,,,,,,,,,,,,,,,,,,,,,,,,,,,,,,,,,,,,,,,,,,,,,,,,,,,,,,,,,,,,,,,,
,,,,,,,,,,,,,,,,,,,,,,,,,,,,,,,,,,,,,,,,,,,,,,,,,,,,,,,,,,,,,,,,,,,,,,,,,,,,,,,,,,,,,,,,,,,,,,,,,,,,,,,,,,,,,,,,,,,,,,,,,,,,,,,,,,,,,,,,,,,,,,,,,,,,,,,,,,,,,,,,,,,,,,,,,,,,,,,,,,,,,,,,,,,,,,,,,,,,,,,,,,,,,,,,,,,,,,,,,,,,,,,,
,,,,,,,,,,,,,,,,,,,,,,,,,,,,,,,,,,,,,,,,,,,,,,,,,,,,,,,,,,,,,,,,,,,,,,,,,,,,,,,,,,,,,,,,,,,,,,,,,,,,,,,,,,,,,,,,,,,,,,,,,,,,,,,,,,,,,,,,,,,,,,,,,,,,,,,,,,,,,,,,,,,,,,,,,,,,,,,,,,,,,,,,,,,,,,,,,,,,,,,,,,,,,,,,,,,,,,,,,,,,,,,,
,,,,,,,,,,,,,,,,,,,,,,,,,,,,,,,,,,,,,,,,,,,,,,,,,,,,,,,,,,,,,,,,,,,,,,,,,,,,,,,,,,,,,,,,,,,,,,,,,,,,,,,,,,,,,,,,,,,,,,,,,,,,,,,,,,,,,,,,,,,,,,,,,,,,,,,,,,,,,,,,,,,,,,,,,,,,,,,,,,,,,,,,,,,,,,,,,,,,,,,,,,,,,,,,,,,,,,,,,,,,,,,,
,,,,,,,,,,,,,,,,,,,,,,,,,,,,,,,,,,,,,,,,,,,,,,,,,,,,,,,,,,,,,,,,,,,,,,,,,,,,,,,,,,,,,,,,,,,,,,,,,,,,,,,,,,,,,,,,,,,,,,,,,,,,,,,,,,,,,,,,,,,,,,,,,,,,,,,,,,,,,,,,,,,,,,,,,,,,,,,,,,,,,,,,,,,,,,,,,,,,,,,,,,,,,,,,,,,,,,,,,,,,,,,,
,,,,,,,,,,,,,,,,,,,,,,,,,,,,,,,,,,,,,,,,,,,,,,,,,,,,,,,,,,,,,,,,,,,,,,,,,,,,,,,,,,,,,,,,,,,,,,,,,,,,,,,,,,,,,,,,,,,,,,,,,,,,,,,,,,,,,,,,,,,,,,,,,,,,,,,,,,,,,,,,,,,,,,,,,,,,,,,,,,,,,,,,,,,,,,,,,,,,,,,,,,,,,,,,,,,,,,,,,,,,,,,,
,,,,,,,,,,,,,,,,,,,,,,,,,,,,,,,,,,,,,,,,,,,,,,,,,,,,,,,,,,,,,,,,,,,,,,,,,,,,,,,,,,,,,,,,,,,,,,,,,,,,,,,,,,,,,,,,,,,,,,,,,,,,,,,,,,,,,,,,,,,,,,,,,,,,,,,,,,,,,,,,,,,,,,,,,,,,,,,,,,,,,,,,,,,,,,,,,,,,,,,,,,,,,,,,,,,,,,,,,,,,,,,,
,,,,,,,,,,,,,,,,,,,,,,,,,,,,,,,,,,,,,,,,,,,,,,,,,,,,,,,,,,,,,,,,,,,,,,,,,,,,,,,,,,,,,,,,,,,,,,,,,,,,,,,,,,,,,,,,,,,,,,,,,,,,,,,,,,,,,,,,,,,,,,,,,,,,,,,,,,,,,,,,,,,,,,,,,,,,,,,,,,,,,,,,,,,,,,,,,,,,,,,,,,,,,,,,,,,,,,,,,,,,,,,,
,,,,,,,,,,,,,,,,,,,,,,,,,,,,,,,,,,,,,,,,,,,,,,,,,,,,,,,,,,,,,,,,,,,,,,,,,,,,,,,,,,,,,,,,,,,,,,,,,,,,,,,,,,,,,,,,,,,,,,,,,,,,,,,,,,,,,,,,,,,,,,,,,,,,,,,,,,,,,,,,,,,,,,,,,,,,,,,,,,,,,,,,,,,,,,,,,,,,,,,,,,,,,,,,,,,,,,,,,,,,,,,,
,,,,,,,,,,,,,,,,,,,,,,,,,,,,,,,,,,,,,,,,,,,,,,,,,,,,,,,,,,,,,,,,,,,,,,,,,,,,,,,,,,,,,,,,,,,,,,,,,,,,,,,,,,,,,,,,,,,,,,,,,,,,,,,,,,,,,,,,,,,,,,,,,,,,,,,,,,,,,,,,,,,,,,,,,,,,,,,,,,,,,,,,,,,,,,,,,,,,,,,,,,,,,,,,,,,,,,,,,,,,,,,,
,,,,,,,,,,,,,,,,,,,,,,,,,,,,,,,,,,,,,,,,,,,,,,,,,,,,,,,,,,,,,,,,,,,,,,,,,,,,,,,,,,,,,,,,,,,,,,,,,,,,,,,,,,,,,,,,,,,,,,,,,,,,,,,,,,,,,,,,,,,,,,,,,,,,,,,,,,,,,,,,,,,,,,,,,,,,,,,,,,,,,,,,,,,,,,,,,,,,,,,,,,,,,,,,,,,,,,,,,,,,,,,,
,,,,,,,,,,,,,,,,,,,,,,,,,,,,,,,,,,,,,,,,,,,,,,,,,,,,,,,,,,,,,,,,,,,,,,,,,,,,,,,,,,,,,,,,,,,,,,,,,,,,,,,,,,,,,,,,,,,,,,,,,,,,,,,,,,,,,,,,,,,,,,,,,,,,,,,,,,,,,,,,,,,,,,,,,,,,,,,,,,,,,,,,,,,,,,,,,,,,,,,,,,,,,,,,,,,,,,,,,,,,,,,,
,,,,,,,,,,,,,,,,,,,,,,,,,,,,,,,,,,,,,,,,,,,,,,,,,,,,,,,,,,,,,,,,,,,,,,,,,,,,,,,,,,,,,,,,,,,,,,,,,,,,,,,,,,,,,,,,,,,,,,,,,,,,,,,,,,,,,,,,,,,,,,,,,,,,,,,,,,,,,,,,,,,,,,,,,,,,,,,,,,,,,,,,,,,,,,,,,,,,,,,,,,,,,,,,,,,,,,,,,,,,,,,,
,,,,,,,,,,,,,,,,,,,,,,,,,,,,,,,,,,,,,,,,,,,,,,,,,,,,,,,,,,,,,,,,,,,,,,,,,,,,,,,,,,,,,,,,,,,,,,,,,,,,,,,,,,,,,,,,,,,,,,,,,,,,,,,,,,,,,,,,,,,,,,,,,,,,,,,,,,,,,,,,,,,,,,,,,,,,,,,,,,,,,,,,,,,,,,,,,,,,,,,,,,,,,,,,,,,,,,,,,,,,,,,,
,,,,,,,,,,,,,,,,,,,,,,,,,,,,,,,,,,,,,,,,,,,,,,,,,,,,,,,,,,,,,,,,,,,,,,,,,,,,,,,,,,,,,,,,,,,,,,,,,,,,,,,,,,,,,,,,,,,,,,,,,,,,,,,,,,,,,,,,,,,,,,,,,,,,,,,,,,,,,,,,,,,,,,,,,,,,,,,,,,,,,,,,,,,,,,,,,,,,,,,,,,,,,,,,,,,,,,,,,,,,,,,,
,,,,,,,,,,,,,,,,,,,,,,,,,,,,,,,,,,,,,,,,,,,,,,,,,,,,,,,,,,,,,,,,,,,,,,,,,,,,,,,,,,,,,,,,,,,,,,,,,,,,,,,,,,,,,,,,,,,,,,,,,,,,,,,,,,,,,,,,,,,,,,,,,,,,,,,,,,,,,,,,,,,,,,,,,,,,,,,,,,,,,,,,,,,,,,,,,,,,,,,,,,,,,,,,,,,,,,,,,,,,,,,,
,,,,,,,,,,,,,,,,,,,,,,,,,,,,,,,,,,,,,,,,,,,,,,,,,,,,,,,,,,,,,,,,,,,,,,,,,,,,,,,,,,,,,,,,,,,,,,,,,,,,,,,,,,,,,,,,,,,,,,,,,,,,,,,,,,,,,,,,,,,,,,,,,,,,,,,,,,,,,,,,,,,,,,,,,,,,,,,,,,,,,,,,,,,,,,,,,,,,,,,,,,,,,,,,,,,,,,,,,,,,,,,,
,,,,,,,,,,,,,,,,,,,,,,,,,,,,,,,,,,,,,,,,,,,,,,,,,,,,,,,,,,,,,,,,,,,,,,,,,,,,,,,,,,,,,,,,,,,,,,,,,,,,,,,,,,,,,,,,,,,,,,,,,,,,,,,,,,,,,,,,,,,,,,,,,,,,,,,,,,,,,,,,,,,,,,,,,,,,,,,,,,,,,,,,,,,,,,,,,,,,,,,,,,,,,,,,,,,,,,,,,,,,,,,,
,,,,,,,,,,,,,,,,,,,,,,,,,,,,,,,,,,,,,,,,,,,,,,,,,,,,,,,,,,,,,,,,,,,,,,,,,,,,,,,,,,,,,,,,,,,,,,,,,,,,,,,,,,,,,,,,,,,,,,,,,,,,,,,,,,,,,,,,,,,,,,,,,,,,,,,,,,,,,,,,,,,,,,,,,,,,,,,,,,,,,,,,,,,,,,,,,,,,,,,,,,,,,,,,,,,,,,,,,,,,,,,,
,,,,,,,,,,,,,,,,,,,,,,,,,,,,,,,,,,,,,,,,,,,,,,,,,,,,,,,,,,,,,,,,,,,,,,,,,,,,,,,,,,,,,,,,,,,,,,,,,,,,,,,,,,,,,,,,,,,,,,,,,,,,,,,,,,,,,,,,,,,,,,,,,,,,,,,,,,,,,,,,,,,,,,,,,,,,,,,,,,,,,,,,,,,,,,,,,,,,,,,,,,,,,,,,,,,,,,,,,,,,,,,,
,,,,,,,,,,,,,,,,,,,,,,,,,,,,,,,,,,,,,,,,,,,,,,,,,,,,,,,,,,,,,,,,,,,,,,,,,,,,,,,,,,,,,,,,,,,,,,,,,,,,,,,,,,,,,,,,,,,,,,,,,,,,,,,,,,,,,,,,,,,,,,,,,,,,,,,,,,,,,,,,,,,,,,,,,,,,,,,,,,,,,,,,,,,,,,,,,,,,,,,,,,,,,,,,,,,,,,,,,,,,,,,,
,,,,,,,,,,,,,,,,,,,,,,,,,,,,,,,,,,,,,,,,,,,,,,,,,,,,,,,,,,,,,,,,,,,,,,,,,,,,,,,,,,,,,,,,,,,,,,,,,,,,,,,,,,,,,,,,,,,,,,,,,,,,,,,,,,,,,,,,,,,,,,,,,,,,,,,,,,,,,,,,,,,,,,,,,,,,,,,,,,,,,,,,,,,,,,,,,,,,,,,,,,,,,,,,,,,,,,,,,,,,,,,,
,,,,,,,,,,,,,,,,,,,,,,,,,,,,,,,,,,,,,,,,,,,,,,,,,,,,,,,,,,,,,,,,,,,,,,,,,,,,,,,,,,,,,,,,,,,,,,,,,,,,,,,,,,,,,,,,,,,,,,,,,,,,,,,,,,,,,,,,,,,,,,,,,,,,,,,,,,,,,,,,,,,,,,,,,,,,,,,,,,,,,,,,,,,,,,,,,,,,,,,,,,,,,,,,,,,,,,,,,,,,,,,,
,,,,,,,,,,,,,,,,,,,,,,,,,,,,,,,,,,,,,,,,,,,,,,,,,,,,,,,,,,,,,,,,,,,,,,,,,,,,,,,,,,,,,,,,,,,,,,,,,,,,,,,,,,,,,,,,,,,,,,,,,,,,,,,,,,,,,,,,,,,,,,,,,,,,,,,,,,,,,,,,,,,,,,,,,,,,,,,,,,,,,,,,,,,,,,,,,,,,,,,,,,,,,,,,,,,,,,,,,,,,,,,,
,,,,,,,,,,,,,,,,,,,,,,,,,,,,,,,,,,,,,,,,,,,,,,,,,,,,,,,,,,,,,,,,,,,,,,,,,,,,,,,,,,,,,,,,,,,,,,,,,,,,,,,,,,,,,,,,,,,,,,,,,,,,,,,,,,,,,,,,,,,,,,,,,,,,,,,,,,,,,,,,,,,,,,,,,,,,,,,,,,,,,,,,,,,,,,,,,,,,,,,,,,,,,,,,,,,,,,,,,,,,,,,,
,,,,,,,,,,,,,,,,,,,,,,,,,,,,,,,,,,,,,,,,,,,,,,,,,,,,,,,,,,,,,,,,,,,,,,,,,,,,,,,,,,,,,,,,,,,,,,,,,,,,,,,,,,,,,,,,,,,,,,,,,,,,,,,,,,,,,,,,,,,,,,,,,,,,,,,,,,,,,,,,,,,,,,,,,,,,,,,,,,,,,,,,,,,,,,,,,,,,,,,,,,,,,,,,,,,,,,,,,,,,,,,,
,,,,,,,,,,,,,,,,,,,,,,,,,,,,,,,,,,,,,,,,,,,,,,,,,,,,,,,,,,,,,,,,,,,,,,,,,,,,,,,,,,,,,,,,,,,,,,,,,,,,,,,,,,,,,,,,,,,,,,,,,,,,,,,,,,,,,,,,,,,,,,,,,,,,,,,,,,,,,,,,,,,,,,,,,,,,,,,,,,,,,,,,,,,,,,,,,,,,,,,,,,,,,,,,,,,,,,,,,,,,,,,,
,,,,,,,,,,,,,,,,,,,,,,,,,,,,,,,,,,,,,,,,,,,,,,,,,,,,,,,,,,,,,,,,,,,,,,,,,,,,,,,,,,,,,,,,,,,,,,,,,,,,,,,,,,,,,,,,,,,,,,,,,,,,,,,,,,,,,,,,,,,,,,,,,,,,,,,,,,,,,,,,,,,,,,,,,,,,,,,,,,,,,,,,,,,,,,,,,,,,,,,,,,,,,,,,,,,,,,,,,,,,,,,,
,,,,,,,,,,,,,,,,,,,,,,,,,,,,,,,,,,,,,,,,,,,,,,,,,,,,,,,,,,,,,,,,,,,,,,,,,,,,,,,,,,,,,,,,,,,,,,,,,,,,,,,,,,,,,,,,,,,,,,,,,,,,,,,,,,,,,,,,,,,,,,,,,,,,,,,,,,,,,,,,,,,,,,,,,,,,,,,,,,,,,,,,,,,,,,,,,,,,,,,,,,,,,,,,,,,,,,,,,,,,,,,,
,,,,,,,,,,,,,,,,,,,,,,,,,,,,,,,,,,,,,,,,,,,,,,,,,,,,,,,,,,,,,,,,,,,,,,,,,,,,,,,,,,,,,,,,,,,,,,,,,,,,,,,,,,,,,,,,,,,,,,,,,,,,,,,,,,,,,,,,,,,,,,,,,,,,,,,,,,,,,,,,,,,,,,,,,,,,,,,,,,,,,,,,,,,,,,,,,,,,,,,,,,,,,,,,,,,,,,,,,,,,,,,,
,,,,,,,,,,,,,,,,,,,,,,,,,,,,,,,,,,,,,,,,,,,,,,,,,,,,,,,,,,,,,,,,,,,,,,,,,,,,,,,,,,,,,,,,,,,,,,,,,,,,,,,,,,,,,,,,,,,,,,,,,,,,,,,,,,,,,,,,,,,,,,,,,,,,,,,,,,,,,,,,,,,,,,,,,,,,,,,,,,,,,,,,,,,,,,,,,,,,,,,,,,,,,,,,,,,,,,,,,,,,,,,,
,,,,,,,,,,,,,,,,,,,,,,,,,,,,,,,,,,,,,,,,,,,,,,,,,,,,,,,,,,,,,,,,,,,,,,,,,,,,,,,,,,,,,,,,,,,,,,,,,,,,,,,,,,,,,,,,,,,,,,,,,,,,,,,,,,,,,,,,,,,,,,,,,,,,,,,,,,,,,,,,,,,,,,,,,,,,,,,,,,,,,,,,,,,,,,,,,,,,,,,,,,,,,,,,,,,,,,,,,,,,,,,,
,,,,,,,,,,,,,,,,,,,,,,,,,,,,,,,,,,,,,,,,,,,,,,,,,,,,,,,,,,,,,,,,,,,,,,,,,,,,,,,,,,,,,,,,,,,,,,,,,,,,,,,,,,,,,,,,,,,,,,,,,,,,,,,,,,,,,,,,,,,,,,,,,,,,,,,,,,,,,,,,,,,,,,,,,,,,,,,,,,,,,,,,,,,,,,,,,,,,,,,,,,,,,,,,,,,,,,,,,,,,,,,,
,,,,,,,,,,,,,,,,,,,,,,,,,,,,,,,,,,,,,,,,,,,,,,,,,,,,,,,,,,,,,,,,,,,,,,,,,,,,,,,,,,,,,,,,,,,,,,,,,,,,,,,,,,,,,,,,,,,,,,,,,,,,,,,,,,,,,,,,,,,,,,,,,,,,,,,,,,,,,,,,,,,,,,,,,,,,,,,,,,,,,,,,,,,,,,,,,,,,,,,,,,,,,,,,,,,,,,,,,,,,,,,,
,,,,,,,,,,,,,,,,,,,,,,,,,,,,,,,,,,,,,,,,,,,,,,,,,,,,,,,,,,,,,,,,,,,,,,,,,,,,,,,,,,,,,,,,,,,,,,,,,,,,,,,,,,,,,,,,,,,,,,,,,,,,,,,,,,,,,,,,,,,,,,,,,,,,,,,,,,,,,,,,,,,,,,,,,,,,,,,,,,,,,,,,,,,,,,,,,,,,,,,,,,,,,,,,,,,,,,,,,,,,,,,,
,,,,,,,,,,,,,,,,,,,,,,,,,,,,,,,,,,,,,,,,,,,,,,,,,,,,,,,,,,,,,,,,,,,,,,,,,,,,,,,,,,,,,,,,,,,,,,,,,,,,,,,,,,,,,,,,,,,,,,,,,,,,,,,,,,,,,,,,,,,,,,,,,,,,,,,,,,,,,,,,,,,,,,,,,,,,,,,,,,,,,,,,,,,,,,,,,,,,,,,,,,,,,,,,,,,,,,,,,,,,,,,,
,,,,,,,,,,,,,,,,,,,,,,,,,,,,,,,,,,,,,,,,,,,,,,,,,,,,,,,,,,,,,,,,,,,,,,,,,,,,,,,,,,,,,,,,,,,,,,,,,,,,,,,,,,,,,,,,,,,,,,,,,,,,,,,,,,,,,,,,,,,,,,,,,,,,,,,,,,,,,,,,,,,,,,,,,,,,,,,,,,,,,,,,,,,,,,,,,,,,,,,,,,,,,,,,,,,,,,,,,,,,,,,,
,,,,,,,,,,,,,,,,,,,,,,,,,,,,,,,,,,,,,,,,,,,,,,,,,,,,,,,,,,,,,,,,,,,,,,,,,,,,,,,,,,,,,,,,,,,,,,,,,,,,,,,,,,,,,,,,,,,,,,,,,,,,,,,,,,,,,,,,,,,,,,,,,,,,,,,,,,,,,,,,,,,,,,,,,,,,,,,,,,,,,,,,,,,,,,,,,,,,,,,,,,,,,,,,,,,,,,,,,,,,,,,,
,,,,,,,,,,,,,,,,,,,,,,,,,,,,,,,,,,,,,,,,,,,,,,,,,,,,,,,,,,,,,,,,,,,,,,,,,,,,,,,,,,,,,,,,,,,,,,,,,,,,,,,,,,,,,,,,,,,,,,,,,,,,,,,,,,,,,,,,,,,,,,,,,,,,,,,,,,,,,,,,,,,,,,,,,,,,,,,,,,,,,,,,,,,,,,,,,,,,,,,,,,,,,,,,,,,,,,,,,,,,,,,,
,,,,,,,,,,,,,,,,,,,,,,,,,,,,,,,,,,,,,,,,,,,,,,,,,,,,,,,,,,,,,,,,,,,,,,,,,,,,,,,,,,,,,,,,,,,,,,,,,,,,,,,,,,,,,,,,,,,,,,,,,,,,,,,,,,,,,,,,,,,,,,,,,,,,,,,,,,,,,,,,,,,,,,,,,,,,,,,,,,,,,,,,,,,,,,,,,,,,,,,,,,,,,,,,,,,,,,,,,,,,,,,,
,,,,,,,,,,,,,,,,,,,,,,,,,,,,,,,,,,,,,,,,,,,,,,,,,,,,,,,,,,,,,,,,,,,,,,,,,,,,,,,,,,,,,,,,,,,,,,,,,,,,,,,,,,,,,,,,,,,,,,,,,,,,,,,,,,,,,,,,,,,,,,,,,,,,,,,,,,,,,,,,,,,,,,,,,,,,,,,,,,,,,,,,,,,,,,,,,,,,,,,,,,,,,,,,,,,,,,,,,,,,,,,,
,,,,,,,,,,,,,,,,,,,,,,,,,,,,,,,,,,,,,,,,,,,,,,,,,,,,,,,,,,,,,,,,,,,,,,,,,,,,,,,,,,,,,,,,,,,,,,,,,,,,,,,,,,,,,,,,,,,,,,,,,,,,,,,,,,,,,,,,,,,,,,,,,,,,,,,,,,,,,,,,,,,,,,,,,,,,,,,,,,,,,,,,,,,,,,,,,,,,,,,,,,,,,,,,,,,,,,,,,,,,,,,,
,,,,,,,,,,,,,,,,,,,,,,,,,,,,,,,,,,,,,,,,,,,,,,,,,,,,,,,,,,,,,,,,,,,,,,,,,,,,,,,,,,,,,,,,,,,,,,,,,,,,,,,,,,,,,,,,,,,,,,,,,,,,,,,,,,,,,,,,,,,,,,,,,,,,,,,,,,,,,,,,,,,,,,,,,,,,,,,,,,,,,,,,,,,,,,,,,,,,,,,,,,,,,,,,,,,,,,,,,,,,,,,,
,,,,,,,,,,,,,,,,,,,,,,,,,,,,,,,,,,,,,,,,,,,,,,,,,,,,,,,,,,,,,,,,,,,,,,,,,,,,,,,,,,,,,,,,,,,,,,,,,,,,,,,,,,,,,,,,,,,,,,,,,,,,,,,,,,,,,,,,,,,,,,,,,,,,,,,,,,,,,,,,,,,,,,,,,,,,,,,,,,,,,,,,,,,,,,,,,,,,,,,,,,,,,,,,,,,,,,,,,,,,,,,,
,,,,,,,,,,,,,,,,,,,,,,,,,,,,,,,,,,,,,,,,,,,,,,,,,,,,,,,,,,,,,,,,,,,,,,,,,,,,,,,,,,,,,,,,,,,,,,,,,,,,,,,,,,,,,,,,,,,,,,,,,,,,,,,,,,,,,,,,,,,,,,,,,,,,,,,,,,,,,,,,,,,,,,,,,,,,,,,,,,,,,,,,,,,,,,,,,,,,,,,,,,,,,,,,,,,,,,,,,,,,,,,,
,,,,,,,,,,,,,,,,,,,,,,,,,,,,,,,,,,,,,,,,,,,,,,,,,,,,,,,,,,,,,,,,,,,,,,,,,,,,,,,,,,,,,,,,,,,,,,,,,,,,,,,,,,,,,,,,,,,,,,,,,,,,,,,,,,,,,,,,,,,,,,,,,,,,,,,,,,,,,,,,,,,,,,,,,,,,,,,,,,,,,,,,,,,,,,,,,,,,,,,,,,,,,,,,,,,,,,,,,,,,,,,,
,,,,,,,,,,,,,,,,,,,,,,,,,,,,,,,,,,,,,,,,,,,,,,,,,,,,,,,,,,,,,,,,,,,,,,,,,,,,,,,,,,,,,,,,,,,,,,,,,,,,,,,,,,,,,,,,,,,,,,,,,,,,,,,,,,,,,,,,,,,,,,,,,,,,,,,,,,,,,,,,,,,,,,,,,,,,,,,,,,,,,,,,,,,,,,,,,,,,,,,,,,,,,,,,,,,,,,,,,,,,,,,,
,,,,,,,,,,,,,,,,,,,,,,,,,,,,,,,,,,,,,,,,,,,,,,,,,,,,,,,,,,,,,,,,,,,,,,,,,,,,,,,,,,,,,,,,,,,,,,,,,,,,,,,,,,,,,,,,,,,,,,,,,,,,,,,,,,,,,,,,,,,,,,,,,,,,,,,,,,,,,,,,,,,,,,,,,,,,,,,,,,,,,,,,,,,,,,,,,,,,,,,,,,,,,,,,,,,,,,,,,,,,,,,,
,,,,,,,,,,,,,,,,,,,,,,,,,,,,,,,,,,,,,,,,,,,,,,,,,,,,,,,,,,,,,,,,,,,,,,,,,,,,,,,,,,,,,,,,,,,,,,,,,,,,,,,,,,,,,,,,,,,,,,,,,,,,,,,,,,,,,,,,,,,,,,,,,,,,,,,,,,,,,,,,,,,,,,,,,,,,,,,,,,,,,,,,,,,,,,,,,,,,,,,,,,,,,,,,,,,,,,,,,,,,,,,,
,,,,,,,,,,,,,,,,,,,,,,,,,,,,,,,,,,,,,,,,,,,,,,,,,,,,,,,,,,,,,,,,,,,,,,,,,,,,,,,,,,,,,,,,,,,,,,,,,,,,,,,,,,,,,,,,,,,,,,,,,,,,,,,,,,,,,,,,,,,,,,,,,,,,,,,,,,,,,,,,,,,,,,,,,,,,,,,,,,,,,,,,,,,,,,,,,,,,,,,,,,,,,,,,,,,,,,,,,,,,,,,,
,,,,,,,,,,,,,,,,,,,,,,,,,,,,,,,,,,,,,,,,,,,,,,,,,,,,,,,,,,,,,,,,,,,,,,,,,,,,,,,,,,,,,,,,,,,,,,,,,,,,,,,,,,,,,,,,,,,,,,,,,,,,,,,,,,,,,,,,,,,,,,,,,,,,,,,,,,,,,,,,,,,,,,,,,,,,,,,,,,,,,,,,,,,,,,,,,,,,,,,,,,,,,,,,,,,,,,,,,,,,,,,,
,,,,,,,,,,,,,,,,,,,,,,,,,,,,,,,,,,,,,,,,,,,,,,,,,,,,,,,,,,,,,,,,,,,,,,,,,,,,,,,,,,,,,,,,,,,,,,,,,,,,,,,,,,,,,,,,,,,,,,,,,,,,,,,,,,,,,,,,,,,,,,,,,,,,,,,,,,,,,,,,,,,,,,,,,,,,,,,,,,,,,,,,,,,,,,,,,,,,,,,,,,,,,,,,,,,,,,,,,,,,,,,,
,,,,,,,,,,,,,,,,,,,,,,,,,,,,,,,,,,,,,,,,,,,,,,,,,,,,,,,,,,,,,,,,,,,,,,,,,,,,,,,,,,,,,,,,,,,,,,,,,,,,,,,,,,,,,,,,,,,,,,,,,,,,,,,,,,,,,,,,,,,,,,,,,,,,,,,,,,,,,,,,,,,,,,,,,,,,,,,,,,,,,,,,,,,,,,,,,,,,,,,,,,,,,,,,,,,,,,,,,,,,,,,,
,,,,,,,,,,,,,,,,,,,,,,,,,,,,,,,,,,,,,,,,,,,,,,,,,,,,,,,,,,,,,,,,,,,,,,,,,,,,,,,,,,,,,,,,,,,,,,,,,,,,,,,,,,,,,,,,,,,,,,,,,,,,,,,,,,,,,,,,,,,,,,,,,,,,,,,,,,,,,,,,,,,,,,,,,,,,,,,,,,,,,,,,,,,,,,,,,,,,,,,,,,,,,,,,,,,,,,,,,,,,,,,,
,,,,,,,,,,,,,,,,,,,,,,,,,,,,,,,,,,,,,,,,,,,,,,,,,,,,,,,,,,,,,,,,,,,,,,,,,,,,,,,,,,,,,,,,,,,,,,,,,,,,,,,,,,,,,,,,,,,,,,,,,,,,,,,,,,,,,,,,,,,,,,,,,,,,,,,,,,,,,,,,,,,,,,,,,,,,,,,,,,,,,,,,,,,,,,,,,,,,,,,,,,,,,,,,,,,,,,,,,,,,,,,,
,,,,,,,,,,,,,,,,,,,,,,,,,,,,,,,,,,,,,,,,,,,,,,,,,,,,,,,,,,,,,,,,,,,,,,,,,,,,,,,,,,,,,,,,,,,,,,,,,,,,,,,,,,,,,,,,,,,,,,,,,,,,,,,,,,,,,,,,,,,,,,,,,,,,,,,,,,,,,,,,,,,,,,,,,,,,,,,,,,,,,,,,,,,,,,,,,,,,,,,,,,,,,,,,,,,,,,,,,,,,,,,,
,,,,,,,,,,,,,,,,,,,,,,,,,,,,,,,,,,,,,,,,,,,,,,,,,,,,,,,,,,,,,,,,,,,,,,,,,,,,,,,,,,,,,,,,,,,,,,,,,,,,,,,,,,,,,,,,,,,,,,,,,,,,,,,,,,,,,,,,,,,,,,,,,,,,,,,,,,,,,,,,,,,,,,,,,,,,,,,,,,,,,,,,,,,,,,,,,,,,,,,,,,,,,,,,,,,,,,,,,,,,,,,,
,,,,,,,,,,,,,,,,,,,,,,,,,,,,,,,,,,,,,,,,,,,,,,,,,,,,,,,,,,,,,,,,,,,,,,,,,,,,,,,,,,,,,,,,,,,,,,,,,,,,,,,,,,,,,,,,,,,,,,,,,,,,,,,,,,,,,,,,,,,,,,,,,,,,,,,,,,,,,,,,,,,,,,,,,,,,,,,,,,,,,,,,,,,,,,,,,,,,,,,,,,,,,,,,,,,,,,,,,,,,,,,,
,,,,,,,,,,,,,,,,,,,,,,,,,,,,,,,,,,,,,,,,,,,,,,,,,,,,,,,,,,,,,,,,,,,,,,,,,,,,,,,,,,,,,,,,,,,,,,,,,,,,,,,,,,,,,,,,,,,,,,,,,,,,,,,,,,,,,,,,,,,,,,,,,,,,,,,,,,,,,,,,,,,,,,,,,,,,,,,,,,,,,,,,,,,,,,,,,,,,,,,,,,,,,,,,,,,,,,,,,,,,,,,,
,,,,,,,,,,,,,,,,,,,,,,,,,,,,,,,,,,,,,,,,,,,,,,,,,,,,,,,,,,,,,,,,,,,,,,,,,,,,,,,,,,,,,,,,,,,,,,,,,,,,,,,,,,,,,,,,,,,,,,,,,,,,,,,,,,,,,,,,,,,,,,,,,,,,,,,,,,,,,,,,,,,,,,,,,,,,,,,,,,,,,,,,,,,,,,,,,,,,,,,,,,,,,,,,,,,,,,,,,,,,,,,,
,,,,,,,,,,,,,,,,,,,,,,,,,,,,,,,,,,,,,,,,,,,,,,,,,,,,,,,,,,,,,,,,,,,,,,,,,,,,,,,,,,,,,,,,,,,,,,,,,,,,,,,,,,,,,,,,,,,,,,,,,,,,,,,,,,,,,,,,,,,,,,,,,,,,,,,,,,,,,,,,,,,,,,,,,,,,,,,,,,,,,,,,,,,,,,,,,,,,,,,,,,,,,,,,,,,,,,,,,,,,,,,,
,,,,,,,,,,,,,,,,,,,,,,,,,,,,,,,,,,,,,,,,,,,,,,,,,,,,,,,,,,,,,,,,,,,,,,,,,,,,,,,,,,,,,,,,,,,,,,,,,,,,,,,,,,,,,,,,,,,,,,,,,,,,,,,,,,,,,,,,,,,,,,,,,,,,,,,,,,,,,,,,,,,,,,,,,,,,,,,,,,,,,,,,,,,,,,,,,,,,,,,,,,,,,,,,,,,,,,,,,,,,,,,,
,,,,,,,,,,,,,,,,,,,,,,,,,,,,,,,,,,,,,,,,,,,,,,,,,,,,,,,,,,,,,,,,,,,,,,,,,,,,,,,,,,,,,,,,,,,,,,,,,,,,,,,,,,,,,,,,,,,,,,,,,,,,,,,,,,,,,,,,,,,,,,,,,,,,,,,,,,,,,,,,,,,,,,,,,,,,,,,,,,,,,,,,,,,,,,,,,,,,,,,,,,,,,,,,,,,,,,,,,,,,,,,,
,,,,,,,,,,,,,,,,,,,,,,,,,,,,,,,,,,,,,,,,,,,,,,,,,,,,,,,,,,,,,,,,,,,,,,,,,,,,,,,,,,,,,,,,,,,,,,,,,,,,,,,,,,,,,,,,,,,,,,,,,,,,,,,,,,,,,,,,,,,,,,,,,,,,,,,,,,,,,,,,,,,,,,,,,,,,,,,,,,,,,,,,,,,,,,,,,,,,,,,,,,,,,,,,,,,,,,,,,,,,,,,,
,,,,,,,,,,,,,,,,,,,,,,,,,,,,,,,,,,,,,,,,,,,,,,,,,,,,,,,,,,,,,,,,,,,,,,,,,,,,,,,,,,,,,,,,,,,,,,,,,,,,,,,,,,,,,,,,,,,,,,,,,,,,,,,,,,,,,,,,,,,,,,,,,,,,,,,,,,,,,,,,,,,,,,,,,,,,,,,,,,,,,,,,,,,,,,,,,,,,,,,,,,,,,,,,,,,,,,,,,,,,,,,,
,,,,,,,,,,,,,,,,,,,,,,,,,,,,,,,,,,,,,,,,,,,,,,,,,,,,,,,,,,,,,,,,,,,,,,,,,,,,,,,,,,,,,,,,,,,,,,,,,,,,,,,,,,,,,,,,,,,,,,,,,,,,,,,,,,,,,,,,,,,,,,,,,,,,,,,,,,,,,,,,,,,,,,,,,,,,,,,,,,,,,,,,,,,,,,,,,,,,,,,,,,,,,,,,,,,,,,,,,,,,,,,,
,,,,,,,,,,,,,,,,,,,,,,,,,,,,,,,,,,,,,,,,,,,,,,,,,,,,,,,,,,,,,,,,,,,,,,,,,,,,,,,,,,,,,,,,,,,,,,,,,,,,,,,,,,,,,,,,,,,,,,,,,,,,,,,,,,,,,,,,,,,,,,,,,,,,,,,,,,,,,,,,,,,,,,,,,,,,,,,,,,,,,,,,,,,,,,,,,,,,,,,,,,,,,,,,,,,,,,,,,,,,,,,,
,,,,,,,,,,,,,,,,,,,,,,,,,,,,,,,,,,,,,,,,,,,,,,,,,,,,,,,,,,,,,,,,,,,,,,,,,,,,,,,,,,,,,,,,,,,,,,,,,,,,,,,,,,,,,,,,,,,,,,,,,,,,,,,,,,,,,,,,,,,,,,,,,,,,,,,,,,,,,,,,,,,,,,,,,,,,,,,,,,,,,,,,,,,,,,,,,,,,,,,,,,,,,,,,,,,,,,,,,,,,,,,,
,,,,,,,,,,,,,,,,,,,,,,,,,,,,,,,,,,,,,,,,,,,,,,,,,,,,,,,,,,,,,,,,,,,,,,,,,,,,,,,,,,,,,,,,,,,,,,,,,,,,,,,,,,,,,,,,,,,,,,,,,,,,,,,,,,,,,,,,,,,,,,,,,,,,,,,,,,,,,,,,,,,,,,,,,,,,,,,,,,,,,,,,,,,,,,,,,,,,,,,,,,,,,,,,,,,,,,,,,,,,,,,,
,,,,,,,,,,,,,,,,,,,,,,,,,,,,,,,,,,,,,,,,,,,,,,,,,,,,,,,,,,,,,,,,,,,,,,,,,,,,,,,,,,,,,,,,,,,,,,,,,,,,,,,,,,,,,,,,,,,,,,,,,,,,,,,,,,,,,,,,,,,,,,,,,,,,,,,,,,,,,,,,,,,,,,,,,,,,,,,,,,,,,,,,,,,,,,,,,,,,,,,,,,,,,,,,,,,,,,,,,,,,,,,,
,,,,,,,,,,,,,,,,,,,,,,,,,,,,,,,,,,,,,,,,,,,,,,,,,,,,,,,,,,,,,,,,,,,,,,,,,,,,,,,,,,,,,,,,,,,,,,,,,,,,,,,,,,,,,,,,,,,,,,,,,,,,,,,,,,,,,,,,,,,,,,,,,,,,,,,,,,,,,,,,,,,,,,,,,,,,,,,,,,,,,,,,,,,,,,,,,,,,,,,,,,,,,,,,,,,,,,,,,,,,,,,,
,,,,,,,,,,,,,,,,,,,,,,,,,,,,,,,,,,,,,,,,,,,,,,,,,,,,,,,,,,,,,,,,,,,,,,,,,,,,,,,,,,,,,,,,,,,,,,,,,,,,,,,,,,,,,,,,,,,,,,,,,,,,,,,,,,,,,,,,,,,,,,,,,,,,,,,,,,,,,,,,,,,,,,,,,,,,,,,,,,,,,,,,,,,,,,,,,,,,,,,,,,,,,,,,,,,,,,,,,,,,,,,,
,,,,,,,,,,,,,,,,,,,,,,,,,,,,,,,,,,,,,,,,,,,,,,,,,,,,,,,,,,,,,,,,,,,,,,,,,,,,,,,,,,,,,,,,,,,,,,,,,,,,,,,,,,,,,,,,,,,,,,,,,,,,,,,,,,,,,,,,,,,,,,,,,,,,,,,,,,,,,,,,,,,,,,,,,,,,,,,,,,,,,,,,,,,,,,,,,,,,,,,,,,,,,,,,,,,,,,,,,,,,,,,,
,,,,,,,,,,,,,,,,,,,,,,,,,,,,,,,,,,,,,,,,,,,,,,,,,,,,,,,,,,,,,,,,,,,,,,,,,,,,,,,,,,,,,,,,,,,,,,,,,,,,,,,,,,,,,,,,,,,,,,,,,,,,,,,,,,,,,,,,,,,,,,,,,,,,,,,,,,,,,,,,,,,,,,,,,,,,,,,,,,,,,,,,,,,,,,,,,,,,,,,,,,,,,,,,,,,,,,,,,,,,,,,,
,,,,,,,,,,,,,,,,,,,,,,,,,,,,,,,,,,,,,,,,,,,,,,,,,,,,,,,,,,,,,,,,,,,,,,,,,,,,,,,,,,,,,,,,,,,,,,,,,,,,,,,,,,,,,,,,,,,,,,,,,,,,,,,,,,,,,,,,,,,,,,,,,,,,,,,,,,,,,,,,,,,,,,,,,,,,,,,,,,,,,,,,,,,,,,,,,,,,,,,,,,,,,,,,,,,,,,,,,,,,,,,,
,,,,,,,,,,,,,,,,,,,,,,,,,,,,,,,,,,,,,,,,,,,,,,,,,,,,,,,,,,,,,,,,,,,,,,,,,,,,,,,,,,,,,,,,,,,,,,,,,,,,,,,,,,,,,,,,,,,,,,,,,,,,,,,,,,,,,,,,,,,,,,,,,,,,,,,,,,,,,,,,,,,,,,,,,,,,,,,,,,,,,,,,,,,,,,,,,,,,,,,,,,,,,,,,,,,,,,,,,,,,,,,,
,,,,,,,,,,,,,,,,,,,,,,,,,,,,,,,,,,,,,,,,,,,,,,,,,,,,,,,,,,,,,,,,,,,,,,,,,,,,,,,,,,,,,,,,,,,,,,,,,,,,,,,,,,,,,,,,,,,,,,,,,,,,,,,,,,,,,,,,,,,,,,,,,,,,,,,,,,,,,,,,,,,,,,,,,,,,,,,,,,,,,,,,,,,,,,,,,,,,,,,,,,,,,,,,,,,,,,,,,,,,,,,,
,,,,,,,,,,,,,,,,,,,,,,,,,,,,,,,,,,,,,,,,,,,,,,,,,,,,,,,,,,,,,,,,,,,,,,,,,,,,,,,,,,,,,,,,,,,,,,,,,,,,,,,,,,,,,,,,,,,,,,,,,,,,,,,,,,,,,,,,,,,,,,,,,,,,,,,,,,,,,,,,,,,,,,,,,,,,,,,,,,,,,,,,,,,,,,,,,,,,,,,,,,,,,,,,,,,,,,,,,,,,,,,,
,,,,,,,,,,,,,,,,,,,,,,,,,,,,,,,,,,,,,,,,,,,,,,,,,,,,,,,,,,,,,,,,,,,,,,,,,,,,,,,,,,,,,,,,,,,,,,,,,,,,,,,,,,,,,,,,,,,,,,,,,,,,,,,,,,,,,,,,,,,,,,,,,,,,,,,,,,,,,,,,,,,,,,,,,,,,,,,,,,,,,,,,,,,,,,,,,,,,,,,,,,,,,,,,,,,,,,,,,,,,,,,,
,,,,,,,,,,,,,,,,,,,,,,,,,,,,,,,,,,,,,,,,,,,,,,,,,,,,,,,,,,,,,,,,,,,,,,,,,,,,,,,,,,,,,,,,,,,,,,,,,,,,,,,,,,,,,,,,,,,,,,,,,,,,,,,,,,,,,,,,,,,,,,,,,,,,,,,,,,,,,,,,,,,,,,,,,,,,,,,,,,,,,,,,,,,,,,,,,,,,,,,,,,,,,,,,,,,,,,,,,,,,,,,,
,,,,,,,,,,,,,,,,,,,,,,,,,,,,,,,,,,,,,,,,,,,,,,,,,,,,,,,,,,,,,,,,,,,,,,,,,,,,,,,,,,,,,,,,,,,,,,,,,,,,,,,,,,,,,,,,,,,,,,,,,,,,,,,,,,,,,,,,,,,,,,,,,,,,,,,,,,,,,,,,,,,,,,,,,,,,,,,,,,,,,,,,,,,,,,,,,,,,,,,,,,,,,,,,,,,,,,,,,,,,,,,,
,,,,,,,,,,,,,,,,,,,,,,,,,,,,,,,,,,,,,,,,,,,,,,,,,,,,,,,,,,,,,,,,,,,,,,,,,,,,,,,,,,,,,,,,,,,,,,,,,,,,,,,,,,,,,,,,,,,,,,,,,,,,,,,,,,,,,,,,,,,,,,,,,,,,,,,,,,,,,,,,,,,,,,,,,,,,,,,,,,,,,,,,,,,,,,,,,,,,,,,,,,,,,,,,,,,,,,,,,,,,,,,,
,,,,,,,,,,,,,,,,,,,,,,,,,,,,,,,,,,,,,,,,,,,,,,,,,,,,,,,,,,,,,,,,,,,,,,,,,,,,,,,,,,,,,,,,,,,,,,,,,,,,,,,,,,,,,,,,,,,,,,,,,,,,,,,,,,,,,,,,,,,,,,,,,,,,,,,,,,,,,,,,,,,,,,,,,,,,,,,,,,,,,,,,,,,,,,,,,,,,,,,,,,,,,,,,,,,,,,,,,,,,,,,,
,,,,,,,,,,,,,,,,,,,,,,,,,,,,,,,,,,,,,,,,,,,,,,,,,,,,,,,,,,,,,,,,,,,,,,,,,,,,,,,,,,,,,,,,,,,,,,,,,,,,,,,,,,,,,,,,,,,,,,,,,,,,,,,,,,,,,,,,,,,,,,,,,,,,,,,,,,,,,,,,,,,,,,,,,,,,,,,,,,,,,,,,,,,,,,,,,,,,,,,,,,,,,,,,,,,,,,,,,,,,,,,,
,,,,,,,,,,,,,,,,,,,,,,,,,,,,,,,,,,,,,,,,,,,,,,,,,,,,,,,,,,,,,,,,,,,,,,,,,,,,,,,,,,,,,,,,,,,,,,,,,,,,,,,,,,,,,,,,,,,,,,,,,,,,,,,,,,,,,,,,,,,,,,,,,,,,,,,,,,,,,,,,,,,,,,,,,,,,,,,,,,,,,,,,,,,,,,,,,,,,,,,,,,,,,,,,,,,,,,,,,,,,,,,,
,,,,,,,,,,,,,,,,,,,,,,,,,,,,,,,,,,,,,,,,,,,,,,,,,,,,,,,,,,,,,,,,,,,,,,,,,,,,,,,,,,,,,,,,,,,,,,,,,,,,,,,,,,,,,,,,,,,,,,,,,,,,,,,,,,,,,,,,,,,,,,,,,,,,,,,,,,,,,,,,,,,,,,,,,,,,,,,,,,,,,,,,,,,,,,,,,,,,,,,,,,,,,,,,,,,,,,,,,,,,,,,,
,,,,,,,,,,,,,,,,,,,,,,,,,,,,,,,,,,,,,,,,,,,,,,,,,,,,,,,,,,,,,,,,,,,,,,,,,,,,,,,,,,,,,,,,,,,,,,,,,,,,,,,,,,,,,,,,,,,,,,,,,,,,,,,,,,,,,,,,,,,,,,,,,,,,,,,,,,,,,,,,,,,,,,,,,,,,,,,,,,,,,,,,,,,,,,,,,,,,,,,,,,,,,,,,,,,,,,,,,,,,,,,,
,,,,,,,,,,,,,,,,,,,,,,,,,,,,,,,,,,,,,,,,,,,,,,,,,,,,,,,,,,,,,,,,,,,,,,,,,,,,,,,,,,,,,,,,,,,,,,,,,,,,,,,,,,,,,,,,,,,,,,,,,,,,,,,,,,,,,,,,,,,,,,,,,,,,,,,,,,,,,,,,,,,,,,,,,,,,,,,,,,,,,,,,,,,,,,,,,,,,,,,,,,,,,,,,,,,,,,,,,,,,,,,,
,,,,,,,,,,,,,,,,,,,,,,,,,,,,,,,,,,,,,,,,,,,,,,,,,,,,,,,,,,,,,,,,,,,,,,,,,,,,,,,,,,,,,,,,,,,,,,,,,,,,,,,,,,,,,,,,,,,,,,,,,,,,,,,,,,,,,,,,,,,,,,,,,,,,,,,,,,,,,,,,,,,,,,,,,,,,,,,,,,,,,,,,,,,,,,,,,,,,,,,,,,,,,,,,,,,,,,,,,,,,,,,,
,,,,,,,,,,,,,,,,,,,,,,,,,,,,,,,,,,,,,,,,,,,,,,,,,,,,,,,,,,,,,,,,,,,,,,,,,,,,,,,,,,,,,,,,,,,,,,,,,,,,,,,,,,,,,,,,,,,,,,,,,,,,,,,,,,,,,,,,,,,,,,,,,,,,,,,,,,,,,,,,,,,,,,,,,,,,,,,,,,,,,,,,,,,,,,,,,,,,,,,,,,,,,,,,,,,,,,,,,,,,,,,,
,,,,,,,,,,,,,,,,,,,,,,,,,,,,,,,,,,,,,,,,,,,,,,,,,,,,,,,,,,,,,,,,,,,,,,,,,,,,,,,,,,,,,,,,,,,,,,,,,,,,,,,,,,,,,,,,,,,,,,,,,,,,,,,,,,,,,,,,,,,,,,,,,,,,,,,,,,,,,,,,,,,,,,,,,,,,,,,,,,,,,,,,,,,,,,,,,,,,,,,,,,,,,,,,,,,,,,,,,,,,,,,,
,,,,,,,,,,,,,,,,,,,,,,,,,,,,,,,,,,,,,,,,,,,,,,,,,,,,,,,,,,,,,,,,,,,,,,,,,,,,,,,,,,,,,,,,,,,,,,,,,,,,,,,,,,,,,,,,,,,,,,,,,,,,,,,,,,,,,,,,,,,,,,,,,,,,,,,,,,,,,,,,,,,,,,,,,,,,,,,,,,,,,,,,,,,,,,,,,,,,,,,,,,,,,,,,,,,,,,,,,,,,,,,,
,,,,,,,,,,,,,,,,,,,,,,,,,,,,,,,,,,,,,,,,,,,,,,,,,,,,,,,,,,,,,,,,,,,,,,,,,,,,,,,,,,,,,,,,,,,,,,,,,,,,,,,,,,,,,,,,,,,,,,,,,,,,,,,,,,,,,,,,,,,,,,,,,,,,,,,,,,,,,,,,,,,,,,,,,,,,,,,,,,,,,,,,,,,,,,,,,,,,,,,,,,,,,,,,,,,,,,,,,,,,,,,,
,,,,,,,,,,,,,,,,,,,,,,,,,,,,,,,,,,,,,,,,,,,,,,,,,,,,,,,,,,,,,,,,,,,,,,,,,,,,,,,,,,,,,,,,,,,,,,,,,,,,,,,,,,,,,,,,,,,,,,,,,,,,,,,,,,,,,,,,,,,,,,,,,,,,,,,,,,,,,,,,,,,,,,,,,,,,,,,,,,,,,,,,,,,,,,,,,,,,,,,,,,,,,,,,,,,,,,,,,,,,,,,,
,,,,,,,,,,,,,,,,,,,,,,,,,,,,,,,,,,,,,,,,,,,,,,,,,,,,,,,,,,,,,,,,,,,,,,,,,,,,,,,,,,,,,,,,,,,,,,,,,,,,,,,,,,,,,,,,,,,,,,,,,,,,,,,,,,,,,,,,,,,,,,,,,,,,,,,,,,,,,,,,,,,,,,,,,,,,,,,,,,,,,,,,,,,,,,,,,,,,,,,,,,,,,,,,,,,,,,,,,,,,,,,,
,,,,,,,,,,,,,,,,,,,,,,,,,,,,,,,,,,,,,,,,,,,,,,,,,,,,,,,,,,,,,,,,,,,,,,,,,,,,,,,,,,,,,,,,,,,,,,,,,,,,,,,,,,,,,,,,,,,,,,,,,,,,,,,,,,,,,,,,,,,,,,,,,,,,,,,,,,,,,,,,,,,,,,,,,,,,,,,,,,,,,,,,,,,,,,,,,,,,,,,,,,,,,,,,,,,,,,,,,,,,,,,,
,,,,,,,,,,,,,,,,,,,,,,,,,,,,,,,,,,,,,,,,,,,,,,,,,,,,,,,,,,,,,,,,,,,,,,,,,,,,,,,,,,,,,,,,,,,,,,,,,,,,,,,,,,,,,,,,,,,,,,,,,,,,,,,,,,,,,,,,,,,,,,,,,,,,,,,,,,,,,,,,,,,,,,,,,,,,,,,,,,,,,,,,,,,,,,,,,,,,,,,,,,,,,,,,,,,,,,,,,,,,,,,,
,,,,,,,,,,,,,,,,,,,,,,,,,,,,,,,,,,,,,,,,,,,,,,,,,,,,,,,,,,,,,,,,,,,,,,,,,,,,,,,,,,,,,,,,,,,,,,,,,,,,,,,,,,,,,,,,,,,,,,,,,,,,,,,,,,,,,,,,,,,,,,,,,,,,,,,,,,,,,,,,,,,,,,,,,,,,,,,,,,,,,,,,,,,,,,,,,,,,,,,,,,,,,,,,,,,,,,,,,,,,,,,,
,,,,,,,,,,,,,,,,,,,,,,,,,,,,,,,,,,,,,,,,,,,,,,,,,,,,,,,,,,,,,,,,,,,,,,,,,,,,,,,,,,,,,,,,,,,,,,,,,,,,,,,,,,,,,,,,,,,,,,,,,,,,,,,,,,,,,,,,,,,,,,,,,,,,,,,,,,,,,,,,,,,,,,,,,,,,,,,,,,,,,,,,,,,,,,,,,,,,,,,,,,,,,,,,,,,,,,,,,,,,,,,,
,,,,,,,,,,,,,,,,,,,,,,,,,,,,,,,,,,,,,,,,,,,,,,,,,,,,,,,,,,,,,,,,,,,,,,,,,,,,,,,,,,,,,,,,,,,,,,,,,,,,,,,,,,,,,,,,,,,,,,,,,,,,,,,,,,,,,,,,,,,,,,,,,,,,,,,,,,,,,,,,,,,,,,,,,,,,,,,,,,,,,,,,,,,,,,,,,,,,,,,,,,,,,,,,,,,,,,,,,,,,,,,,
,,,,,,,,,,,,,,,,,,,,,,,,,,,,,,,,,,,,,,,,,,,,,,,,,,,,,,,,,,,,,,,,,,,,,,,,,,,,,,,,,,,,,,,,,,,,,,,,,,,,,,,,,,,,,,,,,,,,,,,,,,,,,,,,,,,,,,,,,,,,,,,,,,,,,,,,,,,,,,,,,,,,,,,,,,,,,,,,,,,,,,,,,,,,,,,,,,,,,,,,,,,,,,,,,,,,,,,,,,,,,,,,
,,,,,,,,,,,,,,,,,,,,,,,,,,,,,,,,,,,,,,,,,,,,,,,,,,,,,,,,,,,,,,,,,,,,,,,,,,,,,,,,,,,,,,,,,,,,,,,,,,,,,,,,,,,,,,,,,,,,,,,,,,,,,,,,,,,,,,,,,,,,,,,,,,,,,,,,,,,,,,,,,,,,,,,,,,,,,,,,,,,,,,,,,,,,,,,,,,,,,,,,,,,,,,,,,,,,,,,,,,,,,,,,
,,,,,,,,,,,,,,,,,,,,,,,,,,,,,,,,,,,,,,,,,,,,,,,,,,,,,,,,,,,,,,,,,,,,,,,,,,,,,,,,,,,,,,,,,,,,,,,,,,,,,,,,,,,,,,,,,,,,,,,,,,,,,,,,,,,,,,,,,,,,,,,,,,,,,,,,,,,,,,,,,,,,,,,,,,,,,,,,,,,,,,,,,,,,,,,,,,,,,,,,,,,,,,,,,,,,,,,,,,,,,,,,
,,,,,,,,,,,,,,,,,,,,,,,,,,,,,,,,,,,,,,,,,,,,,,,,,,,,,,,,,,,,,,,,,,,,,,,,,,,,,,,,,,,,,,,,,,,,,,,,,,,,,,,,,,,,,,,,,,,,,,,,,,,,,,,,,,,,,,,,,,,,,,,,,,,,,,,,,,,,,,,,,,,,,,,,,,,,,,,,,,,,,,,,,,,,,,,,,,,,,,,,,,,,,,,,,,,,,,,,,,,,,,,,
,,,,,,,,,,,,,,,,,,,,,,,,,,,,,,,,,,,,,,,,,,,,,,,,,,,,,,,,,,,,,,,,,,,,,,,,,,,,,,,,,,,,,,,,,,,,,,,,,,,,,,,,,,,,,,,,,,,,,,,,,,,,,,,,,,,,,,,,,,,,,,,,,,,,,,,,,,,,,,,,,,,,,,,,,,,,,,,,,,,,,,,,,,,,,,,,,,,,,,,,,,,,,,,,,,,,,,,,,,,,,,,,
,,,,,,,,,,,,,,,,,,,,,,,,,,,,,,,,,,,,,,,,,,,,,,,,,,,,,,,,,,,,,,,,,,,,,,,,,,,,,,,,,,,,,,,,,,,,,,,,,,,,,,,,,,,,,,,,,,,,,,,,,,,,,,,,,,,,,,,,,,,,,,,,,,,,,,,,,,,,,,,,,,,,,,,,,,,,,,,,,,,,,,,,,,,,,,,,,,,,,,,,,,,,,,,,,,,,,,,,,,,,,,,,
,,,,,,,,,,,,,,,,,,,,,,,,,,,,,,,,,,,,,,,,,,,,,,,,,,,,,,,,,,,,,,,,,,,,,,,,,,,,,,,,,,,,,,,,,,,,,,,,,,,,,,,,,,,,,,,,,,,,,,,,,,,,,,,,,,,,,,,,,,,,,,,,,,,,,,,,,,,,,,,,,,,,,,,,,,,,,,,,,,,,,,,,,,,,,,,,,,,,,,,,,,,,,,,,,,,,,,,,,,,,,,,,
,,,,,,,,,,,,,,,,,,,,,,,,,,,,,,,,,,,,,,,,,,,,,,,,,,,,,,,,,,,,,,,,,,,,,,,,,,,,,,,,,,,,,,,,,,,,,,,,,,,,,,,,,,,,,,,,,,,,,,,,,,,,,,,,,,,,,,,,,,,,,,,,,,,,,,,,,,,,,,,,,,,,,,,,,,,,,,,,,,,,,,,,,,,,,,,,,,,,,,,,,,,,,,,,,,,,,,,,,,,,,,,,
,,,,,,,,,,,,,,,,,,,,,,,,,,,,,,,,,,,,,,,,,,,,,,,,,,,,,,,,,,,,,,,,,,,,,,,,,,,,,,,,,,,,,,,,,,,,,,,,,,,,,,,,,,,,,,,,,,,,,,,,,,,,,,,,,,,,,,,,,,,,,,,,,,,,,,,,,,,,,,,,,,,,,,,,,,,,,,,,,,,,,,,,,,,,,,,,,,,,,,,,,,,,,,,,,,,,,,,,,,,,,,,,
,,,,,,,,,,,,,,,,,,,,,,,,,,,,,,,,,,,,,,,,,,,,,,,,,,,,,,,,,,,,,,,,,,,,,,,,,,,,,,,,,,,,,,,,,,,,,,,,,,,,,,,,,,,,,,,,,,,,,,,,,,,,,,,,,,,,,,,,,,,,,,,,,,,,,,,,,,,,,,,,,,,,,,,,,,,,,,,,,,,,,,,,,,,,,,,,,,,,,,,,,,,,,,,,,,,,,,,,,,,,,,,,
,,,,,,,,,,,,,,,,,,,,,,,,,,,,,,,,,,,,,,,,,,,,,,,,,,,,,,,,,,,,,,,,,,,,,,,,,,,,,,,,,,,,,,,,,,,,,,,,,,,,,,,,,,,,,,,,,,,,,,,,,,,,,,,,,,,,,,,,,,,,,,,,,,,,,,,,,,,,,,,,,,,,,,,,,,,,,,,,,,,,,,,,,,,,,,,,,,,,,,,,,,,,,,,,,,,,,,,,,,,,,,,,
,,,,,,,,,,,,,,,,,,,,,,,,,,,,,,,,,,,,,,,,,,,,,,,,,,,,,,,,,,,,,,,,,,,,,,,,,,,,,,,,,,,,,,,,,,,,,,,,,,,,,,,,,,,,,,,,,,,,,,,,,,,,,,,,,,,,,,,,,,,,,,,,,,,,,,,,,,,,,,,,,,,,,,,,,,,,,,,,,,,,,,,,,,,,,,,,,,,,,,,,,,,,,,,,,,,,,,,,,,,,,,,,
,,,,,,,,,,,,,,,,,,,,,,,,,,,,,,,,,,,,,,,,,,,,,,,,,,,,,,,,,,,,,,,,,,,,,,,,,,,,,,,,,,,,,,,,,,,,,,,,,,,,,,,,,,,,,,,,,,,,,,,,,,,,,,,,,,,,,,,,,,,,,,,,,,,,,,,,,,,,,,,,,,,,,,,,,,,,,,,,,,,,,,,,,,,,,,,,,,,,,,,,,,,,,,,,,,,,,,,,,,,,,,,,
,,,,,,,,,,,,,,,,,,,,,,,,,,,,,,,,,,,,,,,,,,,,,,,,,,,,,,,,,,,,,,,,,,,,,,,,,,,,,,,,,,,,,,,,,,,,,,,,,,,,,,,,,,,,,,,,,,,,,,,,,,,,,,,,,,,,,,,,,,,,,,,,,,,,,,,,,,,,,,,,,,,,,,,,,,,,,,,,,,,,,,,,,,,,,,,,,,,,,,,,,,,,,,,,,,,,,,,,,,,,,,,,
,,,,,,,,,,,,,,,,,,,,,,,,,,,,,,,,,,,,,,,,,,,,,,,,,,,,,,,,,,,,,,,,,,,,,,,,,,,,,,,,,,,,,,,,,,,,,,,,,,,,,,,,,,,,,,,,,,,,,,,,,,,,,,,,,,,,,,,,,,,,,,,,,,,,,,,,,,,,,,,,,,,,,,,,,,,,,,,,,,,,,,,,,,,,,,,,,,,,,,,,,,,,,,,,,,,,,,,,,,,,,,,,
,,,,,,,,,,,,,,,,,,,,,,,,,,,,,,,,,,,,,,,,,,,,,,,,,,,,,,,,,,,,,,,,,,,,,,,,,,,,,,,,,,,,,,,,,,,,,,,,,,,,,,,,,,,,,,,,,,,,,,,,,,,,,,,,,,,,,,,,,,,,,,,,,,,,,,,,,,,,,,,,,,,,,,,,,,,,,,,,,,,,,,,,,,,,,,,,,,,,,,,,,,,,,,,,,,,,,,,,,,,,,,,,
,,,,,,,,,,,,,,,,,,,,,,,,,,,,,,,,,,,,,,,,,,,,,,,,,,,,,,,,,,,,,,,,,,,,,,,,,,,,,,,,,,,,,,,,,,,,,,,,,,,,,,,,,,,,,,,,,,,,,,,,,,,,,,,,,,,,,,,,,,,,,,,,,,,,,,,,,,,,,,,,,,,,,,,,,,,,,,,,,,,,,,,,,,,,,,,,,,,,,,,,,,,,,,,,,,,,,,,,,,,,,,,,
,,,,,,,,,,,,,,,,,,,,,,,,,,,,,,,,,,,,,,,,,,,,,,,,,,,,,,,,,,,,,,,,,,,,,,,,,,,,,,,,,,,,,,,,,,,,,,,,,,,,,,,,,,,,,,,,,,,,,,,,,,,,,,,,,,,,,,,,,,,,,,,,,,,,,,,,,,,,,,,,,,,,,,,,,,,,,,,,,,,,,,,,,,,,,,,,,,,,,,,,,,,,,,,,,,,,,,,,,,,,,,,,
,,,,,,,,,,,,,,,,,,,,,,,,,,,,,,,,,,,,,,,,,,,,,,,,,,,,,,,,,,,,,,,,,,,,,,,,,,,,,,,,,,,,,,,,,,,,,,,,,,,,,,,,,,,,,,,,,,,,,,,,,,,,,,,,,,,,,,,,,,,,,,,,,,,,,,,,,,,,,,,,,,,,,,,,,,,,,,,,,,,,,,,,,,,,,,,,,,,,,,,,,,,,,,,,,,,,,,,,,,,,,,,,
,,,,,,,,,,,,,,,,,,,,,,,,,,,,,,,,,,,,,,,,,,,,,,,,,,,,,,,,,,,,,,,,,,,,,,,,,,,,,,,,,,,,,,,,,,,,,,,,,,,,,,,,,,,,,,,,,,,,,,,,,,,,,,,,,,,,,,,,,,,,,,,,,,,,,,,,,,,,,,,,,,,,,,,,,,,,,,,,,,,,,,,,,,,,,,,,,,,,,,,,,,,,,,,,,,,,,,,,,,,,,,,,
,,,,,,,,,,,,,,,,,,,,,,,,,,,,,,,,,,,,,,,,,,,,,,,,,,,,,,,,,,,,,,,,,,,,,,,,,,,,,,,,,,,,,,,,,,,,,,,,,,,,,,,,,,,,,,,,,,,,,,,,,,,,,,,,,,,,,,,,,,,,,,,,,,,,,,,,,,,,,,,,,,,,,,,,,,,,,,,,,,,,,,,,,,,,,,,,,,,,,,,,,,,,,,,,,,,,,,,,,,,,,,,,
,,,,,,,,,,,,,,,,,,,,,,,,,,,,,,,,,,,,,,,,,,,,,,,,,,,,,,,,,,,,,,,,,,,,,,,,,,,,,,,,,,,,,,,,,,,,,,,,,,,,,,,,,,,,,,,,,,,,,,,,,,,,,,,,,,,,,,,,,,,,,,,,,,,,,,,,,,,,,,,,,,,,,,,,,,,,,,,,,,,,,,,,,,,,,,,,,,,,,,,,,,,,,,,,,,,,,,,,,,,,,,,,
,,,,,,,,,,,,,,,,,,,,,,,,,,,,,,,,,,,,,,,,,,,,,,,,,,,,,,,,,,,,,,,,,,,,,,,,,,,,,,,,,,,,,,,,,,,,,,,,,,,,,,,,,,,,,,,,,,,,,,,,,,,,,,,,,,,,,,,,,,,,,,,,,,,,,,,,,,,,,,,,,,,,,,,,,,,,,,,,,,,,,,,,,,,,,,,,,,,,,,,,,,,,,,,,,,,,,,,,,,,,,,,,
,,,,,,,,,,,,,,,,,,,,,,,,,,,,,,,,,,,,,,,,,,,,,,,,,,,,,,,,,,,,,,,,,,,,,,,,,,,,,,,,,,,,,,,,,,,,,,,,,,,,,,,,,,,,,,,,,,,,,,,,,,,,,,,,,,,,,,,,,,,,,,,,,,,,,,,,,,,,,,,,,,,,,,,,,,,,,,,,,,,,,,,,,,,,,,,,,,,,,,,,,,,,,,,,,,,,,,,,,,,,,,,,
,,,,,,,,,,,,,,,,,,,,,,,,,,,,,,,,,,,,,,,,,,,,,,,,,,,,,,,,,,,,,,,,,,,,,,,,,,,,,,,,,,,,,,,,,,,,,,,,,,,,,,,,,,,,,,,,,,,,,,,,,,,,,,,,,,,,,,,,,,,,,,,,,,,,,,,,,,,,,,,,,,,,,,,,,,,,,,,,,,,,,,,,,,,,,,,,,,,,,,,,,,,,,,,,,,,,,,,,,,,,,,,,
,,,,,,,,,,,,,,,,,,,,,,,,,,,,,,,,,,,,,,,,,,,,,,,,,,,,,,,,,,,,,,,,,,,,,,,,,,,,,,,,,,,,,,,,,,,,,,,,,,,,,,,,,,,,,,,,,,,,,,,,,,,,,,,,,,,,,,,,,,,,,,,,,,,,,,,,,,,,,,,,,,,,,,,,,,,,,,,,,,,,,,,,,,,,,,,,,,,,,,,,,,,,,,,,,,,,,,,,,,,,,,,,
,,,,,,,,,,,,,,,,,,,,,,,,,,,,,,,,,,,,,,,,,,,,,,,,,,,,,,,,,,,,,,,,,,,,,,,,,,,,,,,,,,,,,,,,,,,,,,,,,,,,,,,,,,,,,,,,,,,,,,,,,,,,,,,,,,,,,,,,,,,,,,,,,,,,,,,,,,,,,,,,,,,,,,,,,,,,,,,,,,,,,,,,,,,,,,,,,,,,,,,,,,,,,,,,,,,,,,,,,,,,,,,,
,,,,,,,,,,,,,,,,,,,,,,,,,,,,,,,,,,,,,,,,,,,,,,,,,,,,,,,,,,,,,,,,,,,,,,,,,,,,,,,,,,,,,,,,,,,,,,,,,,,,,,,,,,,,,,,,,,,,,,,,,,,,,,,,,,,,,,,,,,,,,,,,,,,,,,,,,,,,,,,,,,,,,,,,,,,,,,,,,,,,,,,,,,,,,,,,,,,,,,,,,,,,,,,,,,,,,,,,,,,,,,,,
,,,,,,,,,,,,,,,,,,,,,,,,,,,,,,,,,,,,,,,,,,,,,,,,,,,,,,,,,,,,,,,,,,,,,,,,,,,,,,,,,,,,,,,,,,,,,,,,,,,,,,,,,,,,,,,,,,,,,,,,,,,,,,,,,,,,,,,,,,,,,,,,,,,,,,,,,,,,,,,,,,,,,,,,,,,,,,,,,,,,,,,,,,,,,,,,,,,,,,,,,,,,,,,,,,,,,,,,,,,,,,,,
,,,,,,,,,,,,,,,,,,,,,,,,,,,,,,,,,,,,,,,,,,,,,,,,,,,,,,,,,,,,,,,,,,,,,,,,,,,,,,,,,,,,,,,,,,,,,,,,,,,,,,,,,,,,,,,,,,,,,,,,,,,,,,,,,,,,,,,,,,,,,,,,,,,,,,,,,,,,,,,,,,,,,,,,,,,,,,,,,,,,,,,,,,,,,,,,,,,,,,,,,,,,,,,,,,,,,,,,,,,,,,,,
,,,,,,,,,,,,,,,,,,,,,,,,,,,,,,,,,,,,,,,,,,,,,,,,,,,,,,,,,,,,,,,,,,,,,,,,,,,,,,,,,,,,,,,,,,,,,,,,,,,,,,,,,,,,,,,,,,,,,,,,,,,,,,,,,,,,,,,,,,,,,,,,,,,,,,,,,,,,,,,,,,,,,,,,,,,,,,,,,,,,,,,,,,,,,,,,,,,,,,,,,,,,,,,,,,,,,,,,,,,,,,,,
,,,,,,,,,,,,,,,,,,,,,,,,,,,,,,,,,,,,,,,,,,,,,,,,,,,,,,,,,,,,,,,,,,,,,,,,,,,,,,,,,,,,,,,,,,,,,,,,,,,,,,,,,,,,,,,,,,,,,,,,,,,,,,,,,,,,,,,,,,,,,,,,,,,,,,,,,,,,,,,,,,,,,,,,,,,,,,,,,,,,,,,,,,,,,,,,,,,,,,,,,,,,,,,,,,,,,,,,,,,,,,,,
,,,,,,,,,,,,,,,,,,,,,,,,,,,,,,,,,,,,,,,,,,,,,,,,,,,,,,,,,,,,,,,,,,,,,,,,,,,,,,,,,,,,,,,,,,,,,,,,,,,,,,,,,,,,,,,,,,,,,,,,,,,,,,,,,,,,,,,,,,,,,,,,,,,,,,,,,,,,,,,,,,,,,,,,,,,,,,,,,,,,,,,,,,,,,,,,,,,,,,,,,,,,,,,,,,,,,,,,,,,,,,,,
,,,,,,,,,,,,,,,,,,,,,,,,,,,,,,,,,,,,,,,,,,,,,,,,,,,,,,,,,,,,,,,,,,,,,,,,,,,,,,,,,,,,,,,,,,,,,,,,,,,,,,,,,,,,,,,,,,,,,,,,,,,,,,,,,,,,,,,,,,,,,,,,,,,,,,,,,,,,,,,,,,,,,,,,,,,,,,,,,,,,,,,,,,,,,,,,,,,,,,,,,,,,,,,,,,,,,,,,,,,,,,,,
,,,,,,,,,,,,,,,,,,,,,,,,,,,,,,,,,,,,,,,,,,,,,,,,,,,,,,,,,,,,,,,,,,,,,,,,,,,,,,,,,,,,,,,,,,,,,,,,,,,,,,,,,,,,,,,,,,,,,,,,,,,,,,,,,,,,,,,,,,,,,,,,,,,,,,,,,,,,,,,,,,,,,,,,,,,,,,,,,,,,,,,,,,,,,,,,,,,,,,,,,,,,,,,,,,,,,,,,,,,,,,,,
,,,,,,,,,,,,,,,,,,,,,,,,,,,,,,,,,,,,,,,,,,,,,,,,,,,,,,,,,,,,,,,,,,,,,,,,,,,,,,,,,,,,,,,,,,,,,,,,,,,,,,,,,,,,,,,,,,,,,,,,,,,,,,,,,,,,,,,,,,,,,,,,,,,,,,,,,,,,,,,,,,,,,,,,,,,,,,,,,,,,,,,,,,,,,,,,,,,,,,,,,,,,,,,,,,,,,,,,,,,,,,,,
,,,,,,,,,,,,,,,,,,,,,,,,,,,,,,,,,,,,,,,,,,,,,,,,,,,,,,,,,,,,,,,,,,,,,,,,,,,,,,,,,,,,,,,,,,,,,,,,,,,,,,,,,,,,,,,,,,,,,,,,,,,,,,,,,,,,,,,,,,,,,,,,,,,,,,,,,,,,,,,,,,,,,,,,,,,,,,,,,,,,,,,,,,,,,,,,,,,,,,,,,,,,,,,,,,,,,,,,,,,,,,,,
,,,,,,,,,,,,,,,,,,,,,,,,,,,,,,,,,,,,,,,,,,,,,,,,,,,,,,,,,,,,,,,,,,,,,,,,,,,,,,,,,,,,,,,,,,,,,,,,,,,,,,,,,,,,,,,,,,,,,,,,,,,,,,,,,,,,,,,,,,,,,,,,,,,,,,,,,,,,,,,,,,,,,,,,,,,,,,,,,,,,,,,,,,,,,,,,,,,,,,,,,,,,,,,,,,,,,,,,,,,,,,,,
,,,,,,,,,,,,,,,,,,,,,,,,,,,,,,,,,,,,,,,,,,,,,,,,,,,,,,,,,,,,,,,,,,,,,,,,,,,,,,,,,,,,,,,,,,,,,,,,,,,,,,,,,,,,,,,,,,,,,,,,,,,,,,,,,,,,,,,,,,,,,,,,,,,,,,,,,,,,,,,,,,,,,,,,,,,,,,,,,,,,,,,,,,,,,,,,,,,,,,,,,,,,,,,,,,,,,,,,,,,,,,,,
,,,,,,,,,,,,,,,,,,,,,,,,,,,,,,,,,,,,,,,,,,,,,,,,,,,,,,,,,,,,,,,,,,,,,,,,,,,,,,,,,,,,,,,,,,,,,,,,,,,,,,,,,,,,,,,,,,,,,,,,,,,,,,,,,,,,,,,,,,,,,,,,,,,,,,,,,,,,,,,,,,,,,,,,,,,,,,,,,,,,,,,,,,,,,,,,,,,,,,,,,,,,,,,,,,,,,,,,,,,,,,,,
,,,,,,,,,,,,,,,,,,,,,,,,,,,,,,,,,,,,,,,,,,,,,,,,,,,,,,,,,,,,,,,,,,,,,,,,,,,,,,,,,,,,,,,,,,,,,,,,,,,,,,,,,,,,,,,,,,,,,,,,,,,,,,,,,,,,,,,,,,,,,,,,,,,,,,,,,,,,,,,,,,,,,,,,,,,,,,,,,,,,,,,,,,,,,,,,,,,,,,,,,,,,,,,,,,,,,,,,,,,,,,,,
,,,,,,,,,,,,,,,,,,,,,,,,,,,,,,,,,,,,,,,,,,,,,,,,,,,,,,,,,,,,,,,,,,,,,,,,,,,,,,,,,,,,,,,,,,,,,,,,,,,,,,,,,,,,,,,,,,,,,,,,,,,,,,,,,,,,,,,,,,,,,,,,,,,,,,,,,,,,,,,,,,,,,,,,,,,,,,,,,,,,,,,,,,,,,,,,,,,,,,,,,,,,,,,,,,,,,,,,,,,,,,,,
,,,,,,,,,,,,,,,,,,,,,,,,,,,,,,,,,,,,,,,,,,,,,,,,,,,,,,,,,,,,,,,,,,,,,,,,,,,,,,,,,,,,,,,,,,,,,,,,,,,,,,,,,,,,,,,,,,,,,,,,,,,,,,,,,,,,,,,,,,,,,,,,,,,,,,,,,,,,,,,,,,,,,,,,,,,,,,,,,,,,,,,,,,,,,,,,,,,,,,,,,,,,,,,,,,,,,,,,,,,,,,,,
,,,,,,,,,,,,,,,,,,,,,,,,,,,,,,,,,,,,,,,,,,,,,,,,,,,,,,,,,,,,,,,,,,,,,,,,,,,,,,,,,,,,,,,,,,,,,,,,,,,,,,,,,,,,,,,,,,,,,,,,,,,,,,,,,,,,,,,,,,,,,,,,,,,,,,,,,,,,,,,,,,,,,,,,,,,,,,,,,,,,,,,,,,,,,,,,,,,,,,,,,,,,,,,,,,,,,,,,,,,,,,,,
,,,,,,,,,,,,,,,,,,,,,,,,,,,,,,,,,,,,,,,,,,,,,,,,,,,,,,,,,,,,,,,,,,,,,,,,,,,,,,,,,,,,,,,,,,,,,,,,,,,,,,,,,,,,,,,,,,,,,,,,,,,,,,,,,,,,,,,,,,,,,,,,,,,,,,,,,,,,,,,,,,,,,,,,,,,,,,,,,,,,,,,,,,,,,,,,,,,,,,,,,,,,,,,,,,,,,,,,,,,,,,,,
,,,,,,,,,,,,,,,,,,,,,,,,,,,,,,,,,,,,,,,,,,,,,,,,,,,,,,,,,,,,,,,,,,,,,,,,,,,,,,,,,,,,,,,,,,,,,,,,,,,,,,,,,,,,,,,,,,,,,,,,,,,,,,,,,,,,,,,,,,,,,,,,,,,,,,,,,,,,,,,,,,,,,,,,,,,,,,,,,,,,,,,,,,,,,,,,,,,,,,,,,,,,,,,,,,,,,,,,,,,,,,,,
,,,,,,,,,,,,,,,,,,,,,,,,,,,,,,,,,,,,,,,,,,,,,,,,,,,,,,,,,,,,,,,,,,,,,,,,,,,,,,,,,,,,,,,,,,,,,,,,,,,,,,,,,,,,,,,,,,,,,,,,,,,,,,,,,,,,,,,,,,,,,,,,,,,,,,,,,,,,,,,,,,,,,,,,,,,,,,,,,,,,,,,,,,,,,,,,,,,,,,,,,,,,,,,,,,,,,,,,,,,,,,,,
,,,,,,,,,,,,,,,,,,,,,,,,,,,,,,,,,,,,,,,,,,,,,,,,,,,,,,,,,,,,,,,,,,,,,,,,,,,,,,,,,,,,,,,,,,,,,,,,,,,,,,,,,,,,,,,,,,,,,,,,,,,,,,,,,,,,,,,,,,,,,,,,,,,,,,,,,,,,,,,,,,,,,,,,,,,,,,,,,,,,,,,,,,,,,,,,,,,,,,,,,,,,,,,,,,,,,,,,,,,,,,,,
,,,,,,,,,,,,,,,,,,,,,,,,,,,,,,,,,,,,,,,,,,,,,,,,,,,,,,,,,,,,,,,,,,,,,,,,,,,,,,,,,,,,,,,,,,,,,,,,,,,,,,,,,,,,,,,,,,,,,,,,,,,,,,,,,,,,,,,,,,,,,,,,,,,,,,,,,,,,,,,,,,,,,,,,,,,,,,,,,,,,,,,,,,,,,,,,,,,,,,,,,,,,,,,,,,,,,,,,,,,,,,,,
,,,,,,,,,,,,,,,,,,,,,,,,,,,,,,,,,,,,,,,,,,,,,,,,,,,,,,,,,,,,,,,,,,,,,,,,,,,,,,,,,,,,,,,,,,,,,,,,,,,,,,,,,,,,,,,,,,,,,,,,,,,,,,,,,,,,,,,,,,,,,,,,,,,,,,,,,,,,,,,,,,,,,,,,,,,,,,,,,,,,,,,,,,,,,,,,,,,,,,,,,,,,,,,,,,,,,,,,,,,,,,,,
,,,,,,,,,,,,,,,,,,,,,,,,,,,,,,,,,,,,,,,,,,,,,,,,,,,,,,,,,,,,,,,,,,,,,,,,,,,,,,,,,,,,,,,,,,,,,,,,,,,,,,,,,,,,,,,,,,,,,,,,,,,,,,,,,,,,,,,,,,,,,,,,,,,,,,,,,,,,,,,,,,,,,,,,,,,,,,,,,,,,,,,,,,,,,,,,,,,,,,,,,,,,,,,,,,,,,,,,,,,,,,,,
,,,,,,,,,,,,,,,,,,,,,,,,,,,,,,,,,,,,,,,,,,,,,,,,,,,,,,,,,,,,,,,,,,,,,,,,,,,,,,,,,,,,,,,,,,,,,,,,,,,,,,,,,,,,,,,,,,,,,,,,,,,,,,,,,,,,,,,,,,,,,,,,,,,,,,,,,,,,,,,,,,,,,,,,,,,,,,,,,,,,,,,,,,,,,,,,,,,,,,,,,,,,,,,,,,,,,,,,,,,,,,,,
,,,,,,,,,,,,,,,,,,,,,,,,,,,,,,,,,,,,,,,,,,,,,,,,,,,,,,,,,,,,,,,,,,,,,,,,,,,,,,,,,,,,,,,,,,,,,,,,,,,,,,,,,,,,,,,,,,,,,,,,,,,,,,,,,,,,,,,,,,,,,,,,,,,,,,,,,,,,,,,,,,,,,,,,,,,,,,,,,,,,,,,,,,,,,,,,,,,,,,,,,,,,,,,,,,,,,,,,,,,,,,,,
,,,,,,,,,,,,,,,,,,,,,,,,,,,,,,,,,,,,,,,,,,,,,,,,,,,,,,,,,,,,,,,,,,,,,,,,,,,,,,,,,,,,,,,,,,,,,,,,,,,,,,,,,,,,,,,,,,,,,,,,,,,,,,,,,,,,,,,,,,,,,,,,,,,,,,,,,,,,,,,,,,,,,,,,,,,,,,,,,,,,,,,,,,,,,,,,,,,,,,,,,,,,,,,,,,,,,,,,,,,,,,,,
,,,,,,,,,,,,,,,,,,,,,,,,,,,,,,,,,,,,,,,,,,,,,,,,,,,,,,,,,,,,,,,,,,,,,,,,,,,,,,,,,,,,,,,,,,,,,,,,,,,,,,,,,,,,,,,,,,,,,,,,,,,,,,,,,,,,,,,,,,,,,,,,,,,,,,,,,,,,,,,,,,,,,,,,,,,,,,,,,,,,,,,,,,,,,,,,,,,,,,,,,,,,,,,,,,,,,,,,,,,,,,,,
,,,,,,,,,,,,,,,,,,,,,,,,,,,,,,,,,,,,,,,,,,,,,,,,,,,,,,,,,,,,,,,,,,,,,,,,,,,,,,,,,,,,,,,,,,,,,,,,,,,,,,,,,,,,,,,,,,,,,,,,,,,,,,,,,,,,,,,,,,,,,,,,,,,,,,,,,,,,,,,,,,,,,,,,,,,,,,,,,,,,,,,,,,,,,,,,,,,,,,,,,,,,,,,,,,,,,,,,,,,,,,,,
,,,,,,,,,,,,,,,,,,,,,,,,,,,,,,,,,,,,,,,,,,,,,,,,,,,,,,,,,,,,,,,,,,,,,,,,,,,,,,,,,,,,,,,,,,,,,,,,,,,,,,,,,,,,,,,,,,,,,,,,,,,,,,,,,,,,,,,,,,,,,,,,,,,,,,,,,,,,,,,,,,,,,,,,,,,,,,,,,,,,,,,,,,,,,,,,,,,,,,,,,,,,,,,,,,,,,,,,,,,,,,,,
,,,,,,,,,,,,,,,,,,,,,,,,,,,,,,,,,,,,,,,,,,,,,,,,,,,,,,,,,,,,,,,,,,,,,,,,,,,,,,,,,,,,,,,,,,,,,,,,,,,,,,,,,,,,,,,,,,,,,,,,,,,,,,,,,,,,,,,,,,,,,,,,,,,,,,,,,,,,,,,,,,,,,,,,,,,,,,,,,,,,,,,,,,,,,,,,,,,,,,,,,,,,,,,,,,,,,,,,,,,,,,,,
,,,,,,,,,,,,,,,,,,,,,,,,,,,,,,,,,,,,,,,,,,,,,,,,,,,,,,,,,,,,,,,,,,,,,,,,,,,,,,,,,,,,,,,,,,,,,,,,,,,,,,,,,,,,,,,,,,,,,,,,,,,,,,,,,,,,,,,,,,,,,,,,,,,,,,,,,,,,,,,,,,,,,,,,,,,,,,,,,,,,,,,,,,,,,,,,,,,,,,,,,,,,,,,,,,,,,,,,,,,,,,,,
,,,,,,,,,,,,,,,,,,,,,,,,,,,,,,,,,,,,,,,,,,,,,,,,,,,,,,,,,,,,,,,,,,,,,,,,,,,,,,,,,,,,,,,,,,,,,,,,,,,,,,,,,,,,,,,,,,,,,,,,,,,,,,,,,,,,,,,,,,,,,,,,,,,,,,,,,,,,,,,,,,,,,,,,,,,,,,,,,,,,,,,,,,,,,,,,,,,,,,,,,,,,,,,,,,,,,,,,,,,,,,,,
,,,,,,,,,,,,,,,,,,,,,,,,,,,,,,,,,,,,,,,,,,,,,,,,,,,,,,,,,,,,,,,,,,,,,,,,,,,,,,,,,,,,,,,,,,,,,,,,,,,,,,,,,,,,,,,,,,,,,,,,,,,,,,,,,,,,,,,,,,,,,,,,,,,,,,,,,,,,,,,,,,,,,,,,,,,,,,,,,,,,,,,,,,,,,,,,,,,,,,,,,,,,,,,,,,,,,,,,,,,,,,,,
,,,,,,,,,,,,,,,,,,,,,,,,,,,,,,,,,,,,,,,,,,,,,,,,,,,,,,,,,,,,,,,,,,,,,,,,,,,,,,,,,,,,,,,,,,,,,,,,,,,,,,,,,,,,,,,,,,,,,,,,,,,,,,,,,,,,,,,,,,,,,,,,,,,,,,,,,,,,,,,,,,,,,,,,,,,,,,,,,,,,,,,,,,,,,,,,,,,,,,,,,,,,,,,,,,,,,,,,,,,,,,,,
,,,,,,,,,,,,,,,,,,,,,,,,,,,,,,,,,,,,,,,,,,,,,,,,,,,,,,,,,,,,,,,,,,,,,,,,,,,,,,,,,,,,,,,,,,,,,,,,,,,,,,,,,,,,,,,,,,,,,,,,,,,,,,,,,,,,,,,,,,,,,,,,,,,,,,,,,,,,,,,,,,,,,,,,,,,,,,,,,,,,,,,,,,,,,,,,,,,,,,,,,,,,,,,,,,,,,,,,,,,,,,,,
,,,,,,,,,,,,,,,,,,,,,,,,,,,,,,,,,,,,,,,,,,,,,,,,,,,,,,,,,,,,,,,,,,,,,,,,,,,,,,,,,,,,,,,,,,,,,,,,,,,,,,,,,,,,,,,,,,,,,,,,,,,,,,,,,,,,,,,,,,,,,,,,,,,,,,,,,,,,,,,,,,,,,,,,,,,,,,,,,,,,,,,,,,,,,,,,,,,,,,,,,,,,,,,,,,,,,,,,,,,,,,,,
,,,,,,,,,,,,,,,,,,,,,,,,,,,,,,,,,,,,,,,,,,,,,,,,,,,,,,,,,,,,,,,,,,,,,,,,,,,,,,,,,,,,,,,,,,,,,,,,,,,,,,,,,,,,,,,,,,,,,,,,,,,,,,,,,,,,,,,,,,,,,,,,,,,,,,,,,,,,,,,,,,,,,,,,,,,,,,,,,,,,,,,,,,,,,,,,,,,,,,,,,,,,,,,,,,,,,,,,,,,,,,,,
,,,,,,,,,,,,,,,,,,,,,,,,,,,,,,,,,,,,,,,,,,,,,,,,,,,,,,,,,,,,,,,,,,,,,,,,,,,,,,,,,,,,,,,,,,,,,,,,,,,,,,,,,,,,,,,,,,,,,,,,,,,,,,,,,,,,,,,,,,,,,,,,,,,,,,,,,,,,,,,,,,,,,,,,,,,,,,,,,,,,,,,,,,,,,,,,,,,,,,,,,,,,,,,,,,,,,,,,,,,,,,,,
,,,,,,,,,,,,,,,,,,,,,,,,,,,,,,,,,,,,,,,,,,,,,,,,,,,,,,,,,,,,,,,,,,,,,,,,,,,,,,,,,,,,,,,,,,,,,,,,,,,,,,,,,,,,,,,,,,,,,,,,,,,,,,,,,,,,,,,,,,,,,,,,,,,,,,,,,,,,,,,,,,,,,,,,,,,,,,,,,,,,,,,,,,,,,,,,,,,,,,,,,,,,,,,,,,,,,,,,,,,,,,,,
,,,,,,,,,,,,,,,,,,,,,,,,,,,,,,,,,,,,,,,,,,,,,,,,,,,,,,,,,,,,,,,,,,,,,,,,,,,,,,,,,,,,,,,,,,,,,,,,,,,,,,,,,,,,,,,,,,,,,,,,,,,,,,,,,,,,,,,,,,,,,,,,,,,,,,,,,,,,,,,,,,,,,,,,,,,,,,,,,,,,,,,,,,,,,,,,,,,,,,,,,,,,,,,,,,,,,,,,,,,,,,,,
,,,,,,,,,,,,,,,,,,,,,,,,,,,,,,,,,,,,,,,,,,,,,,,,,,,,,,,,,,,,,,,,,,,,,,,,,,,,,,,,,,,,,,,,,,,,,,,,,,,,,,,,,,,,,,,,,,,,,,,,,,,,,,,,,,,,,,,,,,,,,,,,,,,,,,,,,,,,,,,,,,,,,,,,,,,,,,,,,,,,,,,,,,,,,,,,,,,,,,,,,,,,,,,,,,,,,,,,,,,,,,,,
,,,,,,,,,,,,,,,,,,,,,,,,,,,,,,,,,,,,,,,,,,,,,,,,,,,,,,,,,,,,,,,,,,,,,,,,,,,,,,,,,,,,,,,,,,,,,,,,,,,,,,,,,,,,,,,,,,,,,,,,,,,,,,,,,,,,,,,,,,,,,,,,,,,,,,,,,,,,,,,,,,,,,,,,,,,,,,,,,,,,,,,,,,,,,,,,,,,,,,,,,,,,,,,,,,,,,,,,,,,,,,,,
,,,,,,,,,,,,,,,,,,,,,,,,,,,,,,,,,,,,,,,,,,,,,,,,,,,,,,,,,,,,,,,,,,,,,,,,,,,,,,,,,,,,,,,,,,,,,,,,,,,,,,,,,,,,,,,,,,,,,,,,,,,,,,,,,,,,,,,,,,,,,,,,,,,,,,,,,,,,,,,,,,,,,,,,,,,,,,,,,,,,,,,,,,,,,,,,,,,,,,,,,,,,,,,,,,,,,,,,,,,,,,,,
,,,,,,,,,,,,,,,,,,,,,,,,,,,,,,,,,,,,,,,,,,,,,,,,,,,,,,,,,,,,,,,,,,,,,,,,,,,,,,,,,,,,,,,,,,,,,,,,,,,,,,,,,,,,,,,,,,,,,,,,,,,,,,,,,,,,,,,,,,,,,,,,,,,,,,,,,,,,,,,,,,,,,,,,,,,,,,,,,,,,,,,,,,,,,,,,,,,,,,,,,,,,,,,,,,,,,,,,,,,,,,,,
,,,,,,,,,,,,,,,,,,,,,,,,,,,,,,,,,,,,,,,,,,,,,,,,,,,,,,,,,,,,,,,,,,,,,,,,,,,,,,,,,,,,,,,,,,,,,,,,,,,,,,,,,,,,,,,,,,,,,,,,,,,,,,,,,,,,,,,,,,,,,,,,,,,,,,,,,,,,,,,,,,,,,,,,,,,,,,,,,,,,,,,,,,,,,,,,,,,,,,,,,,,,,,,,,,,,,,,,,,,,,,,,
,,,,,,,,,,,,,,,,,,,,,,,,,,,,,,,,,,,,,,,,,,,,,,,,,,,,,,,,,,,,,,,,,,,,,,,,,,,,,,,,,,,,,,,,,,,,,,,,,,,,,,,,,,,,,,,,,,,,,,,,,,,,,,,,,,,,,,,,,,,,,,,,,,,,,,,,,,,,,,,,,,,,,,,,,,,,,,,,,,,,,,,,,,,,,,,,,,,,,,,,,,,,,,,,,,,,,,,,,,,,,,,,
,,,,,,,,,,,,,,,,,,,,,,,,,,,,,,,,,,,,,,,,,,,,,,,,,,,,,,,,,,,,,,,,,,,,,,,,,,,,,,,,,,,,,,,,,,,,,,,,,,,,,,,,,,,,,,,,,,,,,,,,,,,,,,,,,,,,,,,,,,,,,,,,,,,,,,,,,,,,,,,,,,,,,,,,,,,,,,,,,,,,,,,,,,,,,,,,,,,,,,,,,,,,,,,,,,,,,,,,,,,,,,,,
,,,,,,,,,,,,,,,,,,,,,,,,,,,,,,,,,,,,,,,,,,,,,,,,,,,,,,,,,,,,,,,,,,,,,,,,,,,,,,,,,,,,,,,,,,,,,,,,,,,,,,,,,,,,,,,,,,,,,,,,,,,,,,,,,,,,,,,,,,,,,,,,,,,,,,,,,,,,,,,,,,,,,,,,,,,,,,,,,,,,,,,,,,,,,,,,,,,,,,,,,,,,,,,,,,,,,,,,,,,,,,,,
,,,,,,,,,,,,,,,,,,,,,,,,,,,,,,,,,,,,,,,,,,,,,,,,,,,,,,,,,,,,,,,,,,,,,,,,,,,,,,,,,,,,,,,,,,,,,,,,,,,,,,,,,,,,,,,,,,,,,,,,,,,,,,,,,,,,,,,,,,,,,,,,,,,,,,,,,,,,,,,,,,,,,,,,,,,,,,,,,,,,,,,,,,,,,,,,,,,,,,,,,,,,,,,,,,,,,,,,,,,,,,,,
,,,,,,,,,,,,,,,,,,,,,,,,,,,,,,,,,,,,,,,,,,,,,,,,,,,,,,,,,,,,,,,,,,,,,,,,,,,,,,,,,,,,,,,,,,,,,,,,,,,,,,,,,,,,,,,,,,,,,,,,,,,,,,,,,,,,,,,,,,,,,,,,,,,,,,,,,,,,,,,,,,,,,,,,,,,,,,,,,,,,,,,,,,,,,,,,,,,,,,,,,,,,,,,,,,,,,,,,,,,,,,,,
,,,,,,,,,,,,,,,,,,,,,,,,,,,,,,,,,,,,,,,,,,,,,,,,,,,,,,,,,,,,,,,,,,,,,,,,,,,,,,,,,,,,,,,,,,,,,,,,,,,,,,,,,,,,,,,,,,,,,,,,,,,,,,,,,,,,,,,,,,,,,,,,,,,,,,,,,,,,,,,,,,,,,,,,,,,,,,,,,,,,,,,,,,,,,,,,,,,,,,,,,,,,,,,,,,,,,,,,,,,,,,,,
,,,,,,,,,,,,,,,,,,,,,,,,,,,,,,,,,,,,,,,,,,,,,,,,,,,,,,,,,,,,,,,,,,,,,,,,,,,,,,,,,,,,,,,,,,,,,,,,,,,,,,,,,,,,,,,,,,,,,,,,,,,,,,,,,,,,,,,,,,,,,,,,,,,,,,,,,,,,,,,,,,,,,,,,,,,,,,,,,,,,,,,,,,,,,,,,,,,,,,,,,,,,,,,,,,,,,,,,,,,,,,,,
,,,,,,,,,,,,,,,,,,,,,,,,,,,,,,,,,,,,,,,,,,,,,,,,,,,,,,,,,,,,,,,,,,,,,,,,,,,,,,,,,,,,,,,,,,,,,,,,,,,,,,,,,,,,,,,,,,,,,,,,,,,,,,,,,,,,,,,,,,,,,,,,,,,,,,,,,,,,,,,,,,,,,,,,,,,,,,,,,,,,,,,,,,,,,,,,,,,,,,,,,,,,,,,,,,,,,,,,,,,,,,,,
,,,,,,,,,,,,,,,,,,,,,,,,,,,,,,,,,,,,,,,,,,,,,,,,,,,,,,,,,,,,,,,,,,,,,,,,,,,,,,,,,,,,,,,,,,,,,,,,,,,,,,,,,,,,,,,,,,,,,,,,,,,,,,,,,,,,,,,,,,,,,,,,,,,,,,,,,,,,,,,,,,,,,,,,,,,,,,,,,,,,,,,,,,,,,,,,,,,,,,,,,,,,,,,,,,,,,,,,,,,,,,,,
,,,,,,,,,,,,,,,,,,,,,,,,,,,,,,,,,,,,,,,,,,,,,,,,,,,,,,,,,,,,,,,,,,,,,,,,,,,,,,,,,,,,,,,,,,,,,,,,,,,,,,,,,,,,,,,,,,,,,,,,,,,,,,,,,,,,,,,,,,,,,,,,,,,,,,,,,,,,,,,,,,,,,,,,,,,,,,,,,,,,,,,,,,,,,,,,,,,,,,,,,,,,,,,,,,,,,,,,,,,,,,,,
,,,,,,,,,,,,,,,,,,,,,,,,,,,,,,,,,,,,,,,,,,,,,,,,,,,,,,,,,,,,,,,,,,,,,,,,,,,,,,,,,,,,,,,,,,,,,,,,,,,,,,,,,,,,,,,,,,,,,,,,,,,,,,,,,,,,,,,,,,,,,,,,,,,,,,,,,,,,,,,,,,,,,,,,,,,,,,,,,,,,,,,,,,,,,,,,,,,,,,,,,,,,,,,,,,,,,,,,,,,,,,,,
,,,,,,,,,,,,,,,,,,,,,,,,,,,,,,,,,,,,,,,,,,,,,,,,,,,,,,,,,,,,,,,,,,,,,,,,,,,,,,,,,,,,,,,,,,,,,,,,,,,,,,,,,,,,,,,,,,,,,,,,,,,,,,,,,,,,,,,,,,,,,,,,,,,,,,,,,,,,,,,,,,,,,,,,,,,,,,,,,,,,,,,,,,,,,,,,,,,,,,,,,,,,,,,,,,,,,,,,,,,,,,,,
,,,,,,,,,,,,,,,,,,,,,,,,,,,,,,,,,,,,,,,,,,,,,,,,,,,,,,,,,,,,,,,,,,,,,,,,,,,,,,,,,,,,,,,,,,,,,,,,,,,,,,,,,,,,,,,,,,,,,,,,,,,,,,,,,,,,,,,,,,,,,,,,,,,,,,,,,,,,,,,,,,,,,,,,,,,,,,,,,,,,,,,,,,,,,,,,,,,,,,,,,,,,,,,,,,,,,,,,,,,,,,,,
,,,,,,,,,,,,,,,,,,,,,,,,,,,,,,,,,,,,,,,,,,,,,,,,,,,,,,,,,,,,,,,,,,,,,,,,,,,,,,,,,,,,,,,,,,,,,,,,,,,,,,,,,,,,,,,,,,,,,,,,,,,,,,,,,,,,,,,,,,,,,,,,,,,,,,,,,,,,,,,,,,,,,,,,,,,,,,,,,,,,,,,,,,,,,,,,,,,,,,,,,,,,,,,,,,,,,,,,,,,,,,,,
,,,,,,,,,,,,,,,,,,,,,,,,,,,,,,,,,,,,,,,,,,,,,,,,,,,,,,,,,,,,,,,,,,,,,,,,,,,,,,,,,,,,,,,,,,,,,,,,,,,,,,,,,,,,,,,,,,,,,,,,,,,,,,,,,,,,,,,,,,,,,,,,,,,,,,,,,,,,,,,,,,,,,,,,,,,,,,,,,,,,,,,,,,,,,,,,,,,,,,,,,,,,,,,,,,,,,,,,,,,,,,,,
,,,,,,,,,,,,,,,,,,,,,,,,,,,,,,,,,,,,,,,,,,,,,,,,,,,,,,,,,,,,,,,,,,,,,,,,,,,,,,,,,,,,,,,,,,,,,,,,,,,,,,,,,,,,,,,,,,,,,,,,,,,,,,,,,,,,,,,,,,,,,,,,,,,,,,,,,,,,,,,,,,,,,,,,,,,,,,,,,,,,,,,,,,,,,,,,,,,,,,,,,,,,,,,,,,,,,,,,,,,,,,,,
,,,,,,,,,,,,,,,,,,,,,,,,,,,,,,,,,,,,,,,,,,,,,,,,,,,,,,,,,,,,,,,,,,,,,,,,,,,,,,,,,,,,,,,,,,,,,,,,,,,,,,,,,,,,,,,,,,,,,,,,,,,,,,,,,,,,,,,,,,,,,,,,,,,,,,,,,,,,,,,,,,,,,,,,,,,,,,,,,,,,,,,,,,,,,,,,,,,,,,,,,,,,,,,,,,,,,,,,,,,,,,,,
,,,,,,,,,,,,,,,,,,,,,,,,,,,,,,,,,,,,,,,,,,,,,,,,,,,,,,,,,,,,,,,,,,,,,,,,,,,,,,,,,,,,,,,,,,,,,,,,,,,,,,,,,,,,,,,,,,,,,,,,,,,,,,,,,,,,,,,,,,,,,,,,,,,,,,,,,,,,,,,,,,,,,,,,,,,,,,,,,,,,,,,,,,,,,,,,,,,,,,,,,,,,,,,,,,,,,,,,,,,,,,,,
,,,,,,,,,,,,,,,,,,,,,,,,,,,,,,,,,,,,,,,,,,,,,,,,,,,,,,,,,,,,,,,,,,,,,,,,,,,,,,,,,,,,,,,,,,,,,,,,,,,,,,,,,,,,,,,,,,,,,,,,,,,,,,,,,,,,,,,,,,,,,,,,,,,,,,,,,,,,,,,,,,,,,,,,,,,,,,,,,,,,,,,,,,,,,,,,,,,,,,,,,,,,,,,,,,,,,,,,,,,,,,,,
,,,,,,,,,,,,,,,,,,,,,,,,,,,,,,,,,,,,,,,,,,,,,,,,,,,,,,,,,,,,,,,,,,,,,,,,,,,,,,,,,,,,,,,,,,,,,,,,,,,,,,,,,,,,,,,,,,,,,,,,,,,,,,,,,,,,,,,,,,,,,,,,,,,,,,,,,,,,,,,,,,,,,,,,,,,,,,,,,,,,,,,,,,,,,,,,,,,,,,,,,,,,,,,,,,,,,,,,,,,,,,,,
,,,,,,,,,,,,,,,,,,,,,,,,,,,,,,,,,,,,,,,,,,,,,,,,,,,,,,,,,,,,,,,,,,,,,,,,,,,,,,,,,,,,,,,,,,,,,,,,,,,,,,,,,,,,,,,,,,,,,,,,,,,,,,,,,,,,,,,,,,,,,,,,,,,,,,,,,,,,,,,,,,,,,,,,,,,,,,,,,,,,,,,,,,,,,,,,,,,,,,,,,,,,,,,,,,,,,,,,,,,,,,,,
,,,,,,,,,,,,,,,,,,,,,,,,,,,,,,,,,,,,,,,,,,,,,,,,,,,,,,,,,,,,,,,,,,,,,,,,,,,,,,,,,,,,,,,,,,,,,,,,,,,,,,,,,,,,,,,,,,,,,,,,,,,,,,,,,,,,,,,,,,,,,,,,,,,,,,,,,,,,,,,,,,,,,,,,,,,,,,,,,,,,,,,,,,,,,,,,,,,,,,,,,,,,,,,,,,,,,,,,,,,,,,,,
,,,,,,,,,,,,,,,,,,,,,,,,,,,,,,,,,,,,,,,,,,,,,,,,,,,,,,,,,,,,,,,,,,,,,,,,,,,,,,,,,,,,,,,,,,,,,,,,,,,,,,,,,,,,,,,,,,,,,,,,,,,,,,,,,,,,,,,,,,,,,,,,,,,,,,,,,,,,,,,,,,,,,,,,,,,,,,,,,,,,,,,,,,,,,,,,,,,,,,,,,,,,,,,,,,,,,,,,,,,,,,,,
,,,,,,,,,,,,,,,,,,,,,,,,,,,,,,,,,,,,,,,,,,,,,,,,,,,,,,,,,,,,,,,,,,,,,,,,,,,,,,,,,,,,,,,,,,,,,,,,,,,,,,,,,,,,,,,,,,,,,,,,,,,,,,,,,,,,,,,,,,,,,,,,,,,,,,,,,,,,,,,,,,,,,,,,,,,,,,,,,,,,,,,,,,,,,,,,,,,,,,,,,,,,,,,,,,,,,,,,,,,,,,,,
,,,,,,,,,,,,,,,,,,,,,,,,,,,,,,,,,,,,,,,,,,,,,,,,,,,,,,,,,,,,,,,,,,,,,,,,,,,,,,,,,,,,,,,,,,,,,,,,,,,,,,,,,,,,,,,,,,,,,,,,,,,,,,,,,,,,,,,,,,,,,,,,,,,,,,,,,,,,,,,,,,,,,,,,,,,,,,,,,,,,,,,,,,,,,,,,,,,,,,,,,,,,,,,,,,,,,,,,,,,,,,,,
,,,,,,,,,,,,,,,,,,,,,,,,,,,,,,,,,,,,,,,,,,,,,,,,,,,,,,,,,,,,,,,,,,,,,,,,,,,,,,,,,,,,,,,,,,,,,,,,,,,,,,,,,,,,,,,,,,,,,,,,,,,,,,,,,,,,,,,,,,,,,,,,,,,,,,,,,,,,,,,,,,,,,,,,,,,,,,,,,,,,,,,,,,,,,,,,,,,,,,,,,,,,,,,,,,,,,,,,,,,,,,,,
,,,,,,,,,,,,,,,,,,,,,,,,,,,,,,,,,,,,,,,,,,,,,,,,,,,,,,,,,,,,,,,,,,,,,,,,,,,,,,,,,,,,,,,,,,,,,,,,,,,,,,,,,,,,,,,,,,,,,,,,,,,,,,,,,,,,,,,,,,,,,,,,,,,,,,,,,,,,,,,,,,,,,,,,,,,,,,,,,,,,,,,,,,,,,,,,,,,,,,,,,,,,,,,,,,,,,,,,,,,,,,,,
,,,,,,,,,,,,,,,,,,,,,,,,,,,,,,,,,,,,,,,,,,,,,,,,,,,,,,,,,,,,,,,,,,,,,,,,,,,,,,,,,,,,,,,,,,,,,,,,,,,,,,,,,,,,,,,,,,,,,,,,,,,,,,,,,,,,,,,,,,,,,,,,,,,,,,,,,,,,,,,,,,,,,,,,,,,,,,,,,,,,,,,,,,,,,,,,,,,,,,,,,,,,,,,,,,,,,,,,,,,,,,,,
,,,,,,,,,,,,,,,,,,,,,,,,,,,,,,,,,,,,,,,,,,,,,,,,,,,,,,,,,,,,,,,,,,,,,,,,,,,,,,,,,,,,,,,,,,,,,,,,,,,,,,,,,,,,,,,,,,,,,,,,,,,,,,,,,,,,,,,,,,,,,,,,,,,,,,,,,,,,,,,,,,,,,,,,,,,,,,,,,,,,,,,,,,,,,,,,,,,,,,,,,,,,,,,,,,,,,,,,,,,,,,,,
,,,,,,,,,,,,,,,,,,,,,,,,,,,,,,,,,,,,,,,,,,,,,,,,,,,,,,,,,,,,,,,,,,,,,,,,,,,,,,,,,,,,,,,,,,,,,,,,,,,,,,,,,,,,,,,,,,,,,,,,,,,,,,,,,,,,,,,,,,,,,,,,,,,,,,,,,,,,,,,,,,,,,,,,,,,,,,,,,,,,,,,,,,,,,,,,,,,,,,,,,,,,,,,,,,,,,,,,,,,,,,,,
,,,,,,,,,,,,,,,,,,,,,,,,,,,,,,,,,,,,,,,,,,,,,,,,,,,,,,,,,,,,,,,,,,,,,,,,,,,,,,,,,,,,,,,,,,,,,,,,,,,,,,,,,,,,,,,,,,,,,,,,,,,,,,,,,,,,,,,,,,,,,,,,,,,,,,,,,,,,,,,,,,,,,,,,,,,,,,,,,,,,,,,,,,,,,,,,,,,,,,,,,,,,,,,,,,,,,,,,,,,,,,,,
,,,,,,,,,,,,,,,,,,,,,,,,,,,,,,,,,,,,,,,,,,,,,,,,,,,,,,,,,,,,,,,,,,,,,,,,,,,,,,,,,,,,,,,,,,,,,,,,,,,,,,,,,,,,,,,,,,,,,,,,,,,,,,,,,,,,,,,,,,,,,,,,,,,,,,,,,,,,,,,,,,,,,,,,,,,,,,,,,,,,,,,,,,,,,,,,,,,,,,,,,,,,,,,,,,,,,,,,,,,,,,,,
,,,,,,,,,,,,,,,,,,,,,,,,,,,,,,,,,,,,,,,,,,,,,,,,,,,,,,,,,,,,,,,,,,,,,,,,,,,,,,,,,,,,,,,,,,,,,,,,,,,,,,,,,,,,,,,,,,,,,,,,,,,,,,,,,,,,,,,,,,,,,,,,,,,,,,,,,,,,,,,,,,,,,,,,,,,,,,,,,,,,,,,,,,,,,,,,,,,,,,,,,,,,,,,,,,,,,,,,,,,,,,,,
,,,,,,,,,,,,,,,,,,,,,,,,,,,,,,,,,,,,,,,,,,,,,,,,,,,,,,,,,,,,,,,,,,,,,,,,,,,,,,,,,,,,,,,,,,,,,,,,,,,,,,,,,,,,,,,,,,,,,,,,,,,,,,,,,,,,,,,,,,,,,,,,,,,,,,,,,,,,,,,,,,,,,,,,,,,,,,,,,,,,,,,,,,,,,,,,,,,,,,,,,,,,,,,,,,,,,,,,,,,,,,,,
,,,,,,,,,,,,,,,,,,,,,,,,,,,,,,,,,,,,,,,,,,,,,,,,,,,,,,,,,,,,,,,,,,,,,,,,,,,,,,,,,,,,,,,,,,,,,,,,,,,,,,,,,,,,,,,,,,,,,,,,,,,,,,,,,,,,,,,,,,,,,,,,,,,,,,,,,,,,,,,,,,,,,,,,,,,,,,,,,,,,,,,,,,,,,,,,,,,,,,,,,,,,,,,,,,,,,,,,,,,,,,,,
,,,,,,,,,,,,,,,,,,,,,,,,,,,,,,,,,,,,,,,,,,,,,,,,,,,,,,,,,,,,,,,,,,,,,,,,,,,,,,,,,,,,,,,,,,,,,,,,,,,,,,,,,,,,,,,,,,,,,,,,,,,,,,,,,,,,,,,,,,,,,,,,,,,,,,,,,,,,,,,,,,,,,,,,,,,,,,,,,,,,,,,,,,,,,,,,,,,,,,,,,,,,,,,,,,,,,,,,,,,,,,,,
,,,,,,,,,,,,,,,,,,,,,,,,,,,,,,,,,,,,,,,,,,,,,,,,,,,,,,,,,,,,,,,,,,,,,,,,,,,,,,,,,,,,,,,,,,,,,,,,,,,,,,,,,,,,,,,,,,,,,,,,,,,,,,,,,,,,,,,,,,,,,,,,,,,,,,,,,,,,,,,,,,,,,,,,,,,,,,,,,,,,,,,,,,,,,,,,,,,,,,,,,,,,,,,,,,,,,,,,,,,,,,,,
,,,,,,,,,,,,,,,,,,,,,,,,,,,,,,,,,,,,,,,,,,,,,,,,,,,,,,,,,,,,,,,,,,,,,,,,,,,,,,,,,,,,,,,,,,,,,,,,,,,,,,,,,,,,,,,,,,,,,,,,,,,,,,,,,,,,,,,,,,,,,,,,,,,,,,,,,,,,,,,,,,,,,,,,,,,,,,,,,,,,,,,,,,,,,,,,,,,,,,,,,,,,,,,,,,,,,,,,,,,,,,,,
,,,,,,,,,,,,,,,,,,,,,,,,,,,,,,,,,,,,,,,,,,,,,,,,,,,,,,,,,,,,,,,,,,,,,,,,,,,,,,,,,,,,,,,,,,,,,,,,,,,,,,,,,,,,,,,,,,,,,,,,,,,,,,,,,,,,,,,,,,,,,,,,,,,,,,,,,,,,,,,,,,,,,,,,,,,,,,,,,,,,,,,,,,,,,,,,,,,,,,,,,,,,,,,,,,,,,,,,,,,,,,,,
,,,,,,,,,,,,,,,,,,,,,,,,,,,,,,,,,,,,,,,,,,,,,,,,,,,,,,,,,,,,,,,,,,,,,,,,,,,,,,,,,,,,,,,,,,,,,,,,,,,,,,,,,,,,,,,,,,,,,,,,,,,,,,,,,,,,,,,,,,,,,,,,,,,,,,,,,,,,,,,,,,,,,,,,,,,,,,,,,,,,,,,,,,,,,,,,,,,,,,,,,,,,,,,,,,,,,,,,,,,,,,,,
,,,,,,,,,,,,,,,,,,,,,,,,,,,,,,,,,,,,,,,,,,,,,,,,,,,,,,,,,,,,,,,,,,,,,,,,,,,,,,,,,,,,,,,,,,,,,,,,,,,,,,,,,,,,,,,,,,,,,,,,,,,,,,,,,,,,,,,,,,,,,,,,,,,,,,,,,,,,,,,,,,,,,,,,,,,,,,,,,,,,,,,,,,,,,,,,,,,,,,,,,,,,,,,,,,,,,,,,,,,,,,,,
,,,,,,,,,,,,,,,,,,,,,,,,,,,,,,,,,,,,,,,,,,,,,,,,,,,,,,,,,,,,,,,,,,,,,,,,,,,,,,,,,,,,,,,,,,,,,,,,,,,,,,,,,,,,,,,,,,,,,,,,,,,,,,,,,,,,,,,,,,,,,,,,,,,,,,,,,,,,,,,,,,,,,,,,,,,,,,,,,,,,,,,,,,,,,,,,,,,,,,,,,,,,,,,,,,,,,,,,,,,,,,,,
,,,,,,,,,,,,,,,,,,,,,,,,,,,,,,,,,,,,,,,,,,,,,,,,,,,,,,,,,,,,,,,,,,,,,,,,,,,,,,,,,,,,,,,,,,,,,,,,,,,,,,,,,,,,,,,,,,,,,,,,,,,,,,,,,,,,,,,,,,,,,,,,,,,,,,,,,,,,,,,,,,,,,,,,,,,,,,,,,,,,,,,,,,,,,,,,,,,,,,,,,,,,,,,,,,,,,,,,,,,,,,,,
,,,,,,,,,,,,,,,,,,,,,,,,,,,,,,,,,,,,,,,,,,,,,,,,,,,,,,,,,,,,,,,,,,,,,,,,,,,,,,,,,,,,,,,,,,,,,,,,,,,,,,,,,,,,,,,,,,,,,,,,,,,,,,,,,,,,,,,,,,,,,,,,,,,,,,,,,,,,,,,,,,,,,,,,,,,,,,,,,,,,,,,,,,,,,,,,,,,,,,,,,,,,,,,,,,,,,,,,,,,,,,,,
,,,,,,,,,,,,,,,,,,,,,,,,,,,,,,,,,,,,,,,,,,,,,,,,,,,,,,,,,,,,,,,,,,,,,,,,,,,,,,,,,,,,,,,,,,,,,,,,,,,,,,,,,,,,,,,,,,,,,,,,,,,,,,,,,,,,,,,,,,,,,,,,,,,,,,,,,,,,,,,,,,,,,,,,,,,,,,,,,,,,,,,,,,,,,,,,,,,,,,,,,,,,,,,,,,,,,,,,,,,,,,,,
,,,,,,,,,,,,,,,,,,,,,,,,,,,,,,,,,,,,,,,,,,,,,,,,,,,,,,,,,,,,,,,,,,,,,,,,,,,,,,,,,,,,,,,,,,,,,,,,,,,,,,,,,,,,,,,,,,,,,,,,,,,,,,,,,,,,,,,,,,,,,,,,,,,,,,,,,,,,,,,,,,,,,,,,,,,,,,,,,,,,,,,,,,,,,,,,,,,,,,,,,,,,,,,,,,,,,,,,,,,,,,,,
,,,,,,,,,,,,,,,,,,,,,,,,,,,,,,,,,,,,,,,,,,,,,,,,,,,,,,,,,,,,,,,,,,,,,,,,,,,,,,,,,,,,,,,,,,,,,,,,,,,,,,,,,,,,,,,,,,,,,,,,,,,,,,,,,,,,,,,,,,,,,,,,,,,,,,,,,,,,,,,,,,,,,,,,,,,,,,,,,,,,,,,,,,,,,,,,,,,,,,,,,,,,,,,,,,,,,,,,,,,,,,,,
,,,,,,,,,,,,,,,,,,,,,,,,,,,,,,,,,,,,,,,,,,,,,,,,,,,,,,,,,,,,,,,,,,,,,,,,,,,,,,,,,,,,,,,,,,,,,,,,,,,,,,,,,,,,,,,,,,,,,,,,,,,,,,,,,,,,,,,,,,,,,,,,,,,,,,,,,,,,,,,,,,,,,,,,,,,,,,,,,,,,,,,,,,,,,,,,,,,,,,,,,,,,,,,,,,,,,,,,,,,,,,,,
,,,,,,,,,,,,,,,,,,,,,,,,,,,,,,,,,,,,,,,,,,,,,,,,,,,,,,,,,,,,,,,,,,,,,,,,,,,,,,,,,,,,,,,,,,,,,,,,,,,,,,,,,,,,,,,,,,,,,,,,,,,,,,,,,,,,,,,,,,,,,,,,,,,,,,,,,,,,,,,,,,,,,,,,,,,,,,,,,,,,,,,,,,,,,,,,,,,,,,,,,,,,,,,,,,,,,,,,,,,,,,,,
,,,,,,,,,,,,,,,,,,,,,,,,,,,,,,,,,,,,,,,,,,,,,,,,,,,,,,,,,,,,,,,,,,,,,,,,,,,,,,,,,,,,,,,,,,,,,,,,,,,,,,,,,,,,,,,,,,,,,,,,,,,,,,,,,,,,,,,,,,,,,,,,,,,,,,,,,,,,,,,,,,,,,,,,,,,,,,,,,,,,,,,,,,,,,,,,,,,,,,,,,,,,,,,,,,,,,,,,,,,,,,,,
,,,,,,,,,,,,,,,,,,,,,,,,,,,,,,,,,,,,,,,,,,,,,,,,,,,,,,,,,,,,,,,,,,,,,,,,,,,,,,,,,,,,,,,,,,,,,,,,,,,,,,,,,,,,,,,,,,,,,,,,,,,,,,,,,,,,,,,,,,,,,,,,,,,,,,,,,,,,,,,,,,,,,,,,,,,,,,,,,,,,,,,,,,,,,,,,,,,,,,,,,,,,,,,,,,,,,,,,,,,,,,,,
,,,,,,,,,,,,,,,,,,,,,,,,,,,,,,,,,,,,,,,,,,,,,,,,,,,,,,,,,,,,,,,,,,,,,,,,,,,,,,,,,,,,,,,,,,,,,,,,,,,,,,,,,,,,,,,,,,,,,,,,,,,,,,,,,,,,,,,,,,,,,,,,,,,,,,,,,,,,,,,,,,,,,,,,,,,,,,,,,,,,,,,,,,,,,,,,,,,,,,,,,,,,,,,,,,,,,,,,,,,,,,,,
,,,,,,,,,,,,,,,,,,,,,,,,,,,,,,,,,,,,,,,,,,,,,,,,,,,,,,,,,,,,,,,,,,,,,,,,,,,,,,,,,,,,,,,,,,,,,,,,,,,,,,,,,,,,,,,,,,,,,,,,,,,,,,,,,,,,,,,,,,,,,,,,,,,,,,,,,,,,,,,,,,,,,,,,,,,,,,,,,,,,,,,,,,,,,,,,,,,,,,,,,,,,,,,,,,,,,,,,,,,,,,,,
,,,,,,,,,,,,,,,,,,,,,,,,,,,,,,,,,,,,,,,,,,,,,,,,,,,,,,,,,,,,,,,,,,,,,,,,,,,,,,,,,,,,,,,,,,,,,,,,,,,,,,,,,,,,,,,,,,,,,,,,,,,,,,,,,,,,,,,,,,,,,,,,,,,,,,,,,,,,,,,,,,,,,,,,,,,,,,,,,,,,,,,,,,,,,,,,,,,,,,,,,,,,,,,,,,,,,,,,,,,,,,,,
,,,,,,,,,,,,,,,,,,,,,,,,,,,,,,,,,,,,,,,,,,,,,,,,,,,,,,,,,,,,,,,,,,,,,,,,,,,,,,,,,,,,,,,,,,,,,,,,,,,,,,,,,,,,,,,,,,,,,,,,,,,,,,,,,,,,,,,,,,,,,,,,,,,,,,,,,,,,,,,,,,,,,,,,,,,,,,,,,,,,,,,,,,,,,,,,,,,,,,,,,,,,,,,,,,,,,,,,,,,,,,,,
,,,,,,,,,,,,,,,,,,,,,,,,,,,,,,,,,,,,,,,,,,,,,,,,,,,,,,,,,,,,,,,,,,,,,,,,,,,,,,,,,,,,,,,,,,,,,,,,,,,,,,,,,,,,,,,,,,,,,,,,,,,,,,,,,,,,,,,,,,,,,,,,,,,,,,,,,,,,,,,,,,,,,,,,,,,,,,,,,,,,,,,,,,,,,,,,,,,,,,,,,,,,,,,,,,,,,,,,,,,,,,,,
,,,,,,,,,,,,,,,,,,,,,,,,,,,,,,,,,,,,,,,,,,,,,,,,,,,,,,,,,,,,,,,,,,,,,,,,,,,,,,,,,,,,,,,,,,,,,,,,,,,,,,,,,,,,,,,,,,,,,,,,,,,,,,,,,,,,,,,,,,,,,,,,,,,,,,,,,,,,,,,,,,,,,,,,,,,,,,,,,,,,,,,,,,,,,,,,,,,,,,,,,,,,,,,,,,,,,,,,,,,,,,,,
,,,,,,,,,,,,,,,,,,,,,,,,,,,,,,,,,,,,,,,,,,,,,,,,,,,,,,,,,,,,,,,,,,,,,,,,,,,,,,,,,,,,,,,,,,,,,,,,,,,,,,,,,,,,,,,,,,,,,,,,,,,,,,,,,,,,,,,,,,,,,,,,,,,,,,,,,,,,,,,,,,,,,,,,,,,,,,,,,,,,,,,,,,,,,,,,,,,,,,,,,,,,,,,,,,,,,,,,,,,,,,,,
,,,,,,,,,,,,,,,,,,,,,,,,,,,,,,,,,,,,,,,,,,,,,,,,,,,,,,,,,,,,,,,,,,,,,,,,,,,,,,,,,,,,,,,,,,,,,,,,,,,,,,,,,,,,,,,,,,,,,,,,,,,,,,,,,,,,,,,,,,,,,,,,,,,,,,,,,,,,,,,,,,,,,,,,,,,,,,,,,,,,,,,,,,,,,,,,,,,,,,,,,,,,,,,,,,,,,,,,,,,,,,,,
,,,,,,,,,,,,,,,,,,,,,,,,,,,,,,,,,,,,,,,,,,,,,,,,,,,,,,,,,,,,,,,,,,,,,,,,,,,,,,,,,,,,,,,,,,,,,,,,,,,,,,,,,,,,,,,,,,,,,,,,,,,,,,,,,,,,,,,,,,,,,,,,,,,,,,,,,,,,,,,,,,,,,,,,,,,,,,,,,,,,,,,,,,,,,,,,,,,,,,,,,,,,,,,,,,,,,,,,,,,,,,,,
,,,,,,,,,,,,,,,,,,,,,,,,,,,,,,,,,,,,,,,,,,,,,,,,,,,,,,,,,,,,,,,,,,,,,,,,,,,,,,,,,,,,,,,,,,,,,,,,,,,,,,,,,,,,,,,,,,,,,,,,,,,,,,,,,,,,,,,,,,,,,,,,,,,,,,,,,,,,,,,,,,,,,,,,,,,,,,,,,,,,,,,,,,,,,,,,,,,,,,,,,,,,,,,,,,,,,,,,,,,,,,,,
,,,,,,,,,,,,,,,,,,,,,,,,,,,,,,,,,,,,,,,,,,,,,,,,,,,,,,,,,,,,,,,,,,,,,,,,,,,,,,,,,,,,,,,,,,,,,,,,,,,,,,,,,,,,,,,,,,,,,,,,,,,,,,,,,,,,,,,,,,,,,,,,,,,,,,,,,,,,,,,,,,,,,,,,,,,,,,,,,,,,,,,,,,,,,,,,,,,,,,,,,,,,,,,,,,,,,,,,,,,,,,,,
,,,,,,,,,,,,,,,,,,,,,,,,,,,,,,,,,,,,,,,,,,,,,,,,,,,,,,,,,,,,,,,,,,,,,,,,,,,,,,,,,,,,,,,,,,,,,,,,,,,,,,,,,,,,,,,,,,,,,,,,,,,,,,,,,,,,,,,,,,,,,,,,,,,,,,,,,,,,,,,,,,,,,,,,,,,,,,,,,,,,,,,,,,,,,,,,,,,,,,,,,,,,,,,,,,,,,,,,,,,,,,,,
,,,,,,,,,,,,,,,,,,,,,,,,,,,,,,,,,,,,,,,,,,,,,,,,,,,,,,,,,,,,,,,,,,,,,,,,,,,,,,,,,,,,,,,,,,,,,,,,,,,,,,,,,,,,,,,,,,,,,,,,,,,,,,,,,,,,,,,,,,,,,,,,,,,,,,,,,,,,,,,,,,,,,,,,,,,,,,,,,,,,,,,,,,,,,,,,,,,,,,,,,,,,,,,,,,,,,,,,,,,,,,,,
,,,,,,,,,,,,,,,,,,,,,,,,,,,,,,,,,,,,,,,,,,,,,,,,,,,,,,,,,,,,,,,,,,,,,,,,,,,,,,,,,,,,,,,,,,,,,,,,,,,,,,,,,,,,,,,,,,,,,,,,,,,,,,,,,,,,,,,,,,,,,,,,,,,,,,,,,,,,,,,,,,,,,,,,,,,,,,,,,,,,,,,,,,,,,,,,,,,,,,,,,,,,,,,,,,,,,,,,,,,,,,,,
,,,,,,,,,,,,,,,,,,,,,,,,,,,,,,,,,,,,,,,,,,,,,,,,,,,,,,,,,,,,,,,,,,,,,,,,,,,,,,,,,,,,,,,,,,,,,,,,,,,,,,,,,,,,,,,,,,,,,,,,,,,,,,,,,,,,,,,,,,,,,,,,,,,,,,,,,,,,,,,,,,,,,,,,,,,,,,,,,,,,,,,,,,,,,,,,,,,,,,,,,,,,,,,,,,,,,,,,,,,,,,,,
,,,,,,,,,,,,,,,,,,,,,,,,,,,,,,,,,,,,,,,,,,,,,,,,,,,,,,,,,,,,,,,,,,,,,,,,,,,,,,,,,,,,,,,,,,,,,,,,,,,,,,,,,,,,,,,,,,,,,,,,,,,,,,,,,,,,,,,,,,,,,,,,,,,,,,,,,,,,,,,,,,,,,,,,,,,,,,,,,,,,,,,,,,,,,,,,,,,,,,,,,,,,,,,,,,,,,,,,,,,,,,,,
,,,,,,,,,,,,,,,,,,,,,,,,,,,,,,,,,,,,,,,,,,,,,,,,,,,,,,,,,,,,,,,,,,,,,,,,,,,,,,,,,,,,,,,,,,,,,,,,,,,,,,,,,,,,,,,,,,,,,,,,,,,,,,,,,,,,,,,,,,,,,,,,,,,,,,,,,,,,,,,,,,,,,,,,,,,,,,,,,,,,,,,,,,,,,,,,,,,,,,,,,,,,,,,,,,,,,,,,,,,,,,,,
,,,,,,,,,,,,,,,,,,,,,,,,,,,,,,,,,,,,,,,,,,,,,,,,,,,,,,,,,,,,,,,,,,,,,,,,,,,,,,,,,,,,,,,,,,,,,,,,,,,,,,,,,,,,,,,,,,,,,,,,,,,,,,,,,,,,,,,,,,,,,,,,,,,,,,,,,,,,,,,,,,,,,,,,,,,,,,,,,,,,,,,,,,,,,,,,,,,,,,,,,,,,,,,,,,,,,,,,,,,,,,,,
,,,,,,,,,,,,,,,,,,,,,,,,,,,,,,,,,,,,,,,,,,,,,,,,,,,,,,,,,,,,,,,,,,,,,,,,,,,,,,,,,,,,,,,,,,,,,,,,,,,,,,,,,,,,,,,,,,,,,,,,,,,,,,,,,,,,,,,,,,,,,,,,,,,,,,,,,,,,,,,,,,,,,,,,,,,,,,,,,,,,,,,,,,,,,,,,,,,,,,,,,,,,,,,,,,,,,,,,,,,,,,,,
,,,,,,,,,,,,,,,,,,,,,,,,,,,,,,,,,,,,,,,,,,,,,,,,,,,,,,,,,,,,,,,,,,,,,,,,,,,,,,,,,,,,,,,,,,,,,,,,,,,,,,,,,,,,,,,,,,,,,,,,,,,,,,,,,,,,,,,,,,,,,,,,,,,,,,,,,,,,,,,,,,,,,,,,,,,,,,,,,,,,,,,,,,,,,,,,,,,,,,,,,,,,,,,,,,,,,,,,,,,,,,,,
,,,,,,,,,,,,,,,,,,,,,,,,,,,,,,,,,,,,,,,,,,,,,,,,,,,,,,,,,,,,,,,,,,,,,,,,,,,,,,,,,,,,,,,,,,,,,,,,,,,,,,,,,,,,,,,,,,,,,,,,,,,,,,,,,,,,,,,,,,,,,,,,,,,,,,,,,,,,,,,,,,,,,,,,,,,,,,,,,,,,,,,,,,,,,,,,,,,,,,,,,,,,,,,,,,,,,,,,,,,,,,,,
,,,,,,,,,,,,,,,,,,,,,,,,,,,,,,,,,,,,,,,,,,,,,,,,,,,,,,,,,,,,,,,,,,,,,,,,,,,,,,,,,,,,,,,,,,,,,,,,,,,,,,,,,,,,,,,,,,,,,,,,,,,,,,,,,,,,,,,,,,,,,,,,,,,,,,,,,,,,,,,,,,,,,,,,,,,,,,,,,,,,,,,,,,,,,,,,,,,,,,,,,,,,,,,,,,,,,,,,,,,,,,,,
,,,,,,,,,,,,,,,,,,,,,,,,,,,,,,,,,,,,,,,,,,,,,,,,,,,,,,,,,,,,,,,,,,,,,,,,,,,,,,,,,,,,,,,,,,,,,,,,,,,,,,,,,,,,,,,,,,,,,,,,,,,,,,,,,,,,,,,,,,,,,,,,,,,,,,,,,,,,,,,,,,,,,,,,,,,,,,,,,,,,,,,,,,,,,,,,,,,,,,,,,,,,,,,,,,,,,,,,,,,,,,,,
,,,,,,,,,,,,,,,,,,,,,,,,,,,,,,,,,,,,,,,,,,,,,,,,,,,,,,,,,,,,,,,,,,,,,,,,,,,,,,,,,,,,,,,,,,,,,,,,,,,,,,,,,,,,,,,,,,,,,,,,,,,,,,,,,,,,,,,,,,,,,,,,,,,,,,,,,,,,,,,,,,,,,,,,,,,,,,,,,,,,,,,,,,,,,,,,,,,,,,,,,,,,,,,,,,,,,,,,,,,,,,,,
,,,,,,,,,,,,,,,,,,,,,,,,,,,,,,,,,,,,,,,,,,,,,,,,,,,,,,,,,,,,,,,,,,,,,,,,,,,,,,,,,,,,,,,,,,,,,,,,,,,,,,,,,,,,,,,,,,,,,,,,,,,,,,,,,,,,,,,,,,,,,,,,,,,,,,,,,,,,,,,,,,,,,,,,,,,,,,,,,,,,,,,,,,,,,,,,,,,,,,,,,,,,,,,,,,,,,,,,,,,,,,,,
,,,,,,,,,,,,,,,,,,,,,,,,,,,,,,,,,,,,,,,,,,,,,,,,,,,,,,,,,,,,,,,,,,,,,,,,,,,,,,,,,,,,,,,,,,,,,,,,,,,,,,,,,,,,,,,,,,,,,,,,,,,,,,,,,,,,,,,,,,,,,,,,,,,,,,,,,,,,,,,,,,,,,,,,,,,,,,,,,,,,,,,,,,,,,,,,,,,,,,,,,,,,,,,,,,,,,,,,,,,,,,,,
,,,,,,,,,,,,,,,,,,,,,,,,,,,,,,,,,,,,,,,,,,,,,,,,,,,,,,,,,,,,,,,,,,,,,,,,,,,,,,,,,,,,,,,,,,,,,,,,,,,,,,,,,,,,,,,,,,,,,,,,,,,,,,,,,,,,,,,,,,,,,,,,,,,,,,,,,,,,,,,,,,,,,,,,,,,,,,,,,,,,,,,,,,,,,,,,,,,,,,,,,,,,,,,,,,,,,,,,,,,,,,,,
,,,,,,,,,,,,,,,,,,,,,,,,,,,,,,,,,,,,,,,,,,,,,,,,,,,,,,,,,,,,,,,,,,,,,,,,,,,,,,,,,,,,,,,,,,,,,,,,,,,,,,,,,,,,,,,,,,,,,,,,,,,,,,,,,,,,,,,,,,,,,,,,,,,,,,,,,,,,,,,,,,,,,,,,,,,,,,,,,,,,,,,,,,,,,,,,,,,,,,,,,,,,,,,,,,,,,,,,,,,,,,,,
,,,,,,,,,,,,,,,,,,,,,,,,,,,,,,,,,,,,,,,,,,,,,,,,,,,,,,,,,,,,,,,,,,,,,,,,,,,,,,,,,,,,,,,,,,,,,,,,,,,,,,,,,,,,,,,,,,,,,,,,,,,,,,,,,,,,,,,,,,,,,,,,,,,,,,,,,,,,,,,,,,,,,,,,,,,,,,,,,,,,,,,,,,,,,,,,,,,,,,,,,,,,,,,,,,,,,,,,,,,,,,,,
,,,,,,,,,,,,,,,,,,,,,,,,,,,,,,,,,,,,,,,,,,,,,,,,,,,,,,,,,,,,,,,,,,,,,,,,,,,,,,,,,,,,,,,,,,,,,,,,,,,,,,,,,,,,,,,,,,,,,,,,,,,,,,,,,,,,,,,,,,,,,,,,,,,,,,,,,,,,,,,,,,,,,,,,,,,,,,,,,,,,,,,,,,,,,,,,,,,,,,,,,,,,,,,,,,,,,,,,,,,,,,,,
,,,,,,,,,,,,,,,,,,,,,,,,,,,,,,,,,,,,,,,,,,,,,,,,,,,,,,,,,,,,,,,,,,,,,,,,,,,,,,,,,,,,,,,,,,,,,,,,,,,,,,,,,,,,,,,,,,,,,,,,,,,,,,,,,,,,,,,,,,,,,,,,,,,,,,,,,,,,,,,,,,,,,,,,,,,,,,,,,,,,,,,,,,,,,,,,,,,,,,,,,,,,,,,,,,,,,,,,,,,,,,,,
,,,,,,,,,,,,,,,,,,,,,,,,,,,,,,,,,,,,,,,,,,,,,,,,,,,,,,,,,,,,,,,,,,,,,,,,,,,,,,,,,,,,,,,,,,,,,,,,,,,,,,,,,,,,,,,,,,,,,,,,,,,,,,,,,,,,,,,,,,,,,,,,,,,,,,,,,,,,,,,,,,,,,,,,,,,,,,,,,,,,,,,,,,,,,,,,,,,,,,,,,,,,,,,,,,,,,,,,,,,,,,,,
,,,,,,,,,,,,,,,,,,,,,,,,,,,,,,,,,,,,,,,,,,,,,,,,,,,,,,,,,,,,,,,,,,,,,,,,,,,,,,,,,,,,,,,,,,,,,,,,,,,,,,,,,,,,,,,,,,,,,,,,,,,,,,,,,,,,,,,,,,,,,,,,,,,,,,,,,,,,,,,,,,,,,,,,,,,,,,,,,,,,,,,,,,,,,,,,,,,,,,,,,,,,,,,,,,,,,,,,,,,,,,,,
,,,,,,,,,,,,,,,,,,,,,,,,,,,,,,,,,,,,,,,,,,,,,,,,,,,,,,,,,,,,,,,,,,,,,,,,,,,,,,,,,,,,,,,,,,,,,,,,,,,,,,,,,,,,,,,,,,,,,,,,,,,,,,,,,,,,,,,,,,,,,,,,,,,,,,,,,,,,,,,,,,,,,,,,,,,,,,,,,,,,,,,,,,,,,,,,,,,,,,,,,,,,,,,,,,,,,,,,,,,,,,,,
,,,,,,,,,,,,,,,,,,,,,,,,,,,,,,,,,,,,,,,,,,,,,,,,,,,,,,,,,,,,,,,,,,,,,,,,,,,,,,,,,,,,,,,,,,,,,,,,,,,,,,,,,,,,,,,,,,,,,,,,,,,,,,,,,,,,,,,,,,,,,,,,,,,,,,,,,,,,,,,,,,,,,,,,,,,,,,,,,,,,,,,,,,,,,,,,,,,,,,,,,,,,,,,,,,,,,,,,,,,,,,,,
,,,,,,,,,,,,,,,,,,,,,,,,,,,,,,,,,,,,,,,,,,,,,,,,,,,,,,,,,,,,,,,,,,,,,,,,,,,,,,,,,,,,,,,,,,,,,,,,,,,,,,,,,,,,,,,,,,,,,,,,,,,,,,,,,,,,,,,,,,,,,,,,,,,,,,,,,,,,,,,,,,,,,,,,,,,,,,,,,,,,,,,,,,,,,,,,,,,,,,,,,,,,,,,,,,,,,,,,,,,,,,,,
,,,,,,,,,,,,,,,,,,,,,,,,,,,,,,,,,,,,,,,,,,,,,,,,,,,,,,,,,,,,,,,,,,,,,,,,,,,,,,,,,,,,,,,,,,,,,,,,,,,,,,,,,,,,,,,,,,,,,,,,,,,,,,,,,,,,,,,,,,,,,,,,,,,,,,,,,,,,,,,,,,,,,,,,,,,,,,,,,,,,,,,,,,,,,,,,,,,,,,,,,,,,,,,,,,,,,,,,,,,,,,,,
,,,,,,,,,,,,,,,,,,,,,,,,,,,,,,,,,,,,,,,,,,,,,,,,,,,,,,,,,,,,,,,,,,,,,,,,,,,,,,,,,,,,,,,,,,,,,,,,,,,,,,,,,,,,,,,,,,,,,,,,,,,,,,,,,,,,,,,,,,,,,,,,,,,,,,,,,,,,,,,,,,,,,,,,,,,,,,,,,,,,,,,,,,,,,,,,,,,,,,,,,,,,,,,,,,,,,,,,,,,,,,,,
,,,,,,,,,,,,,,,,,,,,,,,,,,,,,,,,,,,,,,,,,,,,,,,,,,,,,,,,,,,,,,,,,,,,,,,,,,,,,,,,,,,,,,,,,,,,,,,,,,,,,,,,,,,,,,,,,,,,,,,,,,,,,,,,,,,,,,,,,,,,,,,,,,,,,,,,,,,,,,,,,,,,,,,,,,,,,,,,,,,,,,,,,,,,,,,,,,,,,,,,,,,,,,,,,,,,,,,,,,,,,,,,
,,,,,,,,,,,,,,,,,,,,,,,,,,,,,,,,,,,,,,,,,,,,,,,,,,,,,,,,,,,,,,,,,,,,,,,,,,,,,,,,,,,,,,,,,,,,,,,,,,,,,,,,,,,,,,,,,,,,,,,,,,,,,,,,,,,,,,,,,,,,,,,,,,,,,,,,,,,,,,,,,,,,,,,,,,,,,,,,,,,,,,,,,,,,,,,,,,,,,,,,,,,,,,,,,,,,,,,,,,,,,,,,
,,,,,,,,,,,,,,,,,,,,,,,,,,,,,,,,,,,,,,,,,,,,,,,,,,,,,,,,,,,,,,,,,,,,,,,,,,,,,,,,,,,,,,,,,,,,,,,,,,,,,,,,,,,,,,,,,,,,,,,,,,,,,,,,,,,,,,,,,,,,,,,,,,,,,,,,,,,,,,,,,,,,,,,,,,,,,,,,,,,,,,,,,,,,,,,,,,,,,,,,,,,,,,,,,,,,,,,,,,,,,,,,
,,,,,,,,,,,,,,,,,,,,,,,,,,,,,,,,,,,,,,,,,,,,,,,,,,,,,,,,,,,,,,,,,,,,,,,,,,,,,,,,,,,,,,,,,,,,,,,,,,,,,,,,,,,,,,,,,,,,,,,,,,,,,,,,,,,,,,,,,,,,,,,,,,,,,,,,,,,,,,,,,,,,,,,,,,,,,,,,,,,,,,,,,,,,,,,,,,,,,,,,,,,,,,,,,,,,,,,,,,,,,,,,
,,,,,,,,,,,,,,,,,,,,,,,,,,,,,,,,,,,,,,,,,,,,,,,,,,,,,,,,,,,,,,,,,,,,,,,,,,,,,,,,,,,,,,,,,,,,,,,,,,,,,,,,,,,,,,,,,,,,,,,,,,,,,,,,,,,,,,,,,,,,,,,,,,,,,,,,,,,,,,,,,,,,,,,,,,,,,,,,,,,,,,,,,,,,,,,,,,,,,,,,,,,,,,,,,,,,,,,,,,,,,,,,
,,,,,,,,,,,,,,,,,,,,,,,,,,,,,,,,,,,,,,,,,,,,,,,,,,,,,,,,,,,,,,,,,,,,,,,,,,,,,,,,,,,,,,,,,,,,,,,,,,,,,,,,,,,,,,,,,,,,,,,,,,,,,,,,,,,,,,,,,,,,,,,,,,,,,,,,,,,,,,,,,,,,,,,,,,,,,,,,,,,,,,,,,,,,,,,,,,,,,,,,,,,,,,,,,,,,,,,,,,,,,,,,
,,,,,,,,,,,,,,,,,,,,,,,,,,,,,,,,,,,,,,,,,,,,,,,,,,,,,,,,,,,,,,,,,,,,,,,,,,,,,,,,,,,,,,,,,,,,,,,,,,,,,,,,,,,,,,,,,,,,,,,,,,,,,,,,,,,,,,,,,,,,,,,,,,,,,,,,,,,,,,,,,,,,,,,,,,,,,,,,,,,,,,,,,,,,,,,,,,,,,,,,,,,,,,,,,,,,,,,,,,,,,,,,
,,,,,,,,,,,,,,,,,,,,,,,,,,,,,,,,,,,,,,,,,,,,,,,,,,,,,,,,,,,,,,,,,,,,,,,,,,,,,,,,,,,,,,,,,,,,,,,,,,,,,,,,,,,,,,,,,,,,,,,,,,,,,,,,,,,,,,,,,,,,,,,,,,,,,,,,,,,,,,,,,,,,,,,,,,,,,,,,,,,,,,,,,,,,,,,,,,,,,,,,,,,,,,,,,,,,,,,,,,,,,,,,
,,,,,,,,,,,,,,,,,,,,,,,,,,,,,,,,,,,,,,,,,,,,,,,,,,,,,,,,,,,,,,,,,,,,,,,,,,,,,,,,,,,,,,,,,,,,,,,,,,,,,,,,,,,,,,,,,,,,,,,,,,,,,,,,,,,,,,,,,,,,,,,,,,,,,,,,,,,,,,,,,,,,,,,,,,,,,,,,,,,,,,,,,,,,,,,,,,,,,,,,,,,,,,,,,,,,,,,,,,,,,,,,
,,,,,,,,,,,,,,,,,,,,,,,,,,,,,,,,,,,,,,,,,,,,,,,,,,,,,,,,,,,,,,,,,,,,,,,,,,,,,,,,,,,,,,,,,,,,,,,,,,,,,,,,,,,,,,,,,,,,,,,,,,,,,,,,,,,,,,,,,,,,,,,,,,,,,,,,,,,,,,,,,,,,,,,,,,,,,,,,,,,,,,,,,,,,,,,,,,,,,,,,,,,,,,,,,,,,,,,,,,,,,,,,
,,,,,,,,,,,,,,,,,,,,,,,,,,,,,,,,,,,,,,,,,,,,,,,,,,,,,,,,,,,,,,,,,,,,,,,,,,,,,,,,,,,,,,,,,,,,,,,,,,,,,,,,,,,,,,,,,,,,,,,,,,,,,,,,,,,,,,,,,,,,,,,,,,,,,,,,,,,,,,,,,,,,,,,,,,,,,,,,,,,,,,,,,,,,,,,,,,,,,,,,,,,,,,,,,,,,,,,,,,,,,,,,
,,,,,,,,,,,,,,,,,,,,,,,,,,,,,,,,,,,,,,,,,,,,,,,,,,,,,,,,,,,,,,,,,,,,,,,,,,,,,,,,,,,,,,,,,,,,,,,,,,,,,,,,,,,,,,,,,,,,,,,,,,,,,,,,,,,,,,,,,,,,,,,,,,,,,,,,,,,,,,,,,,,,,,,,,,,,,,,,,,,,,,,,,,,,,,,,,,,,,,,,,,,,,,,,,,,,,,,,,,,,,,,,
,,,,,,,,,,,,,,,,,,,,,,,,,,,,,,,,,,,,,,,,,,,,,,,,,,,,,,,,,,,,,,,,,,,,,,,,,,,,,,,,,,,,,,,,,,,,,,,,,,,,,,,,,,,,,,,,,,,,,,,,,,,,,,,,,,,,,,,,,,,,,,,,,,,,,,,,,,,,,,,,,,,,,,,,,,,,,,,,,,,,,,,,,,,,,,,,,,,,,,,,,,,,,,,,,,,,,,,,,,,,,,,,
,,,,,,,,,,,,,,,,,,,,,,,,,,,,,,,,,,,,,,,,,,,,,,,,,,,,,,,,,,,,,,,,,,,,,,,,,,,,,,,,,,,,,,,,,,,,,,,,,,,,,,,,,,,,,,,,,,,,,,,,,,,,,,,,,,,,,,,,,,,,,,,,,,,,,,,,,,,,,,,,,,,,,,,,,,,,,,,,,,,,,,,,,,,,,,,,,,,,,,,,,,,,,,,,,,,,,,,,,,,,,,,,
,,,,,,,,,,,,,,,,,,,,,,,,,,,,,,,,,,,,,,,,,,,,,,,,,,,,,,,,,,,,,,,,,,,,,,,,,,,,,,,,,,,,,,,,,,,,,,,,,,,,,,,,,,,,,,,,,,,,,,,,,,,,,,,,,,,,,,,,,,,,,,,,,,,,,,,,,,,,,,,,,,,,,,,,,,,,,,,,,,,,,,,,,,,,,,,,,,,,,,,,,,,,,,,,,,,,,,,,,,,,,,,,
,,,,,,,,,,,,,,,,,,,,,,,,,,,,,,,,,,,,,,,,,,,,,,,,,,,,,,,,,,,,,,,,,,,,,,,,,,,,,,,,,,,,,,,,,,,,,,,,,,,,,,,,,,,,,,,,,,,,,,,,,,,,,,,,,,,,,,,,,,,,,,,,,,,,,,,,,,,,,,,,,,,,,,,,,,,,,,,,,,,,,,,,,,,,,,,,,,,,,,,,,,,,,,,,,,,,,,,,,,,,,,,,
,,,,,,,,,,,,,,,,,,,,,,,,,,,,,,,,,,,,,,,,,,,,,,,,,,,,,,,,,,,,,,,,,,,,,,,,,,,,,,,,,,,,,,,,,,,,,,,,,,,,,,,,,,,,,,,,,,,,,,,,,,,,,,,,,,,,,,,,,,,,,,,,,,,,,,,,,,,,,,,,,,,,,,,,,,,,,,,,,,,,,,,,,,,,,,,,,,,,,,,,,,,,,,,,,,,,,,,,,,,,,,,,
,,,,,,,,,,,,,,,,,,,,,,,,,,,,,,,,,,,,,,,,,,,,,,,,,,,,,,,,,,,,,,,,,,,,,,,,,,,,,,,,,,,,,,,,,,,,,,,,,,,,,,,,,,,,,,,,,,,,,,,,,,,,,,,,,,,,,,,,,,,,,,,,,,,,,,,,,,,,,,,,,,,,,,,,,,,,,,,,,,,,,,,,,,,,,,,,,,,,,,,,,,,,,,,,,,,,,,,,,,,,,,,,
,,,,,,,,,,,,,,,,,,,,,,,,,,,,,,,,,,,,,,,,,,,,,,,,,,,,,,,,,,,,,,,,,,,,,,,,,,,,,,,,,,,,,,,,,,,,,,,,,,,,,,,,,,,,,,,,,,,,,,,,,,,,,,,,,,,,,,,,,,,,,,,,,,,,,,,,,,,,,,,,,,,,,,,,,,,,,,,,,,,,,,,,,,,,,,,,,,,,,,,,,,,,,,,,,,,,,,,,,,,,,,,,
,,,,,,,,,,,,,,,,,,,,,,,,,,,,,,,,,,,,,,,,,,,,,,,,,,,,,,,,,,,,,,,,,,,,,,,,,,,,,,,,,,,,,,,,,,,,,,,,,,,,,,,,,,,,,,,,,,,,,,,,,,,,,,,,,,,,,,,,,,,,,,,,,,,,,,,,,,,,,,,,,,,,,,,,,,,,,,,,,,,,,,,,,,,,,,,,,,,,,,,,,,,,,,,,,,,,,,,,,,,,,,,,
,,,,,,,,,,,,,,,,,,,,,,,,,,,,,,,,,,,,,,,,,,,,,,,,,,,,,,,,,,,,,,,,,,,,,,,,,,,,,,,,,,,,,,,,,,,,,,,,,,,,,,,,,,,,,,,,,,,,,,,,,,,,,,,,,,,,,,,,,,,,,,,,,,,,,,,,,,,,,,,,,,,,,,,,,,,,,,,,,,,,,,,,,,,,,,,,,,,,,,,,,,,,,,,,,,,,,,,,,,,,,,,,
,,,,,,,,,,,,,,,,,,,,,,,,,,,,,,,,,,,,,,,,,,,,,,,,,,,,,,,,,,,,,,,,,,,,,,,,,,,,,,,,,,,,,,,,,,,,,,,,,,,,,,,,,,,,,,,,,,,,,,,,,,,,,,,,,,,,,,,,,,,,,,,,,,,,,,,,,,,,,,,,,,,,,,,,,,,,,,,,,,,,,,,,,,,,,,,,,,,,,,,,,,,,,,,,,,,,,,,,,,,,,,,,
,,,,,,,,,,,,,,,,,,,,,,,,,,,,,,,,,,,,,,,,,,,,,,,,,,,,,,,,,,,,,,,,,,,,,,,,,,,,,,,,,,,,,,,,,,,,,,,,,,,,,,,,,,,,,,,,,,,,,,,,,,,,,,,,,,,,,,,,,,,,,,,,,,,,,,,,,,,,,,,,,,,,,,,,,,,,,,,,,,,,,,,,,,,,,,,,,,,,,,,,,,,,,,,,,,,,,,,,,,,,,,,,
,,,,,,,,,,,,,,,,,,,,,,,,,,,,,,,,,,,,,,,,,,,,,,,,,,,,,,,,,,,,,,,,,,,,,,,,,,,,,,,,,,,,,,,,,,,,,,,,,,,,,,,,,,,,,,,,,,,,,,,,,,,,,,,,,,,,,,,,,,,,,,,,,,,,,,,,,,,,,,,,,,,,,,,,,,,,,,,,,,,,,,,,,,,,,,,,,,,,,,,,,,,,,,,,,,,,,,,,,,,,,,,,
,,,,,,,,,,,,,,,,,,,,,,,,,,,,,,,,,,,,,,,,,,,,,,,,,,,,,,,,,,,,,,,,,,,,,,,,,,,,,,,,,,,,,,,,,,,,,,,,,,,,,,,,,,,,,,,,,,,,,,,,,,,,,,,,,,,,,,,,,,,,,,,,,,,,,,,,,,,,,,,,,,,,,,,,,,,,,,,,,,,,,,,,,,,,,,,,,,,,,,,,,,,,,,,,,,,,,,,,,,,,,,,,
,,,,,,,,,,,,,,,,,,,,,,,,,,,,,,,,,,,,,,,,,,,,,,,,,,,,,,,,,,,,,,,,,,,,,,,,,,,,,,,,,,,,,,,,,,,,,,,,,,,,,,,,,,,,,,,,,,,,,,,,,,,,,,,,,,,,,,,,,,,,,,,,,,,,,,,,,,,,,,,,,,,,,,,,,,,,,,,,,,,,,,,,,,,,,,,,,,,,,,,,,,,,,,,,,,,,,,,,,,,,,,,,
,,,,,,,,,,,,,,,,,,,,,,,,,,,,,,,,,,,,,,,,,,,,,,,,,,,,,,,,,,,,,,,,,,,,,,,,,,,,,,,,,,,,,,,,,,,,,,,,,,,,,,,,,,,,,,,,,,,,,,,,,,,,,,,,,,,,,,,,,,,,,,,,,,,,,,,,,,,,,,,,,,,,,,,,,,,,,,,,,,,,,,,,,,,,,,,,,,,,,,,,,,,,,,,,,,,,,,,,,,,,,,,,
,,,,,,,,,,,,,,,,,,,,,,,,,,,,,,,,,,,,,,,,,,,,,,,,,,,,,,,,,,,,,,,,,,,,,,,,,,,,,,,,,,,,,,,,,,,,,,,,,,,,,,,,,,,,,,,,,,,,,,,,,,,,,,,,,,,,,,,,,,,,,,,,,,,,,,,,,,,,,,,,,,,,,,,,,,,,,,,,,,,,,,,,,,,,,,,,,,,,,,,,,,,,,,,,,,,,,,,,,,,,,,,,
,,,,,,,,,,,,,,,,,,,,,,,,,,,,,,,,,,,,,,,,,,,,,,,,,,,,,,,,,,,,,,,,,,,,,,,,,,,,,,,,,,,,,,,,,,,,,,,,,,,,,,,,,,,,,,,,,,,,,,,,,,,,,,,,,,,,,,,,,,,,,,,,,,,,,,,,,,,,,,,,,,,,,,,,,,,,,,,,,,,,,,,,,,,,,,,,,,,,,,,,,,,,,,,,,,,,,,,,,,,,,,,,
,,,,,,,,,,,,,,,,,,,,,,,,,,,,,,,,,,,,,,,,,,,,,,,,,,,,,,,,,,,,,,,,,,,,,,,,,,,,,,,,,,,,,,,,,,,,,,,,,,,,,,,,,,,,,,,,,,,,,,,,,,,,,,,,,,,,,,,,,,,,,,,,,,,,,,,,,,,,,,,,,,,,,,,,,,,,,,,,,,,,,,,,,,,,,,,,,,,,,,,,,,,,,,,,,,,,,,,,,,,,,,,,
,,,,,,,,,,,,,,,,,,,,,,,,,,,,,,,,,,,,,,,,,,,,,,,,,,,,,,,,,,,,,,,,,,,,,,,,,,,,,,,,,,,,,,,,,,,,,,,,,,,,,,,,,,,,,,,,,,,,,,,,,,,,,,,,,,,,,,,,,,,,,,,,,,,,,,,,,,,,,,,,,,,,,,,,,,,,,,,,,,,,,,,,,,,,,,,,,,,,,,,,,,,,,,,,,,,,,,,,,,,,,,,,
,,,,,,,,,,,,,,,,,,,,,,,,,,,,,,,,,,,,,,,,,,,,,,,,,,,,,,,,,,,,,,,,,,,,,,,,,,,,,,,,,,,,,,,,,,,,,,,,,,,,,,,,,,,,,,,,,,,,,,,,,,,,,,,,,,,,,,,,,,,,,,,,,,,,,,,,,,,,,,,,,,,,,,,,,,,,,,,,,,,,,,,,,,,,,,,,,,,,,,,,,,,,,,,,,,,,,,,,,,,,,,,,
,,,,,,,,,,,,,,,,,,,,,,,,,,,,,,,,,,,,,,,,,,,,,,,,,,,,,,,,,,,,,,,,,,,,,,,,,,,,,,,,,,,,,,,,,,,,,,,,,,,,,,,,,,,,,,,,,,,,,,,,,,,,,,,,,,,,,,,,,,,,,,,,,,,,,,,,,,,,,,,,,,,,,,,,,,,,,,,,,,,,,,,,,,,,,,,,,,,,,,,,,,,,,,,,,,,,,,,,,,,,,,,,
,,,,,,,,,,,,,,,,,,,,,,,,,,,,,,,,,,,,,,,,,,,,,,,,,,,,,,,,,,,,,,,,,,,,,,,,,,,,,,,,,,,,,,,,,,,,,,,,,,,,,,,,,,,,,,,,,,,,,,,,,,,,,,,,,,,,,,,,,,,,,,,,,,,,,,,,,,,,,,,,,,,,,,,,,,,,,,,,,,,,,,,,,,,,,,,,,,,,,,,,,,,,,,,,,,,,,,,,,,,,,,,,
,,,,,,,,,,,,,,,,,,,,,,,,,,,,,,,,,,,,,,,,,,,,,,,,,,,,,,,,,,,,,,,,,,,,,,,,,,,,,,,,,,,,,,,,,,,,,,,,,,,,,,,,,,,,,,,,,,,,,,,,,,,,,,,,,,,,,,,,,,,,,,,,,,,,,,,,,,,,,,,,,,,,,,,,,,,,,,,,,,,,,,,,,,,,,,,,,,,,,,,,,,,,,,,,,,,,,,,,,,,,,,,,
,,,,,,,,,,,,,,,,,,,,,,,,,,,,,,,,,,,,,,,,,,,,,,,,,,,,,,,,,,,,,,,,,,,,,,,,,,,,,,,,,,,,,,,,,,,,,,,,,,,,,,,,,,,,,,,,,,,,,,,,,,,,,,,,,,,,,,,,,,,,,,,,,,,,,,,,,,,,,,,,,,,,,,,,,,,,,,,,,,,,,,,,,,,,,,,,,,,,,,,,,,,,,,,,,,,,,,,,,,,,,,,,
,,,,,,,,,,,,,,,,,,,,,,,,,,,,,,,,,,,,,,,,,,,,,,,,,,,,,,,,,,,,,,,,,,,,,,,,,,,,,,,,,,,,,,,,,,,,,,,,,,,,,,,,,,,,,,,,,,,,,,,,,,,,,,,,,,,,,,,,,,,,,,,,,,,,,,,,,,,,,,,,,,,,,,,,,,,,,,,,,,,,,,,,,,,,,,,,,,,,,,,,,,,,,,,,,,,,,,,,,,,,,,,,
,,,,,,,,,,,,,,,,,,,,,,,,,,,,,,,,,,,,,,,,,,,,,,,,,,,,,,,,,,,,,,,,,,,,,,,,,,,,,,,,,,,,,,,,,,,,,,,,,,,,,,,,,,,,,,,,,,,,,,,,,,,,,,,,,,,,,,,,,,,,,,,,,,,,,,,,,,,,,,,,,,,,,,,,,,,,,,,,,,,,,,,,,,,,,,,,,,,,,,,,,,,,,,,,,,,,,,,,,,,,,,,,
,,,,,,,,,,,,,,,,,,,,,,,,,,,,,,,,,,,,,,,,,,,,,,,,,,,,,,,,,,,,,,,,,,,,,,,,,,,,,,,,,,,,,,,,,,,,,,,,,,,,,,,,,,,,,,,,,,,,,,,,,,,,,,,,,,,,,,,,,,,,,,,,,,,,,,,,,,,,,,,,,,,,,,,,,,,,,,,,,,,,,,,,,,,,,,,,,,,,,,,,,,,,,,,,,,,,,,,,,,,,,,,,
,,,,,,,,,,,,,,,,,,,,,,,,,,,,,,,,,,,,,,,,,,,,,,,,,,,,,,,,,,,,,,,,,,,,,,,,,,,,,,,,,,,,,,,,,,,,,,,,,,,,,,,,,,,,,,,,,,,,,,,,,,,,,,,,,,,,,,,,,,,,,,,,,,,,,,,,,,,,,,,,,,,,,,,,,,,,,,,,,,,,,,,,,,,,,,,,,,,,,,,,,,,,,,,,,,,,,,,,,,,,,,,,
,,,,,,,,,,,,,,,,,,,,,,,,,,,,,,,,,,,,,,,,,,,,,,,,,,,,,,,,,,,,,,,,,,,,,,,,,,,,,,,,,,,,,,,,,,,,,,,,,,,,,,,,,,,,,,,,,,,,,,,,,,,,,,,,,,,,,,,,,,,,,,,,,,,,,,,,,,,,,,,,,,,,,,,,,,,,,,,,,,,,,,,,,,,,,,,,,,,,,,,,,,,,,,,,,,,,,,,,,,,,,,,,
,,,,,,,,,,,,,,,,,,,,,,,,,,,,,,,,,,,,,,,,,,,,,,,,,,,,,,,,,,,,,,,,,,,,,,,,,,,,,,,,,,,,,,,,,,,,,,,,,,,,,,,,,,,,,,,,,,,,,,,,,,,,,,,,,,,,,,,,,,,,,,,,,,,,,,,,,,,,,,,,,,,,,,,,,,,,,,,,,,,,,,,,,,,,,,,,,,,,,,,,,,,,,,,,,,,,,,,,,,,,,,,,
,,,,,,,,,,,,,,,,,,,,,,,,,,,,,,,,,,,,,,,,,,,,,,,,,,,,,,,,,,,,,,,,,,,,,,,,,,,,,,,,,,,,,,,,,,,,,,,,,,,,,,,,,,,,,,,,,,,,,,,,,,,,,,,,,,,,,,,,,,,,,,,,,,,,,,,,,,,,,,,,,,,,,,,,,,,,,,,,,,,,,,,,,,,,,,,,,,,,,,,,,,,,,,,,,,,,,,,,,,,,,,,,
,,,,,,,,,,,,,,,,,,,,,,,,,,,,,,,,,,,,,,,,,,,,,,,,,,,,,,,,,,,,,,,,,,,,,,,,,,,,,,,,,,,,,,,,,,,,,,,,,,,,,,,,,,,,,,,,,,,,,,,,,,,,,,,,,,,,,,,,,,,,,,,,,,,,,,,,,,,,,,,,,,,,,,,,,,,,,,,,,,,,,,,,,,,,,,,,,,,,,,,,,,,,,,,,,,,,,,,,,,,,,,,,
,,,,,,,,,,,,,,,,,,,,,,,,,,,,,,,,,,,,,,,,,,,,,,,,,,,,,,,,,,,,,,,,,,,,,,,,,,,,,,,,,,,,,,,,,,,,,,,,,,,,,,,,,,,,,,,,,,,,,,,,,,,,,,,,,,,,,,,,,,,,,,,,,,,,,,,,,,,,,,,,,,,,,,,,,,,,,,,,,,,,,,,,,,,,,,,,,,,,,,,,,,,,,,,,,,,,,,,,,,,,,,,,
,,,,,,,,,,,,,,,,,,,,,,,,,,,,,,,,,,,,,,,,,,,,,,,,,,,,,,,,,,,,,,,,,,,,,,,,,,,,,,,,,,,,,,,,,,,,,,,,,,,,,,,,,,,,,,,,,,,,,,,,,,,,,,,,,,,,,,,,,,,,,,,,,,,,,,,,,,,,,,,,,,,,,,,,,,,,,,,,,,,,,,,,,,,,,,,,,,,,,,,,,,,,,,,,,,,,,,,,,,,,,,,,
,,,,,,,,,,,,,,,,,,,,,,,,,,,,,,,,,,,,,,,,,,,,,,,,,,,,,,,,,,,,,,,,,,,,,,,,,,,,,,,,,,,,,,,,,,,,,,,,,,,,,,,,,,,,,,,,,,,,,,,,,,,,,,,,,,,,,,,,,,,,,,,,,,,,,,,,,,,,,,,,,,,,,,,,,,,,,,,,,,,,,,,,,,,,,,,,,,,,,,,,,,,,,,,,,,,,,,,,,,,,,,,,
,,,,,,,,,,,,,,,,,,,,,,,,,,,,,,,,,,,,,,,,,,,,,,,,,,,,,,,,,,,,,,,,,,,,,,,,,,,,,,,,,,,,,,,,,,,,,,,,,,,,,,,,,,,,,,,,,,,,,,,,,,,,,,,,,,,,,,,,,,,,,,,,,,,,,,,,,,,,,,,,,,,,,,,,,,,,,,,,,,,,,,,,,,,,,,,,,,,,,,,,,,,,,,,,,,,,,,,,,,,,,,,,
,,,,,,,,,,,,,,,,,,,,,,,,,,,,,,,,,,,,,,,,,,,,,,,,,,,,,,,,,,,,,,,,,,,,,,,,,,,,,,,,,,,,,,,,,,,,,,,,,,,,,,,,,,,,,,,,,,,,,,,,,,,,,,,,,,,,,,,,,,,,,,,,,,,,,,,,,,,,,,,,,,,,,,,,,,,,,,,,,,,,,,,,,,,,,,,,,,,,,,,,,,,,,,,,,,,,,,,,,,,,,,,,
,,,,,,,,,,,,,,,,,,,,,,,,,,,,,,,,,,,,,,,,,,,,,,,,,,,,,,,,,,,,,,,,,,,,,,,,,,,,,,,,,,,,,,,,,,,,,,,,,,,,,,,,,,,,,,,,,,,,,,,,,,,,,,,,,,,,,,,,,,,,,,,,,,,,,,,,,,,,,,,,,,,,,,,,,,,,,,,,,,,,,,,,,,,,,,,,,,,,,,,,,,,,,,,,,,,,,,,,,,,,,,,,
,,,,,,,,,,,,,,,,,,,,,,,,,,,,,,,,,,,,,,,,,,,,,,,,,,,,,,,,,,,,,,,,,,,,,,,,,,,,,,,,,,,,,,,,,,,,,,,,,,,,,,,,,,,,,,,,,,,,,,,,,,,,,,,,,,,,,,,,,,,,,,,,,,,,,,,,,,,,,,,,,,,,,,,,,,,,,,,,,,,,,,,,,,,,,,,,,,,,,,,,,,,,,,,,,,,,,,,,,,,,,,,,
,,,,,,,,,,,,,,,,,,,,,,,,,,,,,,,,,,,,,,,,,,,,,,,,,,,,,,,,,,,,,,,,,,,,,,,,,,,,,,,,,,,,,,,,,,,,,,,,,,,,,,,,,,,,,,,,,,,,,,,,,,,,,,,,,,,,,,,,,,,,,,,,,,,,,,,,,,,,,,,,,,,,,,,,,,,,,,,,,,,,,,,,,,,,,,,,,,,,,,,,,,,,,,,,,,,,,,,,,,,,,,,,
,,,,,,,,,,,,,,,,,,,,,,,,,,,,,,,,,,,,,,,,,,,,,,,,,,,,,,,,,,,,,,,,,,,,,,,,,,,,,,,,,,,,,,,,,,,,,,,,,,,,,,,,,,,,,,,,,,,,,,,,,,,,,,,,,,,,,,,,,,,,,,,,,,,,,,,,,,,,,,,,,,,,,,,,,,,,,,,,,,,,,,,,,,,,,,,,,,,,,,,,,,,,,,,,,,,,,,,,,,,,,,,,
,,,,,,,,,,,,,,,,,,,,,,,,,,,,,,,,,,,,,,,,,,,,,,,,,,,,,,,,,,,,,,,,,,,,,,,,,,,,,,,,,,,,,,,,,,,,,,,,,,,,,,,,,,,,,,,,,,,,,,,,,,,,,,,,,,,,,,,,,,,,,,,,,,,,,,,,,,,,,,,,,,,,,,,,,,,,,,,,,,,,,,,,,,,,,,,,,,,,,,,,,,,,,,,,,,,,,,,,,,,,,,,,
,,,,,,,,,,,,,,,,,,,,,,,,,,,,,,,,,,,,,,,,,,,,,,,,,,,,,,,,,,,,,,,,,,,,,,,,,,,,,,,,,,,,,,,,,,,,,,,,,,,,,,,,,,,,,,,,,,,,,,,,,,,,,,,,,,,,,,,,,,,,,,,,,,,,,,,,,,,,,,,,,,,,,,,,,,,,,,,,,,,,,,,,,,,,,,,,,,,,,,,,,,,,,,,,,,,,,,,,,,,,,,,,
,,,,,,,,,,,,,,,,,,,,,,,,,,,,,,,,,,,,,,,,,,,,,,,,,,,,,,,,,,,,,,,,,,,,,,,,,,,,,,,,,,,,,,,,,,,,,,,,,,,,,,,,,,,,,,,,,,,,,,,,,,,,,,,,,,,,,,,,,,,,,,,,,,,,,,,,,,,,,,,,,,,,,,,,,,,,,,,,,,,,,,,,,,,,,,,,,,,,,,,,,,,,,,,,,,,,,,,,,,,,,,,,
,,,,,,,,,,,,,,,,,,,,,,,,,,,,,,,,,,,,,,,,,,,,,,,,,,,,,,,,,,,,,,,,,,,,,,,,,,,,,,,,,,,,,,,,,,,,,,,,,,,,,,,,,,,,,,,,,,,,,,,,,,,,,,,,,,,,,,,,,,,,,,,,,,,,,,,,,,,,,,,,,,,,,,,,,,,,,,,,,,,,,,,,,,,,,,,,,,,,,,,,,,,,,,,,,,,,,,,,,,,,,,,,
,,,,,,,,,,,,,,,,,,,,,,,,,,,,,,,,,,,,,,,,,,,,,,,,,,,,,,,,,,,,,,,,,,,,,,,,,,,,,,,,,,,,,,,,,,,,,,,,,,,,,,,,,,,,,,,,,,,,,,,,,,,,,,,,,,,,,,,,,,,,,,,,,,,,,,,,,,,,,,,,,,,,,,,,,,,,,,,,,,,,,,,,,,,,,,,,,,,,,,,,,,,,,,,,,,,,,,,,,,,,,,,,
,,,,,,,,,,,,,,,,,,,,,,,,,,,,,,,,,,,,,,,,,,,,,,,,,,,,,,,,,,,,,,,,,,,,,,,,,,,,,,,,,,,,,,,,,,,,,,,,,,,,,,,,,,,,,,,,,,,,,,,,,,,,,,,,,,,,,,,,,,,,,,,,,,,,,,,,,,,,,,,,,,,,,,,,,,,,,,,,,,,,,,,,,,,,,,,,,,,,,,,,,,,,,,,,,,,,,,,,,,,,,,,,
,,,,,,,,,,,,,,,,,,,,,,,,,,,,,,,,,,,,,,,,,,,,,,,,,,,,,,,,,,,,,,,,,,,,,,,,,,,,,,,,,,,,,,,,,,,,,,,,,,,,,,,,,,,,,,,,,,,,,,,,,,,,,,,,,,,,,,,,,,,,,,,,,,,,,,,,,,,,,,,,,,,,,,,,,,,,,,,,,,,,,,,,,,,,,,,,,,,,,,,,,,,,,,,,,,,,,,,,,,,,,,,,
,,,,,,,,,,,,,,,,,,,,,,,,,,,,,,,,,,,,,,,,,,,,,,,,,,,,,,,,,,,,,,,,,,,,,,,,,,,,,,,,,,,,,,,,,,,,,,,,,,,,,,,,,,,,,,,,,,,,,,,,,,,,,,,,,,,,,,,,,,,,,,,,,,,,,,,,,,,,,,,,,,,,,,,,,,,,,,,,,,,,,,,,,,,,,,,,,,,,,,,,,,,,,,,,,,,,,,,,,,,,,,,,
,,,,,,,,,,,,,,,,,,,,,,,,,,,,,,,,,,,,,,,,,,,,,,,,,,,,,,,,,,,,,,,,,,,,,,,,,,,,,,,,,,,,,,,,,,,,,,,,,,,,,,,,,,,,,,,,,,,,,,,,,,,,,,,,,,,,,,,,,,,,,,,,,,,,,,,,,,,,,,,,,,,,,,,,,,,,,,,,,,,,,,,,,,,,,,,,,,,,,,,,,,,,,,,,,,,,,,,,,,,,,,,,
,,,,,,,,,,,,,,,,,,,,,,,,,,,,,,,,,,,,,,,,,,,,,,,,,,,,,,,,,,,,,,,,,,,,,,,,,,,,,,,,,,,,,,,,,,,,,,,,,,,,,,,,,,,,,,,,,,,,,,,,,,,,,,,,,,,,,,,,,,,,,,,,,,,,,,,,,,,,,,,,,,,,,,,,,,,,,,,,,,,,,,,,,,,,,,,,,,,,,,,,,,,,,,,,,,,,,,,,,,,,,,,,
,,,,,,,,,,,,,,,,,,,,,,,,,,,,,,,,,,,,,,,,,,,,,,,,,,,,,,,,,,,,,,,,,,,,,,,,,,,,,,,,,,,,,,,,,,,,,,,,,,,,,,,,,,,,,,,,,,,,,,,,,,,,,,,,,,,,,,,,,,,,,,,,,,,,,,,,,,,,,,,,,,,,,,,,,,,,,,,,,,,,,,,,,,,,,,,,,,,,,,,,,,,,,,,,,,,,,,,,,,,,,,,,
,,,,,,,,,,,,,,,,,,,,,,,,,,,,,,,,,,,,,,,,,,,,,,,,,,,,,,,,,,,,,,,,,,,,,,,,,,,,,,,,,,,,,,,,,,,,,,,,,,,,,,,,,,,,,,,,,,,,,,,,,,,,,,,,,,,,,,,,,,,,,,,,,,,,,,,,,,,,,,,,,,,,,,,,,,,,,,,,,,,,,,,,,,,,,,,,,,,,,,,,,,,,,,,,,,,,,,,,,,,,,,,,
,,,,,,,,,,,,,,,,,,,,,,,,,,,,,,,,,,,,,,,,,,,,,,,,,,,,,,,,,,,,,,,,,,,,,,,,,,,,,,,,,,,,,,,,,,,,,,,,,,,,,,,,,,,,,,,,,,,,,,,,,,,,,,,,,,,,,,,,,,,,,,,,,,,,,,,,,,,,,,,,,,,,,,,,,,,,,,,,,,,,,,,,,,,,,,,,,,,,,,,,,,,,,,,,,,,,,,,,,,,,,,,,
,,,,,,,,,,,,,,,,,,,,,,,,,,,,,,,,,,,,,,,,,,,,,,,,,,,,,,,,,,,,,,,,,,,,,,,,,,,,,,,,,,,,,,,,,,,,,,,,,,,,,,,,,,,,,,,,,,,,,,,,,,,,,,,,,,,,,,,,,,,,,,,,,,,,,,,,,,,,,,,,,,,,,,,,,,,,,,,,,,,,,,,,,,,,,,,,,,,,,,,,,,,,,,,,,,,,,,,,,,,,,,,,
,,,,,,,,,,,,,,,,,,,,,,,,,,,,,,,,,,,,,,,,,,,,,,,,,,,,,,,,,,,,,,,,,,,,,,,,,,,,,,,,,,,,,,,,,,,,,,,,,,,,,,,,,,,,,,,,,,,,,,,,,,,,,,,,,,,,,,,,,,,,,,,,,,,,,,,,,,,,,,,,,,,,,,,,,,,,,,,,,,,,,,,,,,,,,,,,,,,,,,,,,,,,,,,,,,,,,,,,,,,,,,,,
,,,,,,,,,,,,,,,,,,,,,,,,,,,,,,,,,,,,,,,,,,,,,,,,,,,,,,,,,,,,,,,,,,,,,,,,,,,,,,,,,,,,,,,,,,,,,,,,,,,,,,,,,,,,,,,,,,,,,,,,,,,,,,,,,,,,,,,,,,,,,,,,,,,,,,,,,,,,,,,,,,,,,,,,,,,,,,,,,,,,,,,,,,,,,,,,,,,,,,,,,,,,,,,,,,,,,,,,,,,,,,,,
,,,,,,,,,,,,,,,,,,,,,,,,,,,,,,,,,,,,,,,,,,,,,,,,,,,,,,,,,,,,,,,,,,,,,,,,,,,,,,,,,,,,,,,,,,,,,,,,,,,,,,,,,,,,,,,,,,,,,,,,,,,,,,,,,,,,,,,,,,,,,,,,,,,,,,,,,,,,,,,,,,,,,,,,,,,,,,,,,,,,,,,,,,,,,,,,,,,,,,,,,,,,,,,,,,,,,,,,,,,,,,,,
,,,,,,,,,,,,,,,,,,,,,,,,,,,,,,,,,,,,,,,,,,,,,,,,,,,,,,,,,,,,,,,,,,,,,,,,,,,,,,,,,,,,,,,,,,,,,,,,,,,,,,,,,,,,,,,,,,,,,,,,,,,,,,,,,,,,,,,,,,,,,,,,,,,,,,,,,,,,,,,,,,,,,,,,,,,,,,,,,,,,,,,,,,,,,,,,,,,,,,,,,,,,,,,,,,,,,,,,,,,,,,,,
,,,,,,,,,,,,,,,,,,,,,,,,,,,,,,,,,,,,,,,,,,,,,,,,,,,,,,,,,,,,,,,,,,,,,,,,,,,,,,,,,,,,,,,,,,,,,,,,,,,,,,,,,,,,,,,,,,,,,,,,,,,,,,,,,,,,,,,,,,,,,,,,,,,,,,,,,,,,,,,,,,,,,,,,,,,,,,,,,,,,,,,,,,,,,,,,,,,,,,,,,,,,,,,,,,,,,,,,,,,,,,,,
,,,,,,,,,,,,,,,,,,,,,,,,,,,,,,,,,,,,,,,,,,,,,,,,,,,,,,,,,,,,,,,,,,,,,,,,,,,,,,,,,,,,,,,,,,,,,,,,,,,,,,,,,,,,,,,,,,,,,,,,,,,,,,,,,,,,,,,,,,,,,,,,,,,,,,,,,,,,,,,,,,,,,,,,,,,,,,,,,,,,,,,,,,,,,,,,,,,,,,,,,,,,,,,,,,,,,,,,,,,,,,,,
,,,,,,,,,,,,,,,,,,,,,,,,,,,,,,,,,,,,,,,,,,,,,,,,,,,,,,,,,,,,,,,,,,,,,,,,,,,,,,,,,,,,,,,,,,,,,,,,,,,,,,,,,,,,,,,,,,,,,,,,,,,,,,,,,,,,,,,,,,,,,,,,,,,,,,,,,,,,,,,,,,,,,,,,,,,,,,,,,,,,,,,,,,,,,,,,,,,,,,,,,,,,,,,,,,,,,,,,,,,,,,,,
,,,,,,,,,,,,,,,,,,,,,,,,,,,,,,,,,,,,,,,,,,,,,,,,,,,,,,,,,,,,,,,,,,,,,,,,,,,,,,,,,,,,,,,,,,,,,,,,,,,,,,,,,,,,,,,,,,,,,,,,,,,,,,,,,,,,,,,,,,,,,,,,,,,,,,,,,,,,,,,,,,,,,,,,,,,,,,,,,,,,,,,,,,,,,,,,,,,,,,,,,,,,,,,,,,,,,,,,,,,,,,,,
,,,,,,,,,,,,,,,,,,,,,,,,,,,,,,,,,,,,,,,,,,,,,,,,,,,,,,,,,,,,,,,,,,,,,,,,,,,,,,,,,,,,,,,,,,,,,,,,,,,,,,,,,,,,,,,,,,,,,,,,,,,,,,,,,,,,,,,,,,,,,,,,,,,,,,,,,,,,,,,,,,,,,,,,,,,,,,,,,,,,,,,,,,,,,,,,,,,,,,,,,,,,,,,,,,,,,,,,,,,,,,,,
,,,,,,,,,,,,,,,,,,,,,,,,,,,,,,,,,,,,,,,,,,,,,,,,,,,,,,,,,,,,,,,,,,,,,,,,,,,,,,,,,,,,,,,,,,,,,,,,,,,,,,,,,,,,,,,,,,,,,,,,,,,,,,,,,,,,,,,,,,,,,,,,,,,,,,,,,,,,,,,,,,,,,,,,,,,,,,,,,,,,,,,,,,,,,,,,,,,,,,,,,,,,,,,,,,,,,,,,,,,,,,,,
,,,,,,,,,,,,,,,,,,,,,,,,,,,,,,,,,,,,,,,,,,,,,,,,,,,,,,,,,,,,,,,,,,,,,,,,,,,,,,,,,,,,,,,,,,,,,,,,,,,,,,,,,,,,,,,,,,,,,,,,,,,,,,,,,,,,,,,,,,,,,,,,,,,,,,,,,,,,,,,,,,,,,,,,,,,,,,,,,,,,,,,,,,,,,,,,,,,,,,,,,,,,,,,,,,,,,,,,,,,,,,,,
,,,,,,,,,,,,,,,,,,,,,,,,,,,,,,,,,,,,,,,,,,,,,,,,,,,,,,,,,,,,,,,,,,,,,,,,,,,,,,,,,,,,,,,,,,,,,,,,,,,,,,,,,,,,,,,,,,,,,,,,,,,,,,,,,,,,,,,,,,,,,,,,,,,,,,,,,,,,,,,,,,,,,,,,,,,,,,,,,,,,,,,,,,,,,,,,,,,,,,,,,,,,,,,,,,,,,,,,,,,,,,,,
,,,,,,,,,,,,,,,,,,,,,,,,,,,,,,,,,,,,,,,,,,,,,,,,,,,,,,,,,,,,,,,,,,,,,,,,,,,,,,,,,,,,,,,,,,,,,,,,,,,,,,,,,,,,,,,,,,,,,,,,,,,,,,,,,,,,,,,,,,,,,,,,,,,,,,,,,,,,,,,,,,,,,,,,,,,,,,,,,,,,,,,,,,,,,,,,,,,,,,,,,,,,,,,,,,,,,,,,,,,,,,,,
,,,,,,,,,,,,,,,,,,,,,,,,,,,,,,,,,,,,,,,,,,,,,,,,,,,,,,,,,,,,,,,,,,,,,,,,,,,,,,,,,,,,,,,,,,,,,,,,,,,,,,,,,,,,,,,,,,,,,,,,,,,,,,,,,,,,,,,,,,,,,,,,,,,,,,,,,,,,,,,,,,,,,,,,,,,,,,,,,,,,,,,,,,,,,,,,,,,,,,,,,,,,,,,,,,,,,,,,,,,,,,,,
,,,,,,,,,,,,,,,,,,,,,,,,,,,,,,,,,,,,,,,,,,,,,,,,,,,,,,,,,,,,,,,,,,,,,,,,,,,,,,,,,,,,,,,,,,,,,,,,,,,,,,,,,,,,,,,,,,,,,,,,,,,,,,,,,,,,,,,,,,,,,,,,,,,,,,,,,,,,,,,,,,,,,,,,,,,,,,,,,,,,,,,,,,,,,,,,,,,,,,,,,,,,,,,,,,,,,,,,,,,,,,,,
,,,,,,,,,,,,,,,,,,,,,,,,,,,,,,,,,,,,,,,,,,,,,,,,,,,,,,,,,,,,,,,,,,,,,,,,,,,,,,,,,,,,,,,,,,,,,,,,,,,,,,,,,,,,,,,,,,,,,,,,,,,,,,,,,,,,,,,,,,,,,,,,,,,,,,,,,,,,,,,,,,,,,,,,,,,,,,,,,,,,,,,,,,,,,,,,,,,,,,,,,,,,,,,,,,,,,,,,,,,,,,,,
,,,,,,,,,,,,,,,,,,,,,,,,,,,,,,,,,,,,,,,,,,,,,,,,,,,,,,,,,,,,,,,,,,,,,,,,,,,,,,,,,,,,,,,,,,,,,,,,,,,,,,,,,,,,,,,,,,,,,,,,,,,,,,,,,,,,,,,,,,,,,,,,,,,,,,,,,,,,,,,,,,,,,,,,,,,,,,,,,,,,,,,,,,,,,,,,,,,,,,,,,,,,,,,,,,,,,,,,,,,,,,,,
,,,,,,,,,,,,,,,,,,,,,,,,,,,,,,,,,,,,,,,,,,,,,,,,,,,,,,,,,,,,,,,,,,,,,,,,,,,,,,,,,,,,,,,,,,,,,,,,,,,,,,,,,,,,,,,,,,,,,,,,,,,,,,,,,,,,,,,,,,,,,,,,,,,,,,,,,,,,,,,,,,,,,,,,,,,,,,,,,,,,,,,,,,,,,,,,,,,,,,,,,,,,,,,,,,,,,,,,,,,,,,,,
,,,,,,,,,,,,,,,,,,,,,,,,,,,,,,,,,,,,,,,,,,,,,,,,,,,,,,,,,,,,,,,,,,,,,,,,,,,,,,,,,,,,,,,,,,,,,,,,,,,,,,,,,,,,,,,,,,,,,,,,,,,,,,,,,,,,,,,,,,,,,,,,,,,,,,,,,,,,,,,,,,,,,,,,,,,,,,,,,,,,,,,,,,,,,,,,,,,,,,,,,,,,,,,,,,,,,,,,,,,,,,,,
,,,,,,,,,,,,,,,,,,,,,,,,,,,,,,,,,,,,,,,,,,,,,,,,,,,,,,,,,,,,,,,,,,,,,,,,,,,,,,,,,,,,,,,,,,,,,,,,,,,,,,,,,,,,,,,,,,,,,,,,,,,,,,,,,,,,,,,,,,,,,,,,,,,,,,,,,,,,,,,,,,,,,,,,,,,,,,,,,,,,,,,,,,,,,,,,,,,,,,,,,,,,,,,,,,,,,,,,,,,,,,,,
,,,,,,,,,,,,,,,,,,,,,,,,,,,,,,,,,,,,,,,,,,,,,,,,,,,,,,,,,,,,,,,,,,,,,,,,,,,,,,,,,,,,,,,,,,,,,,,,,,,,,,,,,,,,,,,,,,,,,,,,,,,,,,,,,,,,,,,,,,,,,,,,,,,,,,,,,,,,,,,,,,,,,,,,,,,,,,,,,,,,,,,,,,,,,,,,,,,,,,,,,,,,,,,,,,,,,,,,,,,,,,,,
,,,,,,,,,,,,,,,,,,,,,,,,,,,,,,,,,,,,,,,,,,,,,,,,,,,,,,,,,,,,,,,,,,,,,,,,,,,,,,,,,,,,,,,,,,,,,,,,,,,,,,,,,,,,,,,,,,,,,,,,,,,,,,,,,,,,,,,,,,,,,,,,,,,,,,,,,,,,,,,,,,,,,,,,,,,,,,,,,,,,,,,,,,,,,,,,,,,,,,,,,,,,,,,,,,,,,,,,,,,,,,,,
,,,,,,,,,,,,,,,,,,,,,,,,,,,,,,,,,,,,,,,,,,,,,,,,,,,,,,,,,,,,,,,,,,,,,,,,,,,,,,,,,,,,,,,,,,,,,,,,,,,,,,,,,,,,,,,,,,,,,,,,,,,,,,,,,,,,,,,,,,,,,,,,,,,,,,,,,,,,,,,,,,,,,,,,,,,,,,,,,,,,,,,,,,,,,,,,,,,,,,,,,,,,,,,,,,,,,,,,,,,,,,,,
,,,,,,,,,,,,,,,,,,,,,,,,,,,,,,,,,,,,,,,,,,,,,,,,,,,,,,,,,,,,,,,,,,,,,,,,,,,,,,,,,,,,,,,,,,,,,,,,,,,,,,,,,,,,,,,,,,,,,,,,,,,,,,,,,,,,,,,,,,,,,,,,,,,,,,,,,,,,,,,,,,,,,,,,,,,,,,,,,,,,,,,,,,,,,,,,,,,,,,,,,,,,,,,,,,,,,,,,,,,,,,,,
,,,,,,,,,,,,,,,,,,,,,,,,,,,,,,,,,,,,,,,,,,,,,,,,,,,,,,,,,,,,,,,,,,,,,,,,,,,,,,,,,,,,,,,,,,,,,,,,,,,,,,,,,,,,,,,,,,,,,,,,,,,,,,,,,,,,,,,,,,,,,,,,,,,,,,,,,,,,,,,,,,,,,,,,,,,,,,,,,,,,,,,,,,,,,,,,,,,,,,,,,,,,,,,,,,,,,,,,,,,,,,,,
,,,,,,,,,,,,,,,,,,,,,,,,,,,,,,,,,,,,,,,,,,,,,,,,,,,,,,,,,,,,,,,,,,,,,,,,,,,,,,,,,,,,,,,,,,,,,,,,,,,,,,,,,,,,,,,,,,,,,,,,,,,,,,,,,,,,,,,,,,,,,,,,,,,,,,,,,,,,,,,,,,,,,,,,,,,,,,,,,,,,,,,,,,,,,,,,,,,,,,,,,,,,,,,,,,,,,,,,,,,,,,,,
,,,,,,,,,,,,,,,,,,,,,,,,,,,,,,,,,,,,,,,,,,,,,,,,,,,,,,,,,,,,,,,,,,,,,,,,,,,,,,,,,,,,,,,,,,,,,,,,,,,,,,,,,,,,,,,,,,,,,,,,,,,,,,,,,,,,,,,,,,,,,,,,,,,,,,,,,,,,,,,,,,,,,,,,,,,,,,,,,,,,,,,,,,,,,,,,,,,,,,,,,,,,,,,,,,,,,,,,,,,,,,,,
,,,,,,,,,,,,,,,,,,,,,,,,,,,,,,,,,,,,,,,,,,,,,,,,,,,,,,,,,,,,,,,,,,,,,,,,,,,,,,,,,,,,,,,,,,,,,,,,,,,,,,,,,,,,,,,,,,,,,,,,,,,,,,,,,,,,,,,,,,,,,,,,,,,,,,,,,,,,,,,,,,,,,,,,,,,,,,,,,,,,,,,,,,,,,,,,,,,,,,,,,,,,,,,,,,,,,,,,,,,,,,,,
,,,,,,,,,,,,,,,,,,,,,,,,,,,,,,,,,,,,,,,,,,,,,,,,,,,,,,,,,,,,,,,,,,,,,,,,,,,,,,,,,,,,,,,,,,,,,,,,,,,,,,,,,,,,,,,,,,,,,,,,,,,,,,,,,,,,,,,,,,,,,,,,,,,,,,,,,,,,,,,,,,,,,,,,,,,,,,,,,,,,,,,,,,,,,,,,,,,,,,,,,,,,,,,,,,,,,,,,,,,,,,,,
,,,,,,,,,,,,,,,,,,,,,,,,,,,,,,,,,,,,,,,,,,,,,,,,,,,,,,,,,,,,,,,,,,,,,,,,,,,,,,,,,,,,,,,,,,,,,,,,,,,,,,,,,,,,,,,,,,,,,,,,,,,,,,,,,,,,,,,,,,,,,,,,,,,,,,,,,,,,,,,,,,,,,,,,,,,,,,,,,,,,,,,,,,,,,,,,,,,,,,,,,,,,,,,,,,,,,,,,,,,,,,,,
,,,,,,,,,,,,,,,,,,,,,,,,,,,,,,,,,,,,,,,,,,,,,,,,,,,,,,,,,,,,,,,,,,,,,,,,,,,,,,,,,,,,,,,,,,,,,,,,,,,,,,,,,,,,,,,,,,,,,,,,,,,,,,,,,,,,,,,,,,,,,,,,,,,,,,,,,,,,,,,,,,,,,,,,,,,,,,,,,,,,,,,,,,,,,,,,,,,,,,,,,,,,,,,,,,,,,,,,,,,,,,,,
,,,,,,,,,,,,,,,,,,,,,,,,,,,,,,,,,,,,,,,,,,,,,,,,,,,,,,,,,,,,,,,,,,,,,,,,,,,,,,,,,,,,,,,,,,,,,,,,,,,,,,,,,,,,,,,,,,,,,,,,,,,,,,,,,,,,,,,,,,,,,,,,,,,,,,,,,,,,,,,,,,,,,,,,,,,,,,,,,,,,,,,,,,,,,,,,,,,,,,,,,,,,,,,,,,,,,,,,,,,,,,,,
,,,,,,,,,,,,,,,,,,,,,,,,,,,,,,,,,,,,,,,,,,,,,,,,,,,,,,,,,,,,,,,,,,,,,,,,,,,,,,,,,,,,,,,,,,,,,,,,,,,,,,,,,,,,,,,,,,,,,,,,,,,,,,,,,,,,,,,,,,,,,,,,,,,,,,,,,,,,,,,,,,,,,,,,,,,,,,,,,,,,,,,,,,,,,,,,,,,,,,,,,,,,,,,,,,,,,,,,,,,,,,,,
,,,,,,,,,,,,,,,,,,,,,,,,,,,,,,,,,,,,,,,,,,,,,,,,,,,,,,,,,,,,,,,,,,,,,,,,,,,,,,,,,,,,,,,,,,,,,,,,,,,,,,,,,,,,,,,,,,,,,,,,,,,,,,,,,,,,,,,,,,,,,,,,,,,,,,,,,,,,,,,,,,,,,,,,,,,,,,,,,,,,,,,,,,,,,,,,,,,,,,,,,,,,,,,,,,,,,,,,,,,,,,,,
,,,,,,,,,,,,,,,,,,,,,,,,,,,,,,,,,,,,,,,,,,,,,,,,,,,,,,,,,,,,,,,,,,,,,,,,,,,,,,,,,,,,,,,,,,,,,,,,,,,,,,,,,,,,,,,,,,,,,,,,,,,,,,,,,,,,,,,,,,,,,,,,,,,,,,,,,,,,,,,,,,,,,,,,,,,,,,,,,,,,,,,,,,,,,,,,,,,,,,,,,,,,,,,,,,,,,,,,,,,,,,,,
,,,,,,,,,,,,,,,,,,,,,,,,,,,,,,,,,,,,,,,,,,,,,,,,,,,,,,,,,,,,,,,,,,,,,,,,,,,,,,,,,,,,,,,,,,,,,,,,,,,,,,,,,,,,,,,,,,,,,,,,,,,,,,,,,,,,,,,,,,,,,,,,,,,,,,,,,,,,,,,,,,,,,,,,,,,,,,,,,,,,,,,,,,,,,,,,,,,,,,,,,,,,,,,,,,,,,,,,,,,,,,,,
,,,,,,,,,,,,,,,,,,,,,,,,,,,,,,,,,,,,,,,,,,,,,,,,,,,,,,,,,,,,,,,,,,,,,,,,,,,,,,,,,,,,,,,,,,,,,,,,,,,,,,,,,,,,,,,,,,,,,,,,,,,,,,,,,,,,,,,,,,,,,,,,,,,,,,,,,,,,,,,,,,,,,,,,,,,,,,,,,,,,,,,,,,,,,,,,,,,,,,,,,,,,,,,,,,,,,,,,,,,,,,,,
,,,,,,,,,,,,,,,,,,,,,,,,,,,,,,,,,,,,,,,,,,,,,,,,,,,,,,,,,,,,,,,,,,,,,,,,,,,,,,,,,,,,,,,,,,,,,,,,,,,,,,,,,,,,,,,,,,,,,,,,,,,,,,,,,,,,,,,,,,,,,,,,,,,,,,,,,,,,,,,,,,,,,,,,,,,,,,,,,,,,,,,,,,,,,,,,,,,,,,,,,,,,,,,,,,,,,,,,,,,,,,,,
,,,,,,,,,,,,,,,,,,,,,,,,,,,,,,,,,,,,,,,,,,,,,,,,,,,,,,,,,,,,,,,,,,,,,,,,,,,,,,,,,,,,,,,,,,,,,,,,,,,,,,,,,,,,,,,,,,,,,,,,,,,,,,,,,,,,,,,,,,,,,,,,,,,,,,,,,,,,,,,,,,,,,,,,,,,,,,,,,,,,,,,,,,,,,,,,,,,,,,,,,,,,,,,,,,,,,,,,,,,,,,,,
,,,,,,,,,,,,,,,,,,,,,,,,,,,,,,,,,,,,,,,,,,,,,,,,,,,,,,,,,,,,,,,,,,,,,,,,,,,,,,,,,,,,,,,,,,,,,,,,,,,,,,,,,,,,,,,,,,,,,,,,,,,,,,,,,,,,,,,,,,,,,,,,,,,,,,,,,,,,,,,,,,,,,,,,,,,,,,,,,,,,,,,,,,,,,,,,,,,,,,,,,,,,,,,,,,,,,,,,,,,,,,,,
,,,,,,,,,,,,,,,,,,,,,,,,,,,,,,,,,,,,,,,,,,,,,,,,,,,,,,,,,,,,,,,,,,,,,,,,,,,,,,,,,,,,,,,,,,,,,,,,,,,,,,,,,,,,,,,,,,,,,,,,,,,,,,,,,,,,,,,,,,,,,,,,,,,,,,,,,,,,,,,,,,,,,,,,,,,,,,,,,,,,,,,,,,,,,,,,,,,,,,,,,,,,,,,,,,,,,,,,,,,,,,,,
,,,,,,,,,,,,,,,,,,,,,,,,,,,,,,,,,,,,,,,,,,,,,,,,,,,,,,,,,,,,,,,,,,,,,,,,,,,,,,,,,,,,,,,,,,,,,,,,,,,,,,,,,,,,,,,,,,,,,,,,,,,,,,,,,,,,,,,,,,,,,,,,,,,,,,,,,,,,,,,,,,,,,,,,,,,,,,,,,,,,,,,,,,,,,,,,,,,,,,,,,,,,,,,,,,,,,,,,,,,,,,,,
,,,,,,,,,,,,,,,,,,,,,,,,,,,,,,,,,,,,,,,,,,,,,,,,,,,,,,,,,,,,,,,,,,,,,,,,,,,,,,,,,,,,,,,,,,,,,,,,,,,,,,,,,,,,,,,,,,,,,,,,,,,,,,,,,,,,,,,,,,,,,,,,,,,,,,,,,,,,,,,,,,,,,,,,,,,,,,,,,,,,,,,,,,,,,,,,,,,,,,,,,,,,,,,,,,,,,,,,,,,,,,,,
,,,,,,,,,,,,,,,,,,,,,,,,,,,,,,,,,,,,,,,,,,,,,,,,,,,,,,,,,,,,,,,,,,,,,,,,,,,,,,,,,,,,,,,,,,,,,,,,,,,,,,,,,,,,,,,,,,,,,,,,,,,,,,,,,,,,,,,,,,,,,,,,,,,,,,,,,,,,,,,,,,,,,,,,,,,,,,,,,,,,,,,,,,,,,,,,,,,,,,,,,,,,,,,,,,,,,,,,,,,,,,,,
,,,,,,,,,,,,,,,,,,,,,,,,,,,,,,,,,,,,,,,,,,,,,,,,,,,,,,,,,,,,,,,,,,,,,,,,,,,,,,,,,,,,,,,,,,,,,,,,,,,,,,,,,,,,,,,,,,,,,,,,,,,,,,,,,,,,,,,,,,,,,,,,,,,,,,,,,,,,,,,,,,,,,,,,,,,,,,,,,,,,,,,,,,,,,,,,,,,,,,,,,,,,,,,,,,,,,,,,,,,,,,,,
,,,,,,,,,,,,,,,,,,,,,,,,,,,,,,,,,,,,,,,,,,,,,,,,,,,,,,,,,,,,,,,,,,,,,,,,,,,,,,,,,,,,,,,,,,,,,,,,,,,,,,,,,,,,,,,,,,,,,,,,,,,,,,,,,,,,,,,,,,,,,,,,,,,,,,,,,,,,,,,,,,,,,,,,,,,,,,,,,,,,,,,,,,,,,,,,,,,,,,,,,,,,,,,,,,,,,,,,,,,,,,,,
,,,,,,,,,,,,,,,,,,,,,,,,,,,,,,,,,,,,,,,,,,,,,,,,,,,,,,,,,,,,,,,,,,,,,,,,,,,,,,,,,,,,,,,,,,,,,,,,,,,,,,,,,,,,,,,,,,,,,,,,,,,,,,,,,,,,,,,,,,,,,,,,,,,,,,,,,,,,,,,,,,,,,,,,,,,,,,,,,,,,,,,,,,,,,,,,,,,,,,,,,,,,,,,,,,,,,,,,,,,,,,,,
,,,,,,,,,,,,,,,,,,,,,,,,,,,,,,,,,,,,,,,,,,,,,,,,,,,,,,,,,,,,,,,,,,,,,,,,,,,,,,,,,,,,,,,,,,,,,,,,,,,,,,,,,,,,,,,,,,,,,,,,,,,,,,,,,,,,,,,,,,,,,,,,,,,,,,,,,,,,,,,,,,,,,,,,,,,,,,,,,,,,,,,,,,,,,,,,,,,,,,,,,,,,,,,,,,,,,,,,,,,,,,,,
,,,,,,,,,,,,,,,,,,,,,,,,,,,,,,,,,,,,,,,,,,,,,,,,,,,,,,,,,,,,,,,,,,,,,,,,,,,,,,,,,,,,,,,,,,,,,,,,,,,,,,,,,,,,,,,,,,,,,,,,,,,,,,,,,,,,,,,,,,,,,,,,,,,,,,,,,,,,,,,,,,,,,,,,,,,,,,,,,,,,,,,,,,,,,,,,,,,,,,,,,,,,,,,,,,,,,,,,,,,,,,,,
,,,,,,,,,,,,,,,,,,,,,,,,,,,,,,,,,,,,,,,,,,,,,,,,,,,,,,,,,,,,,,,,,,,,,,,,,,,,,,,,,,,,,,,,,,,,,,,,,,,,,,,,,,,,,,,,,,,,,,,,,,,,,,,,,,,,,,,,,,,,,,,,,,,,,,,,,,,,,,,,,,,,,,,,,,,,,,,,,,,,,,,,,,,,,,,,,,,,,,,,,,,,,,,,,,,,,,,,,,,,,,,,
,,,,,,,,,,,,,,,,,,,,,,,,,,,,,,,,,,,,,,,,,,,,,,,,,,,,,,,,,,,,,,,,,,,,,,,,,,,,,,,,,,,,,,,,,,,,,,,,,,,,,,,,,,,,,,,,,,,,,,,,,,,,,,,,,,,,,,,,,,,,,,,,,,,,,,,,,,,,,,,,,,,,,,,,,,,,,,,,,,,,,,,,,,,,,,,,,,,,,,,,,,,,,,,,,,,,,,,,,,,,,,,,
,,,,,,,,,,,,,,,,,,,,,,,,,,,,,,,,,,,,,,,,,,,,,,,,,,,,,,,,,,,,,,,,,,,,,,,,,,,,,,,,,,,,,,,,,,,,,,,,,,,,,,,,,,,,,,,,,,,,,,,,,,,,,,,,,,,,,,,,,,,,,,,,,,,,,,,,,,,,,,,,,,,,,,,,,,,,,,,,,,,,,,,,,,,,,,,,,,,,,,,,,,,,,,,,,,,,,,,,,,,,,,,,
,,,,,,,,,,,,,,,,,,,,,,,,,,,,,,,,,,,,,,,,,,,,,,,,,,,,,,,,,,,,,,,,,,,,,,,,,,,,,,,,,,,,,,,,,,,,,,,,,,,,,,,,,,,,,,,,,,,,,,,,,,,,,,,,,,,,,,,,,,,,,,,,,,,,,,,,,,,,,,,,,,,,,,,,,,,,,,,,,,,,,,,,,,,,,,,,,,,,,,,,,,,,,,,,,,,,,,,,,,,,,,,,
,,,,,,,,,,,,,,,,,,,,,,,,,,,,,,,,,,,,,,,,,,,,,,,,,,,,,,,,,,,,,,,,,,,,,,,,,,,,,,,,,,,,,,,,,,,,,,,,,,,,,,,,,,,,,,,,,,,,,,,,,,,,,,,,,,,,,,,,,,,,,,,,,,,,,,,,,,,,,,,,,,,,,,,,,,,,,,,,,,,,,,,,,,,,,,,,,,,,,,,,,,,,,,,,,,,,,,,,,,,,,,,,
,,,,,,,,,,,,,,,,,,,,,,,,,,,,,,,,,,,,,,,,,,,,,,,,,,,,,,,,,,,,,,,,,,,,,,,,,,,,,,,,,,,,,,,,,,,,,,,,,,,,,,,,,,,,,,,,,,,,,,,,,,,,,,,,,,,,,,,,,,,,,,,,,,,,,,,,,,,,,,,,,,,,,,,,,,,,,,,,,,,,,,,,,,,,,,,,,,,,,,,,,,,,,,,,,,,,,,,,,,,,,,,,
,,,,,,,,,,,,,,,,,,,,,,,,,,,,,,,,,,,,,,,,,,,,,,,,,,,,,,,,,,,,,,,,,,,,,,,,,,,,,,,,,,,,,,,,,,,,,,,,,,,,,,,,,,,,,,,,,,,,,,,,,,,,,,,,,,,,,,,,,,,,,,,,,,,,,,,,,,,,,,,,,,,,,,,,,,,,,,,,,,,,,,,,,,,,,,,,,,,,,,,,,,,,,,,,,,,,,,,,,,,,,,,,
,,,,,,,,,,,,,,,,,,,,,,,,,,,,,,,,,,,,,,,,,,,,,,,,,,,,,,,,,,,,,,,,,,,,,,,,,,,,,,,,,,,,,,,,,,,,,,,,,,,,,,,,,,,,,,,,,,,,,,,,,,,,,,,,,,,,,,,,,,,,,,,,,,,,,,,,,,,,,,,,,,,,,,,,,,,,,,,,,,,,,,,,,,,,,,,,,,,,,,,,,,,,,,,,,,,,,,,,,,,,,,,,
,,,,,,,,,,,,,,,,,,,,,,,,,,,,,,,,,,,,,,,,,,,,,,,,,,,,,,,,,,,,,,,,,,,,,,,,,,,,,,,,,,,,,,,,,,,,,,,,,,,,,,,,,,,,,,,,,,,,,,,,,,,,,,,,,,,,,,,,,,,,,,,,,,,,,,,,,,,,,,,,,,,,,,,,,,,,,,,,,,,,,,,,,,,,,,,,,,,,,,,,,,,,,,,,,,,,,,,,,,,,,,,,
,,,,,,,,,,,,,,,,,,,,,,,,,,,,,,,,,,,,,,,,,,,,,,,,,,,,,,,,,,,,,,,,,,,,,,,,,,,,,,,,,,,,,,,,,,,,,,,,,,,,,,,,,,,,,,,,,,,,,,,,,,,,,,,,,,,,,,,,,,,,,,,,,,,,,,,,,,,,,,,,,,,,,,,,,,,,,,,,,,,,,,,,,,,,,,,,,,,,,,,,,,,,,,,,,,,,,,,,,,,,,,,,
,,,,,,,,,,,,,,,,,,,,,,,,,,,,,,,,,,,,,,,,,,,,,,,,,,,,,,,,,,,,,,,,,,,,,,,,,,,,,,,,,,,,,,,,,,,,,,,,,,,,,,,,,,,,,,,,,,,,,,,,,,,,,,,,,,,,,,,,,,,,,,,,,,,,,,,,,,,,,,,,,,,,,,,,,,,,,,,,,,,,,,,,,,,,,,,,,,,,,,,,,,,,,,,,,,,,,,,,,,,,,,,,
,,,,,,,,,,,,,,,,,,,,,,,,,,,,,,,,,,,,,,,,,,,,,,,,,,,,,,,,,,,,,,,,,,,,,,,,,,,,,,,,,,,,,,,,,,,,,,,,,,,,,,,,,,,,,,,,,,,,,,,,,,,,,,,,,,,,,,,,,,,,,,,,,,,,,,,,,,,,,,,,,,,,,,,,,,,,,,,,,,,,,,,,,,,,,,,,,,,,,,,,,,,,,,,,,,,,,,,,,,,,,,,,
,,,,,,,,,,,,,,,,,,,,,,,,,,,,,,,,,,,,,,,,,,,,,,,,,,,,,,,,,,,,,,,,,,,,,,,,,,,,,,,,,,,,,,,,,,,,,,,,,,,,,,,,,,,,,,,,,,,,,,,,,,,,,,,,,,,,,,,,,,,,,,,,,,,,,,,,,,,,,,,,,,,,,,,,,,,,,,,,,,,,,,,,,,,,,,,,,,,,,,,,,,,,,,,,,,,,,,,,,,,,,,,,
,,,,,,,,,,,,,,,,,,,,,,,,,,,,,,,,,,,,,,,,,,,,,,,,,,,,,,,,,,,,,,,,,,,,,,,,,,,,,,,,,,,,,,,,,,,,,,,,,,,,,,,,,,,,,,,,,,,,,,,,,,,,,,,,,,,,,,,,,,,,,,,,,,,,,,,,,,,,,,,,,,,,,,,,,,,,,,,,,,,,,,,,,,,,,,,,,,,,,,,,,,,,,,,,,,,,,,,,,,,,,,,,
,,,,,,,,,,,,,,,,,,,,,,,,,,,,,,,,,,,,,,,,,,,,,,,,,,,,,,,,,,,,,,,,,,,,,,,,,,,,,,,,,,,,,,,,,,,,,,,,,,,,,,,,,,,,,,,,,,,,,,,,,,,,,,,,,,,,,,,,,,,,,,,,,,,,,,,,,,,,,,,,,,,,,,,,,,,,,,,,,,,,,,,,,,,,,,,,,,,,,,,,,,,,,,,,,,,,,,,,,,,,,,,,
,,,,,,,,,,,,,,,,,,,,,,,,,,,,,,,,,,,,,,,,,,,,,,,,,,,,,,,,,,,,,,,,,,,,,,,,,,,,,,,,,,,,,,,,,,,,,,,,,,,,,,,,,,,,,,,,,,,,,,,,,,,,,,,,,,,,,,,,,,,,,,,,,,,,,,,,,,,,,,,,,,,,,,,,,,,,,,,,,,,,,,,,,,,,,,,,,,,,,,,,,,,,,,,,,,,,,,,,,,,,,,,,
,,,,,,,,,,,,,,,,,,,,,,,,,,,,,,,,,,,,,,,,,,,,,,,,,,,,,,,,,,,,,,,,,,,,,,,,,,,,,,,,,,,,,,,,,,,,,,,,,,,,,,,,,,,,,,,,,,,,,,,,,,,,,,,,,,,,,,,,,,,,,,,,,,,,,,,,,,,,,,,,,,,,,,,,,,,,,,,,,,,,,,,,,,,,,,,,,,,,,,,,,,,,,,,,,,,,,,,,,,,,,,,,
,,,,,,,,,,,,,,,,,,,,,,,,,,,,,,,,,,,,,,,,,,,,,,,,,,,,,,,,,,,,,,,,,,,,,,,,,,,,,,,,,,,,,,,,,,,,,,,,,,,,,,,,,,,,,,,,,,,,,,,,,,,,,,,,,,,,,,,,,,,,,,,,,,,,,,,,,,,,,,,,,,,,,,,,,,,,,,,,,,,,,,,,,,,,,,,,,,,,,,,,,,,,,,,,,,,,,,,,,,,,,,,,
,,,,,,,,,,,,,,,,,,,,,,,,,,,,,,,,,,,,,,,,,,,,,,,,,,,,,,,,,,,,,,,,,,,,,,,,,,,,,,,,,,,,,,,,,,,,,,,,,,,,,,,,,,,,,,,,,,,,,,,,,,,,,,,,,,,,,,,,,,,,,,,,,,,,,,,,,,,,,,,,,,,,,,,,,,,,,,,,,,,,,,,,,,,,,,,,,,,,,,,,,,,,,,,,,,,,,,,,,,,,,,,,
,,,,,,,,,,,,,,,,,,,,,,,,,,,,,,,,,,,,,,,,,,,,,,,,,,,,,,,,,,,,,,,,,,,,,,,,,,,,,,,,,,,,,,,,,,,,,,,,,,,,,,,,,,,,,,,,,,,,,,,,,,,,,,,,,,,,,,,,,,,,,,,,,,,,,,,,,,,,,,,,,,,,,,,,,,,,,,,,,,,,,,,,,,,,,,,,,,,,,,,,,,,,,,,,,,,,,,,,,,,,,,,,
,,,,,,,,,,,,,,,,,,,,,,,,,,,,,,,,,,,,,,,,,,,,,,,,,,,,,,,,,,,,,,,,,,,,,,,,,,,,,,,,,,,,,,,,,,,,,,,,,,,,,,,,,,,,,,,,,,,,,,,,,,,,,,,,,,,,,,,,,,,,,,,,,,,,,,,,,,,,,,,,,,,,,,,,,,,,,,,,,,,,,,,,,,,,,,,,,,,,,,,,,,,,,,,,,,,,,,,,,,,,,,,,
,,,,,,,,,,,,,,,,,,,,,,,,,,,,,,,,,,,,,,,,,,,,,,,,,,,,,,,,,,,,,,,,,,,,,,,,,,,,,,,,,,,,,,,,,,,,,,,,,,,,,,,,,,,,,,,,,,,,,,,,,,,,,,,,,,,,,,,,,,,,,,,,,,,,,,,,,,,,,,,,,,,,,,,,,,,,,,,,,,,,,,,,,,,,,,,,,,,,,,,,,,,,,,,,,,,,,,,,,,,,,,,,
,,,,,,,,,,,,,,,,,,,,,,,,,,,,,,,,,,,,,,,,,,,,,,,,,,,,,,,,,,,,,,,,,,,,,,,,,,,,,,,,,,,,,,,,,,,,,,,,,,,,,,,,,,,,,,,,,,,,,,,,,,,,,,,,,,,,,,,,,,,,,,,,,,,,,,,,,,,,,,,,,,,,,,,,,,,,,,,,,,,,,,,,,,,,,,,,,,,,,,,,,,,,,,,,,,,,,,,,,,,,,,,,
,,,,,,,,,,,,,,,,,,,,,,,,,,,,,,,,,,,,,,,,,,,,,,,,,,,,,,,,,,,,,,,,,,,,,,,,,,,,,,,,,,,,,,,,,,,,,,,,,,,,,,,,,,,,,,,,,,,,,,,,,,,,,,,,,,,,,,,,,,,,,,,,,,,,,,,,,,,,,,,,,,,,,,,,,,,,,,,,,,,,,,,,,,,,,,,,,,,,,,,,,,,,,,,,,,,,,,,,,,,,,,,,
,,,,,,,,,,,,,,,,,,,,,,,,,,,,,,,,,,,,,,,,,,,,,,,,,,,,,,,,,,,,,,,,,,,,,,,,,,,,,,,,,,,,,,,,,,,,,,,,,,,,,,,,,,,,,,,,,,,,,,,,,,,,,,,,,,,,,,,,,,,,,,,,,,,,,,,,,,,,,,,,,,,,,,,,,,,,,,,,,,,,,,,,,,,,,,,,,,,,,,,,,,,,,,,,,,,,,,,,,,,,,,,,
,,,,,,,,,,,,,,,,,,,,,,,,,,,,,,,,,,,,,,,,,,,,,,,,,,,,,,,,,,,,,,,,,,,,,,,,,,,,,,,,,,,,,,,,,,,,,,,,,,,,,,,,,,,,,,,,,,,,,,,,,,,,,,,,,,,,,,,,,,,,,,,,,,,,,,,,,,,,,,,,,,,,,,,,,,,,,,,,,,,,,,,,,,,,,,,,,,,,,,,,,,,,,,,,,,,,,,,,,,,,,,,,
,,,,,,,,,,,,,,,,,,,,,,,,,,,,,,,,,,,,,,,,,,,,,,,,,,,,,,,,,,,,,,,,,,,,,,,,,,,,,,,,,,,,,,,,,,,,,,,,,,,,,,,,,,,,,,,,,,,,,,,,,,,,,,,,,,,,,,,,,,,,,,,,,,,,,,,,,,,,,,,,,,,,,,,,,,,,,,,,,,,,,,,,,,,,,,,,,,,,,,,,,,,,,,,,,,,,,,,,,,,,,,,,
,,,,,,,,,,,,,,,,,,,,,,,,,,,,,,,,,,,,,,,,,,,,,,,,,,,,,,,,,,,,,,,,,,,,,,,,,,,,,,,,,,,,,,,,,,,,,,,,,,,,,,,,,,,,,,,,,,,,,,,,,,,,,,,,,,,,,,,,,,,,,,,,,,,,,,,,,,,,,,,,,,,,,,,,,,,,,,,,,,,,,,,,,,,,,,,,,,,,,,,,,,,,,,,,,,,,,,,,,,,,,,,,
,,,,,,,,,,,,,,,,,,,,,,,,,,,,,,,,,,,,,,,,,,,,,,,,,,,,,,,,,,,,,,,,,,,,,,,,,,,,,,,,,,,,,,,,,,,,,,,,,,,,,,,,,,,,,,,,,,,,,,,,,,,,,,,,,,,,,,,,,,,,,,,,,,,,,,,,,,,,,,,,,,,,,,,,,,,,,,,,,,,,,,,,,,,,,,,,,,,,,,,,,,,,,,,,,,,,,,,,,,,,,,,,
,,,,,,,,,,,,,,,,,,,,,,,,,,,,,,,,,,,,,,,,,,,,,,,,,,,,,,,,,,,,,,,,,,,,,,,,,,,,,,,,,,,,,,,,,,,,,,,,,,,,,,,,,,,,,,,,,,,,,,,,,,,,,,,,,,,,,,,,,,,,,,,,,,,,,,,,,,,,,,,,,,,,,,,,,,,,,,,,,,,,,,,,,,,,,,,,,,,,,,,,,,,,,,,,,,,,,,,,,,,,,,,,
,,,,,,,,,,,,,,,,,,,,,,,,,,,,,,,,,,,,,,,,,,,,,,,,,,,,,,,,,,,,,,,,,,,,,,,,,,,,,,,,,,,,,,,,,,,,,,,,,,,,,,,,,,,,,,,,,,,,,,,,,,,,,,,,,,,,,,,,,,,,,,,,,,,,,,,,,,,,,,,,,,,,,,,,,,,,,,,,,,,,,,,,,,,,,,,,,,,,,,,,,,,,,,,,,,,,,,,,,,,,,,,,
,,,,,,,,,,,,,,,,,,,,,,,,,,,,,,,,,,,,,,,,,,,,,,,,,,,,,,,,,,,,,,,,,,,,,,,,,,,,,,,,,,,,,,,,,,,,,,,,,,,,,,,,,,,,,,,,,,,,,,,,,,,,,,,,,,,,,,,,,,,,,,,,,,,,,,,,,,,,,,,,,,,,,,,,,,,,,,,,,,,,,,,,,,,,,,,,,,,,,,,,,,,,,,,,,,,,,,,,,,,,,,,,
,,,,,,,,,,,,,,,,,,,,,,,,,,,,,,,,,,,,,,,,,,,,,,,,,,,,,,,,,,,,,,,,,,,,,,,,,,,,,,,,,,,,,,,,,,,,,,,,,,,,,,,,,,,,,,,,,,,,,,,,,,,,,,,,,,,,,,,,,,,,,,,,,,,,,,,,,,,,,,,,,,,,,,,,,,,,,,,,,,,,,,,,,,,,,,,,,,,,,,,,,,,,,,,,,,,,,,,,,,,,,,,,
,,,,,,,,,,,,,,,,,,,,,,,,,,,,,,,,,,,,,,,,,,,,,,,,,,,,,,,,,,,,,,,,,,,,,,,,,,,,,,,,,,,,,,,,,,,,,,,,,,,,,,,,,,,,,,,,,,,,,,,,,,,,,,,,,,,,,,,,,,,,,,,,,,,,,,,,,,,,,,,,,,,,,,,,,,,,,,,,,,,,,,,,,,,,,,,,,,,,,,,,,,,,,,,,,,,,,,,,,,,,,,,,
,,,,,,,,,,,,,,,,,,,,,,,,,,,,,,,,,,,,,,,,,,,,,,,,,,,,,,,,,,,,,,,,,,,,,,,,,,,,,,,,,,,,,,,,,,,,,,,,,,,,,,,,,,,,,,,,,,,,,,,,,,,,,,,,,,,,,,,,,,,,,,,,,,,,,,,,,,,,,,,,,,,,,,,,,,,,,,,,,,,,,,,,,,,,,,,,,,,,,,,,,,,,,,,,,,,,,,,,,,,,,,,,
,,,,,,,,,,,,,,,,,,,,,,,,,,,,,,,,,,,,,,,,,,,,,,,,,,,,,,,,,,,,,,,,,,,,,,,,,,,,,,,,,,,,,,,,,,,,,,,,,,,,,,,,,,,,,,,,,,,,,,,,,,,,,,,,,,,,,,,,,,,,,,,,,,,,,,,,,,,,,,,,,,,,,,,,,,,,,,,,,,,,,,,,,,,,,,,,,,,,,,,,,,,,,,,,,,,,,,,,,,,,,,,,
,,,,,,,,,,,,,,,,,,,,,,,,,,,,,,,,,,,,,,,,,,,,,,,,,,,,,,,,,,,,,,,,,,,,,,,,,,,,,,,,,,,,,,,,,,,,,,,,,,,,,,,,,,,,,,,,,,,,,,,,,,,,,,,,,,,,,,,,,,,,,,,,,,,,,,,,,,,,,,,,,,,,,,,,,,,,,,,,,,,,,,,,,,,,,,,,,,,,,,,,,,,,,,,,,,,,,,,,,,,,,,,,
,,,,,,,,,,,,,,,,,,,,,,,,,,,,,,,,,,,,,,,,,,,,,,,,,,,,,,,,,,,,,,,,,,,,,,,,,,,,,,,,,,,,,,,,,,,,,,,,,,,,,,,,,,,,,,,,,,,,,,,,,,,,,,,,,,,,,,,,,,,,,,,,,,,,,,,,,,,,,,,,,,,,,,,,,,,,,,,,,,,,,,,,,,,,,,,,,,,,,,,,,,,,,,,,,,,,,,,,,,,,,,,,
,,,,,,,,,,,,,,,,,,,,,,,,,,,,,,,,,,,,,,,,,,,,,,,,,,,,,,,,,,,,,,,,,,,,,,,,,,,,,,,,,,,,,,,,,,,,,,,,,,,,,,,,,,,,,,,,,,,,,,,,,,,,,,,,,,,,,,,,,,,,,,,,,,,,,,,,,,,,,,,,,,,,,,,,,,,,,,,,,,,,,,,,,,,,,,,,,,,,,,,,,,,,,,,,,,,,,,,,,,,,,,,,
,,,,,,,,,,,,,,,,,,,,,,,,,,,,,,,,,,,,,,,,,,,,,,,,,,,,,,,,,,,,,,,,,,,,,,,,,,,,,,,,,,,,,,,,,,,,,,,,,,,,,,,,,,,,,,,,,,,,,,,,,,,,,,,,,,,,,,,,,,,,,,,,,,,,,,,,,,,,,,,,,,,,,,,,,,,,,,,,,,,,,,,,,,,,,,,,,,,,,,,,,,,,,,,,,,,,,,,,,,,,,,,,
,,,,,,,,,,,,,,,,,,,,,,,,,,,,,,,,,,,,,,,,,,,,,,,,,,,,,,,,,,,,,,,,,,,,,,,,,,,,,,,,,,,,,,,,,,,,,,,,,,,,,,,,,,,,,,,,,,,,,,,,,,,,,,,,,,,,,,,,,,,,,,,,,,,,,,,,,,,,,,,,,,,,,,,,,,,,,,,,,,,,,,,,,,,,,,,,,,,,,,,,,,,,,,,,,,,,,,,,,,,,,,,,
,,,,,,,,,,,,,,,,,,,,,,,,,,,,,,,,,,,,,,,,,,,,,,,,,,,,,,,,,,,,,,,,,,,,,,,,,,,,,,,,,,,,,,,,,,,,,,,,,,,,,,,,,,,,,,,,,,,,,,,,,,,,,,,,,,,,,,,,,,,,,,,,,,,,,,,,,,,,,,,,,,,,,,,,,,,,,,,,,,,,,,,,,,,,,,,,,,,,,,,,,,,,,,,,,,,,,,,,,,,,,,,,
,,,,,,,,,,,,,,,,,,,,,,,,,,,,,,,,,,,,,,,,,,,,,,,,,,,,,,,,,,,,,,,,,,,,,,,,,,,,,,,,,,,,,,,,,,,,,,,,,,,,,,,,,,,,,,,,,,,,,,,,,,,,,,,,,,,,,,,,,,,,,,,,,,,,,,,,,,,,,,,,,,,,,,,,,,,,,,,,,,,,,,,,,,,,,,,,,,,,,,,,,,,,,,,,,,,,,,,,,,,,,,,,
,,,,,,,,,,,,,,,,,,,,,,,,,,,,,,,,,,,,,,,,,,,,,,,,,,,,,,,,,,,,,,,,,,,,,,,,,,,,,,,,,,,,,,,,,,,,,,,,,,,,,,,,,,,,,,,,,,,,,,,,,,,,,,,,,,,,,,,,,,,,,,,,,,,,,,,,,,,,,,,,,,,,,,,,,,,,,,,,,,,,,,,,,,,,,,,,,,,,,,,,,,,,,,,,,,,,,,,,,,,,,,,,
,,,,,,,,,,,,,,,,,,,,,,,,,,,,,,,,,,,,,,,,,,,,,,,,,,,,,,,,,,,,,,,,,,,,,,,,,,,,,,,,,,,,,,,,,,,,,,,,,,,,,,,,,,,,,,,,,,,,,,,,,,,,,,,,,,,,,,,,,,,,,,,,,,,,,,,,,,,,,,,,,,,,,,,,,,,,,,,,,,,,,,,,,,,,,,,,,,,,,,,,,,,,,,,,,,,,,,,,,,,,,,,,
,,,,,,,,,,,,,,,,,,,,,,,,,,,,,,,,,,,,,,,,,,,,,,,,,,,,,,,,,,,,,,,,,,,,,,,,,,,,,,,,,,,,,,,,,,,,,,,,,,,,,,,,,,,,,,,,,,,,,,,,,,,,,,,,,,,,,,,,,,,,,,,,,,,,,,,,,,,,,,,,,,,,,,,,,,,,,,,,,,,,,,,,,,,,,,,,,,,,,,,,,,,,,,,,,,,,,,,,,,,,,,,,
,,,,,,,,,,,,,,,,,,,,,,,,,,,,,,,,,,,,,,,,,,,,,,,,,,,,,,,,,,,,,,,,,,,,,,,,,,,,,,,,,,,,,,,,,,,,,,,,,,,,,,,,,,,,,,,,,,,,,,,,,,,,,,,,,,,,,,,,,,,,,,,,,,,,,,,,,,,,,,,,,,,,,,,,,,,,,,,,,,,,,,,,,,,,,,,,,,,,,,,,,,,,,,,,,,,,,,,,,,,,,,,,
,,,,,,,,,,,,,,,,,,,,,,,,,,,,,,,,,,,,,,,,,,,,,,,,,,,,,,,,,,,,,,,,,,,,,,,,,,,,,,,,,,,,,,,,,,,,,,,,,,,,,,,,,,,,,,,,,,,,,,,,,,,,,,,,,,,,,,,,,,,,,,,,,,,,,,,,,,,,,,,,,,,,,,,,,,,,,,,,,,,,,,,,,,,,,,,,,,,,,,,,,,,,,,,,,,,,,,,,,,,,,,,,
,,,,,,,,,,,,,,,,,,,,,,,,,,,,,,,,,,,,,,,,,,,,,,,,,,,,,,,,,,,,,,,,,,,,,,,,,,,,,,,,,,,,,,,,,,,,,,,,,,,,,,,,,,,,,,,,,,,,,,,,,,,,,,,,,,,,,,,,,,,,,,,,,,,,,,,,,,,,,,,,,,,,,,,,,,,,,,,,,,,,,,,,,,,,,,,,,,,,,,,,,,,,,,,,,,,,,,,,,,,,,,,,
,,,,,,,,,,,,,,,,,,,,,,,,,,,,,,,,,,,,,,,,,,,,,,,,,,,,,,,,,,,,,,,,,,,,,,,,,,,,,,,,,,,,,,,,,,,,,,,,,,,,,,,,,,,,,,,,,,,,,,,,,,,,,,,,,,,,,,,,,,,,,,,,,,,,,,,,,,,,,,,,,,,,,,,,,,,,,,,,,,,,,,,,,,,,,,,,,,,,,,,,,,,,,,,,,,,,,,,,,,,,,,,,
,,,,,,,,,,,,,,,,,,,,,,,,,,,,,,,,,,,,,,,,,,,,,,,,,,,,,,,,,,,,,,,,,,,,,,,,,,,,,,,,,,,,,,,,,,,,,,,,,,,,,,,,,,,,,,,,,,,,,,,,,,,,,,,,,,,,,,,,,,,,,,,,,,,,,,,,,,,,,,,,,,,,,,,,,,,,,,,,,,,,,,,,,,,,,,,,,,,,,,,,,,,,,,,,,,,,,,,,,,,,,,,,
,,,,,,,,,,,,,,,,,,,,,,,,,,,,,,,,,,,,,,,,,,,,,,,,,,,,,,,,,,,,,,,,,,,,,,,,,,,,,,,,,,,,,,,,,,,,,,,,,,,,,,,,,,,,,,,,,,,,,,,,,,,,,,,,,,,,,,,,,,,,,,,,,,,,,,,,,,,,,,,,,,,,,,,,,,,,,,,,,,,,,,,,,,,,,,,,,,,,,,,,,,,,,,,,,,,,,,,,,,,,,,,,
,,,,,,,,,,,,,,,,,,,,,,,,,,,,,,,,,,,,,,,,,,,,,,,,,,,,,,,,,,,,,,,,,,,,,,,,,,,,,,,,,,,,,,,,,,,,,,,,,,,,,,,,,,,,,,,,,,,,,,,,,,,,,,,,,,,,,,,,,,,,,,,,,,,,,,,,,,,,,,,,,,,,,,,,,,,,,,,,,,,,,,,,,,,,,,,,,,,,,,,,,,,,,,,,,,,,,,,,,,,,,,,,
,,,,,,,,,,,,,,,,,,,,,,,,,,,,,,,,,,,,,,,,,,,,,,,,,,,,,,,,,,,,,,,,,,,,,,,,,,,,,,,,,,,,,,,,,,,,,,,,,,,,,,,,,,,,,,,,,,,,,,,,,,,,,,,,,,,,,,,,,,,,,,,,,,,,,,,,,,,,,,,,,,,,,,,,,,,,,,,,,,,,,,,,,,,,,,,,,,,,,,,,,,,,,,,,,,,,,,,,,,,,,,,,
,,,,,,,,,,,,,,,,,,,,,,,,,,,,,,,,,,,,,,,,,,,,,,,,,,,,,,,,,,,,,,,,,,,,,,,,,,,,,,,,,,,,,,,,,,,,,,,,,,,,,,,,,,,,,,,,,,,,,,,,,,,,,,,,,,,,,,,,,,,,,,,,,,,,,,,,,,,,,,,,,,,,,,,,,,,,,,,,,,,,,,,,,,,,,,,,,,,,,,,,,,,,,,,,,,,,,,,,,,,,,,,,
,,,,,,,,,,,,,,,,,,,,,,,,,,,,,,,,,,,,,,,,,,,,,,,,,,,,,,,,,,,,,,,,,,,,,,,,,,,,,,,,,,,,,,,,,,,,,,,,,,,,,,,,,,,,,,,,,,,,,,,,,,,,,,,,,,,,,,,,,,,,,,,,,,,,,,,,,,,,,,,,,,,,,,,,,,,,,,,,,,,,,,,,,,,,,,,,,,,,,,,,,,,,,,,,,,,,,,,,,,,,,,,,
,,,,,,,,,,,,,,,,,,,,,,,,,,,,,,,,,,,,,,,,,,,,,,,,,,,,,,,,,,,,,,,,,,,,,,,,,,,,,,,,,,,,,,,,,,,,,,,,,,,,,,,,,,,,,,,,,,,,,,,,,,,,,,,,,,,,,,,,,,,,,,,,,,,,,,,,,,,,,,,,,,,,,,,,,,,,,,,,,,,,,,,,,,,,,,,,,,,,,,,,,,,,,,,,,,,,,,,,,,,,,,,,
,,,,,,,,,,,,,,,,,,,,,,,,,,,,,,,,,,,,,,,,,,,,,,,,,,,,,,,,,,,,,,,,,,,,,,,,,,,,,,,,,,,,,,,,,,,,,,,,,,,,,,,,,,,,,,,,,,,,,,,,,,,,,,,,,,,,,,,,,,,,,,,,,,,,,,,,,,,,,,,,,,,,,,,,,,,,,,,,,,,,,,,,,,,,,,,,,,,,,,,,,,,,,,,,,,,,,,,,,,,,,,,,
,,,,,,,,,,,,,,,,,,,,,,,,,,,,,,,,,,,,,,,,,,,,,,,,,,,,,,,,,,,,,,,,,,,,,,,,,,,,,,,,,,,,,,,,,,,,,,,,,,,,,,,,,,,,,,,,,,,,,,,,,,,,,,,,,,,,,,,,,,,,,,,,,,,,,,,,,,,,,,,,,,,,,,,,,,,,,,,,,,,,,,,,,,,,,,,,,,,,,,,,,,,,,,,,,,,,,,,,,,,,,,,,
,,,,,,,,,,,,,,,,,,,,,,,,,,,,,,,,,,,,,,,,,,,,,,,,,,,,,,,,,,,,,,,,,,,,,,,,,,,,,,,,,,,,,,,,,,,,,,,,,,,,,,,,,,,,,,,,,,,,,,,,,,,,,,,,,,,,,,,,,,,,,,,,,,,,,,,,,,,,,,,,,,,,,,,,,,,,,,,,,,,,,,,,,,,,,,,,,,,,,,,,,,,,,,,,,,,,,,,,,,,,,,,,
,,,,,,,,,,,,,,,,,,,,,,,,,,,,,,,,,,,,,,,,,,,,,,,,,,,,,,,,,,,,,,,,,,,,,,,,,,,,,,,,,,,,,,,,,,,,,,,,,,,,,,,,,,,,,,,,,,,,,,,,,,,,,,,,,,,,,,,,,,,,,,,,,,,,,,,,,,,,,,,,,,,,,,,,,,,,,,,,,,,,,,,,,,,,,,,,,,,,,,,,,,,,,,,,,,,,,,,,,,,,,,,,
,,,,,,,,,,,,,,,,,,,,,,,,,,,,,,,,,,,,,,,,,,,,,,,,,,,,,,,,,,,,,,,,,,,,,,,,,,,,,,,,,,,,,,,,,,,,,,,,,,,,,,,,,,,,,,,,,,,,,,,,,,,,,,,,,,,,,,,,,,,,,,,,,,,,,,,,,,,,,,,,,,,,,,,,,,,,,,,,,,,,,,,,,,,,,,,,,,,,,,,,,,,,,,,,,,,,,,,,,,,,,,,,
,,,,,,,,,,,,,,,,,,,,,,,,,,,,,,,,,,,,,,,,,,,,,,,,,,,,,,,,,,,,,,,,,,,,,,,,,,,,,,,,,,,,,,,,,,,,,,,,,,,,,,,,,,,,,,,,,,,,,,,,,,,,,,,,,,,,,,,,,,,,,,,,,,,,,,,,,,,,,,,,,,,,,,,,,,,,,,,,,,,,,,,,,,,,,,,,,,,,,,,,,,,,,,,,,,,,,,,,,,,,,,,,
,,,,,,,,,,,,,,,,,,,,,,,,,,,,,,,,,,,,,,,,,,,,,,,,,,,,,,,,,,,,,,,,,,,,,,,,,,,,,,,,,,,,,,,,,,,,,,,,,,,,,,,,,,,,,,,,,,,,,,,,,,,,,,,,,,,,,,,,,,,,,,,,,,,,,,,,,,,,,,,,,,,,,,,,,,,,,,,,,,,,,,,,,,,,,,,,,,,,,,,,,,,,,,,,,,,,,,,,,,,,,,,,
,,,,,,,,,,,,,,,,,,,,,,,,,,,,,,,,,,,,,,,,,,,,,,,,,,,,,,,,,,,,,,,,,,,,,,,,,,,,,,,,,,,,,,,,,,,,,,,,,,,,,,,,,,,,,,,,,,,,,,,,,,,,,,,,,,,,,,,,,,,,,,,,,,,,,,,,,,,,,,,,,,,,,,,,,,,,,,,,,,,,,,,,,,,,,,,,,,,,,,,,,,,,,,,,,,,,,,,,,,,,,,,,
,,,,,,,,,,,,,,,,,,,,,,,,,,,,,,,,,,,,,,,,,,,,,,,,,,,,,,,,,,,,,,,,,,,,,,,,,,,,,,,,,,,,,,,,,,,,,,,,,,,,,,,,,,,,,,,,,,,,,,,,,,,,,,,,,,,,,,,,,,,,,,,,,,,,,,,,,,,,,,,,,,,,,,,,,,,,,,,,,,,,,,,,,,,,,,,,,,,,,,,,,,,,,,,,,,,,,,,,,,,,,,,,
,,,,,,,,,,,,,,,,,,,,,,,,,,,,,,,,,,,,,,,,,,,,,,,,,,,,,,,,,,,,,,,,,,,,,,,,,,,,,,,,,,,,,,,,,,,,,,,,,,,,,,,,,,,,,,,,,,,,,,,,,,,,,,,,,,,,,,,,,,,,,,,,,,,,,,,,,,,,,,,,,,,,,,,,,,,,,,,,,,,,,,,,,,,,,,,,,,,,,,,,,,,,,,,,,,,,,,,,,,,,,,,,
,,,,,,,,,,,,,,,,,,,,,,,,,,,,,,,,,,,,,,,,,,,,,,,,,,,,,,,,,,,,,,,,,,,,,,,,,,,,,,,,,,,,,,,,,,,,,,,,,,,,,,,,,,,,,,,,,,,,,,,,,,,,,,,,,,,,,,,,,,,,,,,,,,,,,,,,,,,,,,,,,,,,,,,,,,,,,,,,,,,,,,,,,,,,,,,,,,,,,,,,,,,,,,,,,,,,,,,,,,,,,,,,
,,,,,,,,,,,,,,,,,,,,,,,,,,,,,,,,,,,,,,,,,,,,,,,,,,,,,,,,,,,,,,,,,,,,,,,,,,,,,,,,,,,,,,,,,,,,,,,,,,,,,,,,,,,,,,,,,,,,,,,,,,,,,,,,,,,,,,,,,,,,,,,,,,,,,,,,,,,,,,,,,,,,,,,,,,,,,,,,,,,,,,,,,,,,,,,,,,,,,,,,,,,,,,,,,,,,,,,,,,,,,,,,
,,,,,,,,,,,,,,,,,,,,,,,,,,,,,,,,,,,,,,,,,,,,,,,,,,,,,,,,,,,,,,,,,,,,,,,,,,,,,,,,,,,,,,,,,,,,,,,,,,,,,,,,,,,,,,,,,,,,,,,,,,,,,,,,,,,,,,,,,,,,,,,,,,,,,,,,,,,,,,,,,,,,,,,,,,,,,,,,,,,,,,,,,,,,,,,,,,,,,,,,,,,,,,,,,,,,,,,,,,,,,,,,
,,,,,,,,,,,,,,,,,,,,,,,,,,,,,,,,,,,,,,,,,,,,,,,,,,,,,,,,,,,,,,,,,,,,,,,,,,,,,,,,,,,,,,,,,,,,,,,,,,,,,,,,,,,,,,,,,,,,,,,,,,,,,,,,,,,,,,,,,,,,,,,,,,,,,,,,,,,,,,,,,,,,,,,,,,,,,,,,,,,,,,,,,,,,,,,,,,,,,,,,,,,,,,,,,,,,,,,,,,,,,,,,
,,,,,,,,,,,,,,,,,,,,,,,,,,,,,,,,,,,,,,,,,,,,,,,,,,,,,,,,,,,,,,,,,,,,,,,,,,,,,,,,,,,,,,,,,,,,,,,,,,,,,,,,,,,,,,,,,,,,,,,,,,,,,,,,,,,,,,,,,,,,,,,,,,,,,,,,,,,,,,,,,,,,,,,,,,,,,,,,,,,,,,,,,,,,,,,,,,,,,,,,,,,,,,,,,,,,,,,,,,,,,,,,
,,,,,,,,,,,,,,,,,,,,,,,,,,,,,,,,,,,,,,,,,,,,,,,,,,,,,,,,,,,,,,,,,,,,,,,,,,,,,,,,,,,,,,,,,,,,,,,,,,,,,,,,,,,,,,,,,,,,,,,,,,,,,,,,,,,,,,,,,,,,,,,,,,,,,,,,,,,,,,,,,,,,,,,,,,,,,,,,,,,,,,,,,,,,,,,,,,,,,,,,,,,,,,,,,,,,,,,,,,,,,,,,
,,,,,,,,,,,,,,,,,,,,,,,,,,,,,,,,,,,,,,,,,,,,,,,,,,,,,,,,,,,,,,,,,,,,,,,,,,,,,,,,,,,,,,,,,,,,,,,,,,,,,,,,,,,,,,,,,,,,,,,,,,,,,,,,,,,,,,,,,,,,,,,,,,,,,,,,,,,,,,,,,,,,,,,,,,,,,,,,,,,,,,,,,,,,,,,,,,,,,,,,,,,,,,,,,,,,,,,,,,,,,,,,
,,,,,,,,,,,,,,,,,,,,,,,,,,,,,,,,,,,,,,,,,,,,,,,,,,,,,,,,,,,,,,,,,,,,,,,,,,,,,,,,,,,,,,,,,,,,,,,,,,,,,,,,,,,,,,,,,,,,,,,,,,,,,,,,,,,,,,,,,,,,,,,,,,,,,,,,,,,,,,,,,,,,,,,,,,,,,,,,,,,,,,,,,,,,,,,,,,,,,,,,,,,,,,,,,,,,,,,,,,,,,,,,
,,,,,,,,,,,,,,,,,,,,,,,,,,,,,,,,,,,,,,,,,,,,,,,,,,,,,,,,,,,,,,,,,,,,,,,,,,,,,,,,,,,,,,,,,,,,,,,,,,,,,,,,,,,,,,,,,,,,,,,,,,,,,,,,,,,,,,,,,,,,,,,,,,,,,,,,,,,,,,,,,,,,,,,,,,,,,,,,,,,,,,,,,,,,,,,,,,,,,,,,,,,,,,,,,,,,,,,,,,,,,,,,
,,,,,,,,,,,,,,,,,,,,,,,,,,,,,,,,,,,,,,,,,,,,,,,,,,,,,,,,,,,,,,,,,,,,,,,,,,,,,,,,,,,,,,,,,,,,,,,,,,,,,,,,,,,,,,,,,,,,,,,,,,,,,,,,,,,,,,,,,,,,,,,,,,,,,,,,,,,,,,,,,,,,,,,,,,,,,,,,,,,,,,,,,,,,,,,,,,,,,,,,,,,,,,,,,,,,,,,,,,,,,,,,
,,,,,,,,,,,,,,,,,,,,,,,,,,,,,,,,,,,,,,,,,,,,,,,,,,,,,,,,,,,,,,,,,,,,,,,,,,,,,,,,,,,,,,,,,,,,,,,,,,,,,,,,,,,,,,,,,,,,,,,,,,,,,,,,,,,,,,,,,,,,,,,,,,,,,,,,,,,,,,,,,,,,,,,,,,,,,,,,,,,,,,,,,,,,,,,,,,,,,,,,,,,,,,,,,,,,,,,,,,,,,,,,
,,,,,,,,,,,,,,,,,,,,,,,,,,,,,,,,,,,,,,,,,,,,,,,,,,,,,,,,,,,,,,,,,,,,,,,,,,,,,,,,,,,,,,,,,,,,,,,,,,,,,,,,,,,,,,,,,,,,,,,,,,,,,,,,,,,,,,,,,,,,,,,,,,,,,,,,,,,,,,,,,,,,,,,,,,,,,,,,,,,,,,,,,,,,,,,,,,,,,,,,,,,,,,,,,,,,,,,,,,,,,,,,
,,,,,,,,,,,,,,,,,,,,,,,,,,,,,,,,,,,,,,,,,,,,,,,,,,,,,,,,,,,,,,,,,,,,,,,,,,,,,,,,,,,,,,,,,,,,,,,,,,,,,,,,,,,,,,,,,,,,,,,,,,,,,,,,,,,,,,,,,,,,,,,,,,,,,,,,,,,,,,,,,,,,,,,,,,,,,,,,,,,,,,,,,,,,,,,,,,,,,,,,,,,,,,,,,,,,,,,,,,,,,,,,
,,,,,,,,,,,,,,,,,,,,,,,,,,,,,,,,,,,,,,,,,,,,,,,,,,,,,,,,,,,,,,,,,,,,,,,,,,,,,,,,,,,,,,,,,,,,,,,,,,,,,,,,,,,,,,,,,,,,,,,,,,,,,,,,,,,,,,,,,,,,,,,,,,,,,,,,,,,,,,,,,,,,,,,,,,,,,,,,,,,,,,,,,,,,,,,,,,,,,,,,,,,,,,,,,,,,,,,,,,,,,,,,
,,,,,,,,,,,,,,,,,,,,,,,,,,,,,,,,,,,,,,,,,,,,,,,,,,,,,,,,,,,,,,,,,,,,,,,,,,,,,,,,,,,,,,,,,,,,,,,,,,,,,,,,,,,,,,,,,,,,,,,,,,,,,,,,,,,,,,,,,,,,,,,,,,,,,,,,,,,,,,,,,,,,,,,,,,,,,,,,,,,,,,,,,,,,,,,,,,,,,,,,,,,,,,,,,,,,,,,,,,,,,,,,
,,,,,,,,,,,,,,,,,,,,,,,,,,,,,,,,,,,,,,,,,,,,,,,,,,,,,,,,,,,,,,,,,,,,,,,,,,,,,,,,,,,,,,,,,,,,,,,,,,,,,,,,,,,,,,,,,,,,,,,,,,,,,,,,,,,,,,,,,,,,,,,,,,,,,,,,,,,,,,,,,,,,,,,,,,,,,,,,,,,,,,,,,,,,,,,,,,,,,,,,,,,,,,,,,,,,,,,,,,,,,,,,
,,,,,,,,,,,,,,,,,,,,,,,,,,,,,,,,,,,,,,,,,,,,,,,,,,,,,,,,,,,,,,,,,,,,,,,,,,,,,,,,,,,,,,,,,,,,,,,,,,,,,,,,,,,,,,,,,,,,,,,,,,,,,,,,,,,,,,,,,,,,,,,,,,,,,,,,,,,,,,,,,,,,,,,,,,,,,,,,,,,,,,,,,,,,,,,,,,,,,,,,,,,,,,,,,,,,,,,,,,,,,,,,
,,,,,,,,,,,,,,,,,,,,,,,,,,,,,,,,,,,,,,,,,,,,,,,,,,,,,,,,,,,,,,,,,,,,,,,,,,,,,,,,,,,,,,,,,,,,,,,,,,,,,,,,,,,,,,,,,,,,,,,,,,,,,,,,,,,,,,,,,,,,,,,,,,,,,,,,,,,,,,,,,,,,,,,,,,,,,,,,,,,,,,,,,,,,,,,,,,,,,,,,,,,,,,,,,,,,,,,,,,,,,,,,
,,,,,,,,,,,,,,,,,,,,,,,,,,,,,,,,,,,,,,,,,,,,,,,,,,,,,,,,,,,,,,,,,,,,,,,,,,,,,,,,,,,,,,,,,,,,,,,,,,,,,,,,,,,,,,,,,,,,,,,,,,,,,,,,,,,,,,,,,,,,,,,,,,,,,,,,,,,,,,,,,,,,,,,,,,,,,,,,,,,,,,,,,,,,,,,,,,,,,,,,,,,,,,,,,,,,,,,,,,,,,,,,
,,,,,,,,,,,,,,,,,,,,,,,,,,,,,,,,,,,,,,,,,,,,,,,,,,,,,,,,,,,,,,,,,,,,,,,,,,,,,,,,,,,,,,,,,,,,,,,,,,,,,,,,,,,,,,,,,,,,,,,,,,,,,,,,,,,,,,,,,,,,,,,,,,,,,,,,,,,,,,,,,,,,,,,,,,,,,,,,,,,,,,,,,,,,,,,,,,,,,,,,,,,,,,,,,,,,,,,,,,,,,,,,
,,,,,,,,,,,,,,,,,,,,,,,,,,,,,,,,,,,,,,,,,,,,,,,,,,,,,,,,,,,,,,,,,,,,,,,,,,,,,,,,,,,,,,,,,,,,,,,,,,,,,,,,,,,,,,,,,,,,,,,,,,,,,,,,,,,,,,,,,,,,,,,,,,,,,,,,,,,,,,,,,,,,,,,,,,,,,,,,,,,,,,,,,,,,,,,,,,,,,,,,,,,,,,,,,,,,,,,,,,,,,,,,
,,,,,,,,,,,,,,,,,,,,,,,,,,,,,,,,,,,,,,,,,,,,,,,,,,,,,,,,,,,,,,,,,,,,,,,,,,,,,,,,,,,,,,,,,,,,,,,,,,,,,,,,,,,,,,,,,,,,,,,,,,,,,,,,,,,,,,,,,,,,,,,,,,,,,,,,,,,,,,,,,,,,,,,,,,,,,,,,,,,,,,,,,,,,,,,,,,,,,,,,,,,,,,,,,,,,,,,,,,,,,,,,
,,,,,,,,,,,,,,,,,,,,,,,,,,,,,,,,,,,,,,,,,,,,,,,,,,,,,,,,,,,,,,,,,,,,,,,,,,,,,,,,,,,,,,,,,,,,,,,,,,,,,,,,,,,,,,,,,,,,,,,,,,,,,,,,,,,,,,,,,,,,,,,,,,,,,,,,,,,,,,,,,,,,,,,,,,,,,,,,,,,,,,,,,,,,,,,,,,,,,,,,,,,,,,,,,,,,,,,,,,,,,,,,
,,,,,,,,,,,,,,,,,,,,,,,,,,,,,,,,,,,,,,,,,,,,,,,,,,,,,,,,,,,,,,,,,,,,,,,,,,,,,,,,,,,,,,,,,,,,,,,,,,,,,,,,,,,,,,,,,,,,,,,,,,,,,,,,,,,,,,,,,,,,,,,,,,,,,,,,,,,,,,,,,,,,,,,,,,,,,,,,,,,,,,,,,,,,,,,,,,,,,,,,,,,,,,,,,,,,,,,,,,,,,,,,
,,,,,,,,,,,,,,,,,,,,,,,,,,,,,,,,,,,,,,,,,,,,,,,,,,,,,,,,,,,,,,,,,,,,,,,,,,,,,,,,,,,,,,,,,,,,,,,,,,,,,,,,,,,,,,,,,,,,,,,,,,,,,,,,,,,,,,,,,,,,,,,,,,,,,,,,,,,,,,,,,,,,,,,,,,,,,,,,,,,,,,,,,,,,,,,,,,,,,,,,,,,,,,,,,,,,,,,,,,,,,,,,
,,,,,,,,,,,,,,,,,,,,,,,,,,,,,,,,,,,,,,,,,,,,,,,,,,,,,,,,,,,,,,,,,,,,,,,,,,,,,,,,,,,,,,,,,,,,,,,,,,,,,,,,,,,,,,,,,,,,,,,,,,,,,,,,,,,,,,,,,,,,,,,,,,,,,,,,,,,,,,,,,,,,,,,,,,,,,,,,,,,,,,,,,,,,,,,,,,,,,,,,,,,,,,,,,,,,,,,,,,,,,,,,
,,,,,,,,,,,,,,,,,,,,,,,,,,,,,,,,,,,,,,,,,,,,,,,,,,,,,,,,,,,,,,,,,,,,,,,,,,,,,,,,,,,,,,,,,,,,,,,,,,,,,,,,,,,,,,,,,,,,,,,,,,,,,,,,,,,,,,,,,,,,,,,,,,,,,,,,,,,,,,,,,,,,,,,,,,,,,,,,,,,,,,,,,,,,,,,,,,,,,,,,,,,,,,,,,,,,,,,,,,,,,,,,
,,,,,,,,,,,,,,,,,,,,,,,,,,,,,,,,,,,,,,,,,,,,,,,,,,,,,,,,,,,,,,,,,,,,,,,,,,,,,,,,,,,,,,,,,,,,,,,,,,,,,,,,,,,,,,,,,,,,,,,,,,,,,,,,,,,,,,,,,,,,,,,,,,,,,,,,,,,,,,,,,,,,,,,,,,,,,,,,,,,,,,,,,,,,,,,,,,,,,,,,,,,,,,,,,,,,,,,,,,,,,,,,
,,,,,,,,,,,,,,,,,,,,,,,,,,,,,,,,,,,,,,,,,,,,,,,,,,,,,,,,,,,,,,,,,,,,,,,,,,,,,,,,,,,,,,,,,,,,,,,,,,,,,,,,,,,,,,,,,,,,,,,,,,,,,,,,,,,,,,,,,,,,,,,,,,,,,,,,,,,,,,,,,,,,,,,,,,,,,,,,,,,,,,,,,,,,,,,,,,,,,,,,,,,,,,,,,,,,,,,,,,,,,,,,
,,,,,,,,,,,,,,,,,,,,,,,,,,,,,,,,,,,,,,,,,,,,,,,,,,,,,,,,,,,,,,,,,,,,,,,,,,,,,,,,,,,,,,,,,,,,,,,,,,,,,,,,,,,,,,,,,,,,,,,,,,,,,,,,,,,,,,,,,,,,,,,,,,,,,,,,,,,,,,,,,,,,,,,,,,,,,,,,,,,,,,,,,,,,,,,,,,,,,,,,,,,,,,,,,,,,,,,,,,,,,,,,
,,,,,,,,,,,,,,,,,,,,,,,,,,,,,,,,,,,,,,,,,,,,,,,,,,,,,,,,,,,,,,,,,,,,,,,,,,,,,,,,,,,,,,,,,,,,,,,,,,,,,,,,,,,,,,,,,,,,,,,,,,,,,,,,,,,,,,,,,,,,,,,,,,,,,,,,,,,,,,,,,,,,,,,,,,,,,,,,,,,,,,,,,,,,,,,,,,,,,,,,,,,,,,,,,,,,,,,,,,,,,,,,
,,,,,,,,,,,,,,,,,,,,,,,,,,,,,,,,,,,,,,,,,,,,,,,,,,,,,,,,,,,,,,,,,,,,,,,,,,,,,,,,,,,,,,,,,,,,,,,,,,,,,,,,,,,,,,,,,,,,,,,,,,,,,,,,,,,,,,,,,,,,,,,,,,,,,,,,,,,,,,,,,,,,,,,,,,,,,,,,,,,,,,,,,,,,,,,,,,,,,,,,,,,,,,,,,,,,,,,,,,,,,,,,
,,,,,,,,,,,,,,,,,,,,,,,,,,,,,,,,,,,,,,,,,,,,,,,,,,,,,,,,,,,,,,,,,,,,,,,,,,,,,,,,,,,,,,,,,,,,,,,,,,,,,,,,,,,,,,,,,,,,,,,,,,,,,,,,,,,,,,,,,,,,,,,,,,,,,,,,,,,,,,,,,,,,,,,,,,,,,,,,,,,,,,,,,,,,,,,,,,,,,,,,,,,,,,,,,,,,,,,,,,,,,,,,
,,,,,,,,,,,,,,,,,,,,,,,,,,,,,,,,,,,,,,,,,,,,,,,,,,,,,,,,,,,,,,,,,,,,,,,,,,,,,,,,,,,,,,,,,,,,,,,,,,,,,,,,,,,,,,,,,,,,,,,,,,,,,,,,,,,,,,,,,,,,,,,,,,,,,,,,,,,,,,,,,,,,,,,,,,,,,,,,,,,,,,,,,,,,,,,,,,,,,,,,,,,,,,,,,,,,,,,,,,,,,,,,
,,,,,,,,,,,,,,,,,,,,,,,,,,,,,,,,,,,,,,,,,,,,,,,,,,,,,,,,,,,,,,,,,,,,,,,,,,,,,,,,,,,,,,,,,,,,,,,,,,,,,,,,,,,,,,,,,,,,,,,,,,,,,,,,,,,,,,,,,,,,,,,,,,,,,,,,,,,,,,,,,,,,,,,,,,,,,,,,,,,,,,,,,,,,,,,,,,,,,,,,,,,,,,,,,,,,,,,,,,,,,,,,
,,,,,,,,,,,,,,,,,,,,,,,,,,,,,,,,,,,,,,,,,,,,,,,,,,,,,,,,,,,,,,,,,,,,,,,,,,,,,,,,,,,,,,,,,,,,,,,,,,,,,,,,,,,,,,,,,,,,,,,,,,,,,,,,,,,,,,,,,,,,,,,,,,,,,,,,,,,,,,,,,,,,,,,,,,,,,,,,,,,,,,,,,,,,,,,,,,,,,,,,,,,,,,,,,,,,,,,,,,,,,,,,
,,,,,,,,,,,,,,,,,,,,,,,,,,,,,,,,,,,,,,,,,,,,,,,,,,,,,,,,,,,,,,,,,,,,,,,,,,,,,,,,,,,,,,,,,,,,,,,,,,,,,,,,,,,,,,,,,,,,,,,,,,,,,,,,,,,,,,,,,,,,,,,,,,,,,,,,,,,,,,,,,,,,,,,,,,,,,,,,,,,,,,,,,,,,,,,,,,,,,,,,,,,,,,,,,,,,,,,,,,,,,,,,
,,,,,,,,,,,,,,,,,,,,,,,,,,,,,,,,,,,,,,,,,,,,,,,,,,,,,,,,,,,,,,,,,,,,,,,,,,,,,,,,,,,,,,,,,,,,,,,,,,,,,,,,,,,,,,,,,,,,,,,,,,,,,,,,,,,,,,,,,,,,,,,,,,,,,,,,,,,,,,,,,,,,,,,,,,,,,,,,,,,,,,,,,,,,,,,,,,,,,,,,,,,,,,,,,,,,,,,,,,,,,,,,
,,,,,,,,,,,,,,,,,,,,,,,,,,,,,,,,,,,,,,,,,,,,,,,,,,,,,,,,,,,,,,,,,,,,,,,,,,,,,,,,,,,,,,,,,,,,,,,,,,,,,,,,,,,,,,,,,,,,,,,,,,,,,,,,,,,,,,,,,,,,,,,,,,,,,,,,,,,,,,,,,,,,,,,,,,,,,,,,,,,,,,,,,,,,,,,,,,,,,,,,,,,,,,,,,,,,,,,,,,,,,,,,
,,,,,,,,,,,,,,,,,,,,,,,,,,,,,,,,,,,,,,,,,,,,,,,,,,,,,,,,,,,,,,,,,,,,,,,,,,,,,,,,,,,,,,,,,,,,,,,,,,,,,,,,,,,,,,,,,,,,,,,,,,,,,,,,,,,,,,,,,,,,,,,,,,,,,,,,,,,,,,,,,,,,,,,,,,,,,,,,,,,,,,,,,,,,,,,,,,,,,,,,,,,,,,,,,,,,,,,,,,,,,,,,
,,,,,,,,,,,,,,,,,,,,,,,,,,,,,,,,,,,,,,,,,,,,,,,,,,,,,,,,,,,,,,,,,,,,,,,,,,,,,,,,,,,,,,,,,,,,,,,,,,,,,,,,,,,,,,,,,,,,,,,,,,,,,,,,,,,,,,,,,,,,,,,,,,,,,,,,,,,,,,,,,,,,,,,,,,,,,,,,,,,,,,,,,,,,,,,,,,,,,,,,,,,,,,,,,,,,,,,,,,,,,,,,
,,,,,,,,,,,,,,,,,,,,,,,,,,,,,,,,,,,,,,,,,,,,,,,,,,,,,,,,,,,,,,,,,,,,,,,,,,,,,,,,,,,,,,,,,,,,,,,,,,,,,,,,,,,,,,,,,,,,,,,,,,,,,,,,,,,,,,,,,,,,,,,,,,,,,,,,,,,,,,,,,,,,,,,,,,,,,,,,,,,,,,,,,,,,,,,,,,,,,,,,,,,,,,,,,,,,,,,,,,,,,,,,
,,,,,,,,,,,,,,,,,,,,,,,,,,,,,,,,,,,,,,,,,,,,,,,,,,,,,,,,,,,,,,,,,,,,,,,,,,,,,,,,,,,,,,,,,,,,,,,,,,,,,,,,,,,,,,,,,,,,,,,,,,,,,,,,,,,,,,,,,,,,,,,,,,,,,,,,,,,,,,,,,,,,,,,,,,,,,,,,,,,,,,,,,,,,,,,,,,,,,,,,,,,,,,,,,,,,,,,,,,,,,,,,
,,,,,,,,,,,,,,,,,,,,,,,,,,,,,,,,,,,,,,,,,,,,,,,,,,,,,,,,,,,,,,,,,,,,,,,,,,,,,,,,,,,,,,,,,,,,,,,,,,,,,,,,,,,,,,,,,,,,,,,,,,,,,,,,,,,,,,,,,,,,,,,,,,,,,,,,,,,,,,,,,,,,,,,,,,,,,,,,,,,,,,,,,,,,,,,,,,,,,,,,,,,,,,,,,,,,,,,,,,,,,,,,
,,,,,,,,,,,,,,,,,,,,,,,,,,,,,,,,,,,,,,,,,,,,,,,,,,,,,,,,,,,,,,,,,,,,,,,,,,,,,,,,,,,,,,,,,,,,,,,,,,,,,,,,,,,,,,,,,,,,,,,,,,,,,,,,,,,,,,,,,,,,,,,,,,,,,,,,,,,,,,,,,,,,,,,,,,,,,,,,,,,,,,,,,,,,,,,,,,,,,,,,,,,,,,,,,,,,,,,,,,,,,,,,
,,,,,,,,,,,,,,,,,,,,,,,,,,,,,,,,,,,,,,,,,,,,,,,,,,,,,,,,,,,,,,,,,,,,,,,,,,,,,,,,,,,,,,,,,,,,,,,,,,,,,,,,,,,,,,,,,,,,,,,,,,,,,,,,,,,,,,,,,,,,,,,,,,,,,,,,,,,,,,,,,,,,,,,,,,,,,,,,,,,,,,,,,,,,,,,,,,,,,,,,,,,,,,,,,,,,,,,,,,,,,,,,
,,,,,,,,,,,,,,,,,,,,,,,,,,,,,,,,,,,,,,,,,,,,,,,,,,,,,,,,,,,,,,,,,,,,,,,,,,,,,,,,,,,,,,,,,,,,,,,,,,,,,,,,,,,,,,,,,,,,,,,,,,,,,,,,,,,,,,,,,,,,,,,,,,,,,,,,,,,,,,,,,,,,,,,,,,,,,,,,,,,,,,,,,,,,,,,,,,,,,,,,,,,,,,,,,,,,,,,,,,,,,,,,
,,,,,,,,,,,,,,,,,,,,,,,,,,,,,,,,,,,,,,,,,,,,,,,,,,,,,,,,,,,,,,,,,,,,,,,,,,,,,,,,,,,,,,,,,,,,,,,,,,,,,,,,,,,,,,,,,,,,,,,,,,,,,,,,,,,,,,,,,,,,,,,,,,,,,,,,,,,,,,,,,,,,,,,,,,,,,,,,,,,,,,,,,,,,,,,,,,,,,,,,,,,,,,,,,,,,,,,,,,,,,,,,
,,,,,,,,,,,,,,,,,,,,,,,,,,,,,,,,,,,,,,,,,,,,,,,,,,,,,,,,,,,,,,,,,,,,,,,,,,,,,,,,,,,,,,,,,,,,,,,,,,,,,,,,,,,,,,,,,,,,,,,,,,,,,,,,,,,,,,,,,,,,,,,,,,,,,,,,,,,,,,,,,,,,,,,,,,,,,,,,,,,,,,,,,,,,,,,,,,,,,,,,,,,,,,,,,,,,,,,,,,,,,,,,
,,,,,,,,,,,,,,,,,,,,,,,,,,,,,,,,,,,,,,,,,,,,,,,,,,,,,,,,,,,,,,,,,,,,,,,,,,,,,,,,,,,,,,,,,,,,,,,,,,,,,,,,,,,,,,,,,,,,,,,,,,,,,,,,,,,,,,,,,,,,,,,,,,,,,,,,,,,,,,,,,,,,,,,,,,,,,,,,,,,,,,,,,,,,,,,,,,,,,,,,,,,,,,,,,,,,,,,,,,,,,,,,
,,,,,,,,,,,,,,,,,,,,,,,,,,,,,,,,,,,,,,,,,,,,,,,,,,,,,,,,,,,,,,,,,,,,,,,,,,,,,,,,,,,,,,,,,,,,,,,,,,,,,,,,,,,,,,,,,,,,,,,,,,,,,,,,,,,,,,,,,,,,,,,,,,,,,,,,,,,,,,,,,,,,,,,,,,,,,,,,,,,,,,,,,,,,,,,,,,,,,,,,,,,,,,,,,,,,,,,,,,,,,,,,
,,,,,,,,,,,,,,,,,,,,,,,,,,,,,,,,,,,,,,,,,,,,,,,,,,,,,,,,,,,,,,,,,,,,,,,,,,,,,,,,,,,,,,,,,,,,,,,,,,,,,,,,,,,,,,,,,,,,,,,,,,,,,,,,,,,,,,,,,,,,,,,,,,,,,,,,,,,,,,,,,,,,,,,,,,,,,,,,,,,,,,,,,,,,,,,,,,,,,,,,,,,,,,,,,,,,,,,,,,,,,,,,
,,,,,,,,,,,,,,,,,,,,,,,,,,,,,,,,,,,,,,,,,,,,,,,,,,,,,,,,,,,,,,,,,,,,,,,,,,,,,,,,,,,,,,,,,,,,,,,,,,,,,,,,,,,,,,,,,,,,,,,,,,,,,,,,,,,,,,,,,,,,,,,,,,,,,,,,,,,,,,,,,,,,,,,,,,,,,,,,,,,,,,,,,,,,,,,,,,,,,,,,,,,,,,,,,,,,,,,,,,,,,,,,
,,,,,,,,,,,,,,,,,,,,,,,,,,,,,,,,,,,,,,,,,,,,,,,,,,,,,,,,,,,,,,,,,,,,,,,,,,,,,,,,,,,,,,,,,,,,,,,,,,,,,,,,,,,,,,,,,,,,,,,,,,,,,,,,,,,,,,,,,,,,,,,,,,,,,,,,,,,,,,,,,,,,,,,,,,,,,,,,,,,,,,,,,,,,,,,,,,,,,,,,,,,,,,,,,,,,,,,,,,,,,,,,
,,,,,,,,,,,,,,,,,,,,,,,,,,,,,,,,,,,,,,,,,,,,,,,,,,,,,,,,,,,,,,,,,,,,,,,,,,,,,,,,,,,,,,,,,,,,,,,,,,,,,,,,,,,,,,,,,,,,,,,,,,,,,,,,,,,,,,,,,,,,,,,,,,,,,,,,,,,,,,,,,,,,,,,,,,,,,,,,,,,,,,,,,,,,,,,,,,,,,,,,,,,,,,,,,,,,,,,,,,,,,,,,
,,,,,,,,,,,,,,,,,,,,,,,,,,,,,,,,,,,,,,,,,,,,,,,,,,,,,,,,,,,,,,,,,,,,,,,,,,,,,,,,,,,,,,,,,,,,,,,,,,,,,,,,,,,,,,,,,,,,,,,,,,,,,,,,,,,,,,,,,,,,,,,,,,,,,,,,,,,,,,,,,,,,,,,,,,,,,,,,,,,,,,,,,,,,,,,,,,,,,,,,,,,,,,,,,,,,,,,,,,,,,,,,
,,,,,,,,,,,,,,,,,,,,,,,,,,,,,,,,,,,,,,,,,,,,,,,,,,,,,,,,,,,,,,,,,,,,,,,,,,,,,,,,,,,,,,,,,,,,,,,,,,,,,,,,,,,,,,,,,,,,,,,,,,,,,,,,,,,,,,,,,,,,,,,,,,,,,,,,,,,,,,,,,,,,,,,,,,,,,,,,,,,,,,,,,,,,,,,,,,,,,,,,,,,,,,,,,,,,,,,,,,,,,,,,
,,,,,,,,,,,,,,,,,,,,,,,,,,,,,,,,,,,,,,,,,,,,,,,,,,,,,,,,,,,,,,,,,,,,,,,,,,,,,,,,,,,,,,,,,,,,,,,,,,,,,,,,,,,,,,,,,,,,,,,,,,,,,,,,,,,,,,,,,,,,,,,,,,,,,,,,,,,,,,,,,,,,,,,,,,,,,,,,,,,,,,,,,,,,,,,,,,,,,,,,,,,,,,,,,,,,,,,,,,,,,,,,
,,,,,,,,,,,,,,,,,,,,,,,,,,,,,,,,,,,,,,,,,,,,,,,,,,,,,,,,,,,,,,,,,,,,,,,,,,,,,,,,,,,,,,,,,,,,,,,,,,,,,,,,,,,,,,,,,,,,,,,,,,,,,,,,,,,,,,,,,,,,,,,,,,,,,,,,,,,,,,,,,,,,,,,,,,,,,,,,,,,,,,,,,,,,,,,,,,,,,,,,,,,,,,,,,,,,,,,,,,,,,,,,
,,,,,,,,,,,,,,,,,,,,,,,,,,,,,,,,,,,,,,,,,,,,,,,,,,,,,,,,,,,,,,,,,,,,,,,,,,,,,,,,,,,,,,,,,,,,,,,,,,,,,,,,,,,,,,,,,,,,,,,,,,,,,,,,,,,,,,,,,,,,,,,,,,,,,,,,,,,,,,,,,,,,,,,,,,,,,,,,,,,,,,,,,,,,,,,,,,,,,,,,,,,,,,,,,,,,,,,,,,,,,,,,
,,,,,,,,,,,,,,,,,,,,,,,,,,,,,,,,,,,,,,,,,,,,,,,,,,,,,,,,,,,,,,,,,,,,,,,,,,,,,,,,,,,,,,,,,,,,,,,,,,,,,,,,,,,,,,,,,,,,,,,,,,,,,,,,,,,,,,,,,,,,,,,,,,,,,,,,,,,,,,,,,,,,,,,,,,,,,,,,,,,,,,,,,,,,,,,,,,,,,,,,,,,,,,,,,,,,,,,,,,,,,,,,
,,,,,,,,,,,,,,,,,,,,,,,,,,,,,,,,,,,,,,,,,,,,,,,,,,,,,,,,,,,,,,,,,,,,,,,,,,,,,,,,,,,,,,,,,,,,,,,,,,,,,,,,,,,,,,,,,,,,,,,,,,,,,,,,,,,,,,,,,,,,,,,,,,,,,,,,,,,,,,,,,,,,,,,,,,,,,,,,,,,,,,,,,,,,,,,,,,,,,,,,,,,,,,,,,,,,,,,,,,,,,,,,
,,,,,,,,,,,,,,,,,,,,,,,,,,,,,,,,,,,,,,,,,,,,,,,,,,,,,,,,,,,,,,,,,,,,,,,,,,,,,,,,,,,,,,,,,,,,,,,,,,,,,,,,,,,,,,,,,,,,,,,,,,,,,,,,,,,,,,,,,,,,,,,,,,,,,,,,,,,,,,,,,,,,,,,,,,,,,,,,,,,,,,,,,,,,,,,,,,,,,,,,,,,,,,,,,,,,,,,,,,,,,,,,
,,,,,,,,,,,,,,,,,,,,,,,,,,,,,,,,,,,,,,,,,,,,,,,,,,,,,,,,,,,,,,,,,,,,,,,,,,,,,,,,,,,,,,,,,,,,,,,,,,,,,,,,,,,,,,,,,,,,,,,,,,,,,,,,,,,,,,,,,,,,,,,,,,,,,,,,,,,,,,,,,,,,,,,,,,,,,,,,,,,,,,,,,,,,,,,,,,,,,,,,,,,,,,,,,,,,,,,,,,,,,,,,
,,,,,,,,,,,,,,,,,,,,,,,,,,,,,,,,,,,,,,,,,,,,,,,,,,,,,,,,,,,,,,,,,,,,,,,,,,,,,,,,,,,,,,,,,,,,,,,,,,,,,,,,,,,,,,,,,,,,,,,,,,,,,,,,,,,,,,,,,,,,,,,,,,,,,,,,,,,,,,,,,,,,,,,,,,,,,,,,,,,,,,,,,,,,,,,,,,,,,,,,,,,,,,,,,,,,,,,,,,,,,,,,
,,,,,,,,,,,,,,,,,,,,,,,,,,,,,,,,,,,,,,,,,,,,,,,,,,,,,,,,,,,,,,,,,,,,,,,,,,,,,,,,,,,,,,,,,,,,,,,,,,,,,,,,,,,,,,,,,,,,,,,,,,,,,,,,,,,,,,,,,,,,,,,,,,,,,,,,,,,,,,,,,,,,,,,,,,,,,,,,,,,,,,,,,,,,,,,,,,,,,,,,,,,,,,,,,,,,,,,,,,,,,,,,
,,,,,,,,,,,,,,,,,,,,,,,,,,,,,,,,,,,,,,,,,,,,,,,,,,,,,,,,,,,,,,,,,,,,,,,,,,,,,,,,,,,,,,,,,,,,,,,,,,,,,,,,,,,,,,,,,,,,,,,,,,,,,,,,,,,,,,,,,,,,,,,,,,,,,,,,,,,,,,,,,,,,,,,,,,,,,,,,,,,,,,,,,,,,,,,,,,,,,,,,,,,,,,,,,,,,,,,,,,,,,,,,
,,,,,,,,,,,,,,,,,,,,,,,,,,,,,,,,,,,,,,,,,,,,,,,,,,,,,,,,,,,,,,,,,,,,,,,,,,,,,,,,,,,,,,,,,,,,,,,,,,,,,,,,,,,,,,,,,,,,,,,,,,,,,,,,,,,,,,,,,,,,,,,,,,,,,,,,,,,,,,,,,,,,,,,,,,,,,,,,,,,,,,,,,,,,,,,,,,,,,,,,,,,,,,,,,,,,,,,,,,,,,,,,
,,,,,,,,,,,,,,,,,,,,,,,,,,,,,,,,,,,,,,,,,,,,,,,,,,,,,,,,,,,,,,,,,,,,,,,,,,,,,,,,,,,,,,,,,,,,,,,,,,,,,,,,,,,,,,,,,,,,,,,,,,,,,,,,,,,,,,,,,,,,,,,,,,,,,,,,,,,,,,,,,,,,,,,,,,,,,,,,,,,,,,,,,,,,,,,,,,,,,,,,,,,,,,,,,,,,,,,,,,,,,,,,
,,,,,,,,,,,,,,,,,,,,,,,,,,,,,,,,,,,,,,,,,,,,,,,,,,,,,,,,,,,,,,,,,,,,,,,,,,,,,,,,,,,,,,,,,,,,,,,,,,,,,,,,,,,,,,,,,,,,,,,,,,,,,,,,,,,,,,,,,,,,,,,,,,,,,,,,,,,,,,,,,,,,,,,,,,,,,,,,,,,,,,,,,,,,,,,,,,,,,,,,,,,,,,,,,,,,,,,,,,,,,,,,
,,,,,,,,,,,,,,,,,,,,,,,,,,,,,,,,,,,,,,,,,,,,,,,,,,,,,,,,,,,,,,,,,,,,,,,,,,,,,,,,,,,,,,,,,,,,,,,,,,,,,,,,,,,,,,,,,,,,,,,,,,,,,,,,,,,,,,,,,,,,,,,,,,,,,,,,,,,,,,,,,,,,,,,,,,,,,,,,,,,,,,,,,,,,,,,,,,,,,,,,,,,,,,,,,,,,,,,,,,,,,,,,
,,,,,,,,,,,,,,,,,,,,,,,,,,,,,,,,,,,,,,,,,,,,,,,,,,,,,,,,,,,,,,,,,,,,,,,,,,,,,,,,,,,,,,,,,,,,,,,,,,,,,,,,,,,,,,,,,,,,,,,,,,,,,,,,,,,,,,,,,,,,,,,,,,,,,,,,,,,,,,,,,,,,,,,,,,,,,,,,,,,,,,,,,,,,,,,,,,,,,,,,,,,,,,,,,,,,,,,,,,,,,,,,
,,,,,,,,,,,,,,,,,,,,,,,,,,,,,,,,,,,,,,,,,,,,,,,,,,,,,,,,,,,,,,,,,,,,,,,,,,,,,,,,,,,,,,,,,,,,,,,,,,,,,,,,,,,,,,,,,,,,,,,,,,,,,,,,,,,,,,,,,,,,,,,,,,,,,,,,,,,,,,,,,,,,,,,,,,,,,,,,,,,,,,,,,,,,,,,,,,,,,,,,,,,,,,,,,,,,,,,,,,,,,,,,
,,,,,,,,,,,,,,,,,,,,,,,,,,,,,,,,,,,,,,,,,,,,,,,,,,,,,,,,,,,,,,,,,,,,,,,,,,,,,,,,,,,,,,,,,,,,,,,,,,,,,,,,,,,,,,,,,,,,,,,,,,,,,,,,,,,,,,,,,,,,,,,,,,,,,,,,,,,,,,,,,,,,,,,,,,,,,,,,,,,,,,,,,,,,,,,,,,,,,,,,,,,,,,,,,,,,,,,,,,,,,,,,
,,,,,,,,,,,,,,,,,,,,,,,,,,,,,,,,,,,,,,,,,,,,,,,,,,,,,,,,,,,,,,,,,,,,,,,,,,,,,,,,,,,,,,,,,,,,,,,,,,,,,,,,,,,,,,,,,,,,,,,,,,,,,,,,,,,,,,,,,,,,,,,,,,,,,,,,,,,,,,,,,,,,,,,,,,,,,,,,,,,,,,,,,,,,,,,,,,,,,,,,,,,,,,,,,,,,,,,,,,,,,,,,
,,,,,,,,,,,,,,,,,,,,,,,,,,,,,,,,,,,,,,,,,,,,,,,,,,,,,,,,,,,,,,,,,,,,,,,,,,,,,,,,,,,,,,,,,,,,,,,,,,,,,,,,,,,,,,,,,,,,,,,,,,,,,,,,,,,,,,,,,,,,,,,,,,,,,,,,,,,,,,,,,,,,,,,,,,,,,,,,,,,,,,,,,,,,,,,,,,,,,,,,,,,,,,,,,,,,,,,,,,,,,,,,
,,,,,,,,,,,,,,,,,,,,,,,,,,,,,,,,,,,,,,,,,,,,,,,,,,,,,,,,,,,,,,,,,,,,,,,,,,,,,,,,,,,,,,,,,,,,,,,,,,,,,,,,,,,,,,,,,,,,,,,,,,,,,,,,,,,,,,,,,,,,,,,,,,,,,,,,,,,,,,,,,,,,,,,,,,,,,,,,,,,,,,,,,,,,,,,,,,,,,,,,,,,,,,,,,,,,,,,,,,,,,,,,
,,,,,,,,,,,,,,,,,,,,,,,,,,,,,,,,,,,,,,,,,,,,,,,,,,,,,,,,,,,,,,,,,,,,,,,,,,,,,,,,,,,,,,,,,,,,,,,,,,,,,,,,,,,,,,,,,,,,,,,,,,,,,,,,,,,,,,,,,,,,,,,,,,,,,,,,,,,,,,,,,,,,,,,,,,,,,,,,,,,,,,,,,,,,,,,,,,,,,,,,,,,,,,,,,,,,,,,,,,,,,,,,
,,,,,,,,,,,,,,,,,,,,,,,,,,,,,,,,,,,,,,,,,,,,,,,,,,,,,,,,,,,,,,,,,,,,,,,,,,,,,,,,,,,,,,,,,,,,,,,,,,,,,,,,,,,,,,,,,,,,,,,,,,,,,,,,,,,,,,,,,,,,,,,,,,,,,,,,,,,,,,,,,,,,,,,,,,,,,,,,,,,,,,,,,,,,,,,,,,,,,,,,,,,,,,,,,,,,,,,,,,,,,,,,
,,,,,,,,,,,,,,,,,,,,,,,,,,,,,,,,,,,,,,,,,,,,,,,,,,,,,,,,,,,,,,,,,,,,,,,,,,,,,,,,,,,,,,,,,,,,,,,,,,,,,,,,,,,,,,,,,,,,,,,,,,,,,,,,,,,,,,,,,,,,,,,,,,,,,,,,,,,,,,,,,,,,,,,,,,,,,,,,,,,,,,,,,,,,,,,,,,,,,,,,,,,,,,,,,,,,,,,,,,,,,,,,
,,,,,,,,,,,,,,,,,,,,,,,,,,,,,,,,,,,,,,,,,,,,,,,,,,,,,,,,,,,,,,,,,,,,,,,,,,,,,,,,,,,,,,,,,,,,,,,,,,,,,,,,,,,,,,,,,,,,,,,,,,,,,,,,,,,,,,,,,,,,,,,,,,,,,,,,,,,,,,,,,,,,,,,,,,,,,,,,,,,,,,,,,,,,,,,,,,,,,,,,,,,,,,,,,,,,,,,,,,,,,,,,
,,,,,,,,,,,,,,,,,,,,,,,,,,,,,,,,,,,,,,,,,,,,,,,,,,,,,,,,,,,,,,,,,,,,,,,,,,,,,,,,,,,,,,,,,,,,,,,,,,,,,,,,,,,,,,,,,,,,,,,,,,,,,,,,,,,,,,,,,,,,,,,,,,,,,,,,,,,,,,,,,,,,,,,,,,,,,,,,,,,,,,,,,,,,,,,,,,,,,,,,,,,,,,,,,,,,,,,,,,,,,,,,
,,,,,,,,,,,,,,,,,,,,,,,,,,,,,,,,,,,,,,,,,,,,,,,,,,,,,,,,,,,,,,,,,,,,,,,,,,,,,,,,,,,,,,,,,,,,,,,,,,,,,,,,,,,,,,,,,,,,,,,,,,,,,,,,,,,,,,,,,,,,,,,,,,,,,,,,,,,,,,,,,,,,,,,,,,,,,,,,,,,,,,,,,,,,,,,,,,,,,,,,,,,,,,,,,,,,,,,,,,,,,,,,
,,,,,,,,,,,,,,,,,,,,,,,,,,,,,,,,,,,,,,,,,,,,,,,,,,,,,,,,,,,,,,,,,,,,,,,,,,,,,,,,,,,,,,,,,,,,,,,,,,,,,,,,,,,,,,,,,,,,,,,,,,,,,,,,,,,,,,,,,,,,,,,,,,,,,,,,,,,,,,,,,,,,,,,,,,,,,,,,,,,,,,,,,,,,,,,,,,,,,,,,,,,,,,,,,,,,,,,,,,,,,,,,
,,,,,,,,,,,,,,,,,,,,,,,,,,,,,,,,,,,,,,,,,,,,,,,,,,,,,,,,,,,,,,,,,,,,,,,,,,,,,,,,,,,,,,,,,,,,,,,,,,,,,,,,,,,,,,,,,,,,,,,,,,,,,,,,,,,,,,,,,,,,,,,,,,,,,,,,,,,,,,,,,,,,,,,,,,,,,,,,,,,,,,,,,,,,,,,,,,,,,,,,,,,,,,,,,,,,,,,,,,,,,,,,
,,,,,,,,,,,,,,,,,,,,,,,,,,,,,,,,,,,,,,,,,,,,,,,,,,,,,,,,,,,,,,,,,,,,,,,,,,,,,,,,,,,,,,,,,,,,,,,,,,,,,,,,,,,,,,,,,,,,,,,,,,,,,,,,,,,,,,,,,,,,,,,,,,,,,,,,,,,,,,,,,,,,,,,,,,,,,,,,,,,,,,,,,,,,,,,,,,,,,,,,,,,,,,,,,,,,,,,,,,,,,,,,
,,,,,,,,,,,,,,,,,,,,,,,,,,,,,,,,,,,,,,,,,,,,,,,,,,,,,,,,,,,,,,,,,,,,,,,,,,,,,,,,,,,,,,,,,,,,,,,,,,,,,,,,,,,,,,,,,,,,,,,,,,,,,,,,,,,,,,,,,,,,,,,,,,,,,,,,,,,,,,,,,,,,,,,,,,,,,,,,,,,,,,,,,,,,,,,,,,,,,,,,,,,,,,,,,,,,,,,,,,,,,,,,
,,,,,,,,,,,,,,,,,,,,,,,,,,,,,,,,,,,,,,,,,,,,,,,,,,,,,,,,,,,,,,,,,,,,,,,,,,,,,,,,,,,,,,,,,,,,,,,,,,,,,,,,,,,,,,,,,,,,,,,,,,,,,,,,,,,,,,,,,,,,,,,,,,,,,,,,,,,,,,,,,,,,,,,,,,,,,,,,,,,,,,,,,,,,,,,,,,,,,,,,,,,,,,,,,,,,,,,,,,,,,,,,
,,,,,,,,,,,,,,,,,,,,,,,,,,,,,,,,,,,,,,,,,,,,,,,,,,,,,,,,,,,,,,,,,,,,,,,,,,,,,,,,,,,,,,,,,,,,,,,,,,,,,,,,,,,,,,,,,,,,,,,,,,,,,,,,,,,,,,,,,,,,,,,,,,,,,,,,,,,,,,,,,,,,,,,,,,,,,,,,,,,,,,,,,,,,,,,,,,,,,,,,,,,,,,,,,,,,,,,,,,,,,,,,
,,,,,,,,,,,,,,,,,,,,,,,,,,,,,,,,,,,,,,,,,,,,,,,,,,,,,,,,,,,,,,,,,,,,,,,,,,,,,,,,,,,,,,,,,,,,,,,,,,,,,,,,,,,,,,,,,,,,,,,,,,,,,,,,,,,,,,,,,,,,,,,,,,,,,,,,,,,,,,,,,,,,,,,,,,,,,,,,,,,,,,,,,,,,,,,,,,,,,,,,,,,,,,,,,,,,,,,,,,,,,,,,
,,,,,,,,,,,,,,,,,,,,,,,,,,,,,,,,,,,,,,,,,,,,,,,,,,,,,,,,,,,,,,,,,,,,,,,,,,,,,,,,,,,,,,,,,,,,,,,,,,,,,,,,,,,,,,,,,,,,,,,,,,,,,,,,,,,,,,,,,,,,,,,,,,,,,,,,,,,,,,,,,,,,,,,,,,,,,,,,,,,,,,,,,,,,,,,,,,,,,,,,,,,,,,,,,,,,,,,,,,,,,,,,
,,,,,,,,,,,,,,,,,,,,,,,,,,,,,,,,,,,,,,,,,,,,,,,,,,,,,,,,,,,,,,,,,,,,,,,,,,,,,,,,,,,,,,,,,,,,,,,,,,,,,,,,,,,,,,,,,,,,,,,,,,,,,,,,,,,,,,,,,,,,,,,,,,,,,,,,,,,,,,,,,,,,,,,,,,,,,,,,,,,,,,,,,,,,,,,,,,,,,,,,,,,,,,,,,,,,,,,,,,,,,,,,
,,,,,,,,,,,,,,,,,,,,,,,,,,,,,,,,,,,,,,,,,,,,,,,,,,,,,,,,,,,,,,,,,,,,,,,,,,,,,,,,,,,,,,,,,,,,,,,,,,,,,,,,,,,,,,,,,,,,,,,,,,,,,,,,,,,,,,,,,,,,,,,,,,,,,,,,,,,,,,,,,,,,,,,,,,,,,,,,,,,,,,,,,,,,,,,,,,,,,,,,,,,,,,,,,,,,,,,,,,,,,,,,
,,,,,,,,,,,,,,,,,,,,,,,,,,,,,,,,,,,,,,,,,,,,,,,,,,,,,,,,,,,,,,,,,,,,,,,,,,,,,,,,,,,,,,,,,,,,,,,,,,,,,,,,,,,,,,,,,,,,,,,,,,,,,,,,,,,,,,,,,,,,,,,,,,,,,,,,,,,,,,,,,,,,,,,,,,,,,,,,,,,,,,,,,,,,,,,,,,,,,,,,,,,,,,,,,,,,,,,,,,,,,,,,
,,,,,,,,,,,,,,,,,,,,,,,,,,,,,,,,,,,,,,,,,,,,,,,,,,,,,,,,,,,,,,,,,,,,,,,,,,,,,,,,,,,,,,,,,,,,,,,,,,,,,,,,,,,,,,,,,,,,,,,,,,,,,,,,,,,,,,,,,,,,,,,,,,,,,,,,,,,,,,,,,,,,,,,,,,,,,,,,,,,,,,,,,,,,,,,,,,,,,,,,,,,,,,,,,,,,,,,,,,,,,,,,
,,,,,,,,,,,,,,,,,,,,,,,,,,,,,,,,,,,,,,,,,,,,,,,,,,,,,,,,,,,,,,,,,,,,,,,,,,,,,,,,,,,,,,,,,,,,,,,,,,,,,,,,,,,,,,,,,,,,,,,,,,,,,,,,,,,,,,,,,,,,,,,,,,,,,,,,,,,,,,,,,,,,,,,,,,,,,,,,,,,,,,,,,,,,,,,,,,,,,,,,,,,,,,,,,,,,,,,,,,,,,,,,
,,,,,,,,,,,,,,,,,,,,,,,,,,,,,,,,,,,,,,,,,,,,,,,,,,,,,,,,,,,,,,,,,,,,,,,,,,,,,,,,,,,,,,,,,,,,,,,,,,,,,,,,,,,,,,,,,,,,,,,,,,,,,,,,,,,,,,,,,,,,,,,,,,,,,,,,,,,,,,,,,,,,,,,,,,,,,,,,,,,,,,,,,,,,,,,,,,,,,,,,,,,,,,,,,,,,,,,,,,,,,,,,
,,,,,,,,,,,,,,,,,,,,,,,,,,,,,,,,,,,,,,,,,,,,,,,,,,,,,,,,,,,,,,,,,,,,,,,,,,,,,,,,,,,,,,,,,,,,,,,,,,,,,,,,,,,,,,,,,,,,,,,,,,,,,,,,,,,,,,,,,,,,,,,,,,,,,,,,,,,,,,,,,,,,,,,,,,,,,,,,,,,,,,,,,,,,,,,,,,,,,,,,,,,,,,,,,,,,,,,,,,,,,,,,
,,,,,,,,,,,,,,,,,,,,,,,,,,,,,,,,,,,,,,,,,,,,,,,,,,,,,,,,,,,,,,,,,,,,,,,,,,,,,,,,,,,,,,,,,,,,,,,,,,,,,,,,,,,,,,,,,,,,,,,,,,,,,,,,,,,,,,,,,,,,,,,,,,,,,,,,,,,,,,,,,,,,,,,,,,,,,,,,,,,,,,,,,,,,,,,,,,,,,,,,,,,,,,,,,,,,,,,,,,,,,,,,
,,,,,,,,,,,,,,,,,,,,,,,,,,,,,,,,,,,,,,,,,,,,,,,,,,,,,,,,,,,,,,,,,,,,,,,,,,,,,,,,,,,,,,,,,,,,,,,,,,,,,,,,,,,,,,,,,,,,,,,,,,,,,,,,,,,,,,,,,,,,,,,,,,,,,,,,,,,,,,,,,,,,,,,,,,,,,,,,,,,,,,,,,,,,,,,,,,,,,,,,,,,,,,,,,,,,,,,,,,,,,,,,
,,,,,,,,,,,,,,,,,,,,,,,,,,,,,,,,,,,,,,,,,,,,,,,,,,,,,,,,,,,,,,,,,,,,,,,,,,,,,,,,,,,,,,,,,,,,,,,,,,,,,,,,,,,,,,,,,,,,,,,,,,,,,,,,,,,,,,,,,,,,,,,,,,,,,,,,,,,,,,,,,,,,,,,,,,,,,,,,,,,,,,,,,,,,,,,,,,,,,,,,,,,,,,,,,,,,,,,,,,,,,,,,
,,,,,,,,,,,,,,,,,,,,,,,,,,,,,,,,,,,,,,,,,,,,,,,,,,,,,,,,,,,,,,,,,,,,,,,,,,,,,,,,,,,,,,,,,,,,,,,,,,,,,,,,,,,,,,,,,,,,,,,,,,,,,,,,,,,,,,,,,,,,,,,,,,,,,,,,,,,,,,,,,,,,,,,,,,,,,,,,,,,,,,,,,,,,,,,,,,,,,,,,,,,,,,,,,,,,,,,,,,,,,,,,
,,,,,,,,,,,,,,,,,,,,,,,,,,,,,,,,,,,,,,,,,,,,,,,,,,,,,,,,,,,,,,,,,,,,,,,,,,,,,,,,,,,,,,,,,,,,,,,,,,,,,,,,,,,,,,,,,,,,,,,,,,,,,,,,,,,,,,,,,,,,,,,,,,,,,,,,,,,,,,,,,,,,,,,,,,,,,,,,,,,,,,,,,,,,,,,,,,,,,,,,,,,,,,,,,,,,,,,,,,,,,,,,
,,,,,,,,,,,,,,,,,,,,,,,,,,,,,,,,,,,,,,,,,,,,,,,,,,,,,,,,,,,,,,,,,,,,,,,,,,,,,,,,,,,,,,,,,,,,,,,,,,,,,,,,,,,,,,,,,,,,,,,,,,,,,,,,,,,,,,,,,,,,,,,,,,,,,,,,,,,,,,,,,,,,,,,,,,,,,,,,,,,,,,,,,,,,,,,,,,,,,,,,,,,,,,,,,,,,,,,,,,,,,,,,
,,,,,,,,,,,,,,,,,,,,,,,,,,,,,,,,,,,,,,,,,,,,,,,,,,,,,,,,,,,,,,,,,,,,,,,,,,,,,,,,,,,,,,,,,,,,,,,,,,,,,,,,,,,,,,,,,,,,,,,,,,,,,,,,,,,,,,,,,,,,,,,,,,,,,,,,,,,,,,,,,,,,,,,,,,,,,,,,,,,,,,,,,,,,,,,,,,,,,,,,,,,,,,,,,,,,,,,,,,,,,,,,
,,,,,,,,,,,,,,,,,,,,,,,,,,,,,,,,,,,,,,,,,,,,,,,,,,,,,,,,,,,,,,,,,,,,,,,,,,,,,,,,,,,,,,,,,,,,,,,,,,,,,,,,,,,,,,,,,,,,,,,,,,,,,,,,,,,,,,,,,,,,,,,,,,,,,,,,,,,,,,,,,,,,,,,,,,,,,,,,,,,,,,,,,,,,,,,,,,,,,,,,,,,,,,,,,,,,,,,,,,,,,,,,
,,,,,,,,,,,,,,,,,,,,,,,,,,,,,,,,,,,,,,,,,,,,,,,,,,,,,,,,,,,,,,,,,,,,,,,,,,,,,,,,,,,,,,,,,,,,,,,,,,,,,,,,,,,,,,,,,,,,,,,,,,,,,,,,,,,,,,,,,,,,,,,,,,,,,,,,,,,,,,,,,,,,,,,,,,,,,,,,,,,,,,,,,,,,,,,,,,,,,,,,,,,,,,,,,,,,,,,,,,,,,,,,
,,,,,,,,,,,,,,,,,,,,,,,,,,,,,,,,,,,,,,,,,,,,,,,,,,,,,,,,,,,,,,,,,,,,,,,,,,,,,,,,,,,,,,,,,,,,,,,,,,,,,,,,,,,,,,,,,,,,,,,,,,,,,,,,,,,,,,,,,,,,,,,,,,,,,,,,,,,,,,,,,,,,,,,,,,,,,,,,,,,,,,,,,,,,,,,,,,,,,,,,,,,,,,,,,,,,,,,,,,,,,,,,
,,,,,,,,,,,,,,,,,,,,,,,,,,,,,,,,,,,,,,,,,,,,,,,,,,,,,,,,,,,,,,,,,,,,,,,,,,,,,,,,,,,,,,,,,,,,,,,,,,,,,,,,,,,,,,,,,,,,,,,,,,,,,,,,,,,,,,,,,,,,,,,,,,,,,,,,,,,,,,,,,,,,,,,,,,,,,,,,,,,,,,,,,,,,,,,,,,,,,,,,,,,,,,,,,,,,,,,,,,,,,,,,
,,,,,,,,,,,,,,,,,,,,,,,,,,,,,,,,,,,,,,,,,,,,,,,,,,,,,,,,,,,,,,,,,,,,,,,,,,,,,,,,,,,,,,,,,,,,,,,,,,,,,,,,,,,,,,,,,,,,,,,,,,,,,,,,,,,,,,,,,,,,,,,,,,,,,,,,,,,,,,,,,,,,,,,,,,,,,,,,,,,,,,,,,,,,,,,,,,,,,,,,,,,,,,,,,,,,,,,,,,,,,,,,
,,,,,,,,,,,,,,,,,,,,,,,,,,,,,,,,,,,,,,,,,,,,,,,,,,,,,,,,,,,,,,,,,,,,,,,,,,,,,,,,,,,,,,,,,,,,,,,,,,,,,,,,,,,,,,,,,,,,,,,,,,,,,,,,,,,,,,,,,,,,,,,,,,,,,,,,,,,,,,,,,,,,,,,,,,,,,,,,,,,,,,,,,,,,,,,,,,,,,,,,,,,,,,,,,,,,,,,,,,,,,,,,
,,,,,,,,,,,,,,,,,,,,,,,,,,,,,,,,,,,,,,,,,,,,,,,,,,,,,,,,,,,,,,,,,,,,,,,,,,,,,,,,,,,,,,,,,,,,,,,,,,,,,,,,,,,,,,,,,,,,,,,,,,,,,,,,,,,,,,,,,,,,,,,,,,,,,,,,,,,,,,,,,,,,,,,,,,,,,,,,,,,,,,,,,,,,,,,,,,,,,,,,,,,,,,,,,,,,,,,,,,,,,,,,
,,,,,,,,,,,,,,,,,,,,,,,,,,,,,,,,,,,,,,,,,,,,,,,,,,,,,,,,,,,,,,,,,,,,,,,,,,,,,,,,,,,,,,,,,,,,,,,,,,,,,,,,,,,,,,,,,,,,,,,,,,,,,,,,,,,,,,,,,,,,,,,,,,,,,,,,,,,,,,,,,,,,,,,,,,,,,,,,,,,,,,,,,,,,,,,,,,,,,,,,,,,,,,,,,,,,,,,,,,,,,,,,
,,,,,,,,,,,,,,,,,,,,,,,,,,,,,,,,,,,,,,,,,,,,,,,,,,,,,,,,,,,,,,,,,,,,,,,,,,,,,,,,,,,,,,,,,,,,,,,,,,,,,,,,,,,,,,,,,,,,,,,,,,,,,,,,,,,,,,,,,,,,,,,,,,,,,,,,,,,,,,,,,,,,,,,,,,,,,,,,,,,,,,,,,,,,,,,,,,,,,,,,,,,,,,,,,,,,,,,,,,,,,,,,
,,,,,,,,,,,,,,,,,,,,,,,,,,,,,,,,,,,,,,,,,,,,,,,,,,,,,,,,,,,,,,,,,,,,,,,,,,,,,,,,,,,,,,,,,,,,,,,,,,,,,,,,,,,,,,,,,,,,,,,,,,,,,,,,,,,,,,,,,,,,,,,,,,,,,,,,,,,,,,,,,,,,,,,,,,,,,,,,,,,,,,,,,,,,,,,,,,,,,,,,,,,,,,,,,,,,,,,,,,,,,,,,
,,,,,,,,,,,,,,,,,,,,,,,,,,,,,,,,,,,,,,,,,,,,,,,,,,,,,,,,,,,,,,,,,,,,,,,,,,,,,,,,,,,,,,,,,,,,,,,,,,,,,,,,,,,,,,,,,,,,,,,,,,,,,,,,,,,,,,,,,,,,,,,,,,,,,,,,,,,,,,,,,,,,,,,,,,,,,,,,,,,,,,,,,,,,,,,,,,,,,,,,,,,,,,,,,,,,,,,,,,,,,,,,
,,,,,,,,,,,,,,,,,,,,,,,,,,,,,,,,,,,,,,,,,,,,,,,,,,,,,,,,,,,,,,,,,,,,,,,,,,,,,,,,,,,,,,,,,,,,,,,,,,,,,,,,,,,,,,,,,,,,,,,,,,,,,,,,,,,,,,,,,,,,,,,,,,,,,,,,,,,,,,,,,,,,,,,,,,,,,,,,,,,,,,,,,,,,,,,,,,,,,,,,,,,,,,,,,,,,,,,,,,,,,,,,
,,,,,,,,,,,,,,,,,,,,,,,,,,,,,,,,,,,,,,,,,,,,,,,,,,,,,,,,,,,,,,,,,,,,,,,,,,,,,,,,,,,,,,,,,,,,,,,,,,,,,,,,,,,,,,,,,,,,,,,,,,,,,,,,,,,,,,,,,,,,,,,,,,,,,,,,,,,,,,,,,,,,,,,,,,,,,,,,,,,,,,,,,,,,,,,,,,,,,,,,,,,,,,,,,,,,,,,,,,,,,,,,
,,,,,,,,,,,,,,,,,,,,,,,,,,,,,,,,,,,,,,,,,,,,,,,,,,,,,,,,,,,,,,,,,,,,,,,,,,,,,,,,,,,,,,,,,,,,,,,,,,,,,,,,,,,,,,,,,,,,,,,,,,,,,,,,,,,,,,,,,,,,,,,,,,,,,,,,,,,,,,,,,,,,,,,,,,,,,,,,,,,,,,,,,,,,,,,,,,,,,,,,,,,,,,,,,,,,,,,,,,,,,,,,
,,,,,,,,,,,,,,,,,,,,,,,,,,,,,,,,,,,,,,,,,,,,,,,,,,,,,,,,,,,,,,,,,,,,,,,,,,,,,,,,,,,,,,,,,,,,,,,,,,,,,,,,,,,,,,,,,,,,,,,,,,,,,,,,,,,,,,,,,,,,,,,,,,,,,,,,,,,,,,,,,,,,,,,,,,,,,,,,,,,,,,,,,,,,,,,,,,,,,,,,,,,,,,,,,,,,,,,,,,,,,,,,
,,,,,,,,,,,,,,,,,,,,,,,,,,,,,,,,,,,,,,,,,,,,,,,,,,,,,,,,,,,,,,,,,,,,,,,,,,,,,,,,,,,,,,,,,,,,,,,,,,,,,,,,,,,,,,,,,,,,,,,,,,,,,,,,,,,,,,,,,,,,,,,,,,,,,,,,,,,,,,,,,,,,,,,,,,,,,,,,,,,,,,,,,,,,,,,,,,,,,,,,,,,,,,,,,,,,,,,,,,,,,,,,
,,,,,,,,,,,,,,,,,,,,,,,,,,,,,,,,,,,,,,,,,,,,,,,,,,,,,,,,,,,,,,,,,,,,,,,,,,,,,,,,,,,,,,,,,,,,,,,,,,,,,,,,,,,,,,,,,,,,,,,,,,,,,,,,,,,,,,,,,,,,,,,,,,,,,,,,,,,,,,,,,,,,,,,,,,,,,,,,,,,,,,,,,,,,,,,,,,,,,,,,,,,,,,,,,,,,,,,,,,,,,,,,
,,,,,,,,,,,,,,,,,,,,,,,,,,,,,,,,,,,,,,,,,,,,,,,,,,,,,,,,,,,,,,,,,,,,,,,,,,,,,,,,,,,,,,,,,,,,,,,,,,,,,,,,,,,,,,,,,,,,,,,,,,,,,,,,,,,,,,,,,,,,,,,,,,,,,,,,,,,,,,,,,,,,,,,,,,,,,,,,,,,,,,,,,,,,,,,,,,,,,,,,,,,,,,,,,,,,,,,,,,,,,,,,
,,,,,,,,,,,,,,,,,,,,,,,,,,,,,,,,,,,,,,,,,,,,,,,,,,,,,,,,,,,,,,,,,,,,,,,,,,,,,,,,,,,,,,,,,,,,,,,,,,,,,,,,,,,,,,,,,,,,,,,,,,,,,,,,,,,,,,,,,,,,,,,,,,,,,,,,,,,,,,,,,,,,,,,,,,,,,,,,,,,,,,,,,,,,,,,,,,,,,,,,,,,,,,,,,,,,,,,,,,,,,,,,
,,,,,,,,,,,,,,,,,,,,,,,,,,,,,,,,,,,,,,,,,,,,,,,,,,,,,,,,,,,,,,,,,,,,,,,,,,,,,,,,,,,,,,,,,,,,,,,,,,,,,,,,,,,,,,,,,,,,,,,,,,,,,,,,,,,,,,,,,,,,,,,,,,,,,,,,,,,,,,,,,,,,,,,,,,,,,,,,,,,,,,,,,,,,,,,,,,,,,,,,,,,,,,,,,,,,,,,,,,,,,,,,
,,,,,,,,,,,,,,,,,,,,,,,,,,,,,,,,,,,,,,,,,,,,,,,,,,,,,,,,,,,,,,,,,,,,,,,,,,,,,,,,,,,,,,,,,,,,,,,,,,,,,,,,,,,,,,,,,,,,,,,,,,,,,,,,,,,,,,,,,,,,,,,,,,,,,,,,,,,,,,,,,,,,,,,,,,,,,,,,,,,,,,,,,,,,,,,,,,,,,,,,,,,,,,,,,,,,,,,,,,,,,,,,
,,,,,,,,,,,,,,,,,,,,,,,,,,,,,,,,,,,,,,,,,,,,,,,,,,,,,,,,,,,,,,,,,,,,,,,,,,,,,,,,,,,,,,,,,,,,,,,,,,,,,,,,,,,,,,,,,,,,,,,,,,,,,,,,,,,,,,,,,,,,,,,,,,,,,,,,,,,,,,,,,,,,,,,,,,,,,,,,,,,,,,,,,,,,,,,,,,,,,,,,,,,,,,,,,,,,,,,,,,,,,,,,
,,,,,,,,,,,,,,,,,,,,,,,,,,,,,,,,,,,,,,,,,,,,,,,,,,,,,,,,,,,,,,,,,,,,,,,,,,,,,,,,,,,,,,,,,,,,,,,,,,,,,,,,,,,,,,,,,,,,,,,,,,,,,,,,,,,,,,,,,,,,,,,,,,,,,,,,,,,,,,,,,,,,,,,,,,,,,,,,,,,,,,,,,,,,,,,,,,,,,,,,,,,,,,,,,,,,,,,,,,,,,,,,
,,,,,,,,,,,,,,,,,,,,,,,,,,,,,,,,,,,,,,,,,,,,,,,,,,,,,,,,,,,,,,,,,,,,,,,,,,,,,,,,,,,,,,,,,,,,,,,,,,,,,,,,,,,,,,,,,,,,,,,,,,,,,,,,,,,,,,,,,,,,,,,,,,,,,,,,,,,,,,,,,,,,,,,,,,,,,,,,,,,,,,,,,,,,,,,,,,,,,,,,,,,,,,,,,,,,,,,,,,,,,,,,
,,,,,,,,,,,,,,,,,,,,,,,,,,,,,,,,,,,,,,,,,,,,,,,,,,,,,,,,,,,,,,,,,,,,,,,,,,,,,,,,,,,,,,,,,,,,,,,,,,,,,,,,,,,,,,,,,,,,,,,,,,,,,,,,,,,,,,,,,,,,,,,,,,,,,,,,,,,,,,,,,,,,,,,,,,,,,,,,,,,,,,,,,,,,,,,,,,,,,,,,,,,,,,,,,,,,,,,,,,,,,,,,
,,,,,,,,,,,,,,,,,,,,,,,,,,,,,,,,,,,,,,,,,,,,,,,,,,,,,,,,,,,,,,,,,,,,,,,,,,,,,,,,,,,,,,,,,,,,,,,,,,,,,,,,,,,,,,,,,,,,,,,,,,,,,,,,,,,,,,,,,,,,,,,,,,,,,,,,,,,,,,,,,,,,,,,,,,,,,,,,,,,,,,,,,,,,,,,,,,,,,,,,,,,,,,,,,,,,,,,,,,,,,,,,
,,,,,,,,,,,,,,,,,,,,,,,,,,,,,,,,,,,,,,,,,,,,,,,,,,,,,,,,,,,,,,,,,,,,,,,,,,,,,,,,,,,,,,,,,,,,,,,,,,,,,,,,,,,,,,,,,,,,,,,,,,,,,,,,,,,,,,,,,,,,,,,,,,,,,,,,,,,,,,,,,,,,,,,,,,,,,,,,,,,,,,,,,,,,,,,,,,,,,,,,,,,,,,,,,,,,,,,,,,,,,,,,
,,,,,,,,,,,,,,,,,,,,,,,,,,,,,,,,,,,,,,,,,,,,,,,,,,,,,,,,,,,,,,,,,,,,,,,,,,,,,,,,,,,,,,,,,,,,,,,,,,,,,,,,,,,,,,,,,,,,,,,,,,,,,,,,,,,,,,,,,,,,,,,,,,,,,,,,,,,,,,,,,,,,,,,,,,,,,,,,,,,,,,,,,,,,,,,,,,,,,,,,,,,,,,,,,,,,,,,,,,,,,,,,
,,,,,,,,,,,,,,,,,,,,,,,,,,,,,,,,,,,,,,,,,,,,,,,,,,,,,,,,,,,,,,,,,,,,,,,,,,,,,,,,,,,,,,,,,,,,,,,,,,,,,,,,,,,,,,,,,,,,,,,,,,,,,,,,,,,,,,,,,,,,,,,,,,,,,,,,,,,,,,,,,,,,,,,,,,,,,,,,,,,,,,,,,,,,,,,,,,,,,,,,,,,,,,,,,,,,,,,,,,,,,,,,
,,,,,,,,,,,,,,,,,,,,,,,,,,,,,,,,,,,,,,,,,,,,,,,,,,,,,,,,,,,,,,,,,,,,,,,,,,,,,,,,,,,,,,,,,,,,,,,,,,,,,,,,,,,,,,,,,,,,,,,,,,,,,,,,,,,,,,,,,,,,,,,,,,,,,,,,,,,,,,,,,,,,,,,,,,,,,,,,,,,,,,,,,,,,,,,,,,,,,,,,,,,,,,,,,,,,,,,,,,,,,,,,
,,,,,,,,,,,,,,,,,,,,,,,,,,,,,,,,,,,,,,,,,,,,,,,,,,,,,,,,,,,,,,,,,,,,,,,,,,,,,,,,,,,,,,,,,,,,,,,,,,,,,,,,,,,,,,,,,,,,,,,,,,,,,,,,,,,,,,,,,,,,,,,,,,,,,,,,,,,,,,,,,,,,,,,,,,,,,,,,,,,,,,,,,,,,,,,,,,,,,,,,,,,,,,,,,,,,,,,,,,,,,,,,
,,,,,,,,,,,,,,,,,,,,,,,,,,,,,,,,,,,,,,,,,,,,,,,,,,,,,,,,,,,,,,,,,,,,,,,,,,,,,,,,,,,,,,,,,,,,,,,,,,,,,,,,,,,,,,,,,,,,,,,,,,,,,,,,,,,,,,,,,,,,,,,,,,,,,,,,,,,,,,,,,,,,,,,,,,,,,,,,,,,,,,,,,,,,,,,,,,,,,,,,,,,,,,,,,,,,,,,,,,,,,,,,
,,,,,,,,,,,,,,,,,,,,,,,,,,,,,,,,,,,,,,,,,,,,,,,,,,,,,,,,,,,,,,,,,,,,,,,,,,,,,,,,,,,,,,,,,,,,,,,,,,,,,,,,,,,,,,,,,,,,,,,,,,,,,,,,,,,,,,,,,,,,,,,,,,,,,,,,,,,,,,,,,,,,,,,,,,,,,,,,,,,,,,,,,,,,,,,,,,,,,,,,,,,,,,,,,,,,,,,,,,,,,,,,
,,,,,,,,,,,,,,,,,,,,,,,,,,,,,,,,,,,,,,,,,,,,,,,,,,,,,,,,,,,,,,,,,,,,,,,,,,,,,,,,,,,,,,,,,,,,,,,,,,,,,,,,,,,,,,,,,,,,,,,,,,,,,,,,,,,,,,,,,,,,,,,,,,,,,,,,,,,,,,,,,,,,,,,,,,,,,,,,,,,,,,,,,,,,,,,,,,,,,,,,,,,,,,,,,,,,,,,,,,,,,,,,
,,,,,,,,,,,,,,,,,,,,,,,,,,,,,,,,,,,,,,,,,,,,,,,,,,,,,,,,,,,,,,,,,,,,,,,,,,,,,,,,,,,,,,,,,,,,,,,,,,,,,,,,,,,,,,,,,,,,,,,,,,,,,,,,,,,,,,,,,,,,,,,,,,,,,,,,,,,,,,,,,,,,,,,,,,,,,,,,,,,,,,,,,,,,,,,,,,,,,,,,,,,,,,,,,,,,,,,,,,,,,,,,
,,,,,,,,,,,,,,,,,,,,,,,,,,,,,,,,,,,,,,,,,,,,,,,,,,,,,,,,,,,,,,,,,,,,,,,,,,,,,,,,,,,,,,,,,,,,,,,,,,,,,,,,,,,,,,,,,,,,,,,,,,,,,,,,,,,,,,,,,,,,,,,,,,,,,,,,,,,,,,,,,,,,,,,,,,,,,,,,,,,,,,,,,,,,,,,,,,,,,,,,,,,,,,,,,,,,,,,,,,,,,,,,
,,,,,,,,,,,,,,,,,,,,,,,,,,,,,,,,,,,,,,,,,,,,,,,,,,,,,,,,,,,,,,,,,,,,,,,,,,,,,,,,,,,,,,,,,,,,,,,,,,,,,,,,,,,,,,,,,,,,,,,,,,,,,,,,,,,,,,,,,,,,,,,,,,,,,,,,,,,,,,,,,,,,,,,,,,,,,,,,,,,,,,,,,,,,,,,,,,,,,,,,,,,,,,,,,,,,,,,,,,,,,,,,
,,,,,,,,,,,,,,,,,,,,,,,,,,,,,,,,,,,,,,,,,,,,,,,,,,,,,,,,,,,,,,,,,,,,,,,,,,,,,,,,,,,,,,,,,,,,,,,,,,,,,,,,,,,,,,,,,,,,,,,,,,,,,,,,,,,,,,,,,,,,,,,,,,,,,,,,,,,,,,,,,,,,,,,,,,,,,,,,,,,,,,,,,,,,,,,,,,,,,,,,,,,,,,,,,,,,,,,,,,,,,,,,
,,,,,,,,,,,,,,,,,,,,,,,,,,,,,,,,,,,,,,,,,,,,,,,,,,,,,,,,,,,,,,,,,,,,,,,,,,,,,,,,,,,,,,,,,,,,,,,,,,,,,,,,,,,,,,,,,,,,,,,,,,,,,,,,,,,,,,,,,,,,,,,,,,,,,,,,,,,,,,,,,,,,,,,,,,,,,,,,,,,,,,,,,,,,,,,,,,,,,,,,,,,,,,,,,,,,,,,,,,,,,,,,
,,,,,,,,,,,,,,,,,,,,,,,,,,,,,,,,,,,,,,,,,,,,,,,,,,,,,,,,,,,,,,,,,,,,,,,,,,,,,,,,,,,,,,,,,,,,,,,,,,,,,,,,,,,,,,,,,,,,,,,,,,,,,,,,,,,,,,,,,,,,,,,,,,,,,,,,,,,,,,,,,,,,,,,,,,,,,,,,,,,,,,,,,,,,,,,,,,,,,,,,,,,,,,,,,,,,,,,,,,,,,,,,
,,,,,,,,,,,,,,,,,,,,,,,,,,,,,,,,,,,,,,,,,,,,,,,,,,,,,,,,,,,,,,,,,,,,,,,,,,,,,,,,,,,,,,,,,,,,,,,,,,,,,,,,,,,,,,,,,,,,,,,,,,,,,,,,,,,,,,,,,,,,,,,,,,,,,,,,,,,,,,,,,,,,,,,,,,,,,,,,,,,,,,,,,,,,,,,,,,,,,,,,,,,,,,,,,,,,,,,,,,,,,,,,
,,,,,,,,,,,,,,,,,,,,,,,,,,,,,,,,,,,,,,,,,,,,,,,,,,,,,,,,,,,,,,,,,,,,,,,,,,,,,,,,,,,,,,,,,,,,,,,,,,,,,,,,,,,,,,,,,,,,,,,,,,,,,,,,,,,,,,,,,,,,,,,,,,,,,,,,,,,,,,,,,,,,,,,,,,,,,,,,,,,,,,,,,,,,,,,,,,,,,,,,,,,,,,,,,,,,,,,,,,,,,,,,
,,,,,,,,,,,,,,,,,,,,,,,,,,,,,,,,,,,,,,,,,,,,,,,,,,,,,,,,,,,,,,,,,,,,,,,,,,,,,,,,,,,,,,,,,,,,,,,,,,,,,,,,,,,,,,,,,,,,,,,,,,,,,,,,,,,,,,,,,,,,,,,,,,,,,,,,,,,,,,,,,,,,,,,,,,,,,,,,,,,,,,,,,,,,,,,,,,,,,,,,,,,,,,,,,,,,,,,,,,,,,,,,
,,,,,,,,,,,,,,,,,,,,,,,,,,,,,,,,,,,,,,,,,,,,,,,,,,,,,,,,,,,,,,,,,,,,,,,,,,,,,,,,,,,,,,,,,,,,,,,,,,,,,,,,,,,,,,,,,,,,,,,,,,,,,,,,,,,,,,,,,,,,,,,,,,,,,,,,,,,,,,,,,,,,,,,,,,,,,,,,,,,,,,,,,,,,,,,,,,,,,,,,,,,,,,,,,,,,,,,,,,,,,,,,
,,,,,,,,,,,,,,,,,,,,,,,,,,,,,,,,,,,,,,,,,,,,,,,,,,,,,,,,,,,,,,,,,,,,,,,,,,,,,,,,,,,,,,,,,,,,,,,,,,,,,,,,,,,,,,,,,,,,,,,,,,,,,,,,,,,,,,,,,,,,,,,,,,,,,,,,,,,,,,,,,,,,,,,,,,,,,,,,,,,,,,,,,,,,,,,,,,,,,,,,,,,,,,,,,,,,,,,,,,,,,,,,
